E01002612,Hounslow,Violence Against the Person,Common Assault,2,2014,4
E01003047,Lambeth,Theft and Handling,Other Theft,6,2009,8
E01003345,Lewisham,Criminal Damage,Other Criminal Damage,1,2011,7
E01004395,Waltham Forest,Violence Against the Person,Common Assault,0,2014,12
E01000615,Brent,Theft and Handling,Theft From Motor Vehicle,0,2008,4
E01001919,Hammersmith and Fulham,Theft and Handling,Handling Stolen Goods,0,2012,1
E01033325,Lewisham,Violence Against the Person,Other violence,0,2009,9
E01032766,Tower Hamlets,Burglary,Burglary in a Dwelling,0,2012,4
E01004051,Southwark,Burglary,Burglary in a Dwelling,3,2009,11
E01004482,Wandsworth,Robbery,Personal Property,0,2009,5
E01003265,Lewisham,Violence Against the Person,Wounding/GBH,1,2015,8
E01000260,Barnet,Criminal Damage,Criminal Damage To Motor Vehicle,2,2011,2
E01004474,Wandsworth,Burglary,Burglary in Other Buildings,3,2015,8
E01001115,Croydon,Criminal Damage,Criminal Damage To Dwelling,0,2014,7
E01004170,Sutton,Theft and Handling,Handling Stolen Goods,0,2009,11
E01002396,Hillingdon,Theft and Handling,Handling Stolen Goods,0,2011,2
E01000355,Bexley,Theft and Handling,Handling Stolen Goods,0,2011,1
E01003101,Lambeth,Theft and Handling,Theft From Motor Vehicle,0,2013,3
E01000626,Brent,Other Notifiable Offences,Other Notifiable,0,2012,9
E01002197,Harrow,Criminal Damage,Criminal Damage To Other Building,0,2013,3
E01002230,Harrow,Drugs,Possession Of Drugs,0,2014,3
E01002939,Kingston upon Thames,Theft and Handling,Handling Stolen Goods,0,2016,7
E01001576,Greenwich,Criminal Damage,Criminal Damage To Dwelling,2,2011,11
E01001648,Greenwich,Theft and Handling,Motor Vehicle Interference & Tampering,0,2012,9
E01003790,Redbridge,Criminal Damage,Other Criminal Damage,1,2008,9
E01001277,Ealing,Theft and Handling,Theft From Motor Vehicle,2,2008,9
E01004024,Southwark,Theft and Handling,Other Theft,1,2010,12
E01001383,Ealing,Theft and Handling,Other Theft Person,0,2015,5
E01000697,Bromley,Theft and Handling,Theft/Taking of Pedal Cycle,0,2016,2
E01001575,Greenwich,Violence Against the Person,Other violence,0,2012,7
E01001496,Enfield,Robbery,Business Property,0,2009,1
E01002349,Havering,Theft and Handling,Other Theft,0,2014,2
E01002274,Havering,Theft and Handling,Other Theft Person,0,2016,9
E01003446,Merton,Theft and Handling,Theft/Taking Of Motor Vehicle,0,2011,1
E01004693,Westminster,Violence Against the Person,Offensive Weapon,0,2009,11
E01002068,Haringey,Fraud or Forgery,Counted per Victim,0,2013,6
E01002485,Hillingdon,Violence Against the Person,Other violence,0,2016,12
E01001828,Hackney,Criminal Damage,Other Criminal Damage,1,2012,6
E01002449,Hillingdon,Criminal Damage,Criminal Damage To Dwelling,0,2008,6
E01032623,Sutton,Theft and Handling,Other Theft Person,0,2016,8
E01002935,Kingston upon Thames,Criminal Damage,Criminal Damage To Motor Vehicle,1,2015,10
E01002639,Hounslow,Burglary,Burglary in a Dwelling,2,2016,10
E01000876,Camden,Criminal Damage,Other Criminal Damage,0,2008,8
E01003099,Lambeth,Theft and Handling,Theft From Shops,0,2012,9
E01002855,Kensington and Chelsea,Theft and Handling,Other Theft Person,0,2016,2
E01000884,Camden,Burglary,Burglary in Other Buildings,1,2013,3
E01003694,Redbridge,Theft and Handling,Other Theft,2,2012,11
E01001508,Enfield,Drugs,Other Drugs,0,2012,7
E01000584,Brent,Criminal Damage,Other Criminal Damage,0,2016,9
E01000470,Bexley,Violence Against the Person,Wounding/GBH,0,2009,1
E01003608,Newham,Violence Against the Person,Common Assault,0,2009,6
E01002605,Hounslow,Sexual Offences,Other Sexual,0,2011,11
E01002077,Haringey,Drugs,Other Drugs,0,2015,2
E01001562,Enfield,Criminal Damage,Criminal Damage To Dwelling,2,2011,2
E01000666,Bromley,Criminal Damage,Criminal Damage To Dwelling,2,2014,6
E01002345,Havering,Drugs,Other Drugs,0,2016,8
E01003373,Merton,Theft and Handling,Theft From Shops,0,2008,12
E01004749,Westminster,Robbery,Personal Property,0,2014,8
E01000651,Bromley,Burglary,Burglary in a Dwelling,0,2008,1
E01004473,Wandsworth,Theft and Handling,Theft From Motor Vehicle,3,2010,4
E01001010,Croydon,Sexual Offences,Rape,0,2012,3
E01002599,Hounslow,Theft and Handling,Theft/Taking of Pedal Cycle,0,2013,1
E01001257,Ealing,Theft and Handling,Theft/Taking Of Motor Vehicle,0,2010,2
E01033737,Greenwich,Violence Against the Person,Harassment,0,2011,4
E01003625,Newham,Theft and Handling,Other Theft,0,2013,3
E01003001,Kingston upon Thames,Theft and Handling,Handling Stolen Goods,0,2012,5
E01004624,Wandsworth,Violence Against the Person,Assault with Injury,0,2012,1
E01004419,Waltham Forest,Violence Against the Person,Offensive Weapon,0,2013,2
E01032786,Tower Hamlets,Violence Against the Person,Other violence,0,2013,4
E01000422,Bexley,Violence Against the Person,Common Assault,1,2008,7
E01002713,Islington,Theft and Handling,Theft From Motor Vehicle,0,2011,12
E01000903,Camden,Theft and Handling,Handling Stolen Goods,0,2015,9
E01001092,Croydon,Sexual Offences,Rape,0,2010,11
E01000759,Bromley,Robbery,Personal Property,0,2012,6
E01002395,Hillingdon,Other Notifiable Offences,Other Notifiable,0,2013,1
E01001056,Croydon,Drugs,Possession Of Drugs,0,2014,11
E01000926,Camden,Violence Against the Person,Assault with Injury,1,2015,8
E01004620,Wandsworth,Theft and Handling,Theft From Motor Vehicle,0,2013,7
E01003609,Newham,Fraud or Forgery,Counted per Victim,0,2009,2
E01003344,Lewisham,Violence Against the Person,Offensive Weapon,0,2010,6
E01033594,Westminster,Criminal Damage,Criminal Damage To Other Building,0,2009,6
E01000669,Bromley,Criminal Damage,Criminal Damage To Motor Vehicle,0,2013,1
E01004543,Wandsworth,Other Notifiable Offences,Other Notifiable,0,2013,4
E01000200,Barnet,Drugs,Possession Of Drugs,1,2008,2
E01001297,Ealing,Theft and Handling,Theft From Motor Vehicle,0,2016,2
E01000550,Brent,Drugs,Drug Trafficking,0,2008,10
E01002900,Kensington and Chelsea,Other Notifiable Offences,Other Notifiable,1,2016,8
E01001806,Hackney,Violence Against the Person,Wounding/GBH,0,2015,5
E01004209,Tower Hamlets,Criminal Damage,Criminal Damage To Dwelling,0,2011,9
E01003896,Richmond upon Thames,Theft and Handling,Handling Stolen Goods,0,2014,6
E01002078,Haringey,Violence Against the Person,Murder,0,2016,7
E01004528,Wandsworth,Drugs,Other Drugs,0,2011,8
E01002005,Haringey,Burglary,Burglary in Other Buildings,0,2012,2
E01002921,Kingston upon Thames,Theft and Handling,Handling Stolen Goods,0,2010,3
E01002340,Havering,Theft and Handling,Theft From Motor Vehicle,0,2014,11
E01000538,Brent,Other Notifiable Offences,Other Notifiable,0,2014,12
E01002453,Hillingdon,Other Notifiable Offences,Other Notifiable,0,2014,9
E01033133,Wandsworth,Criminal Damage,Criminal Damage To Dwelling,0,2013,6
E01003022,Lambeth,Drugs,Possession Of Drugs,0,2015,3
E01001054,Croydon,Robbery,Personal Property,1,2009,11
E01000720,Bromley,Violence Against the Person,Assault with Injury,0,2015,3
E01002585,Hounslow,Violence Against the Person,Wounding/GBH,0,2013,6
E01000450,Bexley,Violence Against the Person,Assault with Injury,0,2009,10
E01002137,Harrow,Drugs,Drug Trafficking,0,2016,3
E01000949,Camden,Theft and Handling,Other Theft Person,0,2009,4
E01003179,Lambeth,Violence Against the Person,Wounding/GBH,0,2013,7
E01002904,Kensington and Chelsea,Drugs,Drug Trafficking,0,2015,6
E01002322,Havering,Violence Against the Person,Harassment,0,2008,7
E01000268,Barnet,Theft and Handling,Other Theft Person,1,2011,5
E01002779,Islington,Theft and Handling,Theft/Taking of Pedal Cycle,2,2012,5
E01002136,Harrow,Drugs,Drug Trafficking,0,2011,3
E01002556,Hounslow,Drugs,Possession Of Drugs,1,2011,3
E01002217,Harrow,Criminal Damage,Criminal Damage To Dwelling,1,2013,11
E01002798,Islington,Violence Against the Person,Other violence,0,2008,1
E01000801,Bromley,Robbery,Business Property,0,2012,2
E01002150,Harrow,Theft and Handling,Theft From Shops,2,2014,1
E01000302,Barnet,Theft and Handling,Handling Stolen Goods,0,2016,11
E01004023,Southwark,Violence Against the Person,Offensive Weapon,0,2010,11
E01003815,Richmond upon Thames,Drugs,Possession Of Drugs,0,2014,8
E01002280,Havering,Robbery,Business Property,0,2013,9
E01003957,Southwark,Drugs,Drug Trafficking,0,2009,5
E01000912,Camden,Violence Against the Person,Assault with Injury,3,2009,1
E01001583,Greenwich,Burglary,Burglary in Other Buildings,0,2012,6
E01000854,Camden,Burglary,Burglary in a Dwelling,0,2013,7
E01002460,Hillingdon,Other Notifiable Offences,Other Notifiable,0,2009,12
E01003034,Lambeth,Criminal Damage,Criminal Damage To Other Building,0,2010,12
E01000451,Bexley,Burglary,Burglary in a Dwelling,0,2013,7
E01002410,Hillingdon,Drugs,Drug Trafficking,0,2012,12
E01004718,Westminster,Criminal Damage,Criminal Damage To Motor Vehicle,1,2015,5
E01004250,Tower Hamlets,Violence Against the Person,Offensive Weapon,0,2011,4
E01001477,Enfield,Other Notifiable Offences,Other Notifiable,0,2010,8
E01003355,Merton,Theft and Handling,Motor Vehicle Interference & Tampering,0,2008,8
E01004731,Westminster,Criminal Damage,Criminal Damage To Dwelling,0,2016,12
E01003818,Richmond upon Thames,Violence Against the Person,Harassment,0,2010,2
E01003126,Lambeth,Robbery,Business Property,0,2010,8
E01002381,Havering,Theft and Handling,Other Theft Person,0,2008,6
E01004530,Wandsworth,Theft and Handling,Motor Vehicle Interference & Tampering,0,2011,10
E01032565,Lewisham,Violence Against the Person,Harassment,1,2015,10
E01002392,Hillingdon,Violence Against the Person,Wounding/GBH,0,2014,11
E01004560,Wandsworth,Robbery,Personal Property,1,2013,12
E01003688,Redbridge,Criminal Damage,Other Criminal Damage,0,2010,2
E01003467,Merton,Drugs,Possession Of Drugs,0,2009,12
E01000135,Barnet,Violence Against the Person,Assault with Injury,0,2010,1
E01001731,Hackney,Theft and Handling,Other Theft,5,2013,2
E01004059,Southwark,Violence Against the Person,Assault with Injury,0,2015,11
E01001361,Ealing,Fraud or Forgery,Other Fraud & Forgery,0,2013,12
E01003754,Redbridge,Theft and Handling,Handling Stolen Goods,0,2016,10
E01000282,Barnet,Violence Against the Person,Common Assault,0,2012,7
E01000832,Bromley,Violence Against the Person,Assault with Injury,0,2014,11
E01001010,Croydon,Violence Against the Person,Assault with Injury,4,2013,10
E01003484,Newham,Robbery,Business Property,0,2015,6
E01002958,Kingston upon Thames,Violence Against the Person,Other violence,0,2013,11
E01001368,Ealing,Theft and Handling,Motor Vehicle Interference & Tampering,0,2014,11
E01002435,Hillingdon,Criminal Damage,Criminal Damage To Other Building,0,2016,3
E01003845,Richmond upon Thames,Sexual Offences,Other Sexual,0,2011,6
E01004450,Waltham Forest,Violence Against the Person,Other violence,0,2013,6
E01004188,Sutton,Burglary,Burglary in a Dwelling,1,2008,4
E01000238,Barnet,Violence Against the Person,Common Assault,0,2009,1
E01002669,Hounslow,Theft and Handling,Theft/Taking Of Motor Vehicle,0,2014,1
E01003333,Lewisham,Theft and Handling,Theft From Shops,0,2008,10
E01001009,Croydon,Robbery,Business Property,0,2008,6
E01000741,Bromley,Other Notifiable Offences,Other Notifiable,0,2011,2
E01003648,Redbridge,Other Notifiable Offences,Other Notifiable,0,2016,10
E01033587,Barking and Dagenham,Theft and Handling,Other Theft,2,2014,6
E01003586,Newham,Criminal Damage,Criminal Damage To Dwelling,1,2014,6
E01003385,Merton,Theft and Handling,Other Theft,0,2016,1
E01003942,Southwark,Burglary,Burglary in Other Buildings,0,2016,12
E01000563,Brent,Drugs,Drug Trafficking,0,2008,11
E01004087,Sutton,Drugs,Drug Trafficking,0,2008,4
E01000456,Bexley,Drugs,Possession Of Drugs,0,2012,8
E01001124,Croydon,Criminal Damage,Criminal Damage To Dwelling,0,2014,7
E01000083,Barking and Dagenham,Theft and Handling,Other Theft,0,2011,5
E01002447,Hillingdon,Violence Against the Person,Wounding/GBH,2,2015,12
E01002619,Hounslow,Theft and Handling,Handling Stolen Goods,0,2008,9
E01003808,Richmond upon Thames,Criminal Damage,Other Criminal Damage,0,2008,11
E01001464,Enfield,Drugs,Drug Trafficking,0,2013,12
E01000513,Brent,Violence Against the Person,Common Assault,1,2011,5
E01004000,Southwark,Fraud or Forgery,Other Fraud & Forgery,0,2015,6
E01003091,Lambeth,Criminal Damage,Other Criminal Damage,0,2012,1
E01004521,Wandsworth,Violence Against the Person,Offensive Weapon,0,2009,9
E01002725,Islington,Burglary,Burglary in a Dwelling,0,2013,11
E01033571,Richmond upon Thames,Robbery,Personal Property,0,2016,12
E01000472,Brent,Robbery,Personal Property,0,2014,2
E01000182,Barnet,Theft and Handling,Other Theft,2,2009,7
E01001529,Enfield,Theft and Handling,Other Theft Person,0,2011,9
E01002394,Hillingdon,Violence Against the Person,Offensive Weapon,0,2015,6
E01001829,Hackney,Violence Against the Person,Wounding/GBH,0,2010,12
E01000024,Barking and Dagenham,Burglary,Burglary in a Dwelling,1,2008,7
E01001569,Enfield,Theft and Handling,Motor Vehicle Interference & Tampering,0,2011,3
E01001575,Greenwich,Other Notifiable Offences,Other Notifiable,1,2008,9
E01000486,Brent,Robbery,Personal Property,0,2010,7
E01002202,Harrow,Drugs,Drug Trafficking,0,2011,8
E01001002,Croydon,Robbery,Personal Property,0,2015,12
E01000457,Bexley,Other Notifiable Offences,Other Notifiable,0,2016,7
E01003276,Lewisham,Violence Against the Person,Offensive Weapon,0,2009,11
E01003034,Lambeth,Criminal Damage,Criminal Damage To Other Building,0,2008,12
E01032766,Tower Hamlets,Theft and Handling,Other Theft Person,2,2014,4
E01004095,Sutton,Theft and Handling,Theft/Taking Of Motor Vehicle,0,2011,9
E01001115,Croydon,Drugs,Drug Trafficking,0,2015,4
E01003979,Southwark,Violence Against the Person,Common Assault,1,2012,6
E01004553,Wandsworth,Burglary,Burglary in a Dwelling,1,2013,1
E01000269,Barnet,Theft and Handling,Theft From Shops,0,2008,4
E01001013,Croydon,Criminal Damage,Criminal Damage To Dwelling,0,2016,3
E01001323,Ealing,Fraud or Forgery,Counted per Victim,0,2011,1
E01002875,Kensington and Chelsea,Burglary,Burglary in Other Buildings,0,2013,6
E01004261,Tower Hamlets,Criminal Damage,Criminal Damage To Dwelling,2,2009,1
E01001459,Enfield,Theft and Handling,Other Theft,0,2009,3
E01001850,Hackney,Theft and Handling,Motor Vehicle Interference & Tampering,1,2014,5
E01000978,Croydon,Theft and Handling,Theft/Taking Of Motor Vehicle,1,2012,11
E01004574,Wandsworth,Theft and Handling,Theft/Taking of Pedal Cycle,0,2012,9
E01000230,Barnet,Criminal Damage,Other Criminal Damage,0,2016,8
E01002473,Hillingdon,Violence Against the Person,Wounding/GBH,0,2008,2
E01004736,Westminster,Other Notifiable Offences,Other Notifiable,3,2016,3
E01003715,Redbridge,Violence Against the Person,Harassment,3,2016,6
E01003523,Newham,Violence Against the Person,Common Assault,1,2014,1
E01033574,Newham,Violence Against the Person,Other violence,0,2010,5
E01032788,Hammersmith and Fulham,Theft and Handling,Other Theft,0,2016,5
E01001402,Enfield,Violence Against the Person,Offensive Weapon,0,2012,5
E01002332,Havering,Theft and Handling,Theft/Taking Of Motor Vehicle,1,2008,12
E01003531,Newham,Robbery,Business Property,0,2013,10
E01002733,Islington,Violence Against the Person,Common Assault,0,2008,2
E01001268,Ealing,Criminal Damage,Criminal Damage To Other Building,0,2008,6
E01001624,Greenwich,Other Notifiable Offences,Going Equipped,0,2008,1
E01000709,Bromley,Violence Against the Person,Other violence,1,2010,1
E01003032,Lambeth,Other Notifiable Offences,Going Equipped,0,2014,5
E01001726,Hackney,Drugs,Other Drugs,0,2016,8
E01004029,Southwark,Theft and Handling,Motor Vehicle Interference & Tampering,0,2016,4
E01000139,Barnet,Violence Against the Person,Offensive Weapon,0,2008,2
E01001735,Hackney,Violence Against the Person,Harassment,0,2009,11
E01002733,Islington,Burglary,Burglary in a Dwelling,0,2016,5
E01003664,Redbridge,Violence Against the Person,Wounding/GBH,0,2016,3
E01000909,Camden,Violence Against the Person,Wounding/GBH,0,2011,11
E01002962,Kingston upon Thames,Violence Against the Person,Other violence,0,2012,5
E01001371,Ealing,Theft and Handling,Motor Vehicle Interference & Tampering,0,2012,4
E01000588,Brent,Burglary,Burglary in a Dwelling,1,2010,3
E01000092,Barking and Dagenham,Other Notifiable Offences,Other Notifiable,0,2013,3
E01000739,Bromley,Violence Against the Person,Other violence,0,2015,2
E01003772,Redbridge,Violence Against the Person,Common Assault,1,2016,11
E01002167,Harrow,Criminal Damage,Other Criminal Damage,0,2013,12
E01002241,Harrow,Theft and Handling,Theft From Shops,0,2015,9
E01002150,Harrow,Theft and Handling,Other Theft,1,2008,4
E01032803,Southwark,Burglary,Burglary in a Dwelling,0,2013,10
E01002344,Havering,Robbery,Business Property,0,2016,4
E01002893,Kensington and Chelsea,Violence Against the Person,Wounding/GBH,0,2011,3
E01001856,Hammersmith and Fulham,Other Notifiable Offences,Other Notifiable,0,2014,11
E01000256,Barnet,Theft and Handling,Other Theft Person,0,2014,4
E01001416,Enfield,Criminal Damage,Criminal Damage To Dwelling,0,2016,2
E01004677,Westminster,Criminal Damage,Other Criminal Damage,0,2012,8
E01003955,Southwark,Theft and Handling,Other Theft Person,0,2010,7
E01004289,Tower Hamlets,Violence Against the Person,Common Assault,1,2013,11
E01003186,Lambeth,Drugs,Other Drugs,0,2008,8
E01003798,Richmond upon Thames,Criminal Damage,Criminal Damage To Dwelling,0,2011,11
E01002414,Hillingdon,Theft and Handling,Motor Vehicle Interference & Tampering,0,2016,4
E01001387,Ealing,Drugs,Drug Trafficking,0,2009,9
E01001808,Hackney,Criminal Damage,Criminal Damage To Motor Vehicle,0,2011,1
E01004440,Waltham Forest,Burglary,Burglary in Other Buildings,0,2014,5
E01033743,Greenwich,Theft and Handling,Other Theft,0,2009,2
E01002474,Hillingdon,Theft and Handling,Theft/Taking of Pedal Cycle,0,2014,1
E01032770,Tower Hamlets,Criminal Damage,Criminal Damage To Other Building,0,2016,2
E01003630,Newham,Theft and Handling,Motor Vehicle Interference & Tampering,0,2013,7
E01002253,Havering,Criminal Damage,Other Criminal Damage,1,2016,1
E01002138,Harrow,Other Notifiable Offences,Other Notifiable,0,2012,6
E01004390,Waltham Forest,Drugs,Possession Of Drugs,1,2010,8
E01001081,Croydon,Violence Against the Person,Wounding/GBH,0,2008,12
E01004732,Westminster,Violence Against the Person,Harassment,2,2016,6
E01000952,Camden,Theft and Handling,Theft/Taking Of Motor Vehicle,0,2009,11
E01003791,Redbridge,Robbery,Business Property,0,2015,1
E01000473,Brent,Theft and Handling,Theft From Motor Vehicle,1,2015,12
E01000093,Barking and Dagenham,Criminal Damage,Criminal Damage To Dwelling,0,2011,9
E01001516,Enfield,Robbery,Personal Property,0,2009,2
E01002479,Hillingdon,Violence Against the Person,Assault with Injury,3,2015,5
E01001096,Croydon,Theft and Handling,Motor Vehicle Interference & Tampering,0,2014,12
E01003713,Redbridge,Theft and Handling,Other Theft,1,2012,3
E01002138,Harrow,Violence Against the Person,Common Assault,0,2015,7
E01004428,Waltham Forest,Violence Against the Person,Harassment,1,2009,7
E01002844,Kensington and Chelsea,Theft and Handling,Theft/Taking Of Motor Vehicle,1,2011,12
E01004313,Tower Hamlets,Violence Against the Person,Offensive Weapon,0,2012,11
E01033704,Hackney,Theft and Handling,Handling Stolen Goods,0,2008,7
E01003754,Redbridge,Violence Against the Person,Assault with Injury,0,2014,10
E01003779,Redbridge,Violence Against the Person,Common Assault,0,2014,8
E01003378,Merton,Robbery,Personal Property,0,2012,5
E01002784,Islington,Violence Against the Person,Other violence,0,2014,10
E01001574,Greenwich,Criminal Damage,Other Criminal Damage,0,2012,11
E01003636,Newham,Theft and Handling,Theft/Taking of Pedal Cycle,0,2009,5
E01002343,Havering,Violence Against the Person,Other violence,0,2009,9
E01003051,Lambeth,Violence Against the Person,Harassment,2,2008,6
E01003330,Lewisham,Theft and Handling,Other Theft Person,0,2014,11
E01000153,Barnet,Violence Against the Person,Common Assault,1,2012,2
E01004289,Tower Hamlets,Violence Against the Person,Wounding/GBH,0,2010,10
E01001962,Haringey,Criminal Damage,Criminal Damage To Other Building,0,2014,1
E01003726,Redbridge,Criminal Damage,Criminal Damage To Dwelling,0,2013,6
E01003708,Redbridge,Robbery,Personal Property,1,2016,2
E01000265,Barnet,Drugs,Possession Of Drugs,0,2008,1
E01004096,Sutton,Theft and Handling,Motor Vehicle Interference & Tampering,0,2010,8
E01000969,Camden,Violence Against the Person,Other violence,0,2009,1
E01000823,Bromley,Criminal Damage,Other Criminal Damage,0,2009,12
E01003597,Newham,Theft and Handling,Handling Stolen Goods,0,2014,4
E01002039,Haringey,Burglary,Burglary in a Dwelling,0,2013,11
E01000553,Brent,Theft and Handling,Handling Stolen Goods,0,2012,2
E01002726,Islington,Criminal Damage,Criminal Damage To Motor Vehicle,0,2014,4
E01000146,Barnet,Criminal Damage,Criminal Damage To Dwelling,0,2016,5
E01003754,Redbridge,Criminal Damage,Criminal Damage To Motor Vehicle,0,2009,7
E01002917,Kingston upon Thames,Theft and Handling,Theft/Taking Of Motor Vehicle,0,2015,1
E01003966,Southwark,Other Notifiable Offences,Other Notifiable,0,2015,11
E01000364,Bexley,Criminal Damage,Other Criminal Damage,0,2011,8
E01004762,Westminster,Theft and Handling,Theft/Taking of Pedal Cycle,1,2014,11
E01001729,Hackney,Theft and Handling,Other Theft Person,2,2015,2
E01000772,Bromley,Burglary,Burglary in a Dwelling,0,2016,10
E01002514,Hillingdon,Theft and Handling,Theft From Motor Vehicle,1,2012,2
E01000251,Barnet,Theft and Handling,Theft From Shops,0,2009,11
E01004275,Tower Hamlets,Violence Against the Person,Offensive Weapon,0,2009,10
E01004605,Wandsworth,Theft and Handling,Other Theft Person,0,2014,6
E01004346,Waltham Forest,Violence Against the Person,Common Assault,1,2010,10
E01001744,Hackney,Drugs,Other Drugs,0,2008,6
E01001772,Hackney,Criminal Damage,Criminal Damage To Other Building,0,2008,1
E01004061,Southwark,Theft and Handling,Other Theft,1,2010,10
E01033597,Westminster,Criminal Damage,Criminal Damage To Motor Vehicle,0,2013,12
E01004393,Waltham Forest,Theft and Handling,Theft From Shops,0,2010,9
E01000927,Camden,Theft and Handling,Theft/Taking Of Motor Vehicle,1,2012,8
E01002324,Havering,Criminal Damage,Criminal Damage To Other Building,0,2009,5
E01002662,Hounslow,Theft and Handling,Theft From Motor Vehicle,3,2011,1
E01001012,Croydon,Criminal Damage,Criminal Damage To Dwelling,0,2013,9
E01001886,Hammersmith and Fulham,Theft and Handling,Theft From Motor Vehicle,1,2016,4
E01003105,Lambeth,Theft and Handling,Other Theft Person,0,2009,7
E01000408,Bexley,Robbery,Business Property,0,2012,1
E01002714,Islington,Drugs,Other Drugs,0,2009,1
E01001347,Ealing,Drugs,Possession Of Drugs,0,2016,10
E01000185,Barnet,Other Notifiable Offences,Other Notifiable,2,2008,1
E01002220,Harrow,Drugs,Possession Of Drugs,0,2012,10
E01000283,Barnet,Criminal Damage,Criminal Damage To Motor Vehicle,0,2009,5
E01004121,Sutton,Criminal Damage,Criminal Damage To Other Building,0,2012,10
E01003450,Merton,Theft and Handling,Motor Vehicle Interference & Tampering,0,2015,11
E01004602,Wandsworth,Theft and Handling,Motor Vehicle Interference & Tampering,0,2009,11
E01002420,Hillingdon,Theft and Handling,Motor Vehicle Interference & Tampering,0,2011,1
E01001762,Hackney,Theft and Handling,Other Theft Person,0,2011,4
E01002871,Kensington and Chelsea,Criminal Damage,Criminal Damage To Other Building,0,2015,11
E01000750,Bromley,Criminal Damage,Criminal Damage To Other Building,0,2009,11
E01003769,Redbridge,Theft and Handling,Handling Stolen Goods,0,2016,2
E01002648,Hounslow,Violence Against the Person,Harassment,3,2010,9
E01001745,Hackney,Drugs,Other Drugs,0,2014,7
E01004000,Southwark,Drugs,Drug Trafficking,0,2014,6
E01000550,Brent,Criminal Damage,Other Criminal Damage,0,2008,1
E01003276,Lewisham,Burglary,Burglary in a Dwelling,0,2016,11
E01003134,Lambeth,Drugs,Drug Trafficking,0,2015,1
E01001923,Hammersmith and Fulham,Robbery,Business Property,0,2015,12
E01001126,Croydon,Violence Against the Person,Common Assault,0,2016,11
E01000163,Barnet,Drugs,Drug Trafficking,0,2011,11
E01003101,Lambeth,Criminal Damage,Other Criminal Damage,0,2008,4
E01004609,Wandsworth,Robbery,Business Property,0,2016,2
E01002000,Haringey,Fraud or Forgery,Counted per Victim,0,2010,10
E01004663,Westminster,Theft and Handling,Theft/Taking of Pedal Cycle,2,2011,4
E01004500,Wandsworth,Burglary,Burglary in a Dwelling,1,2014,7
E01002755,Islington,Theft and Handling,Other Theft,0,2008,7
E01003021,Lambeth,Criminal Damage,Other Criminal Damage,1,2014,4
E01001084,Croydon,Theft and Handling,Other Theft Person,0,2015,3
E01032803,Southwark,Violence Against the Person,Harassment,0,2012,5
E01004661,Westminster,Criminal Damage,Criminal Damage To Other Building,0,2015,2
E01000135,Barnet,Criminal Damage,Criminal Damage To Motor Vehicle,0,2014,8
E01000757,Bromley,Theft and Handling,Theft/Taking of Pedal Cycle,0,2008,10
E01001243,Ealing,Drugs,Drug Trafficking,0,2008,1
E01000141,Barnet,Theft and Handling,Theft From Shops,6,2009,6
E01003283,Lewisham,Criminal Damage,Criminal Damage To Motor Vehicle,0,2016,5
E01003335,Lewisham,Violence Against the Person,Other violence,0,2009,1
E01000015,Barking and Dagenham,Criminal Damage,Criminal Damage To Dwelling,1,2013,12
E01003517,Newham,Drugs,Possession Of Drugs,1,2014,5
E01002238,Harrow,Violence Against the Person,Wounding/GBH,0,2008,5
E01002412,Hillingdon,Violence Against the Person,Offensive Weapon,0,2014,6
E01003680,Redbridge,Robbery,Personal Property,1,2015,5
E01003718,Redbridge,Theft and Handling,Handling Stolen Goods,0,2014,9
E01000886,Camden,Criminal Damage,Criminal Damage To Other Building,0,2013,12
E01000623,Brent,Theft and Handling,Handling Stolen Goods,0,2016,9
E01001860,Hammersmith and Fulham,Robbery,Personal Property,1,2010,10
E01002926,Kingston upon Thames,Theft and Handling,Other Theft,0,2014,12
E01002140,Harrow,Violence Against the Person,Assault with Injury,0,2016,1
E01001760,Hackney,Theft and Handling,Theft/Taking of Pedal Cycle,2,2015,4
E01001704,Greenwich,Other Notifiable Offences,Other Notifiable,0,2014,12
E01004698,Westminster,Robbery,Business Property,0,2012,1
E01002490,Hillingdon,Theft and Handling,Theft From Motor Vehicle,1,2016,12
E01001851,Hammersmith and Fulham,Drugs,Possession Of Drugs,1,2014,3
E01004249,Tower Hamlets,Robbery,Personal Property,0,2008,10
E01004308,Tower Hamlets,Criminal Damage,Criminal Damage To Dwelling,0,2014,3
E01000099,Barking and Dagenham,Criminal Damage,Criminal Damage To Motor Vehicle,0,2015,4
E01004121,Sutton,Violence Against the Person,Common Assault,2,2016,2
E01003192,Lewisham,Criminal Damage,Criminal Damage To Motor Vehicle,2,2010,3
E01000928,Camden,Criminal Damage,Criminal Damage To Motor Vehicle,0,2008,6
E01002822,Kensington and Chelsea,Criminal Damage,Criminal Damage To Dwelling,1,2009,7
E01001306,Ealing,Criminal Damage,Criminal Damage To Other Building,0,2015,7
E01001894,Hammersmith and Fulham,Robbery,Business Property,0,2013,6
E01002513,Hillingdon,Criminal Damage,Other Criminal Damage,0,2009,4
E01033153,Waltham Forest,Violence Against the Person,Murder,0,2016,7
E01004499,Wandsworth,Violence Against the Person,Offensive Weapon,0,2016,11
E01001805,Hackney,Robbery,Personal Property,0,2015,9
E01003813,Richmond upon Thames,Theft and Handling,Theft From Motor Vehicle,3,2011,10
E01003081,Lambeth,Drugs,Possession Of Drugs,1,2014,10
E01003619,Newham,Theft and Handling,Theft From Motor Vehicle,2,2011,11
E01002221,Harrow,Violence Against the Person,Murder,0,2009,8
E01001798,Hackney,Robbery,Business Property,0,2016,10
E01002018,Haringey,Theft and Handling,Theft/Taking Of Motor Vehicle,0,2015,12
E01001886,Hammersmith and Fulham,Theft and Handling,Other Theft,0,2011,2
E01001798,Hackney,Violence Against the Person,Harassment,0,2010,2
E01002312,Havering,Violence Against the Person,Assault with Injury,0,2008,11
E01001943,Hammersmith and Fulham,Theft and Handling,Other Theft Person,6,2016,5
E01003662,Redbridge,Theft and Handling,Theft From Motor Vehicle,1,2010,2
E01003912,Southwark,Burglary,Burglary in a Dwelling,3,2013,4
E01000353,Bexley,Drugs,Possession Of Drugs,0,2010,10
E01001000,Croydon,Criminal Damage,Criminal Damage To Other Building,1,2013,10
E01003146,Lambeth,Drugs,Drug Trafficking,0,2009,5
E01002774,Islington,Theft and Handling,Theft From Shops,1,2008,3
E01003057,Lambeth,Drugs,Other Drugs,0,2014,11
E01001740,Hackney,Robbery,Personal Property,1,2009,5
E01000263,Barnet,Theft and Handling,Handling Stolen Goods,0,2008,3
E01001623,Greenwich,Violence Against the Person,Offensive Weapon,0,2008,10
E01001502,Enfield,Theft and Handling,Theft/Taking Of Motor Vehicle,0,2012,10
E01003386,Merton,Violence Against the Person,Other violence,5,2009,1
E01001212,Ealing,Theft and Handling,Other Theft Person,0,2014,9
E01001723,Hackney,Other Notifiable Offences,Going Equipped,0,2013,7
E01004680,Westminster,Violence Against the Person,Common Assault,0,2012,5
E01004070,Southwark,Theft and Handling,Motor Vehicle Interference & Tampering,0,2008,1
E01001177,Croydon,Theft and Handling,Theft/Taking Of Motor Vehicle,0,2009,1
E01004239,Tower Hamlets,Other Notifiable Offences,Going Equipped,0,2008,10
E01003229,Lewisham,Theft and Handling,Other Theft,1,2011,10
E01004647,Westminster,Burglary,Burglary in a Dwelling,1,2013,9
E01004057,Southwark,Theft and Handling,Other Theft,0,2008,3
E01003793,Redbridge,Violence Against the Person,Offensive Weapon,0,2016,6
E01001831,Hackney,Drugs,Possession Of Drugs,3,2013,6
E01004175,Sutton,Drugs,Possession Of Drugs,0,2015,2
E01000626,Brent,Violence Against the Person,Common Assault,1,2013,6
E01000729,Bromley,Violence Against the Person,Wounding/GBH,0,2013,5
E01002299,Havering,Other Notifiable Offences,Other Notifiable,1,2016,3
E01003927,Southwark,Theft and Handling,Other Theft Person,7,2010,10
E01001245,Ealing,Robbery,Business Property,0,2010,8
E01001776,Hackney,Violence Against the Person,Harassment,2,2008,11
E01002138,Harrow,Robbery,Personal Property,0,2013,12
E01001751,Hackney,Robbery,Personal Property,3,2008,4
E01000969,Camden,Robbery,Business Property,0,2015,7
E01000972,Camden,Violence Against the Person,Other violence,0,2012,11
E01003836,Richmond upon Thames,Theft and Handling,Other Theft,1,2016,5
E01002515,Hillingdon,Drugs,Possession Of Drugs,3,2008,5
E01002126,Harrow,Violence Against the Person,Offensive Weapon,0,2011,10
E01004562,Wandsworth,Theft and Handling,Other Theft,1,2008,5
E01001652,Greenwich,Violence Against the Person,Offensive Weapon,0,2010,7
E01004149,Sutton,Criminal Damage,Other Criminal Damage,0,2011,5
E01001965,Haringey,Other Notifiable Offences,Other Notifiable,0,2014,5
E01001923,Hammersmith and Fulham,Violence Against the Person,Assault with Injury,0,2013,11
E01004328,Waltham Forest,Drugs,Drug Trafficking,0,2014,4
E01001666,Greenwich,Theft and Handling,Theft/Taking of Pedal Cycle,0,2011,11
E01003042,Lambeth,Criminal Damage,Other Criminal Damage,0,2010,3
E01002184,Harrow,Criminal Damage,Criminal Damage To Other Building,0,2008,8
E01002887,Kensington and Chelsea,Violence Against the Person,Harassment,0,2013,6
E01003566,Newham,Robbery,Business Property,0,2014,5
E01002551,Hillingdon,Robbery,Business Property,0,2012,1
E01004350,Waltham Forest,Theft and Handling,Theft/Taking of Pedal Cycle,0,2010,10
E01002269,Havering,Drugs,Possession Of Drugs,0,2013,3
E01002602,Hounslow,Violence Against the Person,Wounding/GBH,0,2015,1
E01003851,Richmond upon Thames,Criminal Damage,Criminal Damage To Motor Vehicle,0,2014,12
E01000232,Barnet,Theft and Handling,Theft From Shops,0,2008,12
E01004402,Waltham Forest,Violence Against the Person,Harassment,2,2015,6
E01000603,Brent,Drugs,Drug Trafficking,1,2016,4
E01002724,Islington,Theft and Handling,Theft/Taking of Pedal Cycle,5,2008,1
E01000314,Barnet,Theft and Handling,Handling Stolen Goods,0,2008,7
E01033135,Wandsworth,Theft and Handling,Theft From Motor Vehicle,0,2009,3
E01002359,Havering,Violence Against the Person,Harassment,0,2016,4
E01003845,Richmond upon Thames,Criminal Damage,Criminal Damage To Other Building,1,2012,6
E01003642,Redbridge,Other Notifiable Offences,Going Equipped,0,2011,5
E01004176,Sutton,Theft and Handling,Theft/Taking Of Motor Vehicle,0,2009,11
E01002901,Kensington and Chelsea,Violence Against the Person,Other violence,0,2016,10
E01003953,Southwark,Criminal Damage,Other Criminal Damage,0,2008,12
E01002841,Kensington and Chelsea,Theft and Handling,Handling Stolen Goods,0,2013,2
E01004257,Tower Hamlets,Criminal Damage,Criminal Damage To Motor Vehicle,0,2016,12
E01004516,Wandsworth,Robbery,Personal Property,0,2016,5
E01002465,Hillingdon,Robbery,Business Property,0,2010,2
E01003682,Redbridge,Violence Against the Person,Offensive Weapon,0,2015,11
E01003670,Redbridge,Theft and Handling,Theft/Taking of Pedal Cycle,0,2010,12
E01001719,Hackney,Criminal Damage,Criminal Damage To Dwelling,0,2013,6
E01002361,Havering,Other Notifiable Offences,Other Notifiable,0,2015,12
E01003014,Lambeth,Criminal Damage,Other Criminal Damage,0,2009,3
E01003042,Lambeth,Other Notifiable Offences,Going Equipped,0,2008,12
E01003918,Southwark,Theft and Handling,Theft/Taking of Pedal Cycle,1,2015,10
E01004441,Waltham Forest,Criminal Damage,Criminal Damage To Motor Vehicle,0,2010,1
E01000290,Barnet,Criminal Damage,Criminal Damage To Dwelling,0,2008,11
E01002881,Kensington and Chelsea,Other Notifiable Offences,Other Notifiable,0,2012,8
E01004539,Wandsworth,Robbery,Business Property,0,2009,11
E01000871,Camden,Burglary,Burglary in a Dwelling,1,2008,3
E01003149,Lambeth,Criminal Damage,Criminal Damage To Motor Vehicle,1,2008,11
E01003474,Merton,Other Notifiable Offences,Other Notifiable,0,2014,8
E01001420,Enfield,Burglary,Burglary in a Dwelling,1,2012,2
E01002909,Kensington and Chelsea,Robbery,Business Property,0,2012,11
E01004412,Waltham Forest,Violence Against the Person,Common Assault,0,2014,9
E01000908,Camden,Other Notifiable Offences,Other Notifiable,0,2013,12
E01003339,Lewisham,Theft and Handling,Motor Vehicle Interference & Tampering,0,2016,8
E01001710,Greenwich,Theft and Handling,Handling Stolen Goods,0,2009,8
E01003767,Redbridge,Violence Against the Person,Assault with Injury,0,2013,1
E01003681,Redbridge,Sexual Offences,Other Sexual,0,2008,11
E01004370,Waltham Forest,Violence Against the Person,Common Assault,3,2011,8
E01004128,Sutton,Violence Against the Person,Common Assault,0,2009,7
E01002774,Islington,Theft and Handling,Handling Stolen Goods,0,2008,5
E01002844,Kensington and Chelsea,Theft and Handling,Other Theft,2,2013,12
E01001084,Croydon,Theft and Handling,Theft From Motor Vehicle,1,2015,8
E01003146,Lambeth,Theft and Handling,Handling Stolen Goods,0,2009,4
E01000564,Brent,Theft and Handling,Theft From Motor Vehicle,2,2009,3
E01000482,Brent,Theft and Handling,Theft From Shops,6,2009,3
E01003444,Merton,Criminal Damage,Criminal Damage To Motor Vehicle,1,2009,2
E01000036,Barking and Dagenham,Criminal Damage,Other Criminal Damage,0,2012,7
E01002100,Haringey,Violence Against the Person,Murder,0,2015,4
E01000374,Bexley,Violence Against the Person,Assault with Injury,0,2014,4
E01001746,Hackney,Violence Against the Person,Other violence,0,2008,4
E01002414,Hillingdon,Robbery,Personal Property,0,2013,2
E01001646,Greenwich,Drugs,Drug Trafficking,0,2016,1
E01003923,Southwark,Theft and Handling,Theft/Taking Of Motor Vehicle,1,2014,6
E01004416,Waltham Forest,Violence Against the Person,Assault with Injury,2,2009,5
E01002063,Haringey,Violence Against the Person,Other violence,0,2008,10
E01003854,Richmond upon Thames,Other Notifiable Offences,Other Notifiable,0,2012,12
E01000673,Bromley,Drugs,Drug Trafficking,0,2010,1
E01003663,Redbridge,Violence Against the Person,Wounding/GBH,0,2014,8
E01001971,Haringey,Robbery,Business Property,0,2013,2
E01001821,Hackney,Other Notifiable Offences,Other Notifiable,0,2015,9
E01001604,Greenwich,Theft and Handling,Motor Vehicle Interference & Tampering,0,2011,11
E01000620,Brent,Burglary,Burglary in Other Buildings,0,2014,4
E01003631,Newham,Theft and Handling,Theft From Motor Vehicle,2,2009,3
E01003950,Southwark,Criminal Damage,Other Criminal Damage,1,2016,4
E01000382,Bexley,Burglary,Burglary in Other Buildings,0,2009,5
E01000787,Bromley,Theft and Handling,Theft/Taking Of Motor Vehicle,0,2014,9
E01000816,Bromley,Criminal Damage,Criminal Damage To Motor Vehicle,0,2014,2
E01001086,Croydon,Drugs,Drug Trafficking,0,2009,12
E01004297,Tower Hamlets,Criminal Damage,Criminal Damage To Dwelling,0,2011,3
E01004222,Tower Hamlets,Burglary,Burglary in Other Buildings,0,2014,1
E01003942,Southwark,Robbery,Personal Property,0,2015,7
E01000406,Bexley,Violence Against the Person,Murder,0,2008,6
E01004487,Wandsworth,Burglary,Burglary in Other Buildings,0,2013,6
E01003530,Newham,Burglary,Burglary in a Dwelling,1,2014,2
E01002841,Kensington and Chelsea,Theft and Handling,Theft From Shops,0,2010,5
E01002777,Islington,Burglary,Burglary in a Dwelling,1,2010,4
E01004003,Southwark,Drugs,Drug Trafficking,0,2011,2
E01002257,Havering,Criminal Damage,Criminal Damage To Other Building,0,2013,12
E01003761,Redbridge,Violence Against the Person,Harassment,1,2012,5
E01001170,Croydon,Violence Against the Person,Common Assault,0,2016,11
E01003759,Redbridge,Burglary,Burglary in Other Buildings,0,2016,9
E01002944,Kingston upon Thames,Criminal Damage,Criminal Damage To Dwelling,0,2011,6
E01003353,Lewisham,Criminal Damage,Criminal Damage To Other Building,0,2014,5
E01004420,Waltham Forest,Violence Against the Person,Common Assault,3,2013,11
E01002791,Islington,Violence Against the Person,Offensive Weapon,0,2011,4
E01003973,Southwark,Drugs,Other Drugs,1,2014,2
E01003852,Richmond upon Thames,Criminal Damage,Criminal Damage To Motor Vehicle,1,2010,1
E01000999,Croydon,Theft and Handling,Theft/Taking Of Motor Vehicle,0,2012,2
E01000819,Bromley,Theft and Handling,Theft/Taking Of Motor Vehicle,1,2015,7
E01004749,Westminster,Theft and Handling,Theft/Taking of Pedal Cycle,2,2013,9
E01001569,Enfield,Burglary,Burglary in a Dwelling,1,2015,12
E01003954,Southwark,Burglary,Burglary in a Dwelling,1,2015,5
E01001652,Greenwich,Violence Against the Person,Assault with Injury,2,2016,4
E01004293,Tower Hamlets,Theft and Handling,Handling Stolen Goods,0,2011,3
E01003110,Lambeth,Violence Against the Person,Wounding/GBH,0,2014,11
E01001428,Enfield,Violence Against the Person,Common Assault,1,2008,3
E01002708,Islington,Robbery,Personal Property,0,2010,8
E01004360,Waltham Forest,Drugs,Drug Trafficking,0,2012,5
E01002001,Haringey,Criminal Damage,Criminal Damage To Dwelling,0,2010,1
E01001891,Hammersmith and Fulham,Theft and Handling,Other Theft Person,0,2008,9
E01002075,Haringey,Other Notifiable Offences,Other Notifiable,0,2008,8
E01003326,Lewisham,Theft and Handling,Handling Stolen Goods,0,2011,8
E01004327,Waltham Forest,Burglary,Burglary in a Dwelling,2,2011,8
E01004722,Westminster,Theft and Handling,Theft/Taking Of Motor Vehicle,0,2010,12
E01001280,Ealing,Other Notifiable Offences,Other Notifiable,0,2012,12
E01004264,Tower Hamlets,Violence Against the Person,Harassment,0,2013,6
E01001027,Croydon,Robbery,Business Property,0,2012,11
E01000993,Croydon,Theft and Handling,Other Theft,0,2009,12
E01001282,Ealing,Theft and Handling,Theft From Shops,0,2012,1
E01001134,Croydon,Drugs,Drug Trafficking,0,2014,2
E01002849,Kensington and Chelsea,Robbery,Business Property,0,2014,8
E01003053,Lambeth,Theft and Handling,Theft From Motor Vehicle,3,2010,8
E01000798,Bromley,Violence Against the Person,Other violence,0,2010,7
E01001278,Ealing,Burglary,Burglary in Other Buildings,0,2015,3
E01004029,Southwark,Theft and Handling,Theft/Taking Of Motor Vehicle,0,2014,10
E01001087,Croydon,Violence Against the Person,Other violence,0,2016,1
E01033491,Islington,Burglary,Burglary in Other Buildings,1,2016,11
E01000705,Bromley,Violence Against the Person,Harassment,1,2009,12
E01000661,Bromley,Drugs,Other Drugs,0,2014,1
E01000981,Croydon,Violence Against the Person,Offensive Weapon,1,2010,8
E01003496,Newham,Theft and Handling,Theft/Taking Of Motor Vehicle,1,2016,11
E01033579,Newham,Drugs,Drug Trafficking,0,2012,12
E01033588,Barking and Dagenham,Burglary,Burglary in a Dwelling,1,2015,5
E01003593,Newham,Other Notifiable Offences,Other Notifiable,0,2011,5
E01000510,Brent,Violence Against the Person,Wounding/GBH,0,2008,9
E01000919,Camden,Criminal Damage,Other Criminal Damage,4,2008,10
E01003788,Redbridge,Theft and Handling,Motor Vehicle Interference & Tampering,0,2011,7
E01003010,Kingston upon Thames,Burglary,Burglary in a Dwelling,0,2016,7
E01001617,Greenwich,Criminal Damage,Criminal Damage To Other Building,0,2013,3
E01001913,Hammersmith and Fulham,Violence Against the Person,Harassment,0,2010,1
E01000603,Brent,Theft and Handling,Handling Stolen Goods,0,2014,12
E01000510,Brent,Burglary,Burglary in a Dwelling,3,2010,4
E01003291,Lewisham,Robbery,Personal Property,0,2010,4
E01004248,Tower Hamlets,Violence Against the Person,Wounding/GBH,0,2013,2
E01003714,Redbridge,Theft and Handling,Motor Vehicle Interference & Tampering,0,2011,11
E01003115,Lambeth,Burglary,Burglary in a Dwelling,2,2011,3
E01003986,Southwark,Burglary,Burglary in a Dwelling,0,2012,12
E01002976,Kingston upon Thames,Violence Against the Person,Other violence,0,2009,1
E01003635,Newham,Fraud or Forgery,Other Fraud & Forgery,0,2015,8
E01003187,Lambeth,Criminal Damage,Criminal Damage To Motor Vehicle,0,2013,6
E01004323,Tower Hamlets,Theft and Handling,Other Theft,1,2015,7
E01003635,Newham,Violence Against the Person,Common Assault,1,2008,6
E01000533,Brent,Violence Against the Person,Other violence,0,2008,10
E01003122,Lambeth,Other Notifiable Offences,Other Notifiable,0,2015,3
E01001539,Enfield,Theft and Handling,Theft From Shops,0,2013,4
E01000087,Barking and Dagenham,Drugs,Possession Of Drugs,2,2008,8
E01002135,Harrow,Violence Against the Person,Offensive Weapon,0,2009,5
E01003951,Southwark,Criminal Damage,Criminal Damage To Dwelling,0,2016,4
E01004308,Tower Hamlets,Burglary,Burglary in a Dwelling,1,2013,3
E01001919,Hammersmith and Fulham,Theft and Handling,Theft From Shops,0,2014,11
E01003833,Richmond upon Thames,Violence Against the Person,Harassment,1,2009,7
E01004077,Sutton,Criminal Damage,Other Criminal Damage,3,2010,6
E01000408,Bexley,Burglary,Burglary in Other Buildings,1,2014,9
E01002851,Kensington and Chelsea,Theft and Handling,Theft From Shops,0,2013,12
E01002499,Hillingdon,Violence Against the Person,Harassment,0,2013,7
E01001360,Ealing,Violence Against the Person,Offensive Weapon,0,2012,4
E01001437,Enfield,Robbery,Business Property,0,2009,4
E01003205,Lewisham,Theft and Handling,Handling Stolen Goods,0,2012,8
E01001117,Croydon,Theft and Handling,Theft/Taking of Pedal Cycle,0,2016,11
E01000591,Brent,Theft and Handling,Other Theft,1,2013,10
E01002813,Kensington and Chelsea,Criminal Damage,Criminal Damage To Motor Vehicle,0,2008,3
E01001540,Enfield,Theft and Handling,Theft From Motor Vehicle,1,2012,9
E01000611,Brent,Violence Against the Person,Common Assault,0,2012,4
E01002213,Harrow,Theft and Handling,Handling Stolen Goods,0,2008,12
E01001480,Enfield,Theft and Handling,Other Theft Person,0,2013,1
E01002480,Hillingdon,Criminal Damage,Criminal Damage To Dwelling,0,2014,3
E01001591,Greenwich,Theft and Handling,Handling Stolen Goods,0,2009,3
E01000583,Brent,Drugs,Drug Trafficking,0,2010,8
E01033491,Islington,Violence Against the Person,Assault with Injury,0,2011,2
E01003100,Lambeth,Theft and Handling,Other Theft,3,2010,9
E01000526,Brent,Violence Against the Person,Other violence,0,2009,10
E01002106,Harrow,Theft and Handling,Other Theft Person,0,2014,10
E01001066,Croydon,Burglary,Burglary in a Dwelling,0,2008,7
E01000132,Barnet,Drugs,Other Drugs,0,2010,7
E01004016,Southwark,Theft and Handling,Theft/Taking Of Motor Vehicle,2,2010,8
E01001419,Enfield,Criminal Damage,Criminal Damage To Motor Vehicle,2,2016,11
E01003003,Kingston upon Thames,Drugs,Drug Trafficking,0,2012,10
E01003932,Southwark,Theft and Handling,Theft From Motor Vehicle,0,2008,8
E01001646,Greenwich,Robbery,Personal Property,0,2009,1
E01002397,Hillingdon,Violence Against the Person,Common Assault,2,2016,8
E01000291,Barnet,Drugs,Drug Trafficking,0,2012,1
E01001309,Ealing,Theft and Handling,Handling Stolen Goods,0,2011,1
E01002201,Harrow,Criminal Damage,Criminal Damage To Motor Vehicle,0,2012,12
E01003519,Newham,Violence Against the Person,Common Assault,0,2009,12
E01003215,Lewisham,Violence Against the Person,Harassment,3,2012,5
E01001860,Hammersmith and Fulham,Burglary,Burglary in Other Buildings,0,2008,4
E01002725,Islington,Drugs,Drug Trafficking,0,2009,2
E01003392,Merton,Violence Against the Person,Offensive Weapon,0,2014,11
E01002182,Harrow,Criminal Damage,Criminal Damage To Dwelling,0,2010,11
E01002896,Kensington and Chelsea,Criminal Damage,Criminal Damage To Motor Vehicle,0,2009,2
E01002785,Islington,Theft and Handling,Theft/Taking Of Motor Vehicle,0,2016,5
E01004004,Southwark,Violence Against the Person,Offensive Weapon,1,2008,4
E01002919,Kingston upon Thames,Violence Against the Person,Other violence,0,2014,1
E01004130,Sutton,Theft and Handling,Motor Vehicle Interference & Tampering,0,2016,11
E01004633,Wandsworth,Burglary,Burglary in Other Buildings,1,2015,5
E01000889,Camden,Theft and Handling,Theft/Taking of Pedal Cycle,0,2011,6
E01033490,Islington,Theft and Handling,Theft From Shops,1,2015,9
E01002181,Harrow,Burglary,Burglary in a Dwelling,1,2016,11
E01000949,Camden,Violence Against the Person,Assault with Injury,0,2016,6
E01001432,Enfield,Theft and Handling,Other Theft Person,1,2008,10
E01004438,Waltham Forest,Fraud or Forgery,Other Fraud & Forgery,0,2016,11
E01001969,Haringey,Criminal Damage,Criminal Damage To Motor Vehicle,1,2014,5
E01000566,Brent,Burglary,Burglary in a Dwelling,0,2010,4
E01033083,Hounslow,Violence Against the Person,Harassment,0,2009,12
E01000074,Barking and Dagenham,Violence Against the Person,Other violence,0,2014,7
E01002031,Haringey,Robbery,Personal Property,1,2008,12
E01002123,Harrow,Violence Against the Person,Common Assault,1,2008,10
E01002781,Islington,Violence Against the Person,Harassment,2,2008,9
E01001855,Hammersmith and Fulham,Criminal Damage,Criminal Damage To Motor Vehicle,0,2012,10
E01004487,Wandsworth,Robbery,Personal Property,0,2013,9
E01001093,Croydon,Violence Against the Person,Assault with Injury,0,2012,9
E01001065,Croydon,Theft and Handling,Other Theft,3,2011,10
E01004112,Sutton,Theft and Handling,Motor Vehicle Interference & Tampering,0,2014,9
E01003578,Newham,Violence Against the Person,Wounding/GBH,0,2012,9
E01033151,Enfield,Theft and Handling,Theft/Taking of Pedal Cycle,0,2015,8
E01001016,Croydon,Criminal Damage,Other Criminal Damage,0,2016,6
E01000086,Barking and Dagenham,Theft and Handling,Handling Stolen Goods,0,2010,12
E01003834,Richmond upon Thames,Drugs,Drug Trafficking,0,2010,7
E01002075,Haringey,Theft and Handling,Other Theft,1,2009,7
E01004551,Wandsworth,Criminal Damage,Criminal Damage To Other Building,0,2015,2
E01001623,Greenwich,Theft and Handling,Handling Stolen Goods,0,2012,1
E01003772,Redbridge,Drugs,Drug Trafficking,0,2015,5
E01002349,Havering,Theft and Handling,Handling Stolen Goods,0,2012,7
E01002154,Harrow,Theft and Handling,Other Theft,4,2016,3
E01004340,Waltham Forest,Theft and Handling,Theft/Taking Of Motor Vehicle,0,2015,5
E01002723,Islington,Violence Against the Person,Murder,0,2014,1
E01000318,Barnet,Theft and Handling,Other Theft Person,1,2014,7
E01003621,Newham,Criminal Damage,Other Criminal Damage,0,2014,6
E01003636,Newham,Violence Against the Person,Wounding/GBH,1,2010,10
E01003722,Redbridge,Robbery,Personal Property,0,2009,7
E01001919,Hammersmith and Fulham,Burglary,Burglary in Other Buildings,0,2012,5
E01000785,Bromley,Violence Against the Person,Common Assault,0,2008,1
E01002136,Harrow,Violence Against the Person,Wounding/GBH,0,2012,1
E01002749,Islington,Theft and Handling,Handling Stolen Goods,0,2011,1
E01001562,Enfield,Criminal Damage,Other Criminal Damage,0,2009,3
E01004097,Sutton,Theft and Handling,Theft From Shops,0,2011,2
E01033582,Newham,Criminal Damage,Criminal Damage To Dwelling,0,2008,11
E01000865,Camden,Drugs,Other Drugs,0,2010,3
E01000855,Camden,Other Notifiable Offences,Other Notifiable,0,2014,8
E01004397,Waltham Forest,Drugs,Drug Trafficking,0,2011,4
E01003836,Richmond upon Thames,Theft and Handling,Theft From Motor Vehicle,0,2014,2
E01000058,Barking and Dagenham,Theft and Handling,Theft/Taking Of Motor Vehicle,1,2008,10
E01002256,Havering,Theft and Handling,Other Theft Person,0,2014,1
E01004072,Southwark,Violence Against the Person,Common Assault,0,2016,1
E01003852,Richmond upon Thames,Theft and Handling,Theft/Taking of Pedal Cycle,0,2013,9
E01000710,Bromley,Theft and Handling,Theft From Shops,0,2016,1
E01001078,Croydon,Theft and Handling,Motor Vehicle Interference & Tampering,0,2015,7
E01002763,Islington,Violence Against the Person,Wounding/GBH,0,2014,11
E01003644,Redbridge,Violence Against the Person,Assault with Injury,1,2009,1
E01003440,Merton,Drugs,Other Drugs,0,2014,5
E01003812,Richmond upon Thames,Drugs,Drug Trafficking,0,2011,12
E01003406,Merton,Theft and Handling,Theft/Taking of Pedal Cycle,0,2011,8
E01003450,Merton,Violence Against the Person,Other violence,0,2008,2
E01004410,Waltham Forest,Drugs,Drug Trafficking,0,2008,11
E01004756,Westminster,Drugs,Drug Trafficking,0,2013,11
E01002421,Hillingdon,Theft and Handling,Other Theft,0,2010,6
E01004702,Westminster,Theft and Handling,Theft/Taking Of Motor Vehicle,1,2012,8
E01003230,Lewisham,Violence Against the Person,Common Assault,0,2008,8
E01000586,Brent,Theft and Handling,Other Theft,7,2012,4
E01001247,Ealing,Criminal Damage,Criminal Damage To Dwelling,0,2011,9
E01002478,Hillingdon,Robbery,Personal Property,0,2010,6
E01000183,Barnet,Drugs,Possession Of Drugs,0,2010,11
E01001746,Hackney,Theft and Handling,Theft/Taking of Pedal Cycle,0,2009,12
E01001620,Greenwich,Robbery,Business Property,0,2015,7
E01004068,Southwark,Theft and Handling,Motor Vehicle Interference & Tampering,1,2015,5
E01001015,Croydon,Drugs,Possession Of Drugs,0,2013,6
E01033600,Westminster,Theft and Handling,Motor Vehicle Interference & Tampering,0,2010,10
E01002368,Havering,Violence Against the Person,Other violence,0,2016,7
E01000874,Camden,Violence Against the Person,Wounding/GBH,0,2012,2
E01002308,Havering,Other Notifiable Offences,Other Notifiable,0,2013,3
E01002206,Harrow,Violence Against the Person,Harassment,0,2011,1
E01000913,Camden,Theft and Handling,Theft From Motor Vehicle,2,2009,8
E01032569,Croydon,Theft and Handling,Theft From Motor Vehicle,0,2010,2
E01003062,Lambeth,Robbery,Business Property,0,2015,3
E01000842,Camden,Criminal Damage,Criminal Damage To Dwelling,0,2010,12
E01000638,Brent,Other Notifiable Offences,Other Notifiable,0,2011,8
E01002760,Islington,Violence Against the Person,Other violence,0,2010,9
E01004571,Wandsworth,Sexual Offences,Other Sexual,0,2010,12
E01002888,Kensington and Chelsea,Theft and Handling,Other Theft Person,0,2011,7
E01003117,Lambeth,Theft and Handling,Theft/Taking of Pedal Cycle,1,2009,12
E01004596,Wandsworth,Violence Against the Person,Common Assault,0,2012,3
E01004298,Tower Hamlets,Theft and Handling,Theft From Motor Vehicle,0,2014,4
E01002734,Islington,Violence Against the Person,Murder,0,2009,6
E01003502,Newham,Other Notifiable Offences,Other Notifiable,0,2011,10
E01003560,Newham,Criminal Damage,Other Criminal Damage,0,2009,11
E01002907,Kensington and Chelsea,Criminal Damage,Criminal Damage To Motor Vehicle,1,2016,3
E01000073,Barking and Dagenham,Burglary,Burglary in a Dwelling,2,2013,5
E01001160,Croydon,Drugs,Possession Of Drugs,0,2014,1
E01002773,Islington,Drugs,Drug Trafficking,0,2009,11
E01001273,Ealing,Criminal Damage,Other Criminal Damage,0,2013,4
E01000636,Brent,Theft and Handling,Handling Stolen Goods,0,2013,10
E01003495,Newham,Robbery,Personal Property,0,2010,4
E01002125,Harrow,Robbery,Business Property,0,2012,9
E01001038,Croydon,Robbery,Business Property,0,2009,11
E01004439,Waltham Forest,Theft and Handling,Theft/Taking Of Motor Vehicle,1,2012,4
E01003111,Lambeth,Theft and Handling,Theft/Taking of Pedal Cycle,0,2012,5
E01004517,Wandsworth,Theft and Handling,Theft/Taking Of Motor Vehicle,0,2014,10
E01000765,Bromley,Criminal Damage,Criminal Damage To Motor Vehicle,0,2013,2
E01004057,Southwark,Theft and Handling,Theft/Taking of Pedal Cycle,0,2016,3
E01002687,Hounslow,Criminal Damage,Criminal Damage To Motor Vehicle,2,2016,11
E01002004,Haringey,Burglary,Burglary in Other Buildings,0,2013,4
E01000984,Croydon,Robbery,Business Property,0,2015,4
E01033742,Greenwich,Theft and Handling,Other Theft Person,0,2010,9
E01003682,Redbridge,Theft and Handling,Other Theft Person,0,2014,10
E01003421,Merton,Violence Against the Person,Other violence,0,2014,6
E01002278,Havering,Violence Against the Person,Common Assault,3,2015,2
E01003991,Southwark,Violence Against the Person,Common Assault,1,2013,11
E01001559,Enfield,Violence Against the Person,Harassment,2,2010,3
E01002002,Haringey,Sexual Offences,Other Sexual,0,2011,9
E01001816,Hackney,Other Notifiable Offences,Going Equipped,0,2012,10
E01000915,Camden,Other Notifiable Offences,Going Equipped,0,2008,3
E01001850,Hackney,Violence Against the Person,Harassment,0,2016,10
E01000683,Bromley,Burglary,Burglary in a Dwelling,0,2010,1
E01004663,Westminster,Robbery,Personal Property,1,2014,11
E01000373,Bexley,Theft and Handling,Other Theft Person,0,2009,5
E01000207,Barnet,Criminal Damage,Criminal Damage To Dwelling,0,2011,6
E01000077,Barking and Dagenham,Burglary,Burglary in Other Buildings,1,2012,11
E01003814,Richmond upon Thames,Criminal Damage,Criminal Damage To Other Building,0,2014,9
E01000095,Barking and Dagenham,Burglary,Burglary in a Dwelling,1,2009,12
E01001232,Ealing,Violence Against the Person,Murder,0,2009,11
E01001202,Ealing,Theft and Handling,Other Theft,6,2011,12
E01003659,Redbridge,Robbery,Business Property,0,2011,1
E01000440,Bexley,Violence Against the Person,Assault with Injury,0,2014,12
E01004356,Waltham Forest,Criminal Damage,Criminal Damage To Other Building,0,2014,4
E01002663,Hounslow,Violence Against the Person,Offensive Weapon,0,2009,10
E01001805,Hackney,Theft and Handling,Theft From Motor Vehicle,0,2016,9
E01000717,Bromley,Theft and Handling,Theft From Motor Vehicle,0,2012,2
E01003032,Lambeth,Theft and Handling,Handling Stolen Goods,0,2008,1
E01002729,Islington,Other Notifiable Offences,Going Equipped,0,2008,10
E01004014,Southwark,Criminal Damage,Other Criminal Damage,1,2014,4
E01004680,Westminster,Burglary,Burglary in Other Buildings,1,2013,3
E01001788,Hackney,Other Notifiable Offences,Going Equipped,0,2009,9
E01003633,Newham,Theft and Handling,Theft/Taking of Pedal Cycle,0,2015,4
E01001911,Hammersmith and Fulham,Violence Against the Person,Assault with Injury,2,2012,2
E01004060,Southwark,Violence Against the Person,Wounding/GBH,0,2013,11
E01003235,Lewisham,Robbery,Personal Property,0,2008,10
E01001072,Croydon,Burglary,Burglary in a Dwelling,0,2014,1
E01004205,Tower Hamlets,Fraud or Forgery,Counted per Victim,0,2014,6
E01000443,Bexley,Theft and Handling,Motor Vehicle Interference & Tampering,0,2010,9
E01001941,Hammersmith and Fulham,Theft and Handling,Other Theft Person,5,2014,3
E01001194,Croydon,Theft and Handling,Theft From Shops,0,2008,6
E01000141,Barnet,Criminal Damage,Criminal Damage To Other Building,1,2009,3
E01000214,Barnet,Other Notifiable Offences,Other Notifiable,0,2012,1
E01004297,Tower Hamlets,Drugs,Drug Trafficking,0,2011,12
E01000757,Bromley,Theft and Handling,Theft From Motor Vehicle,0,2012,10
E01004618,Wandsworth,Violence Against the Person,Harassment,0,2016,9
E01003558,Newham,Criminal Damage,Criminal Damage To Dwelling,1,2015,4
E01003698,Redbridge,Theft and Handling,Theft/Taking of Pedal Cycle,0,2012,3
E01000809,Bromley,Theft and Handling,Theft/Taking of Pedal Cycle,0,2009,3
E01001838,Hackney,Robbery,Business Property,0,2016,7
E01000744,Bromley,Violence Against the Person,Offensive Weapon,0,2015,5
E01000670,Bromley,Drugs,Possession Of Drugs,1,2014,7
E01003132,Lambeth,Violence Against the Person,Harassment,1,2008,11
E01003013,Lambeth,Criminal Damage,Criminal Damage To Other Building,1,2008,4
E01001440,Enfield,Burglary,Burglary in Other Buildings,3,2014,3
E01004020,Southwark,Theft and Handling,Other Theft Person,0,2008,3
E01000284,Barnet,Criminal Damage,Criminal Damage To Dwelling,0,2013,10
E01000018,Barking and Dagenham,Theft and Handling,Theft/Taking of Pedal Cycle,0,2013,2
E01002828,Kensington and Chelsea,Theft and Handling,Handling Stolen Goods,0,2008,6
E01000574,Brent,Robbery,Business Property,1,2011,9
E01001494,Enfield,Violence Against the Person,Other violence,0,2016,3
E01003720,Redbridge,Robbery,Business Property,0,2008,10
E01003772,Redbridge,Sexual Offences,Rape,0,2013,3
E01004409,Waltham Forest,Burglary,Burglary in Other Buildings,0,2015,6
E01002592,Hounslow,Robbery,Personal Property,1,2011,8
E01004044,Southwark,Violence Against the Person,Assault with Injury,0,2013,7
E01001857,Hammersmith and Fulham,Violence Against the Person,Other violence,0,2016,4
E01002703,Islington,Theft and Handling,Theft From Shops,0,2016,6
E01003402,Merton,Theft and Handling,Other Theft Person,0,2016,4
E01000522,Brent,Other Notifiable Offences,Other Notifiable,0,2014,8
E01003178,Lambeth,Theft and Handling,Handling Stolen Goods,0,2010,5
E01000336,Bexley,Violence Against the Person,Assault with Injury,1,2010,7
E01004557,Wandsworth,Theft and Handling,Theft From Shops,0,2010,3
E01002648,Hounslow,Criminal Damage,Other Criminal Damage,0,2011,2
E01002817,Kensington and Chelsea,Drugs,Drug Trafficking,0,2013,3
E01003295,Lewisham,Theft and Handling,Motor Vehicle Interference & Tampering,1,2016,4
E01000354,Bexley,Burglary,Burglary in a Dwelling,0,2009,11
E01003975,Southwark,Violence Against the Person,Wounding/GBH,0,2015,2
E01004729,Westminster,Burglary,Burglary in Other Buildings,0,2010,8
E01002562,Hounslow,Violence Against the Person,Wounding/GBH,0,2009,7
E01002269,Havering,Theft and Handling,Motor Vehicle Interference & Tampering,0,2011,9
E01000469,Bexley,Violence Against the Person,Harassment,0,2013,8
E01002000,Haringey,Other Notifiable Offences,Going Equipped,0,2008,3
E01004186,Sutton,Theft and Handling,Handling Stolen Goods,0,2014,6
E01003319,Lewisham,Robbery,Personal Property,0,2010,9
E01002003,Haringey,Violence Against the Person,Harassment,1,2008,8
E01000227,Barnet,Theft and Handling,Motor Vehicle Interference & Tampering,0,2012,10
E01003171,Lambeth,Criminal Damage,Criminal Damage To Other Building,0,2011,10
E01000292,Barnet,Theft and Handling,Theft From Motor Vehicle,0,2015,7
E01004089,Sutton,Theft and Handling,Theft/Taking Of Motor Vehicle,2,2016,4
E01000944,Camden,Burglary,Burglary in Other Buildings,0,2016,1
E01001087,Croydon,Burglary,Burglary in a Dwelling,6,2014,9
E01004733,Westminster,Other Notifiable Offences,Other Notifiable,1,2013,6
E01001486,Enfield,Violence Against the Person,Offensive Weapon,0,2014,2
E01002545,Hillingdon,Robbery,Business Property,0,2016,6
E01002808,Islington,Theft and Handling,Theft From Shops,0,2013,11
E01000143,Barnet,Other Notifiable Offences,Going Equipped,0,2013,9
E01004346,Waltham Forest,Violence Against the Person,Other violence,0,2012,12
E01000771,Bromley,Theft and Handling,Handling Stolen Goods,0,2014,4
E01004608,Wandsworth,Theft and Handling,Theft From Motor Vehicle,2,2011,5
E01004736,Westminster,Other Notifiable Offences,Going Equipped,0,2012,1
E01032577,Hillingdon,Theft and Handling,Motor Vehicle Interference & Tampering,0,2015,1
E01004743,Westminster,Burglary,Burglary in a Dwelling,0,2015,8
E01001599,Greenwich,Violence Against the Person,Offensive Weapon,0,2013,3
E01002805,Islington,Violence Against the Person,Offensive Weapon,1,2012,6
E01033605,Westminster,Theft and Handling,Other Theft,0,2009,4
E01000894,Camden,Violence Against the Person,Offensive Weapon,0,2012,12
E01000135,Barnet,Criminal Damage,Other Criminal Damage,0,2016,10
E01002384,Havering,Violence Against the Person,Wounding/GBH,0,2013,3
E01001000,Croydon,Criminal Damage,Criminal Damage To Motor Vehicle,0,2015,7
E01001690,Greenwich,Violence Against the Person,Assault with Injury,1,2008,5
E01000868,Camden,Criminal Damage,Criminal Damage To Other Building,0,2013,9
E01001032,Croydon,Theft and Handling,Theft/Taking Of Motor Vehicle,0,2015,1
E01003869,Richmond upon Thames,Criminal Damage,Criminal Damage To Other Building,0,2013,12
E01000045,Barking and Dagenham,Violence Against the Person,Offensive Weapon,0,2012,12
E01003193,Lewisham,Theft and Handling,Motor Vehicle Interference & Tampering,0,2013,9
E01000941,Camden,Criminal Damage,Other Criminal Damage,1,2013,3
E01004650,Westminster,Violence Against the Person,Other violence,0,2014,10
E01002962,Kingston upon Thames,Theft and Handling,Motor Vehicle Interference & Tampering,0,2012,10
E01001569,Enfield,Violence Against the Person,Common Assault,0,2013,3
E01002021,Haringey,Violence Against the Person,Other violence,0,2010,6
E01001489,Enfield,Drugs,Possession Of Drugs,0,2013,12
E01001117,Croydon,Criminal Damage,Criminal Damage To Motor Vehicle,0,2015,5
E01001063,Croydon,Criminal Damage,Criminal Damage To Dwelling,0,2011,6
E01003516,Newham,Burglary,Burglary in a Dwelling,2,2015,1
E01003311,Lewisham,Drugs,Possession Of Drugs,0,2016,4
E01002753,Islington,Violence Against the Person,Harassment,1,2011,4
E01001337,Ealing,Criminal Damage,Criminal Damage To Other Building,1,2010,7
E01000550,Brent,Criminal Damage,Other Criminal Damage,0,2014,9
E01002545,Hillingdon,Criminal Damage,Criminal Damage To Dwelling,0,2014,3
E01000374,Bexley,Drugs,Drug Trafficking,0,2016,10
E01000743,Bromley,Criminal Damage,Criminal Damage To Dwelling,1,2016,8
E01004668,Westminster,Violence Against the Person,Wounding/GBH,0,2011,10
E01000094,Barking and Dagenham,Theft and Handling,Handling Stolen Goods,0,2015,8
E01003205,Lewisham,Drugs,Possession Of Drugs,0,2012,12
E01001037,Croydon,Theft and Handling,Other Theft Person,0,2009,11
E01004195,Sutton,Violence Against the Person,Wounding/GBH,0,2014,4
E01000818,Bromley,Violence Against the Person,Harassment,0,2009,8
E01003353,Lewisham,Robbery,Business Property,0,2009,1
E01032562,Bromley,Burglary,Burglary in a Dwelling,0,2016,10
E01002150,Harrow,Violence Against the Person,Assault with Injury,2,2010,5
E01001860,Hammersmith and Fulham,Fraud or Forgery,Counted per Victim,0,2010,12
E01001916,Hammersmith and Fulham,Violence Against the Person,Other violence,0,2015,7
E01001640,Greenwich,Violence Against the Person,Common Assault,7,2011,4
E01003164,Lambeth,Violence Against the Person,Common Assault,0,2013,6
E01003972,Southwark,Theft and Handling,Handling Stolen Goods,0,2012,10
E01001017,Croydon,Burglary,Burglary in a Dwelling,3,2008,5
E01000766,Bromley,Violence Against the Person,Common Assault,0,2012,7
E01004503,Wandsworth,Criminal Damage,Criminal Damage To Motor Vehicle,0,2012,8
E01003160,Lambeth,Theft and Handling,Other Theft Person,0,2011,2
E01001547,Enfield,Theft and Handling,Other Theft Person,0,2016,4
E01003216,Lewisham,Violence Against the Person,Other violence,0,2011,10
E01004235,Tower Hamlets,Drugs,Drug Trafficking,0,2010,8
E01001118,Croydon,Theft and Handling,Motor Vehicle Interference & Tampering,0,2015,3
E01000368,Bexley,Theft and Handling,Other Theft Person,0,2011,7
E01000155,Barnet,Theft and Handling,Theft/Taking of Pedal Cycle,1,2015,6
E01001758,Hackney,Violence Against the Person,Murder,0,2008,8
E01002408,Hillingdon,Drugs,Drug Trafficking,0,2012,2
E01000435,Bexley,Criminal Damage,Criminal Damage To Dwelling,0,2015,4
E01004613,Wandsworth,Burglary,Burglary in Other Buildings,1,2013,8
E01002244,Havering,Robbery,Business Property,0,2013,5
E01004573,Wandsworth,Criminal Damage,Criminal Damage To Dwelling,0,2009,9
E01001657,Greenwich,Violence Against the Person,Common Assault,0,2008,12
E01003120,Lambeth,Violence Against the Person,Common Assault,5,2010,1
E01000689,Bromley,Criminal Damage,Other Criminal Damage,0,2015,5
E01001414,Enfield,Theft and Handling,Theft From Motor Vehicle,0,2011,7
E01001840,Hackney,Violence Against the Person,Assault with Injury,0,2012,9
E01004281,Tower Hamlets,Burglary,Burglary in Other Buildings,0,2009,10
E01004068,Southwark,Violence Against the Person,Common Assault,1,2010,12
E01002481,Hillingdon,Burglary,Burglary in Other Buildings,0,2012,4
E01004056,Southwark,Violence Against the Person,Other violence,1,2014,9
E01004293,Tower Hamlets,Theft and Handling,Theft From Motor Vehicle,1,2014,7
E01002085,Haringey,Criminal Damage,Criminal Damage To Dwelling,0,2012,11
E01003661,Redbridge,Burglary,Burglary in a Dwelling,1,2011,6
E01000705,Bromley,Burglary,Burglary in a Dwelling,0,2009,1
E01000681,Bromley,Criminal Damage,Criminal Damage To Motor Vehicle,0,2015,6
E01001151,Croydon,Criminal Damage,Criminal Damage To Motor Vehicle,1,2015,7
E01004203,Tower Hamlets,Criminal Damage,Criminal Damage To Other Building,0,2016,7
E01003099,Lambeth,Violence Against the Person,Wounding/GBH,0,2008,5
E01000559,Brent,Robbery,Business Property,0,2016,7
E01003646,Redbridge,Robbery,Business Property,0,2015,8
E01003418,Merton,Violence Against the Person,Assault with Injury,0,2015,6
E01001519,Enfield,Fraud or Forgery,Counted per Victim,0,2009,2
E01000072,Barking and Dagenham,Theft and Handling,Handling Stolen Goods,0,2012,7
E01003442,Merton,Violence Against the Person,Wounding/GBH,0,2014,11
E01003097,Lambeth,Robbery,Personal Property,1,2012,2
E01004373,Waltham Forest,Burglary,Burglary in Other Buildings,0,2011,2
E01002850,Kensington and Chelsea,Criminal Damage,Criminal Damage To Dwelling,0,2010,11
E01003731,Redbridge,Theft and Handling,Theft From Shops,0,2011,3
E01000039,Barking and Dagenham,Sexual Offences,Other Sexual,0,2016,4
E01000244,Barnet,Criminal Damage,Other Criminal Damage,1,2015,7
E01002615,Hounslow,Theft and Handling,Theft From Motor Vehicle,2,2013,6
E01000564,Brent,Theft and Handling,Theft From Shops,0,2008,3
E01003984,Southwark,Burglary,Burglary in Other Buildings,2,2016,9
E01001177,Croydon,Theft and Handling,Other Theft Person,0,2013,5
E01003144,Lambeth,Violence Against the Person,Common Assault,2,2015,2
E01001905,Hammersmith and Fulham,Theft and Handling,Theft From Motor Vehicle,2,2014,1
E01003836,Richmond upon Thames,Violence Against the Person,Offensive Weapon,0,2016,10
E01002870,Kensington and Chelsea,Theft and Handling,Motor Vehicle Interference & Tampering,0,2014,10
E01002757,Islington,Theft and Handling,Other Theft Person,0,2008,10
E01002014,Haringey,Robbery,Business Property,0,2012,4
E01000993,Croydon,Criminal Damage,Other Criminal Damage,0,2016,3
E01003255,Lewisham,Violence Against the Person,Harassment,1,2009,5
E01000044,Barking and Dagenham,Burglary,Burglary in Other Buildings,0,2010,8
E01001858,Hammersmith and Fulham,Violence Against the Person,Common Assault,3,2014,12
E01003786,Redbridge,Theft and Handling,Motor Vehicle Interference & Tampering,0,2008,11
E01001565,Enfield,Theft and Handling,Theft/Taking of Pedal Cycle,0,2013,1
E01002388,Havering,Criminal Damage,Criminal Damage To Motor Vehicle,0,2016,10
E01002976,Kingston upon Thames,Theft and Handling,Other Theft Person,0,2012,7
E01004438,Waltham Forest,Burglary,Burglary in a Dwelling,2,2008,7
E01004439,Waltham Forest,Violence Against the Person,Wounding/GBH,1,2014,12
E01001328,Ealing,Sexual Offences,Other Sexual,0,2014,11
E01000187,Barnet,Violence Against the Person,Offensive Weapon,0,2015,5
E01001551,Enfield,Other Notifiable Offences,Other Notifiable,0,2011,3
E01002637,Hounslow,Violence Against the Person,Wounding/GBH,0,2009,6
E01001500,Enfield,Burglary,Burglary in a Dwelling,2,2016,3
E01003133,Lambeth,Theft and Handling,Handling Stolen Goods,0,2016,11
E01004405,Waltham Forest,Robbery,Personal Property,1,2012,10
E01004647,Westminster,Violence Against the Person,Assault with Injury,0,2010,3
E01002529,Hillingdon,Theft and Handling,Other Theft,0,2012,3
E01000699,Bromley,Theft and Handling,Other Theft,1,2015,8
E01004740,Westminster,Violence Against the Person,Other violence,0,2010,12
E01004752,Westminster,Theft and Handling,Theft/Taking of Pedal Cycle,0,2008,9
E01000435,Bexley,Violence Against the Person,Offensive Weapon,0,2015,4
E01002072,Haringey,Drugs,Drug Trafficking,0,2014,5
E01001062,Croydon,Drugs,Drug Trafficking,0,2011,9
E01004057,Southwark,Theft and Handling,Handling Stolen Goods,0,2016,3
E01001573,Greenwich,Violence Against the Person,Common Assault,1,2011,2
E01001342,Ealing,Drugs,Drug Trafficking,0,2009,3
E01000544,Brent,Theft and Handling,Theft/Taking of Pedal Cycle,0,2010,3
E01000051,Barking and Dagenham,Violence Against the Person,Other violence,0,2011,4
E01004487,Wandsworth,Criminal Damage,Criminal Damage To Motor Vehicle,1,2013,9
E01000563,Brent,Theft and Handling,Theft From Shops,0,2009,3
E01004466,Waltham Forest,Theft and Handling,Other Theft Person,0,2008,2
E01001876,Hammersmith and Fulham,Other Notifiable Offences,Other Notifiable,0,2008,10
E01004567,Wandsworth,Theft and Handling,Other Theft Person,0,2012,3
E01002956,Kingston upon Thames,Theft and Handling,Other Theft,2,2012,6
E01002781,Islington,Robbery,Personal Property,0,2016,7
E01004634,Wandsworth,Theft and Handling,Other Theft,1,2014,2
E01000838,Bromley,Drugs,Drug Trafficking,0,2016,2
E01004650,Westminster,Burglary,Burglary in Other Buildings,1,2011,10
E01004469,Waltham Forest,Burglary,Burglary in Other Buildings,0,2010,7
E01003456,Merton,Robbery,Personal Property,2,2015,11
E01000021,Barking and Dagenham,Criminal Damage,Other Criminal Damage,0,2015,11
