E01002837,Kensington and Chelsea,Criminal Damage,Criminal Damage To Dwelling,0,2016,2
E01001107,Croydon,Drugs,Possession Of Drugs,0,2014,11
E01004136,Sutton,Violence Against the Person,Offensive Weapon,0,2015,7
E01003247,Lewisham,Theft and Handling,Theft/Taking of Pedal Cycle,0,2013,4
E01000836,Bromley,Theft and Handling,Theft From Motor Vehicle,3,2014,5
E01001798,Hackney,Criminal Damage,Other Criminal Damage,1,2011,8
E01004183,Sutton,Criminal Damage,Criminal Damage To Other Building,0,2014,12
E01000666,Bromley,Burglary,Burglary in a Dwelling,0,2011,4
E01001444,Enfield,Violence Against the Person,Offensive Weapon,0,2011,3
E01002692,Hounslow,Burglary,Burglary in Other Buildings,1,2011,8
E01000684,Bromley,Violence Against the Person,Wounding/GBH,0,2010,2
E01003288,Lewisham,Violence Against the Person,Other violence,0,2008,5
E01004392,Waltham Forest,Robbery,Business Property,0,2014,2
E01002807,Islington,Criminal Damage,Criminal Damage To Other Building,0,2016,2
E01004022,Southwark,Criminal Damage,Criminal Damage To Motor Vehicle,0,2013,6
E01003285,Lewisham,Criminal Damage,Criminal Damage To Motor Vehicle,0,2012,12
E01004262,Tower Hamlets,Criminal Damage,Criminal Damage To Motor Vehicle,1,2008,10
E01002319,Havering,Violence Against the Person,Wounding/GBH,0,2008,5
E01002498,Hillingdon,Criminal Damage,Criminal Damage To Motor Vehicle,0,2011,5
E01003473,Merton,Theft and Handling,Other Theft,0,2011,10
E01004342,Waltham Forest,Theft and Handling,Theft/Taking of Pedal Cycle,0,2011,10
E01001690,Greenwich,Theft and Handling,Theft From Motor Vehicle,1,2010,8
E01003171,Lambeth,Criminal Damage,Criminal Damage To Motor Vehicle,0,2008,12
E01003197,Lewisham,Violence Against the Person,Assault with Injury,1,2012,12
E01002220,Harrow,Theft and Handling,Motor Vehicle Interference & Tampering,0,2010,11
E01002929,Kingston upon Thames,Drugs,Drug Trafficking,0,2010,1
E01002969,Kingston upon Thames,Theft and Handling,Theft From Motor Vehicle,0,2016,8
E01002225,Harrow,Criminal Damage,Other Criminal Damage,0,2013,7
E01033579,Newham,Theft and Handling,Other Theft,0,2012,8
E01002590,Hounslow,Violence Against the Person,Other violence,0,2016,11
E01003501,Newham,Criminal Damage,Criminal Damage To Other Building,0,2012,2
E01003140,Lambeth,Burglary,Burglary in a Dwelling,0,2009,6
E01003180,Lambeth,Drugs,Possession Of Drugs,0,2016,10
E01003913,Southwark,Drugs,Drug Trafficking,0,2013,11
E01000405,Bexley,Violence Against the Person,Offensive Weapon,0,2010,2
E01002596,Hounslow,Criminal Damage,Other Criminal Damage,0,2011,4
E01002407,Hillingdon,Robbery,Business Property,0,2012,6
E01001912,Hammersmith and Fulham,Other Notifiable Offences,Other Notifiable,0,2008,1
E01001280,Ealing,Theft and Handling,Theft From Motor Vehicle,0,2010,11
E01001854,Hammersmith and Fulham,Criminal Damage,Other Criminal Damage,1,2015,9
E01032777,Tower Hamlets,Violence Against the Person,Common Assault,0,2009,10
E01003238,Lewisham,Violence Against the Person,Offensive Weapon,0,2012,5
E01033133,Wandsworth,Criminal Damage,Criminal Damage To Dwelling,0,2012,8
E01001108,Croydon,Burglary,Burglary in a Dwelling,1,2014,11
E01004416,Waltham Forest,Theft and Handling,Theft From Shops,0,2016,3
E01033594,Westminster,Theft and Handling,Theft/Taking Of Motor Vehicle,0,2008,5
E01004591,Wandsworth,Drugs,Drug Trafficking,0,2014,5
E01002721,Islington,Criminal Damage,Criminal Damage To Motor Vehicle,1,2010,7
E01002218,Harrow,Theft and Handling,Theft From Motor Vehicle,0,2015,5
E01002666,Hounslow,Violence Against the Person,Wounding/GBH,1,2013,9
E01002402,Hillingdon,Criminal Damage,Other Criminal Damage,1,2009,1
E01002926,Kingston upon Thames,Other Notifiable Offences,Other Notifiable,0,2012,12
E01002861,Kensington and Chelsea,Theft and Handling,Other Theft,3,2008,5
E01001998,Haringey,Theft and Handling,Theft From Motor Vehicle,0,2015,7
E01003340,Lewisham,Criminal Damage,Other Criminal Damage,0,2012,9
E01003133,Lambeth,Theft and Handling,Theft/Taking of Pedal Cycle,0,2012,6
E01003065,Lambeth,Theft and Handling,Handling Stolen Goods,0,2009,9
E01003863,Richmond upon Thames,Robbery,Business Property,0,2012,1
E01002303,Havering,Theft and Handling,Theft From Motor Vehicle,0,2012,11
E01002479,Hillingdon,Other Notifiable Offences,Other Notifiable,1,2013,6
E01000879,Camden,Theft and Handling,Theft From Motor Vehicle,2,2013,4
E01001894,Hammersmith and Fulham,Criminal Damage,Criminal Damage To Motor Vehicle,0,2010,2
E01003796,Redbridge,Theft and Handling,Other Theft,0,2012,11
E01004345,Waltham Forest,Violence Against the Person,Common Assault,0,2010,9
E01000566,Brent,Drugs,Possession Of Drugs,1,2013,10
E01002385,Havering,Theft and Handling,Motor Vehicle Interference & Tampering,0,2013,9
E01003390,Merton,Criminal Damage,Criminal Damage To Motor Vehicle,0,2011,10
E01001408,Enfield,Theft and Handling,Other Theft Person,0,2014,2
E01001371,Ealing,Robbery,Business Property,0,2009,8
E01000029,Barking and Dagenham,Violence Against the Person,Other violence,0,2014,9
E01002945,Kingston upon Thames,Violence Against the Person,Common Assault,2,2013,4
E01000941,Camden,Theft and Handling,Other Theft,0,2011,3
E01000970,Camden,Theft and Handling,Motor Vehicle Interference & Tampering,0,2012,11
E01001782,Hackney,Burglary,Burglary in a Dwelling,0,2009,6
E01004245,Tower Hamlets,Robbery,Personal Property,0,2015,1
E01001510,Enfield,Drugs,Drug Trafficking,0,2016,9
E01001826,Hackney,Criminal Damage,Criminal Damage To Other Building,0,2010,10
E01001072,Croydon,Theft and Handling,Handling Stolen Goods,0,2011,12
E01004529,Wandsworth,Theft and Handling,Theft From Shops,1,2015,3
E01002387,Havering,Theft and Handling,Theft From Motor Vehicle,3,2014,9
E01004212,Tower Hamlets,Violence Against the Person,Wounding/GBH,1,2010,9
E01002162,Harrow,Violence Against the Person,Other violence,0,2010,9
E01001581,Greenwich,Theft and Handling,Theft From Motor Vehicle,0,2015,10
E01003506,Newham,Criminal Damage,Criminal Damage To Other Building,0,2009,6
E01001749,Hackney,Criminal Damage,Criminal Damage To Other Building,0,2009,2
E01000809,Bromley,Criminal Damage,Other Criminal Damage,0,2010,5
E01002444,Hillingdon,Theft and Handling,Other Theft,66,2008,11
E01001008,Croydon,Criminal Damage,Other Criminal Damage,0,2008,8
E01003227,Lewisham,Theft and Handling,Other Theft,1,2015,10
E01002872,Kensington and Chelsea,Criminal Damage,Other Criminal Damage,0,2011,6
E01000746,Bromley,Theft and Handling,Other Theft Person,0,2009,5
E01001155,Croydon,Violence Against the Person,Wounding/GBH,0,2008,3
E01002742,Islington,Robbery,Personal Property,0,2014,2
E01000689,Bromley,Burglary,Burglary in a Dwelling,0,2016,3
E01001899,Hammersmith and Fulham,Theft and Handling,Theft/Taking of Pedal Cycle,2,2014,9
E01003225,Lewisham,Other Notifiable Offences,Other Notifiable,0,2010,3
E01004293,Tower Hamlets,Robbery,Personal Property,0,2011,11
E01004680,Westminster,Theft and Handling,Theft From Shops,0,2013,11
E01003567,Newham,Theft and Handling,Motor Vehicle Interference & Tampering,0,2015,5
E01033701,Hackney,Violence Against the Person,Common Assault,2,2012,2
E01002955,Kingston upon Thames,Robbery,Personal Property,0,2009,10
E01001734,Hackney,Violence Against the Person,Harassment,0,2010,12
E01004613,Wandsworth,Other Notifiable Offences,Other Notifiable,0,2011,9
E01004437,Waltham Forest,Violence Against the Person,Common Assault,0,2014,6
E01004232,Tower Hamlets,Theft and Handling,Other Theft Person,7,2013,7
E01002165,Harrow,Theft and Handling,Theft From Shops,0,2012,4
E01001465,Enfield,Violence Against the Person,Common Assault,0,2012,6
E01003967,Southwark,Criminal Damage,Criminal Damage To Motor Vehicle,0,2011,10
E01002573,Hounslow,Theft and Handling,Theft From Shops,0,2012,7
E01004745,Westminster,Theft and Handling,Other Theft,3,2008,8
E01004073,Southwark,Theft and Handling,Motor Vehicle Interference & Tampering,0,2012,2
E01001043,Croydon,Criminal Damage,Criminal Damage To Dwelling,1,2015,4
E01001825,Hackney,Fraud or Forgery,Other Fraud & Forgery,0,2015,6
E01001662,Greenwich,Violence Against the Person,Common Assault,1,2008,9
E01002858,Kensington and Chelsea,Violence Against the Person,Wounding/GBH,0,2014,1
E01004104,Sutton,Robbery,Business Property,0,2012,7
E01000845,Camden,Theft and Handling,Other Theft,2,2016,2
E01003288,Lewisham,Criminal Damage,Criminal Damage To Motor Vehicle,1,2010,12
E01032776,Tower Hamlets,Robbery,Business Property,0,2009,11
E01002681,Hounslow,Drugs,Drug Trafficking,0,2016,5
E01001723,Hackney,Criminal Damage,Criminal Damage To Dwelling,0,2008,11
E01002627,Hounslow,Other Notifiable Offences,Other Notifiable,0,2012,4
E01000848,Camden,Theft and Handling,Theft From Motor Vehicle,1,2013,5
E01001454,Enfield,Theft and Handling,Theft/Taking of Pedal Cycle,0,2011,5
E01001978,Haringey,Theft and Handling,Theft From Motor Vehicle,3,2015,6
E01003035,Lambeth,Theft and Handling,Theft/Taking Of Motor Vehicle,0,2011,9
E01002075,Haringey,Violence Against the Person,Offensive Weapon,0,2015,8
E01003736,Redbridge,Violence Against the Person,Wounding/GBH,0,2013,11
E01001957,Hammersmith and Fulham,Theft and Handling,Theft/Taking of Pedal Cycle,0,2008,1
E01002064,Haringey,Violence Against the Person,Assault with Injury,1,2012,3
E01032562,Bromley,Other Notifiable Offences,Going Equipped,0,2012,4
E01000569,Brent,Violence Against the Person,Harassment,1,2010,9
E01003930,Southwark,Criminal Damage,Criminal Damage To Other Building,0,2012,6
E01000505,Brent,Criminal Damage,Criminal Damage To Dwelling,0,2010,3
E01000876,Camden,Criminal Damage,Other Criminal Damage,0,2010,6
E01001606,Greenwich,Theft and Handling,Other Theft,0,2013,8
E01000702,Bromley,Theft and Handling,Theft/Taking Of Motor Vehicle,0,2013,5
E01000298,Barnet,Theft and Handling,Handling Stolen Goods,0,2010,2
E01001406,Enfield,Robbery,Personal Property,0,2012,12
E01004038,Southwark,Theft and Handling,Motor Vehicle Interference & Tampering,0,2011,3
E01001727,Hackney,Drugs,Other Drugs,0,2008,11
E01004206,Tower Hamlets,Robbery,Personal Property,0,2012,11
E01004030,Southwark,Other Notifiable Offences,Other Notifiable,0,2015,1
E01000418,Bexley,Criminal Damage,Other Criminal Damage,0,2009,3
E01000252,Barnet,Criminal Damage,Criminal Damage To Other Building,0,2016,2
E01001450,Enfield,Robbery,Business Property,0,2010,2
E01000842,Camden,Violence Against the Person,Common Assault,0,2008,9
E01033705,Hackney,Criminal Damage,Criminal Damage To Dwelling,0,2015,1
E01003352,Lewisham,Theft and Handling,Theft/Taking Of Motor Vehicle,2,2009,6
E01003890,Richmond upon Thames,Theft and Handling,Theft/Taking Of Motor Vehicle,0,2015,5
E01003249,Lewisham,Theft and Handling,Other Theft Person,0,2013,10
E01003319,Lewisham,Robbery,Personal Property,0,2014,2
E01001234,Ealing,Criminal Damage,Other Criminal Damage,0,2008,3
E01000517,Brent,Theft and Handling,Motor Vehicle Interference & Tampering,0,2014,6
E01002161,Harrow,Theft and Handling,Theft From Motor Vehicle,2,2016,2
E01001485,Enfield,Robbery,Business Property,0,2015,8
E01002618,Hounslow,Violence Against the Person,Wounding/GBH,0,2012,5
E01004286,Tower Hamlets,Violence Against the Person,Other violence,0,2015,10
E01003960,Southwark,Violence Against the Person,Harassment,0,2009,6
E01000318,Barnet,Criminal Damage,Other Criminal Damage,0,2016,3
E01002237,Harrow,Theft and Handling,Theft/Taking of Pedal Cycle,0,2011,3
E01003182,Lambeth,Violence Against the Person,Wounding/GBH,1,2011,12
E01001291,Ealing,Theft and Handling,Other Theft Person,0,2016,1
E01002914,Kensington and Chelsea,Theft and Handling,Theft From Motor Vehicle,1,2012,12
E01000276,Barnet,Criminal Damage,Criminal Damage To Motor Vehicle,0,2010,11
E01004090,Sutton,Robbery,Business Property,0,2014,5
E01002042,Haringey,Violence Against the Person,Offensive Weapon,0,2015,1
E01000076,Barking and Dagenham,Theft and Handling,Motor Vehicle Interference & Tampering,2,2016,4
E01003159,Lambeth,Sexual Offences,Other Sexual,0,2010,4
E01000754,Bromley,Drugs,Drug Trafficking,0,2015,2
E01002356,Havering,Other Notifiable Offences,Going Equipped,0,2016,5
E01002269,Havering,Theft and Handling,Theft From Motor Vehicle,5,2010,3
E01001477,Enfield,Theft and Handling,Theft From Shops,0,2013,5
E01000164,Barnet,Theft and Handling,Theft/Taking of Pedal Cycle,2,2016,5
E01000198,Barnet,Violence Against the Person,Common Assault,1,2013,11
E01000543,Brent,Violence Against the Person,Harassment,1,2013,5
E01000275,Barnet,Criminal Damage,Criminal Damage To Other Building,0,2008,4
E01001751,Hackney,Other Notifiable Offences,Other Notifiable,0,2009,9
E01000134,Barnet,Robbery,Personal Property,0,2015,11
E01003351,Lewisham,Fraud or Forgery,Other Fraud & Forgery,0,2015,10
E01002489,Hillingdon,Theft and Handling,Other Theft,0,2016,12
E01002297,Havering,Burglary,Burglary in Other Buildings,1,2014,2
E01002919,Kingston upon Thames,Theft and Handling,Theft From Motor Vehicle,2,2010,11
E01002212,Harrow,Theft and Handling,Theft/Taking Of Motor Vehicle,0,2009,6
E01004753,Westminster,Drugs,Possession Of Drugs,0,2008,6
E01002932,Kingston upon Thames,Other Notifiable Offences,Other Notifiable,0,2016,10
E01001729,Hackney,Criminal Damage,Criminal Damage To Motor Vehicle,1,2016,7
E01001885,Hammersmith and Fulham,Theft and Handling,Theft From Motor Vehicle,0,2009,7
E01002282,Havering,Theft and Handling,Other Theft,2,2011,6
E01001988,Haringey,Violence Against the Person,Assault with Injury,1,2010,6
E01003037,Lambeth,Robbery,Business Property,1,2010,3
E01003489,Newham,Theft and Handling,Other Theft Person,3,2012,9
E01002007,Haringey,Drugs,Possession Of Drugs,0,2013,4
E01001538,Enfield,Theft and Handling,Theft/Taking Of Motor Vehicle,0,2008,3
E01001051,Croydon,Violence Against the Person,Common Assault,2,2015,8
E01000197,Barnet,Criminal Damage,Criminal Damage To Other Building,0,2013,4
E01004083,Sutton,Theft and Handling,Other Theft Person,1,2014,1
E01003519,Newham,Criminal Damage,Criminal Damage To Dwelling,2,2009,5
E01000097,Barking and Dagenham,Theft and Handling,Theft/Taking Of Motor Vehicle,0,2015,4
E01002922,Kingston upon Thames,Drugs,Other Drugs,0,2013,6
E01004659,Westminster,Burglary,Burglary in a Dwelling,2,2009,6
E01003809,Richmond upon Thames,Violence Against the Person,Wounding/GBH,0,2011,6
E01000800,Bromley,Violence Against the Person,Offensive Weapon,0,2010,2
E01000856,Camden,Burglary,Burglary in a Dwelling,0,2012,5
E01004569,Wandsworth,Other Notifiable Offences,Other Notifiable,0,2013,2
E01000013,Barking and Dagenham,Burglary,Burglary in Other Buildings,0,2014,5
E01002883,Kensington and Chelsea,Violence Against the Person,Wounding/GBH,0,2012,3
E01002687,Hounslow,Violence Against the Person,Common Assault,1,2011,6
E01001536,Enfield,Criminal Damage,Criminal Damage To Other Building,1,2008,2
E01002154,Harrow,Criminal Damage,Criminal Damage To Dwelling,0,2015,5
E01032741,Havering,Violence Against the Person,Wounding/GBH,2,2015,6
E01001501,Enfield,Criminal Damage,Other Criminal Damage,0,2011,12
E01004741,Westminster,Theft and Handling,Motor Vehicle Interference & Tampering,0,2016,12
E01003199,Lewisham,Violence Against the Person,Common Assault,1,2010,5
E01004711,Westminster,Theft and Handling,Other Theft,1,2011,10
E01001065,Croydon,Other Notifiable Offences,Going Equipped,0,2010,11
E01003107,Lambeth,Violence Against the Person,Harassment,5,2014,8
E01001008,Croydon,Drugs,Drug Trafficking,0,2013,3
E01000887,Camden,Theft and Handling,Other Theft,2,2015,8
E01000716,Bromley,Other Notifiable Offences,Other Notifiable,0,2008,10
E01001389,Ealing,Fraud or Forgery,Other Fraud & Forgery,0,2008,10
E01001582,Greenwich,Burglary,Burglary in a Dwelling,1,2015,2
E01001193,Croydon,Criminal Damage,Other Criminal Damage,1,2008,11
E01002630,Hounslow,Violence Against the Person,Other violence,0,2012,10
E01000963,Camden,Violence Against the Person,Common Assault,0,2015,7
E01001312,Ealing,Theft and Handling,Theft From Motor Vehicle,2,2008,3
E01002033,Haringey,Violence Against the Person,Common Assault,2,2012,10
E01002291,Havering,Fraud or Forgery,Counted per Victim,0,2014,9
E01001552,Enfield,Violence Against the Person,Murder,0,2013,3
E01003669,Redbridge,Violence Against the Person,Harassment,0,2014,6
E01002823,Kensington and Chelsea,Fraud or Forgery,Other Fraud & Forgery,0,2011,8
E01000244,Barnet,Other Notifiable Offences,Other Notifiable,1,2011,1
E01002887,Kensington and Chelsea,Drugs,Drug Trafficking,0,2011,11
E01001963,Haringey,Theft and Handling,Theft From Shops,0,2015,5
E01002638,Hounslow,Violence Against the Person,Common Assault,0,2008,2
E01004496,Wandsworth,Theft and Handling,Other Theft,5,2009,5
E01000929,Camden,Robbery,Business Property,0,2009,9
E01033568,Kingston upon Thames,Theft and Handling,Handling Stolen Goods,0,2008,7
E01003550,Newham,Burglary,Burglary in Other Buildings,0,2015,5
E01004690,Westminster,Theft and Handling,Theft/Taking Of Motor Vehicle,0,2013,8
E01001960,Hammersmith and Fulham,Drugs,Possession Of Drugs,0,2009,4
E01000830,Bromley,Violence Against the Person,Wounding/GBH,0,2009,10
E01001377,Ealing,Robbery,Personal Property,1,2008,10
E01001671,Greenwich,Criminal Damage,Criminal Damage To Other Building,1,2008,10
E01001338,Ealing,Burglary,Burglary in Other Buildings,0,2008,6
E01002820,Kensington and Chelsea,Criminal Damage,Criminal Damage To Dwelling,0,2009,9
E01000858,Camden,Criminal Damage,Criminal Damage To Other Building,0,2015,12
E01003638,Redbridge,Robbery,Business Property,0,2013,4
E01000624,Brent,Other Notifiable Offences,Other Notifiable,0,2012,7
E01000508,Brent,Criminal Damage,Criminal Damage To Motor Vehicle,1,2009,4
E01001012,Croydon,Theft and Handling,Theft/Taking of Pedal Cycle,1,2010,4
E01002914,Kensington and Chelsea,Violence Against the Person,Harassment,1,2009,9
E01003407,Merton,Theft and Handling,Other Theft Person,0,2008,8
E01004354,Waltham Forest,Theft and Handling,Other Theft,3,2015,5
E01003743,Redbridge,Violence Against the Person,Harassment,0,2011,7
E01000296,Barnet,Theft and Handling,Theft/Taking of Pedal Cycle,0,2013,3
E01000720,Bromley,Violence Against the Person,Other violence,0,2013,3
E01004737,Westminster,Violence Against the Person,Wounding/GBH,0,2015,9
E01002876,Kensington and Chelsea,Other Notifiable Offences,Going Equipped,0,2008,3
E01004037,Southwark,Theft and Handling,Theft/Taking Of Motor Vehicle,0,2010,6
E01003770,Redbridge,Violence Against the Person,Common Assault,7,2016,8
E01004568,Wandsworth,Fraud or Forgery,Counted per Victim,0,2015,12
E01000627,Brent,Burglary,Burglary in a Dwelling,2,2009,7
E01000301,Barnet,Other Notifiable Offences,Other Notifiable,0,2013,2
E01002642,Hounslow,Theft and Handling,Theft/Taking Of Motor Vehicle,1,2012,6
E01003137,Lambeth,Theft and Handling,Other Theft Person,0,2013,12
E01004218,Tower Hamlets,Criminal Damage,Criminal Damage To Dwelling,0,2011,7
E01000619,Brent,Drugs,Possession Of Drugs,0,2008,6
E01003233,Lewisham,Criminal Damage,Criminal Damage To Dwelling,0,2009,10
E01002083,Haringey,Other Notifiable Offences,Going Equipped,0,2012,7
E01002849,Kensington and Chelsea,Drugs,Possession Of Drugs,1,2016,10
E01001416,Enfield,Theft and Handling,Motor Vehicle Interference & Tampering,0,2013,9
E01002788,Islington,Robbery,Business Property,0,2015,10
E01004688,Westminster,Theft and Handling,Motor Vehicle Interference & Tampering,0,2008,11
E01000961,Camden,Theft and Handling,Theft/Taking Of Motor Vehicle,0,2013,5
E01003690,Redbridge,Violence Against the Person,Wounding/GBH,0,2008,6
E01033571,Richmond upon Thames,Burglary,Burglary in Other Buildings,0,2008,12
E01004740,Westminster,Criminal Damage,Other Criminal Damage,0,2014,9
E01002919,Kingston upon Thames,Burglary,Burglary in Other Buildings,0,2009,8
E01000451,Bexley,Criminal Damage,Criminal Damage To Dwelling,0,2013,3
E01000361,Bexley,Burglary,Burglary in a Dwelling,0,2015,2
E01003231,Lewisham,Theft and Handling,Handling Stolen Goods,0,2016,12
E01001069,Croydon,Theft and Handling,Theft/Taking Of Motor Vehicle,0,2010,6
E01002679,Hounslow,Criminal Damage,Other Criminal Damage,0,2010,12
E01003041,Lambeth,Drugs,Possession Of Drugs,3,2008,7
E01004350,Waltham Forest,Other Notifiable Offences,Other Notifiable,0,2011,3
E01001922,Hammersmith and Fulham,Other Notifiable Offences,Going Equipped,0,2009,10
E01003770,Redbridge,Robbery,Personal Property,1,2008,6
E01003410,Merton,Violence Against the Person,Wounding/GBH,0,2011,7
E01000840,Bromley,Criminal Damage,Other Criminal Damage,0,2014,4
E01000864,Camden,Other Notifiable Offences,Going Equipped,0,2012,4
E01001614,Greenwich,Theft and Handling,Motor Vehicle Interference & Tampering,1,2016,8
E01003157,Lambeth,Violence Against the Person,Harassment,1,2010,4
E01001401,Enfield,Criminal Damage,Other Criminal Damage,1,2008,10
E01003366,Merton,Fraud or Forgery,Counted per Victim,0,2011,3
E01004148,Sutton,Burglary,Burglary in Other Buildings,1,2009,8
E01003943,Southwark,Other Notifiable Offences,Other Notifiable,0,2009,5
E01001300,Ealing,Violence Against the Person,Offensive Weapon,0,2015,10
E01003015,Lambeth,Violence Against the Person,Harassment,0,2014,6
E01001168,Croydon,Violence Against the Person,Assault with Injury,4,2009,11
E01001589,Greenwich,Theft and Handling,Theft/Taking of Pedal Cycle,0,2010,12
E01001736,Hackney,Robbery,Personal Property,0,2008,10
E01003957,Southwark,Burglary,Burglary in Other Buildings,0,2010,1
E01002544,Hillingdon,Robbery,Business Property,0,2009,2
E01000548,Brent,Drugs,Possession Of Drugs,2,2012,8
E01004064,Southwark,Drugs,Possession Of Drugs,2,2011,12
E01003266,Lewisham,Other Notifiable Offences,Other Notifiable,0,2008,6
E01001667,Greenwich,Theft and Handling,Other Theft Person,16,2011,10
E01003439,Merton,Robbery,Personal Property,2,2010,2
E01000033,Barking and Dagenham,Violence Against the Person,Offensive Weapon,0,2008,1
E01000568,Brent,Violence Against the Person,Offensive Weapon,0,2014,1
E01002115,Harrow,Theft and Handling,Handling Stolen Goods,0,2010,12
E01002484,Hillingdon,Drugs,Possession Of Drugs,0,2008,3
E01002096,Haringey,Theft and Handling,Theft/Taking Of Motor Vehicle,0,2016,6
E01001719,Hackney,Criminal Damage,Other Criminal Damage,0,2015,8
E01032770,Tower Hamlets,Theft and Handling,Motor Vehicle Interference & Tampering,0,2009,1
E01000731,Bromley,Theft and Handling,Other Theft Person,0,2010,11
E01001576,Greenwich,Criminal Damage,Criminal Damage To Motor Vehicle,0,2016,8
E01000812,Bromley,Violence Against the Person,Assault with Injury,0,2012,11
E01004546,Wandsworth,Violence Against the Person,Wounding/GBH,0,2014,5
E01001342,Ealing,Other Notifiable Offences,Other Notifiable,0,2010,7
E01003276,Lewisham,Violence Against the Person,Common Assault,0,2014,6
E01000218,Barnet,Violence Against the Person,Other violence,0,2012,11
E01004022,Southwark,Robbery,Business Property,0,2009,7
E01002803,Islington,Criminal Damage,Criminal Damage To Other Building,0,2012,10
E01004619,Wandsworth,Theft and Handling,Theft/Taking Of Motor Vehicle,3,2015,2
E01001555,Enfield,Violence Against the Person,Other violence,0,2011,9
E01003431,Merton,Violence Against the Person,Offensive Weapon,0,2008,5
E01001963,Haringey,Violence Against the Person,Wounding/GBH,0,2014,9
E01002666,Hounslow,Violence Against the Person,Assault with Injury,2,2009,4
E01002037,Haringey,Violence Against the Person,Offensive Weapon,1,2010,11
E01003344,Lewisham,Theft and Handling,Handling Stolen Goods,0,2015,2
E01001842,Hackney,Other Notifiable Offences,Going Equipped,0,2010,11
E01003141,Lambeth,Robbery,Business Property,0,2016,1
E01002241,Harrow,Criminal Damage,Criminal Damage To Other Building,0,2014,8
E01003686,Redbridge,Theft and Handling,Theft/Taking Of Motor Vehicle,1,2012,10
E01000493,Brent,Violence Against the Person,Harassment,1,2011,8
E01000627,Brent,Violence Against the Person,Wounding/GBH,1,2012,1
E01004052,Southwark,Theft and Handling,Motor Vehicle Interference & Tampering,0,2014,5
E01002632,Hounslow,Drugs,Drug Trafficking,0,2015,8
E01001294,Ealing,Fraud or Forgery,Counted per Victim,0,2012,8
E01002821,Kensington and Chelsea,Robbery,Business Property,0,2010,5
E01001944,Hammersmith and Fulham,Robbery,Personal Property,0,2012,5
E01003362,Merton,Fraud or Forgery,Counted per Victim,0,2009,11
E01002493,Hillingdon,Criminal Damage,Criminal Damage To Motor Vehicle,0,2011,7
E01000134,Barnet,Violence Against the Person,Common Assault,1,2015,10
E01003057,Lambeth,Violence Against the Person,Common Assault,2,2011,7
E01004473,Wandsworth,Violence Against the Person,Harassment,0,2011,5
E01002899,Kensington and Chelsea,Violence Against the Person,Other violence,0,2015,8
E01000647,Bromley,Theft and Handling,Theft/Taking Of Motor Vehicle,0,2008,3
E01033594,Westminster,Theft and Handling,Motor Vehicle Interference & Tampering,0,2009,5
E01001523,Enfield,Burglary,Burglary in Other Buildings,0,2014,10
E01004570,Wandsworth,Sexual Offences,Rape,0,2009,3
E01001576,Greenwich,Criminal Damage,Criminal Damage To Other Building,0,2008,2
E01000475,Brent,Violence Against the Person,Offensive Weapon,0,2010,12
E01001597,Greenwich,Criminal Damage,Criminal Damage To Other Building,0,2009,9
E01001356,Ealing,Theft and Handling,Theft From Shops,0,2014,1
E01002071,Haringey,Burglary,Burglary in a Dwelling,2,2013,11
E01002152,Harrow,Theft and Handling,Theft/Taking Of Motor Vehicle,1,2012,12
E01003831,Richmond upon Thames,Violence Against the Person,Offensive Weapon,0,2008,10
E01004680,Westminster,Criminal Damage,Criminal Damage To Dwelling,0,2009,5
E01003881,Richmond upon Thames,Drugs,Drug Trafficking,0,2013,4
E01000760,Bromley,Violence Against the Person,Common Assault,0,2010,8
E01003538,Newham,Theft and Handling,Theft/Taking of Pedal Cycle,0,2011,8
E01003474,Merton,Theft and Handling,Theft From Motor Vehicle,1,2011,5
E01002875,Kensington and Chelsea,Criminal Damage,Criminal Damage To Dwelling,0,2013,2
E01004469,Waltham Forest,Violence Against the Person,Other violence,0,2014,6
E01001250,Ealing,Theft and Handling,Motor Vehicle Interference & Tampering,0,2015,7
E01002121,Harrow,Drugs,Possession Of Drugs,0,2008,5
E01003595,Newham,Violence Against the Person,Murder,0,2014,4
E01003453,Merton,Theft and Handling,Theft From Shops,0,2009,12
E01003395,Merton,Criminal Damage,Criminal Damage To Motor Vehicle,0,2014,10
E01004620,Wandsworth,Violence Against the Person,Wounding/GBH,0,2015,4
E01001997,Haringey,Theft and Handling,Theft From Shops,0,2008,9
E01000079,Barking and Dagenham,Other Notifiable Offences,Other Notifiable,0,2008,1
E01004186,Sutton,Criminal Damage,Criminal Damage To Dwelling,0,2014,7
E01002611,Hounslow,Theft and Handling,Theft From Shops,0,2016,11
E01003075,Lambeth,Violence Against the Person,Wounding/GBH,2,2015,5
E01000058,Barking and Dagenham,Theft and Handling,Other Theft,0,2009,12
E01004312,Tower Hamlets,Drugs,Possession Of Drugs,0,2010,5
E01000935,Camden,Criminal Damage,Other Criminal Damage,1,2008,8
E01004549,Wandsworth,Other Notifiable Offences,Going Equipped,0,2012,1
E01002254,Havering,Other Notifiable Offences,Other Notifiable,0,2016,10
E01001052,Croydon,Theft and Handling,Other Theft Person,0,2015,2
E01000098,Barking and Dagenham,Theft and Handling,Theft From Motor Vehicle,0,2012,11
E01001604,Greenwich,Fraud or Forgery,Other Fraud & Forgery,0,2015,7
E01000876,Camden,Sexual Offences,Other Sexual,0,2014,9
E01004497,Wandsworth,Burglary,Burglary in a Dwelling,2,2016,9
E01000491,Brent,Burglary,Burglary in a Dwelling,2,2010,4
E01002699,Islington,Theft and Handling,Motor Vehicle Interference & Tampering,0,2014,8
E01003371,Merton,Other Notifiable Offences,Other Notifiable,0,2015,12
E01000714,Bromley,Violence Against the Person,Harassment,1,2010,6
E01001765,Hackney,Violence Against the Person,Common Assault,4,2009,9
E01003840,Richmond upon Thames,Drugs,Drug Trafficking,0,2016,6
E01003097,Lambeth,Robbery,Personal Property,0,2014,6
E01004096,Sutton,Violence Against the Person,Assault with Injury,0,2008,9
E01000335,Bexley,Burglary,Burglary in Other Buildings,0,2014,5
E01004544,Wandsworth,Criminal Damage,Other Criminal Damage,0,2014,11
E01004358,Waltham Forest,Theft and Handling,Theft/Taking of Pedal Cycle,0,2011,10
E01001173,Croydon,Theft and Handling,Other Theft,3,2013,10
E01002061,Haringey,Violence Against the Person,Other violence,0,2009,5
E01004689,Westminster,Criminal Damage,Criminal Damage To Motor Vehicle,2,2013,6
E01003960,Southwark,Violence Against the Person,Other violence,0,2014,3
E01000962,Camden,Other Notifiable Offences,Other Notifiable,0,2015,5
E01000674,Bromley,Violence Against the Person,Harassment,3,2016,2
E01001959,Hammersmith and Fulham,Criminal Damage,Criminal Damage To Dwelling,2,2009,2
E01003787,Redbridge,Theft and Handling,Other Theft Person,0,2008,12
E01003215,Lewisham,Theft and Handling,Theft From Motor Vehicle,1,2016,2
E01003937,Southwark,Theft and Handling,Theft/Taking of Pedal Cycle,0,2008,6
E01002846,Kensington and Chelsea,Burglary,Burglary in Other Buildings,2,2016,2
E01002292,Havering,Criminal Damage,Other Criminal Damage,1,2008,9
E01001878,Hammersmith and Fulham,Violence Against the Person,Other violence,0,2014,5
E01002255,Havering,Theft and Handling,Other Theft,0,2010,2
E01001951,Hammersmith and Fulham,Theft and Handling,Motor Vehicle Interference & Tampering,0,2012,4
E01002521,Hillingdon,Drugs,Drug Trafficking,0,2013,2
E01000567,Brent,Violence Against the Person,Wounding/GBH,0,2013,6
E01002604,Hounslow,Theft and Handling,Theft From Motor Vehicle,3,2008,2
E01004445,Waltham Forest,Theft and Handling,Theft From Shops,1,2010,1
E01001862,Hammersmith and Fulham,Violence Against the Person,Wounding/GBH,0,2013,4
E01004614,Wandsworth,Robbery,Personal Property,0,2010,8
E01002076,Haringey,Robbery,Business Property,0,2009,4
E01003426,Merton,Theft and Handling,Theft/Taking of Pedal Cycle,0,2010,7
E01001890,Hammersmith and Fulham,Violence Against the Person,Offensive Weapon,0,2011,1
E01003627,Newham,Criminal Damage,Criminal Damage To Other Building,0,2013,6
E01003523,Newham,Criminal Damage,Criminal Damage To Motor Vehicle,0,2009,4
E01002016,Haringey,Violence Against the Person,Assault with Injury,0,2015,1
E01001765,Hackney,Robbery,Personal Property,0,2012,9
E01001458,Enfield,Theft and Handling,Other Theft,1,2009,1
E01004142,Sutton,Violence Against the Person,Common Assault,10,2014,12
E01002578,Hounslow,Theft and Handling,Other Theft Person,0,2009,3
E01001448,Enfield,Burglary,Burglary in a Dwelling,1,2011,3
E01002029,Haringey,Theft and Handling,Other Theft,10,2015,9
E01003177,Lambeth,Criminal Damage,Criminal Damage To Other Building,0,2015,7
E01001760,Hackney,Theft and Handling,Motor Vehicle Interference & Tampering,0,2010,6
E01003899,Richmond upon Thames,Criminal Damage,Criminal Damage To Dwelling,1,2013,8
E01001043,Croydon,Theft and Handling,Handling Stolen Goods,0,2008,3
E01003174,Lambeth,Robbery,Personal Property,0,2012,12
E01003170,Lambeth,Theft and Handling,Motor Vehicle Interference & Tampering,0,2008,1
E01002045,Haringey,Violence Against the Person,Offensive Weapon,0,2015,1
E01003018,Lambeth,Burglary,Burglary in a Dwelling,1,2009,9
E01000441,Bexley,Theft and Handling,Other Theft Person,0,2008,8
E01003574,Newham,Other Notifiable Offences,Other Notifiable,0,2012,7
E01003926,Southwark,Drugs,Other Drugs,0,2014,2
E01002447,Hillingdon,Violence Against the Person,Other violence,0,2008,9
E01004043,Southwark,Robbery,Business Property,0,2011,6
E01002287,Havering,Other Notifiable Offences,Going Equipped,0,2014,10
E01000688,Bromley,Theft and Handling,Theft/Taking of Pedal Cycle,0,2012,7
E01000441,Bexley,Other Notifiable Offences,Other Notifiable,0,2009,8
E01000432,Bexley,Criminal Damage,Criminal Damage To Other Building,0,2011,1
E01002066,Haringey,Robbery,Personal Property,0,2015,6
E01001839,Hackney,Theft and Handling,Other Theft,6,2014,6
E01001857,Hammersmith and Fulham,Criminal Damage,Criminal Damage To Motor Vehicle,0,2013,10
E01001525,Enfield,Theft and Handling,Other Theft,3,2010,10
E01000365,Bexley,Violence Against the Person,Common Assault,1,2016,10
E01003742,Redbridge,Violence Against the Person,Wounding/GBH,0,2010,1
E01002118,Harrow,Criminal Damage,Criminal Damage To Other Building,0,2013,6
E01000267,Barnet,Theft and Handling,Other Theft Person,0,2011,4
E01000623,Brent,Theft and Handling,Theft From Motor Vehicle,1,2012,10
E01003887,Richmond upon Thames,Theft and Handling,Handling Stolen Goods,0,2012,4
E01003181,Lambeth,Theft and Handling,Theft/Taking of Pedal Cycle,0,2015,1
E01002121,Harrow,Robbery,Personal Property,0,2011,3
E01002776,Islington,Criminal Damage,Other Criminal Damage,0,2010,10
E01002467,Hillingdon,Theft and Handling,Other Theft Person,0,2013,1
E01002433,Hillingdon,Theft and Handling,Theft From Shops,0,2016,10
E01004534,Wandsworth,Robbery,Personal Property,1,2009,8
E01002056,Haringey,Theft and Handling,Other Theft Person,0,2014,7
E01000642,Brent,Criminal Damage,Criminal Damage To Motor Vehicle,1,2015,11
E01004506,Wandsworth,Criminal Damage,Criminal Damage To Dwelling,1,2008,4
E01000970,Camden,Violence Against the Person,Assault with Injury,0,2008,11
E01002765,Islington,Violence Against the Person,Common Assault,5,2014,8
E01002676,Hounslow,Drugs,Drug Trafficking,0,2010,8
E01003367,Merton,Drugs,Other Drugs,0,2016,8
E01000997,Croydon,Violence Against the Person,Offensive Weapon,0,2015,4
E01033734,Greenwich,Theft and Handling,Theft From Motor Vehicle,0,2009,5
E01002504,Hillingdon,Drugs,Drug Trafficking,0,2013,5
E01001424,Enfield,Violence Against the Person,Assault with Injury,1,2011,9
E01003721,Redbridge,Other Notifiable Offences,Going Equipped,0,2008,3
E01000119,Barnet,Theft and Handling,Theft/Taking of Pedal Cycle,0,2015,11
E01004441,Waltham Forest,Theft and Handling,Motor Vehicle Interference & Tampering,0,2014,6
E01000830,Bromley,Fraud or Forgery,Other Fraud & Forgery,0,2008,10
E01003685,Redbridge,Violence Against the Person,Other violence,0,2016,7
E01003159,Lambeth,Theft and Handling,Motor Vehicle Interference & Tampering,0,2013,1
E01002288,Havering,Other Notifiable Offences,Other Notifiable,0,2011,7
E01001623,Greenwich,Criminal Damage,Criminal Damage To Dwelling,0,2016,10
E01002038,Haringey,Violence Against the Person,Assault with Injury,0,2012,8
E01001495,Enfield,Violence Against the Person,Assault with Injury,1,2012,6
E01002042,Haringey,Criminal Damage,Other Criminal Damage,0,2015,8
E01000019,Barking and Dagenham,Violence Against the Person,Common Assault,0,2016,8
E01002253,Havering,Theft and Handling,Other Theft,0,2015,4
E01001601,Greenwich,Criminal Damage,Criminal Damage To Other Building,0,2016,5
E01002698,Islington,Violence Against the Person,Wounding/GBH,2,2009,6
E01000012,Barking and Dagenham,Robbery,Personal Property,1,2011,6
E01001092,Croydon,Violence Against the Person,Wounding/GBH,0,2016,1
E01000191,Barnet,Criminal Damage,Other Criminal Damage,0,2014,3
E01003541,Newham,Criminal Damage,Criminal Damage To Motor Vehicle,0,2013,12
E01033571,Richmond upon Thames,Theft and Handling,Theft/Taking of Pedal Cycle,0,2013,5
E01001767,Hackney,Theft and Handling,Theft From Motor Vehicle,1,2015,1
E01003481,Newham,Theft and Handling,Motor Vehicle Interference & Tampering,0,2012,9
E01001367,Ealing,Burglary,Burglary in a Dwelling,0,2009,11
E01000110,Barking and Dagenham,Theft and Handling,Other Theft Person,0,2011,7
E01003076,Lambeth,Burglary,Burglary in Other Buildings,3,2014,5
E01033093,Wandsworth,Other Notifiable Offences,Going Equipped,0,2008,10
E01001921,Hammersmith and Fulham,Violence Against the Person,Other violence,3,2008,7
E01033424,Brent,Theft and Handling,Theft/Taking Of Motor Vehicle,0,2014,5
E01002483,Hillingdon,Violence Against the Person,Other violence,1,2015,2
E01003364,Merton,Violence Against the Person,Wounding/GBH,1,2015,2
E01003459,Merton,Criminal Damage,Criminal Damage To Other Building,0,2016,7
E01002530,Hillingdon,Fraud or Forgery,Counted per Victim,0,2011,1
E01001767,Hackney,Robbery,Business Property,0,2009,8
E01003921,Southwark,Sexual Offences,Rape,0,2010,10
E01004078,Sutton,Theft and Handling,Other Theft,2,2014,6
E01000145,Barnet,Theft and Handling,Other Theft Person,0,2012,5
E01000254,Barnet,Theft and Handling,Theft From Shops,0,2014,3
E01002824,Kensington and Chelsea,Criminal Damage,Criminal Damage To Other Building,0,2013,4
E01000659,Bromley,Theft and Handling,Other Theft,0,2013,8
E01003316,Lewisham,Violence Against the Person,Other violence,0,2013,8
E01004012,Southwark,Theft and Handling,Theft From Motor Vehicle,1,2015,2
E01002992,Kingston upon Thames,Criminal Damage,Criminal Damage To Motor Vehicle,1,2011,1
E01003270,Lewisham,Violence Against the Person,Wounding/GBH,0,2008,5
E01000210,Barnet,Other Notifiable Offences,Other Notifiable,0,2015,8
E01002378,Havering,Violence Against the Person,Offensive Weapon,0,2015,10
E01004641,Wandsworth,Robbery,Business Property,0,2012,9
E01004264,Tower Hamlets,Theft and Handling,Other Theft Person,0,2009,7
E01004687,Westminster,Theft and Handling,Theft/Taking Of Motor Vehicle,0,2009,7
E01003832,Richmond upon Thames,Criminal Damage,Criminal Damage To Motor Vehicle,0,2012,4
E01001496,Enfield,Violence Against the Person,Wounding/GBH,0,2015,1
E01001322,Ealing,Criminal Damage,Criminal Damage To Motor Vehicle,3,2009,3
E01004416,Waltham Forest,Theft and Handling,Theft/Taking of Pedal Cycle,0,2009,2
E01004143,Sutton,Violence Against the Person,Other violence,0,2013,11
E01002028,Haringey,Criminal Damage,Criminal Damage To Motor Vehicle,0,2014,6
E01002906,Kensington and Chelsea,Other Notifiable Offences,Other Notifiable,0,2013,4
E01000725,Bromley,Violence Against the Person,Wounding/GBH,0,2015,9
E01002183,Harrow,Theft and Handling,Theft From Motor Vehicle,0,2014,6
E01003005,Kingston upon Thames,Violence Against the Person,Wounding/GBH,0,2008,9
E01004378,Waltham Forest,Criminal Damage,Criminal Damage To Other Building,0,2008,12
E01001911,Hammersmith and Fulham,Violence Against the Person,Common Assault,0,2016,6
E01001145,Croydon,Violence Against the Person,Assault with Injury,0,2010,10
E01004139,Sutton,Burglary,Burglary in a Dwelling,0,2015,6
E01002714,Islington,Theft and Handling,Theft From Shops,0,2010,8
E01003282,Lewisham,Theft and Handling,Theft From Shops,0,2012,11
E01002297,Havering,Theft and Handling,Other Theft Person,0,2013,5
E01002796,Islington,Drugs,Other Drugs,0,2012,2
E01000107,Barking and Dagenham,Other Notifiable Offences,Other Notifiable,0,2008,2
E01004482,Wandsworth,Criminal Damage,Criminal Damage To Dwelling,0,2014,1
E01002473,Hillingdon,Robbery,Personal Property,0,2012,5
E01002881,Kensington and Chelsea,Theft and Handling,Motor Vehicle Interference & Tampering,0,2014,3
E01033093,Wandsworth,Robbery,Personal Property,0,2015,12
E01004499,Wandsworth,Drugs,Possession Of Drugs,0,2014,12
E01001010,Croydon,Theft and Handling,Other Theft Person,0,2014,12
E01004507,Wandsworth,Robbery,Personal Property,1,2013,10
E01000499,Brent,Other Notifiable Offences,Other Notifiable,0,2012,1
E01001662,Greenwich,Violence Against the Person,Wounding/GBH,2,2016,9
E01003821,Richmond upon Thames,Theft and Handling,Theft/Taking of Pedal Cycle,1,2009,7
E01000247,Barnet,Violence Against the Person,Assault with Injury,0,2010,7
E01002872,Kensington and Chelsea,Theft and Handling,Handling Stolen Goods,0,2009,5
E01001042,Croydon,Violence Against the Person,Harassment,1,2016,1
E01000963,Camden,Burglary,Burglary in Other Buildings,2,2016,8
E01000708,Bromley,Robbery,Personal Property,0,2014,10
E01004037,Southwark,Theft and Handling,Other Theft Person,0,2016,1
E01002652,Hounslow,Criminal Damage,Other Criminal Damage,0,2011,4
E01002973,Kingston upon Thames,Criminal Damage,Criminal Damage To Other Building,0,2011,7
E01003788,Redbridge,Violence Against the Person,Assault with Injury,1,2011,7
E01004631,Wandsworth,Violence Against the Person,Common Assault,1,2016,10
E01003410,Merton,Theft and Handling,Theft/Taking of Pedal Cycle,1,2011,7
E01032722,Southwark,Criminal Damage,Other Criminal Damage,0,2013,3
E01001430,Enfield,Criminal Damage,Other Criminal Damage,0,2009,10
E01002614,Hounslow,Theft and Handling,Theft/Taking of Pedal Cycle,0,2011,5
E01000230,Barnet,Violence Against the Person,Assault with Injury,0,2014,4
E01000334,Bexley,Violence Against the Person,Other violence,0,2015,1
E01002932,Kingston upon Thames,Criminal Damage,Criminal Damage To Motor Vehicle,0,2015,9
E01001454,Enfield,Theft and Handling,Theft From Motor Vehicle,1,2015,1
E01000413,Bexley,Robbery,Personal Property,0,2009,8
E01002338,Havering,Theft and Handling,Theft From Shops,0,2011,3
E01003594,Newham,Robbery,Personal Property,0,2016,6
E01001144,Croydon,Other Notifiable Offences,Other Notifiable,0,2015,4
E01004016,Southwark,Criminal Damage,Other Criminal Damage,1,2015,8
E01004492,Wandsworth,Robbery,Business Property,0,2009,12
E01001219,Ealing,Theft and Handling,Motor Vehicle Interference & Tampering,0,2008,1
E01000958,Camden,Violence Against the Person,Wounding/GBH,0,2010,3
E01003498,Newham,Other Notifiable Offences,Other Notifiable,0,2012,2
E01004449,Waltham Forest,Fraud or Forgery,Counted per Victim,0,2012,10
E01001373,Ealing,Theft and Handling,Motor Vehicle Interference & Tampering,0,2009,11
E01003292,Lewisham,Burglary,Burglary in a Dwelling,0,2016,5
E01001674,Greenwich,Criminal Damage,Criminal Damage To Dwelling,0,2013,2
E01003592,Newham,Theft and Handling,Theft/Taking Of Motor Vehicle,0,2016,11
E01001217,Ealing,Violence Against the Person,Harassment,0,2010,12
E01001052,Croydon,Theft and Handling,Motor Vehicle Interference & Tampering,0,2010,9
E01003774,Redbridge,Theft and Handling,Theft From Motor Vehicle,0,2014,5
E01003963,Southwark,Theft and Handling,Theft From Motor Vehicle,0,2010,2
E01004743,Westminster,Violence Against the Person,Assault with Injury,2,2008,7
E01001826,Hackney,Drugs,Drug Trafficking,0,2014,3
E01002572,Hounslow,Other Notifiable Offences,Going Equipped,0,2010,7
E01003048,Lambeth,Theft and Handling,Handling Stolen Goods,0,2015,12
E01004084,Sutton,Theft and Handling,Theft/Taking Of Motor Vehicle,0,2016,11
E01004157,Sutton,Fraud or Forgery,Counted per Victim,0,2009,4
E01001051,Croydon,Theft and Handling,Theft/Taking Of Motor Vehicle,0,2016,11
E01002008,Haringey,Violence Against the Person,Common Assault,0,2012,11
E01000959,Camden,Drugs,Drug Trafficking,0,2011,11
E01003179,Lambeth,Violence Against the Person,Offensive Weapon,0,2011,7
E01004756,Westminster,Violence Against the Person,Wounding/GBH,0,2010,1
E01000983,Croydon,Criminal Damage,Criminal Damage To Motor Vehicle,0,2011,8
E01000877,Camden,Theft and Handling,Theft/Taking Of Motor Vehicle,0,2009,8
E01002625,Hounslow,Violence Against the Person,Wounding/GBH,0,2011,6
E01000517,Brent,Violence Against the Person,Common Assault,0,2015,8
E01004522,Wandsworth,Violence Against the Person,Offensive Weapon,0,2008,11
E01002244,Havering,Violence Against the Person,Common Assault,0,2010,11
E01002873,Kensington and Chelsea,Theft and Handling,Handling Stolen Goods,0,2016,12
E01002151,Harrow,Violence Against the Person,Wounding/GBH,0,2012,10
E01002739,Islington,Fraud or Forgery,Counted per Victim,0,2010,5
E01033732,Greenwich,Other Notifiable Offences,Other Notifiable,0,2011,11
E01001760,Hackney,Fraud or Forgery,Counted per Victim,0,2009,6
E01032803,Southwark,Theft and Handling,Theft From Motor Vehicle,0,2008,9
E01004078,Sutton,Theft and Handling,Motor Vehicle Interference & Tampering,0,2016,4
E01004422,Waltham Forest,Theft and Handling,Motor Vehicle Interference & Tampering,0,2013,3
E01002885,Kensington and Chelsea,Robbery,Personal Property,0,2010,9
E01000630,Brent,Other Notifiable Offences,Going Equipped,0,2011,4
E01003309,Lewisham,Theft and Handling,Theft/Taking Of Motor Vehicle,0,2009,11
E01002676,Hounslow,Criminal Damage,Other Criminal Damage,0,2012,7
E01000299,Barnet,Violence Against the Person,Common Assault,1,2011,5
E01004461,Waltham Forest,Theft and Handling,Theft/Taking of Pedal Cycle,1,2009,7
E01032774,Tower Hamlets,Theft and Handling,Handling Stolen Goods,0,2008,11
E01001883,Hammersmith and Fulham,Burglary,Burglary in a Dwelling,0,2013,11
E01001014,Croydon,Sexual Offences,Other Sexual,0,2008,10
E01001046,Croydon,Robbery,Personal Property,0,2013,1
E01003706,Redbridge,Burglary,Burglary in a Dwelling,1,2013,5
E01000236,Barnet,Criminal Damage,Criminal Damage To Dwelling,0,2016,5
E01001471,Enfield,Criminal Damage,Criminal Damage To Dwelling,0,2010,6
E01001835,Hackney,Drugs,Drug Trafficking,0,2013,12
E01000593,Brent,Burglary,Burglary in a Dwelling,0,2012,7
E01001907,Hammersmith and Fulham,Theft and Handling,Theft/Taking Of Motor Vehicle,1,2008,3
E01004384,Waltham Forest,Criminal Damage,Other Criminal Damage,3,2015,12
E01002653,Hounslow,Theft and Handling,Handling Stolen Goods,0,2013,4
E01000296,Barnet,Violence Against the Person,Offensive Weapon,0,2014,9
E01002057,Haringey,Theft and Handling,Motor Vehicle Interference & Tampering,0,2010,5
E01002261,Havering,Theft and Handling,Theft/Taking of Pedal Cycle,0,2016,6
E01001280,Ealing,Criminal Damage,Criminal Damage To Motor Vehicle,0,2016,6
E01004726,Westminster,Other Notifiable Offences,Other Notifiable,0,2013,5
E01000118,Barnet,Other Notifiable Offences,Other Notifiable,0,2010,2
E01000760,Bromley,Theft and Handling,Other Theft Person,0,2015,10
E01000300,Barnet,Other Notifiable Offences,Going Equipped,0,2014,2
E01000525,Brent,Drugs,Drug Trafficking,0,2012,5
E01002161,Harrow,Other Notifiable Offences,Other Notifiable,0,2009,4
E01001700,Greenwich,Theft and Handling,Other Theft Person,1,2013,3
E01002152,Harrow,Theft and Handling,Theft From Motor Vehicle,1,2016,5
E01002358,Havering,Sexual Offences,Other Sexual,0,2011,2
E01003562,Newham,Violence Against the Person,Offensive Weapon,0,2013,8
E01004072,Southwark,Burglary,Burglary in Other Buildings,1,2012,9
E01032581,Redbridge,Burglary,Burglary in Other Buildings,0,2011,11
E01002901,Kensington and Chelsea,Criminal Damage,Criminal Damage To Motor Vehicle,0,2008,8
E01003584,Newham,Drugs,Drug Trafficking,0,2009,9
E01001729,Hackney,Burglary,Burglary in Other Buildings,2,2010,11
E01000452,Bexley,Burglary,Burglary in Other Buildings,0,2011,7
E01003578,Newham,Criminal Damage,Criminal Damage To Other Building,0,2012,4
E01002400,Hillingdon,Other Notifiable Offences,Other Notifiable,0,2012,7
E01003255,Lewisham,Other Notifiable Offences,Going Equipped,0,2015,1
E01000514,Brent,Burglary,Burglary in Other Buildings,0,2016,1
E01003803,Richmond upon Thames,Criminal Damage,Criminal Damage To Other Building,0,2009,7
E01000576,Brent,Burglary,Burglary in Other Buildings,0,2009,12
E01000399,Bexley,Violence Against the Person,Offensive Weapon,0,2011,12
E01004045,Southwark,Criminal Damage,Criminal Damage To Motor Vehicle,1,2010,9
E01002015,Haringey,Other Notifiable Offences,Other Notifiable,0,2011,2
E01032743,Ealing,Robbery,Business Property,0,2011,11
E01000395,Bexley,Criminal Damage,Other Criminal Damage,0,2013,11
E01003130,Lambeth,Robbery,Business Property,0,2009,1
E01003534,Newham,Criminal Damage,Other Criminal Damage,0,2009,4
E01000443,Bexley,Violence Against the Person,Offensive Weapon,0,2012,4
E01001299,Ealing,Robbery,Personal Property,0,2011,6
E01003247,Lewisham,Theft and Handling,Theft/Taking Of Motor Vehicle,4,2011,2
E01001360,Ealing,Theft and Handling,Other Theft Person,0,2010,7
E01000815,Bromley,Violence Against the Person,Offensive Weapon,0,2010,9
E01001641,Greenwich,Theft and Handling,Motor Vehicle Interference & Tampering,0,2009,11
E01001396,Enfield,Theft and Handling,Other Theft Person,0,2008,4
E01001161,Croydon,Violence Against the Person,Assault with Injury,2,2014,5
E01002780,Islington,Violence Against the Person,Harassment,2,2008,7
E01033727,Greenwich,Criminal Damage,Criminal Damage To Dwelling,1,2013,9
E01002016,Haringey,Robbery,Personal Property,0,2014,5
E01004648,Westminster,Burglary,Burglary in a Dwelling,2,2015,7
E01003092,Lambeth,Criminal Damage,Criminal Damage To Other Building,0,2010,4
E01003170,Lambeth,Criminal Damage,Criminal Damage To Dwelling,0,2010,2
E01002401,Hillingdon,Burglary,Burglary in Other Buildings,2,2012,7
E01001091,Croydon,Burglary,Burglary in a Dwelling,2,2015,1
E01033492,Islington,Criminal Damage,Criminal Damage To Dwelling,0,2008,4
E01001042,Croydon,Theft and Handling,Theft From Motor Vehicle,0,2014,7
E01001258,Ealing,Violence Against the Person,Other violence,0,2014,2
E01001693,Greenwich,Theft and Handling,Theft From Shops,0,2013,11
E01003645,Redbridge,Theft and Handling,Theft/Taking of Pedal Cycle,1,2011,10
E01003792,Redbridge,Violence Against the Person,Wounding/GBH,0,2016,4
E01000077,Barking and Dagenham,Theft and Handling,Theft/Taking of Pedal Cycle,0,2013,7
E01000411,Bexley,Violence Against the Person,Common Assault,0,2013,4
E01004288,Tower Hamlets,Violence Against the Person,Wounding/GBH,1,2014,11
E01001590,Greenwich,Violence Against the Person,Wounding/GBH,0,2009,11
E01002826,Kensington and Chelsea,Robbery,Personal Property,0,2011,2
E01000664,Bromley,Robbery,Business Property,0,2008,10
E01002353,Havering,Violence Against the Person,Common Assault,1,2014,9
E01001447,Enfield,Drugs,Other Drugs,0,2011,4
E01001877,Hammersmith and Fulham,Violence Against the Person,Offensive Weapon,0,2008,1
E01000990,Croydon,Theft and Handling,Theft From Motor Vehicle,1,2008,3
E01001386,Ealing,Criminal Damage,Criminal Damage To Other Building,0,2013,8
E01000059,Barking and Dagenham,Theft and Handling,Theft From Motor Vehicle,1,2016,6
E01003047,Lambeth,Violence Against the Person,Common Assault,8,2011,10
E01001491,Enfield,Violence Against the Person,Other violence,0,2015,5
E01003034,Lambeth,Drugs,Possession Of Drugs,0,2011,7
E01000850,Camden,Robbery,Business Property,0,2008,5
E01002544,Hillingdon,Other Notifiable Offences,Other Notifiable,0,2012,8
E01004534,Wandsworth,Violence Against the Person,Other violence,0,2012,5
E01004189,Sutton,Criminal Damage,Criminal Damage To Motor Vehicle,0,2015,3
E01000296,Barnet,Criminal Damage,Other Criminal Damage,0,2008,11
E01001088,Croydon,Violence Against the Person,Harassment,0,2015,9
E01000174,Barnet,Theft and Handling,Theft/Taking of Pedal Cycle,0,2008,8
E01003783,Redbridge,Theft and Handling,Other Theft,16,2008,1
E01002757,Islington,Criminal Damage,Other Criminal Damage,0,2015,11
E01002182,Harrow,Theft and Handling,Handling Stolen Goods,0,2010,5
E01000980,Croydon,Violence Against the Person,Common Assault,2,2016,5
E01000907,Camden,Theft and Handling,Motor Vehicle Interference & Tampering,0,2014,7
E01001066,Croydon,Robbery,Personal Property,0,2016,3
E01000861,Camden,Drugs,Other Drugs,0,2013,11
E01002898,Kensington and Chelsea,Criminal Damage,Criminal Damage To Dwelling,0,2009,8
E01002605,Hounslow,Violence Against the Person,Common Assault,1,2016,7
E01001557,Enfield,Violence Against the Person,Assault with Injury,1,2014,1
E01000091,Barking and Dagenham,Violence Against the Person,Assault with Injury,0,2015,8
E01001315,Ealing,Drugs,Drug Trafficking,0,2010,4
E01002475,Hillingdon,Other Notifiable Offences,Other Notifiable,0,2016,1
E01004153,Sutton,Violence Against the Person,Other violence,0,2015,6
E01003458,Merton,Theft and Handling,Handling Stolen Goods,0,2011,5
E01004203,Tower Hamlets,Theft and Handling,Motor Vehicle Interference & Tampering,0,2010,10
E01002514,Hillingdon,Violence Against the Person,Harassment,7,2015,4
E01003898,Richmond upon Thames,Criminal Damage,Criminal Damage To Other Building,0,2011,12
E01001412,Enfield,Theft and Handling,Theft From Shops,1,2009,1
E01004376,Waltham Forest,Violence Against the Person,Wounding/GBH,0,2008,12
E01004516,Wandsworth,Burglary,Burglary in a Dwelling,1,2012,3
E01001227,Ealing,Theft and Handling,Theft/Taking Of Motor Vehicle,0,2014,10
E01002001,Haringey,Other Notifiable Offences,Other Notifiable,0,2008,12
E01004631,Wandsworth,Criminal Damage,Criminal Damage To Motor Vehicle,0,2015,11
E01003474,Merton,Violence Against the Person,Wounding/GBH,0,2012,2
E01003968,Southwark,Other Notifiable Offences,Other Notifiable,0,2013,8
E01001454,Enfield,Drugs,Drug Trafficking,0,2012,7
E01002978,Kingston upon Thames,Violence Against the Person,Wounding/GBH,2,2016,6
E01001800,Hackney,Fraud or Forgery,Counted per Victim,0,2015,5
E01002831,Kensington and Chelsea,Criminal Damage,Criminal Damage To Dwelling,1,2008,6
E01004611,Wandsworth,Theft and Handling,Theft/Taking of Pedal Cycle,0,2016,6
E01000628,Brent,Other Notifiable Offences,Other Notifiable,0,2012,6
E01002627,Hounslow,Burglary,Burglary in Other Buildings,0,2011,6
E01004039,Southwark,Violence Against the Person,Offensive Weapon,0,2014,3
E01001518,Enfield,Violence Against the Person,Common Assault,1,2009,5
E01004075,Southwark,Burglary,Burglary in a Dwelling,5,2011,9
E01001394,Enfield,Sexual Offences,Other Sexual,0,2016,11
E01003280,Lewisham,Theft and Handling,Motor Vehicle Interference & Tampering,0,2013,5
E01001107,Croydon,Violence Against the Person,Assault with Injury,1,2015,5
E01001848,Hackney,Robbery,Personal Property,0,2015,6
E01001298,Ealing,Burglary,Burglary in Other Buildings,0,2014,5
E01001710,Greenwich,Robbery,Personal Property,0,2013,4
E01001505,Enfield,Criminal Damage,Criminal Damage To Motor Vehicle,2,2011,10
E01001068,Croydon,Theft and Handling,Other Theft,0,2012,9
E01004192,Sutton,Drugs,Drug Trafficking,0,2012,3
E01003055,Lambeth,Burglary,Burglary in a Dwelling,0,2013,1
E01002479,Hillingdon,Criminal Damage,Criminal Damage To Motor Vehicle,0,2012,4
E01001558,Enfield,Criminal Damage,Criminal Damage To Other Building,0,2016,9
E01000201,Barnet,Violence Against the Person,Harassment,1,2008,8
E01003550,Newham,Theft and Handling,Other Theft,2,2015,10
E01000130,Barnet,Theft and Handling,Other Theft Person,0,2011,9
E01000158,Barnet,Violence Against the Person,Wounding/GBH,0,2016,1
E01000871,Camden,Violence Against the Person,Other violence,0,2009,3
E01000194,Barnet,Theft and Handling,Other Theft Person,0,2014,11
E01002222,Harrow,Theft and Handling,Other Theft Person,0,2014,4
E01001013,Croydon,Drugs,Possession Of Drugs,3,2010,7
E01000491,Brent,Theft and Handling,Other Theft Person,0,2012,4
E01002398,Hillingdon,Fraud or Forgery,Counted per Victim,0,2015,2
E01003844,Richmond upon Thames,Violence Against the Person,Assault with Injury,0,2015,4
E01002598,Hounslow,Violence Against the Person,Wounding/GBH,1,2016,9
E01002595,Hounslow,Theft and Handling,Handling Stolen Goods,0,2015,11
E01001012,Croydon,Criminal Damage,Criminal Damage To Dwelling,1,2012,10
E01001945,Hammersmith and Fulham,Fraud or Forgery,Other Fraud & Forgery,0,2008,5
E01001007,Croydon,Violence Against the Person,Harassment,1,2016,7
E01000850,Camden,Violence Against the Person,Assault with Injury,0,2012,6
E01001588,Greenwich,Theft and Handling,Theft From Motor Vehicle,0,2011,10
E01001251,Ealing,Theft and Handling,Motor Vehicle Interference & Tampering,0,2016,11
E01003123,Lambeth,Other Notifiable Offences,Other Notifiable,1,2016,5
E01004092,Sutton,Violence Against the Person,Harassment,0,2013,8
E01001548,Enfield,Theft and Handling,Other Theft Person,0,2016,10
E01004365,Waltham Forest,Theft and Handling,Theft/Taking Of Motor Vehicle,0,2011,4
E01002652,Hounslow,Violence Against the Person,Assault with Injury,0,2013,12
E01002347,Havering,Theft and Handling,Theft From Motor Vehicle,1,2016,8
E01004318,Tower Hamlets,Criminal Damage,Other Criminal Damage,0,2012,2
E01000766,Bromley,Violence Against the Person,Common Assault,0,2014,5
E01001488,Enfield,Theft and Handling,Other Theft Person,0,2008,2
E01003396,Merton,Other Notifiable Offences,Other Notifiable,0,2009,12
E01000446,Bexley,Criminal Damage,Criminal Damage To Motor Vehicle,0,2016,12
E01002699,Islington,Theft and Handling,Motor Vehicle Interference & Tampering,1,2016,12
E01004468,Waltham Forest,Violence Against the Person,Offensive Weapon,0,2011,3
E01001483,Enfield,Theft and Handling,Theft/Taking of Pedal Cycle,2,2014,11
E01000952,Camden,Criminal Damage,Criminal Damage To Motor Vehicle,0,2016,8
E01003370,Merton,Criminal Damage,Criminal Damage To Other Building,0,2013,4
E01003871,Richmond upon Thames,Criminal Damage,Other Criminal Damage,0,2012,10
E01002848,Kensington and Chelsea,Theft and Handling,Theft/Taking of Pedal Cycle,0,2013,8
E01004583,Wandsworth,Violence Against the Person,Assault with Injury,1,2014,12
E01004437,Waltham Forest,Burglary,Burglary in a Dwelling,4,2008,12
E01000526,Brent,Burglary,Burglary in Other Buildings,0,2014,5
E01004692,Westminster,Robbery,Personal Property,0,2014,6
E01004633,Wandsworth,Drugs,Possession Of Drugs,1,2008,1
E01000985,Croydon,Criminal Damage,Criminal Damage To Dwelling,0,2011,10
E01003349,Lewisham,Violence Against the Person,Offensive Weapon,0,2014,12
E01003091,Lambeth,Theft and Handling,Motor Vehicle Interference & Tampering,0,2010,5
E01002940,Kingston upon Thames,Theft and Handling,Theft/Taking Of Motor Vehicle,0,2010,5
E01004083,Sutton,Robbery,Business Property,0,2013,5
E01001501,Enfield,Criminal Damage,Criminal Damage To Other Building,0,2015,8
E01001446,Enfield,Other Notifiable Offences,Other Notifiable,0,2016,12
E01002775,Islington,Robbery,Business Property,0,2013,2
E01002991,Kingston upon Thames,Violence Against the Person,Harassment,0,2015,10
E01001330,Ealing,Robbery,Personal Property,0,2009,12
E01001881,Hammersmith and Fulham,Violence Against the Person,Murder,0,2015,10
E01004743,Westminster,Violence Against the Person,Wounding/GBH,0,2009,4
E01003323,Lewisham,Violence Against the Person,Harassment,2,2012,6
E01001543,Enfield,Criminal Damage,Criminal Damage To Other Building,0,2012,12
E01000141,Barnet,Burglary,Burglary in Other Buildings,4,2010,9
E01003523,Newham,Violence Against the Person,Common Assault,1,2016,12
E01000322,Barnet,Criminal Damage,Other Criminal Damage,0,2013,4
E01000245,Barnet,Burglary,Burglary in a Dwelling,0,2008,5
E01002209,Harrow,Theft and Handling,Theft From Motor Vehicle,0,2013,8
E01002327,Havering,Violence Against the Person,Wounding/GBH,0,2012,9
E01002247,Havering,Theft and Handling,Motor Vehicle Interference & Tampering,0,2014,7
E01003228,Lewisham,Theft and Handling,Theft/Taking Of Motor Vehicle,0,2013,5
E01000043,Barking and Dagenham,Criminal Damage,Criminal Damage To Other Building,0,2016,5
E01000914,Camden,Theft and Handling,Motor Vehicle Interference & Tampering,0,2010,9
E01004362,Waltham Forest,Theft and Handling,Theft/Taking of Pedal Cycle,0,2011,3
E01003400,Merton,Violence Against the Person,Wounding/GBH,0,2015,4
E01002063,Haringey,Violence Against the Person,Other violence,0,2011,12
E01032782,Tower Hamlets,Theft and Handling,Theft/Taking Of Motor Vehicle,1,2012,5
E01001245,Ealing,Other Notifiable Offences,Other Notifiable,0,2009,9
E01000617,Brent,Burglary,Burglary in Other Buildings,0,2013,8
E01004105,Sutton,Burglary,Burglary in a Dwelling,1,2014,8
E01001269,Ealing,Drugs,Possession Of Drugs,0,2011,10
E01003723,Redbridge,Burglary,Burglary in a Dwelling,1,2010,9
E01002381,Havering,Drugs,Drug Trafficking,0,2011,11
E01004501,Wandsworth,Criminal Damage,Criminal Damage To Dwelling,0,2012,11
E01002379,Havering,Theft and Handling,Other Theft Person,0,2008,2
E01033341,Lewisham,Criminal Damage,Criminal Damage To Dwelling,0,2009,4
E01001756,Hackney,Drugs,Drug Trafficking,0,2010,7
E01001594,Greenwich,Violence Against the Person,Offensive Weapon,0,2008,1
E01001473,Enfield,Criminal Damage,Other Criminal Damage,0,2011,2
E01002453,Hillingdon,Theft and Handling,Theft From Motor Vehicle,1,2011,10
E01003755,Redbridge,Criminal Damage,Criminal Damage To Dwelling,1,2013,10
E01002556,Hounslow,Theft and Handling,Theft From Motor Vehicle,0,2010,3
E01003967,Southwark,Violence Against the Person,Wounding/GBH,0,2015,1
E01000290,Barnet,Burglary,Burglary in a Dwelling,0,2015,8
E01004417,Waltham Forest,Fraud or Forgery,Other Fraud & Forgery,0,2010,4
E01000171,Barnet,Robbery,Personal Property,1,2016,3
E01004120,Sutton,Violence Against the Person,Common Assault,1,2009,3
E01004644,Wandsworth,Robbery,Personal Property,1,2008,2
E01000784,Bromley,Violence Against the Person,Assault with Injury,0,2013,11
E01004414,Waltham Forest,Criminal Damage,Other Criminal Damage,0,2015,4
E01000035,Barking and Dagenham,Fraud or Forgery,Counted per Victim,0,2009,6
E01001391,Enfield,Theft and Handling,Theft/Taking Of Motor Vehicle,0,2013,6
E01001734,Hackney,Theft and Handling,Theft From Motor Vehicle,5,2008,4
E01003168,Lambeth,Other Notifiable Offences,Other Notifiable,1,2016,7
E01000702,Bromley,Theft and Handling,Theft/Taking Of Motor Vehicle,0,2010,10
E01003371,Merton,Criminal Damage,Criminal Damage To Dwelling,0,2010,4
E01000501,Brent,Theft and Handling,Handling Stolen Goods,0,2008,9
E01002620,Hounslow,Theft and Handling,Theft From Shops,0,2013,8
E01002026,Haringey,Violence Against the Person,Offensive Weapon,0,2016,10
E01001982,Haringey,Theft and Handling,Motor Vehicle Interference & Tampering,0,2011,7
E01001956,Hammersmith and Fulham,Criminal Damage,Criminal Damage To Dwelling,0,2015,7
E01004647,Westminster,Drugs,Possession Of Drugs,0,2011,5
E01002127,Harrow,Violence Against the Person,Common Assault,3,2010,3
E01000526,Brent,Theft and Handling,Theft From Motor Vehicle,0,2014,8
E01033604,Westminster,Violence Against the Person,Wounding/GBH,1,2015,3
E01004365,Waltham Forest,Robbery,Business Property,0,2011,7
E01002206,Harrow,Violence Against the Person,Other violence,0,2012,10
E01033424,Brent,Criminal Damage,Criminal Damage To Motor Vehicle,0,2009,7
E01002076,Haringey,Theft and Handling,Other Theft,0,2010,12
E01004430,Waltham Forest,Robbery,Business Property,0,2009,10
E01002148,Harrow,Violence Against the Person,Other violence,0,2009,8
E01003313,Lewisham,Criminal Damage,Criminal Damage To Dwelling,1,2010,8
E01004268,Tower Hamlets,Theft and Handling,Theft/Taking Of Motor Vehicle,6,2013,12
E01004546,Wandsworth,Violence Against the Person,Offensive Weapon,0,2013,7
E01002682,Hounslow,Violence Against the Person,Other violence,0,2016,10
E01003935,Southwark,Burglary,Burglary in Other Buildings,0,2008,2
E01002371,Havering,Burglary,Burglary in a Dwelling,0,2008,12
E01003270,Lewisham,Criminal Damage,Criminal Damage To Dwelling,2,2008,5
E01002504,Hillingdon,Criminal Damage,Criminal Damage To Motor Vehicle,1,2015,10
E01001880,Hammersmith and Fulham,Violence Against the Person,Harassment,1,2015,2
E01000239,Barnet,Burglary,Burglary in a Dwelling,2,2015,8
E01003259,Lewisham,Burglary,Burglary in a Dwelling,3,2013,12
E01004726,Westminster,Criminal Damage,Other Criminal Damage,1,2010,8
E01001944,Hammersmith and Fulham,Burglary,Burglary in a Dwelling,0,2013,2
E01002714,Islington,Theft and Handling,Theft From Motor Vehicle,8,2010,5
E01003352,Lewisham,Other Notifiable Offences,Going Equipped,0,2015,2
E01003577,Newham,Theft and Handling,Handling Stolen Goods,0,2008,4
E01004346,Waltham Forest,Burglary,Burglary in Other Buildings,0,2012,8
E01003700,Redbridge,Violence Against the Person,Wounding/GBH,0,2015,10
E01002322,Havering,Violence Against the Person,Other violence,0,2015,1
E01001362,Ealing,Criminal Damage,Criminal Damage To Dwelling,1,2014,10
E01002920,Kingston upon Thames,Theft and Handling,Theft From Motor Vehicle,0,2008,6
E01000370,Bexley,Theft and Handling,Theft/Taking Of Motor Vehicle,1,2011,1
E01000797,Bromley,Criminal Damage,Criminal Damage To Other Building,1,2015,3
E01003967,Southwark,Violence Against the Person,Murder,0,2008,1
E01001798,Hackney,Theft and Handling,Other Theft,0,2012,5
E01000040,Barking and Dagenham,Violence Against the Person,Common Assault,1,2015,10
E01002670,Hounslow,Fraud or Forgery,Counted per Victim,0,2012,6
E01032743,Ealing,Criminal Damage,Other Criminal Damage,1,2015,8
E01004064,Southwark,Fraud or Forgery,Counted per Victim,0,2010,11
E01002536,Hillingdon,Violence Against the Person,Wounding/GBH,0,2014,5
E01002604,Hounslow,Theft and Handling,Theft From Shops,0,2009,8
E01001900,Hammersmith and Fulham,Violence Against the Person,Offensive Weapon,1,2014,12
E01002891,Kensington and Chelsea,Violence Against the Person,Harassment,0,2009,5
E01032803,Southwark,Violence Against the Person,Assault with Injury,0,2013,5
E01003030,Lambeth,Violence Against the Person,Offensive Weapon,0,2010,11
E01001572,Greenwich,Violence Against the Person,Assault with Injury,1,2011,5
E01002828,Kensington and Chelsea,Criminal Damage,Criminal Damage To Motor Vehicle,0,2010,8
E01000905,Camden,Drugs,Possession Of Drugs,1,2015,7
E01003228,Lewisham,Violence Against the Person,Wounding/GBH,0,2010,5
E01003904,Richmond upon Thames,Theft and Handling,Theft From Shops,0,2015,3
E01004201,Tower Hamlets,Theft and Handling,Theft From Shops,0,2009,4
E01001350,Ealing,Theft and Handling,Motor Vehicle Interference & Tampering,0,2014,1
E01003075,Lambeth,Theft and Handling,Theft/Taking Of Motor Vehicle,0,2011,5
E01001570,Enfield,Theft and Handling,Theft From Motor Vehicle,1,2011,11
E01000028,Barking and Dagenham,Violence Against the Person,Common Assault,1,2015,7
E01003074,Lambeth,Criminal Damage,Other Criminal Damage,0,2015,6
E01000596,Brent,Other Notifiable Offences,Other Notifiable,0,2010,1
E01004030,Southwark,Violence Against the Person,Harassment,0,2012,5
E01002819,Kensington and Chelsea,Other Notifiable Offences,Going Equipped,0,2014,4
E01000386,Bexley,Violence Against the Person,Other violence,0,2008,3
E01001226,Ealing,Violence Against the Person,Offensive Weapon,0,2014,12
E01001653,Greenwich,Theft and Handling,Motor Vehicle Interference & Tampering,0,2016,1
E01000964,Camden,Theft and Handling,Theft/Taking of Pedal Cycle,2,2016,5
E01000670,Bromley,Burglary,Burglary in Other Buildings,0,2009,9
E01002646,Hounslow,Theft and Handling,Theft From Shops,1,2013,9
E01003547,Newham,Robbery,Business Property,0,2008,6
E01004081,Sutton,Burglary,Burglary in Other Buildings,0,2013,5
E01000210,Barnet,Theft and Handling,Theft/Taking of Pedal Cycle,0,2016,11
E01002935,Kingston upon Thames,Criminal Damage,Criminal Damage To Other Building,0,2016,8
E01002415,Hillingdon,Criminal Damage,Other Criminal Damage,0,2014,1
E01004697,Westminster,Robbery,Personal Property,0,2008,5
E01003963,Southwark,Theft and Handling,Motor Vehicle Interference & Tampering,0,2010,2
E01002984,Kingston upon Thames,Violence Against the Person,Assault with Injury,0,2015,5
E01002994,Kingston upon Thames,Theft and Handling,Other Theft,2,2011,10
E01003507,Newham,Criminal Damage,Criminal Damage To Dwelling,0,2009,12
E01003312,Lewisham,Theft and Handling,Other Theft,0,2009,5
E01000919,Camden,Theft and Handling,Motor Vehicle Interference & Tampering,1,2010,1
E01003276,Lewisham,Other Notifiable Offences,Other Notifiable,0,2013,10
E01000322,Barnet,Drugs,Drug Trafficking,0,2011,11
E01032769,Tower Hamlets,Theft and Handling,Theft From Shops,0,2012,11
E01001711,Greenwich,Theft and Handling,Theft From Shops,0,2014,3
E01004434,Waltham Forest,Other Notifiable Offences,Other Notifiable,1,2011,12
E01000582,Brent,Criminal Damage,Criminal Damage To Motor Vehicle,1,2012,12
E01004180,Sutton,Violence Against the Person,Offensive Weapon,0,2016,9
E01004117,Sutton,Robbery,Business Property,0,2010,6
E01002463,Hillingdon,Theft and Handling,Theft From Shops,0,2008,3
E01004209,Tower Hamlets,Violence Against the Person,Assault with Injury,0,2011,5
E01004230,Tower Hamlets,Violence Against the Person,Offensive Weapon,0,2016,8
E01001991,Haringey,Theft and Handling,Motor Vehicle Interference & Tampering,0,2008,11
E01003395,Merton,Violence Against the Person,Assault with Injury,0,2009,10
E01002489,Hillingdon,Drugs,Possession Of Drugs,2,2008,3
E01000384,Bexley,Theft and Handling,Handling Stolen Goods,0,2012,7
E01001925,Hammersmith and Fulham,Theft and Handling,Other Theft,5,2010,8
E01000905,Camden,Theft and Handling,Other Theft Person,0,2010,7
E01003424,Merton,Criminal Damage,Criminal Damage To Dwelling,0,2011,2
E01004124,Sutton,Violence Against the Person,Other violence,0,2013,12
E01004604,Wandsworth,Theft and Handling,Theft From Motor Vehicle,4,2015,12
E01000799,Bromley,Sexual Offences,Other Sexual,0,2013,12
E01003615,Newham,Violence Against the Person,Common Assault,0,2016,3
E01003124,Lambeth,Violence Against the Person,Assault with Injury,0,2010,4
E01001801,Hackney,Theft and Handling,Other Theft,0,2012,4
E01002263,Havering,Theft and Handling,Other Theft,0,2013,8
E01001925,Hammersmith and Fulham,Criminal Damage,Other Criminal Damage,0,2008,7
E01002704,Islington,Violence Against the Person,Assault with Injury,4,2015,1
E01000545,Brent,Theft and Handling,Other Theft Person,0,2015,11
E01000086,Barking and Dagenham,Burglary,Burglary in a Dwelling,3,2009,7
E01003759,Redbridge,Violence Against the Person,Common Assault,0,2009,4
E01001348,Ealing,Theft and Handling,Other Theft,1,2011,3
E01003845,Richmond upon Thames,Theft and Handling,Motor Vehicle Interference & Tampering,1,2009,2
E01002956,Kingston upon Thames,Violence Against the Person,Offensive Weapon,0,2012,4
E01003318,Lewisham,Violence Against the Person,Harassment,4,2013,1
E01001405,Enfield,Criminal Damage,Criminal Damage To Motor Vehicle,0,2016,5
E01003301,Lewisham,Violence Against the Person,Harassment,0,2014,4
E01001253,Ealing,Violence Against the Person,Assault with Injury,0,2013,11
E01000467,Bexley,Drugs,Other Drugs,0,2016,4
E01003693,Redbridge,Robbery,Personal Property,0,2009,11
E01002901,Kensington and Chelsea,Theft and Handling,Theft From Shops,0,2016,2
E01003666,Redbridge,Theft and Handling,Handling Stolen Goods,0,2014,11
E01001083,Croydon,Burglary,Burglary in a Dwelling,1,2012,11
E01003280,Lewisham,Criminal Damage,Criminal Damage To Other Building,0,2014,10
E01001299,Ealing,Violence Against the Person,Other violence,0,2015,11
E01001141,Croydon,Theft and Handling,Other Theft,2,2015,3
E01004027,Southwark,Other Notifiable Offences,Going Equipped,0,2015,5
E01002234,Harrow,Violence Against the Person,Assault with Injury,0,2012,11
E01004508,Wandsworth,Other Notifiable Offences,Going Equipped,0,2016,8
E01004336,Waltham Forest,Burglary,Burglary in a Dwelling,3,2010,2
E01001217,Ealing,Fraud or Forgery,Counted per Victim,0,2010,4
E01002587,Hounslow,Theft and Handling,Other Theft,1,2014,12
E01001250,Ealing,Theft and Handling,Theft From Motor Vehicle,0,2010,3
E01000050,Barking and Dagenham,Criminal Damage,Criminal Damage To Dwelling,0,2012,8
E01002584,Hounslow,Criminal Damage,Criminal Damage To Other Building,1,2009,12
E01002762,Islington,Criminal Damage,Criminal Damage To Dwelling,0,2010,3
E01001956,Hammersmith and Fulham,Theft and Handling,Theft From Motor Vehicle,0,2008,11
E01000341,Bexley,Theft and Handling,Theft/Taking of Pedal Cycle,0,2014,4
E01000409,Bexley,Violence Against the Person,Assault with Injury,1,2008,11
E01002486,Hillingdon,Fraud or Forgery,Other Fraud & Forgery,0,2014,6
E01004696,Westminster,Criminal Damage,Criminal Damage To Dwelling,2,2009,3
E01000448,Bexley,Violence Against the Person,Other violence,0,2012,1
E01003290,Lewisham,Theft and Handling,Motor Vehicle Interference & Tampering,0,2015,8
