E01032743,Ealing,Theft and Handling,Theft/Taking of Pedal Cycle,0,2008,2
E01004624,Wandsworth,Violence Against the Person,Wounding/GBH,0,2013,10
E01004413,Waltham Forest,Violence Against the Person,Other violence,0,2014,10
E01001647,Greenwich,Robbery,Personal Property,1,2008,2
E01000664,Bromley,Theft and Handling,Other Theft,0,2012,7
E01000064,Barking and Dagenham,Other Notifiable Offences,Other Notifiable,0,2015,8
E01001526,Enfield,Other Notifiable Offences,Other Notifiable,0,2008,12
E01004500,Wandsworth,Burglary,Burglary in Other Buildings,0,2008,8
E01000718,Bromley,Violence Against the Person,Harassment,2,2011,6
E01000294,Barnet,Criminal Damage,Other Criminal Damage,0,2008,10
E01000688,Bromley,Theft and Handling,Theft From Motor Vehicle,1,2014,1
E01033582,Newham,Violence Against the Person,Other violence,0,2015,7
E01000033,Barking and Dagenham,Drugs,Possession Of Drugs,0,2013,10
E01001236,Ealing,Robbery,Personal Property,0,2013,9
E01001532,Enfield,Violence Against the Person,Common Assault,0,2015,8
E01000565,Brent,Theft and Handling,Theft/Taking of Pedal Cycle,0,2015,7
E01000915,Camden,Theft and Handling,Other Theft Person,0,2009,2
E01003457,Merton,Theft and Handling,Other Theft Person,0,2010,8
E01003002,Kingston upon Thames,Fraud or Forgery,Counted per Victim,0,2015,6
E01002270,Havering,Criminal Damage,Criminal Damage To Other Building,0,2014,1
E01002014,Haringey,Robbery,Business Property,0,2009,12
E01002802,Islington,Other Notifiable Offences,Other Notifiable,0,2012,8
E01001136,Croydon,Criminal Damage,Criminal Damage To Dwelling,0,2008,2
E01000383,Bexley,Other Notifiable Offences,Other Notifiable,1,2010,7
E01001863,Hammersmith and Fulham,Other Notifiable Offences,Going Equipped,0,2016,3
E01004271,Tower Hamlets,Other Notifiable Offences,Other Notifiable,1,2014,9
E01003876,Richmond upon Thames,Criminal Damage,Criminal Damage To Motor Vehicle,0,2008,3
E01004042,Southwark,Violence Against the Person,Offensive Weapon,0,2013,1
E01000300,Barnet,Theft and Handling,Theft/Taking of Pedal Cycle,0,2009,2
E01000888,Camden,Fraud or Forgery,Counted per Victim,0,2013,3
E01000256,Barnet,Criminal Damage,Criminal Damage To Dwelling,0,2010,6
E01004695,Westminster,Drugs,Drug Trafficking,0,2010,11
E01004604,Wandsworth,Theft and Handling,Motor Vehicle Interference & Tampering,0,2009,7
E01001939,Hammersmith and Fulham,Violence Against the Person,Wounding/GBH,0,2014,4
E01000074,Barking and Dagenham,Violence Against the Person,Assault with Injury,1,2014,2
E01033570,Richmond upon Thames,Violence Against the Person,Wounding/GBH,0,2012,3
E01002777,Islington,Drugs,Drug Trafficking,0,2008,4
E01002894,Kensington and Chelsea,Theft and Handling,Handling Stolen Goods,0,2014,8
E01002781,Islington,Theft and Handling,Other Theft Person,1,2015,8
E01000997,Croydon,Drugs,Other Drugs,0,2008,6
E01001343,Ealing,Criminal Damage,Criminal Damage To Other Building,0,2008,9
E01003527,Newham,Drugs,Drug Trafficking,0,2012,3
E01003443,Merton,Other Notifiable Offences,Other Notifiable,0,2010,4
E01004123,Sutton,Robbery,Personal Property,3,2008,3
E01000865,Camden,Other Notifiable Offences,Going Equipped,0,2011,10
E01003260,Lewisham,Theft and Handling,Theft/Taking Of Motor Vehicle,2,2016,12
E01004156,Sutton,Theft and Handling,Other Theft,2,2015,5
E01001885,Hammersmith and Fulham,Theft and Handling,Handling Stolen Goods,0,2008,1
E01002998,Kingston upon Thames,Violence Against the Person,Common Assault,0,2010,4
E01003776,Redbridge,Violence Against the Person,Common Assault,0,2010,10
E01003919,Southwark,Robbery,Personal Property,1,2015,7
E01002623,Hounslow,Burglary,Burglary in Other Buildings,0,2009,9
E01000801,Bromley,Robbery,Business Property,0,2012,11
E01004455,Waltham Forest,Violence Against the Person,Common Assault,1,2013,10
E01002840,Kensington and Chelsea,Theft and Handling,Other Theft,2,2013,4
E01004462,Waltham Forest,Robbery,Personal Property,0,2008,8
E01002812,Kensington and Chelsea,Theft and Handling,Theft/Taking of Pedal Cycle,0,2016,1
E01002492,Hillingdon,Theft and Handling,Theft/Taking of Pedal Cycle,0,2010,5
E01004631,Wandsworth,Criminal Damage,Criminal Damage To Other Building,0,2013,1
E01002669,Hounslow,Robbery,Business Property,0,2008,3
E01002332,Havering,Drugs,Possession Of Drugs,0,2010,2
E01001235,Ealing,Criminal Damage,Criminal Damage To Dwelling,0,2013,7
E01002538,Hillingdon,Other Notifiable Offences,Other Notifiable,0,2015,8
E01002798,Islington,Theft and Handling,Theft/Taking Of Motor Vehicle,0,2008,6
E01032579,Lewisham,Violence Against the Person,Other violence,0,2013,3
E01033596,Westminster,Violence Against the Person,Harassment,4,2012,8
E01002930,Kingston upon Thames,Theft and Handling,Motor Vehicle Interference & Tampering,0,2008,9
E01000477,Brent,Violence Against the Person,Other violence,0,2014,3
E01002272,Havering,Criminal Damage,Other Criminal Damage,0,2009,1
E01000028,Barking and Dagenham,Criminal Damage,Criminal Damage To Dwelling,0,2011,10
E01003298,Lewisham,Theft and Handling,Motor Vehicle Interference & Tampering,0,2012,5
E01004481,Wandsworth,Violence Against the Person,Offensive Weapon,0,2012,2
E01000534,Brent,Theft and Handling,Motor Vehicle Interference & Tampering,0,2009,6
E01002979,Kingston upon Thames,Robbery,Personal Property,0,2009,11
E01004558,Wandsworth,Criminal Damage,Criminal Damage To Dwelling,0,2010,9
E01001457,Enfield,Theft and Handling,Theft From Shops,1,2013,3
E01000936,Camden,Violence Against the Person,Other violence,0,2016,3
E01002071,Haringey,Theft and Handling,Motor Vehicle Interference & Tampering,0,2011,8
E01003669,Redbridge,Criminal Damage,Criminal Damage To Other Building,0,2009,12
E01003436,Merton,Theft and Handling,Other Theft,1,2008,2
E01004384,Waltham Forest,Burglary,Burglary in Other Buildings,0,2011,10
E01000010,Barking and Dagenham,Theft and Handling,Theft From Shops,12,2008,5
E01003567,Newham,Theft and Handling,Theft From Motor Vehicle,2,2008,1
E01003481,Newham,Burglary,Burglary in Other Buildings,0,2014,6
E01003172,Lambeth,Drugs,Possession Of Drugs,1,2014,7
E01000909,Camden,Other Notifiable Offences,Other Notifiable,0,2011,3
E01003005,Kingston upon Thames,Criminal Damage,Criminal Damage To Other Building,0,2016,1
E01003565,Newham,Theft and Handling,Other Theft,1,2011,10
E01000227,Barnet,Theft and Handling,Handling Stolen Goods,0,2008,8
E01004446,Waltham Forest,Robbery,Business Property,0,2008,4
E01032623,Sutton,Violence Against the Person,Harassment,1,2013,1
E01001391,Enfield,Fraud or Forgery,Other Fraud & Forgery,0,2010,1
E01002096,Haringey,Theft and Handling,Theft/Taking of Pedal Cycle,0,2010,5
E01004038,Southwark,Criminal Damage,Criminal Damage To Other Building,0,2014,11
E01003050,Lambeth,Criminal Damage,Criminal Damage To Other Building,0,2016,10
E01000637,Brent,Drugs,Drug Trafficking,0,2011,6
E01004360,Waltham Forest,Violence Against the Person,Wounding/GBH,0,2016,4
E01002964,Kingston upon Thames,Robbery,Personal Property,0,2016,2
E01004397,Waltham Forest,Sexual Offences,Other Sexual,0,2015,6
E01002336,Havering,Burglary,Burglary in a Dwelling,1,2011,5
E01002984,Kingston upon Thames,Robbery,Personal Property,0,2013,10
E01000695,Bromley,Violence Against the Person,Other violence,0,2012,1
E01003473,Merton,Theft and Handling,Theft/Taking Of Motor Vehicle,1,2016,3
E01002145,Harrow,Burglary,Burglary in a Dwelling,0,2013,7
E01003128,Lambeth,Drugs,Other Drugs,0,2012,12
E01001694,Greenwich,Criminal Damage,Criminal Damage To Dwelling,0,2010,9
E01003055,Lambeth,Violence Against the Person,Assault with Injury,2,2011,9
E01000562,Brent,Sexual Offences,Rape,1,2008,1
E01003003,Kingston upon Thames,Violence Against the Person,Wounding/GBH,1,2013,5
E01001078,Croydon,Theft and Handling,Theft From Motor Vehicle,0,2008,5
E01003209,Lewisham,Theft and Handling,Motor Vehicle Interference & Tampering,0,2010,9
E01000203,Barnet,Criminal Damage,Criminal Damage To Other Building,0,2012,12
E01001307,Ealing,Violence Against the Person,Harassment,0,2013,2
E01004491,Wandsworth,Criminal Damage,Criminal Damage To Motor Vehicle,0,2012,4
E01001599,Greenwich,Criminal Damage,Criminal Damage To Other Building,0,2012,10
E01032638,Southwark,Theft and Handling,Theft/Taking of Pedal Cycle,0,2011,7
E01002867,Kensington and Chelsea,Theft and Handling,Theft From Motor Vehicle,7,2010,1
E01004076,Sutton,Burglary,Burglary in a Dwelling,1,2008,11
E01000121,Barnet,Theft and Handling,Other Theft Person,0,2012,3
E01004341,Waltham Forest,Theft and Handling,Handling Stolen Goods,0,2015,4
E01003964,Southwark,Violence Against the Person,Assault with Injury,4,2014,9
E01000218,Barnet,Robbery,Business Property,0,2009,6
E01002854,Kensington and Chelsea,Other Notifiable Offences,Going Equipped,0,2012,11
E01002512,Hillingdon,Violence Against the Person,Harassment,1,2009,8
E01004157,Sutton,Criminal Damage,Criminal Damage To Motor Vehicle,0,2015,6
E01003764,Redbridge,Violence Against the Person,Offensive Weapon,0,2008,12
E01001039,Croydon,Criminal Damage,Other Criminal Damage,0,2011,5
E01001283,Ealing,Drugs,Possession Of Drugs,0,2013,12
E01003981,Southwark,Violence Against the Person,Wounding/GBH,3,2015,11
E01001136,Croydon,Violence Against the Person,Murder,0,2015,12
E01003090,Lambeth,Criminal Damage,Criminal Damage To Dwelling,0,2012,12
E01001909,Hammersmith and Fulham,Theft and Handling,Theft From Motor Vehicle,1,2009,6
E01004526,Wandsworth,Theft and Handling,Other Theft Person,0,2015,11
E01003720,Redbridge,Violence Against the Person,Wounding/GBH,0,2012,5
E01004023,Southwark,Drugs,Drug Trafficking,0,2010,3
E01002666,Hounslow,Theft and Handling,Theft/Taking Of Motor Vehicle,1,2015,9
E01000125,Barnet,Theft and Handling,Other Theft Person,0,2015,10
E01004268,Tower Hamlets,Theft and Handling,Theft From Shops,0,2015,5
E01000263,Barnet,Violence Against the Person,Wounding/GBH,0,2011,3
E01001751,Hackney,Drugs,Drug Trafficking,0,2015,2
E01004001,Southwark,Theft and Handling,Other Theft Person,0,2015,6
E01000498,Brent,Theft and Handling,Handling Stolen Goods,0,2016,11
E01002613,Hounslow,Drugs,Possession Of Drugs,2,2016,11
E01003212,Lewisham,Violence Against the Person,Murder,0,2010,11
E01004067,Southwark,Violence Against the Person,Harassment,1,2009,11
E01001376,Ealing,Theft and Handling,Other Theft,1,2010,4
E01004503,Wandsworth,Violence Against the Person,Assault with Injury,0,2016,1
E01002987,Kingston upon Thames,Theft and Handling,Other Theft Person,2,2016,9
E01002602,Hounslow,Burglary,Burglary in Other Buildings,0,2011,5
E01003146,Lambeth,Theft and Handling,Theft From Shops,0,2014,7
E01001867,Hammersmith and Fulham,Criminal Damage,Criminal Damage To Dwelling,0,2013,3
E01000097,Barking and Dagenham,Violence Against the Person,Harassment,1,2011,12
E01000145,Barnet,Drugs,Possession Of Drugs,0,2009,4
E01000502,Brent,Robbery,Personal Property,0,2011,3
E01004319,Tower Hamlets,Criminal Damage,Other Criminal Damage,0,2012,1
E01001928,Hammersmith and Fulham,Theft and Handling,Motor Vehicle Interference & Tampering,0,2015,1
E01003712,Redbridge,Criminal Damage,Criminal Damage To Dwelling,0,2013,3
E01002737,Islington,Burglary,Burglary in a Dwelling,2,2011,5
E01003606,Newham,Theft and Handling,Theft/Taking of Pedal Cycle,0,2010,8
E01002311,Havering,Violence Against the Person,Common Assault,1,2015,4
E01002461,Hillingdon,Criminal Damage,Other Criminal Damage,1,2010,10
E01003968,Southwark,Violence Against the Person,Murder,0,2016,6
E01000808,Bromley,Theft and Handling,Theft From Motor Vehicle,1,2008,7
E01002812,Kensington and Chelsea,Violence Against the Person,Other violence,0,2011,4
E01033135,Wandsworth,Violence Against the Person,Common Assault,0,2012,4
E01001870,Hammersmith and Fulham,Violence Against the Person,Common Assault,0,2013,6
E01002971,Kingston upon Thames,Theft and Handling,Handling Stolen Goods,0,2013,9
E01002790,Islington,Criminal Damage,Criminal Damage To Motor Vehicle,1,2008,1
E01001412,Enfield,Criminal Damage,Criminal Damage To Motor Vehicle,1,2016,2
E01000744,Bromley,Criminal Damage,Criminal Damage To Dwelling,2,2010,7
E01004757,Westminster,Criminal Damage,Criminal Damage To Motor Vehicle,0,2015,5
E01002489,Hillingdon,Theft and Handling,Other Theft Person,0,2008,6
E01002006,Haringey,Theft and Handling,Motor Vehicle Interference & Tampering,0,2010,5
E01004659,Westminster,Theft and Handling,Theft From Motor Vehicle,0,2010,10
E01004180,Sutton,Sexual Offences,Other Sexual,0,2015,12
E01003491,Newham,Violence Against the Person,Harassment,0,2013,5
E01000894,Camden,Theft and Handling,Handling Stolen Goods,0,2013,1
E01003732,Redbridge,Criminal Damage,Criminal Damage To Motor Vehicle,4,2008,7
E01002267,Havering,Theft and Handling,Other Theft Person,0,2016,12
E01004384,Waltham Forest,Violence Against the Person,Assault with Injury,2,2014,9
E01003569,Newham,Theft and Handling,Theft From Shops,4,2011,4
E01001914,Hammersmith and Fulham,Criminal Damage,Criminal Damage To Dwelling,0,2014,7
E01002140,Harrow,Burglary,Burglary in a Dwelling,2,2012,12
E01004036,Southwark,Robbery,Personal Property,1,2015,1
E01004368,Waltham Forest,Theft and Handling,Other Theft Person,0,2013,9
E01002130,Harrow,Violence Against the Person,Assault with Injury,3,2011,6
E01004462,Waltham Forest,Other Notifiable Offences,Other Notifiable,1,2016,7
E01000705,Bromley,Violence Against the Person,Assault with Injury,3,2010,5
E01001337,Ealing,Theft and Handling,Other Theft Person,0,2014,7
E01002624,Hounslow,Robbery,Business Property,0,2009,6
E01002444,Hillingdon,Theft and Handling,Handling Stolen Goods,1,2016,11
E01002708,Islington,Other Notifiable Offences,Other Notifiable,0,2012,10
E01000890,Camden,Theft and Handling,Handling Stolen Goods,0,2010,10
E01002368,Havering,Violence Against the Person,Offensive Weapon,0,2008,6
E01000994,Croydon,Theft and Handling,Other Theft,0,2010,6
E01004700,Westminster,Theft and Handling,Theft/Taking of Pedal Cycle,0,2015,4
E01002948,Kingston upon Thames,Criminal Damage,Criminal Damage To Dwelling,0,2011,7
E01003771,Redbridge,Fraud or Forgery,Counted per Victim,0,2016,4
E01002814,Kensington and Chelsea,Theft and Handling,Theft/Taking of Pedal Cycle,1,2008,11
E01004328,Waltham Forest,Drugs,Drug Trafficking,0,2015,10
E01000914,Camden,Theft and Handling,Theft From Motor Vehicle,4,2008,8
E01002210,Harrow,Drugs,Drug Trafficking,0,2014,9
E01001940,Hammersmith and Fulham,Theft and Handling,Theft/Taking Of Motor Vehicle,0,2014,7
E01003244,Lewisham,Burglary,Burglary in a Dwelling,0,2016,3
E01003607,Newham,Drugs,Drug Trafficking,0,2009,7
E01001591,Greenwich,Theft and Handling,Other Theft,2,2008,6
E01003053,Lambeth,Violence Against the Person,Common Assault,3,2015,8
E01001665,Greenwich,Robbery,Personal Property,0,2015,6
E01001632,Greenwich,Robbery,Business Property,0,2009,9
E01000306,Barnet,Other Notifiable Offences,Other Notifiable,0,2012,12
E01001871,Hammersmith and Fulham,Theft and Handling,Theft/Taking Of Motor Vehicle,1,2011,7
E01002234,Harrow,Theft and Handling,Theft/Taking of Pedal Cycle,0,2015,4
E01003650,Redbridge,Criminal Damage,Criminal Damage To Motor Vehicle,0,2014,9
E01033735,Greenwich,Criminal Damage,Criminal Damage To Motor Vehicle,1,2016,8
E01002100,Haringey,Theft and Handling,Other Theft Person,0,2013,7
E01001671,Greenwich,Theft and Handling,Handling Stolen Goods,0,2012,7
E01003119,Lambeth,Criminal Damage,Criminal Damage To Motor Vehicle,0,2016,2
E01003219,Lewisham,Criminal Damage,Other Criminal Damage,0,2011,3
E01003864,Richmond upon Thames,Criminal Damage,Other Criminal Damage,0,2010,5
E01001718,Hackney,Violence Against the Person,Harassment,1,2008,6
E01003457,Merton,Criminal Damage,Other Criminal Damage,0,2010,5
E01000952,Camden,Violence Against the Person,Wounding/GBH,0,2012,5
E01033746,Greenwich,Criminal Damage,Criminal Damage To Dwelling,0,2010,1
E01000721,Bromley,Violence Against the Person,Offensive Weapon,0,2014,9
E01002202,Harrow,Criminal Damage,Criminal Damage To Motor Vehicle,0,2014,7
E01003255,Lewisham,Violence Against the Person,Wounding/GBH,0,2010,4
E01001711,Greenwich,Robbery,Business Property,0,2013,4
E01003401,Merton,Other Notifiable Offences,Going Equipped,0,2014,6
E01001320,Ealing,Violence Against the Person,Harassment,0,2011,8
E01003502,Newham,Theft and Handling,Other Theft,1,2010,12
E01003766,Redbridge,Drugs,Possession Of Drugs,2,2011,6
E01002802,Islington,Other Notifiable Offences,Other Notifiable,0,2010,2
E01002083,Haringey,Burglary,Burglary in a Dwelling,1,2014,9
E01003993,Southwark,Theft and Handling,Theft From Shops,0,2016,11
E01002881,Kensington and Chelsea,Theft and Handling,Other Theft Person,0,2011,5
E01000770,Bromley,Theft and Handling,Theft From Motor Vehicle,0,2015,12
E01003585,Newham,Violence Against the Person,Harassment,0,2010,5
E01002405,Hillingdon,Fraud or Forgery,Other Fraud & Forgery,0,2016,9
E01000326,Bexley,Theft and Handling,Other Theft,0,2013,3
E01000446,Bexley,Criminal Damage,Criminal Damage To Dwelling,0,2008,12
E01002274,Havering,Theft and Handling,Theft From Shops,0,2015,3
E01003559,Newham,Drugs,Possession Of Drugs,1,2009,6
E01002526,Hillingdon,Burglary,Burglary in Other Buildings,1,2016,2
E01001755,Hackney,Theft and Handling,Other Theft Person,0,2009,4
E01004505,Wandsworth,Burglary,Burglary in Other Buildings,3,2009,9
E01003389,Merton,Violence Against the Person,Murder,0,2013,5
E01003270,Lewisham,Violence Against the Person,Other violence,0,2012,9
E01002803,Islington,Burglary,Burglary in Other Buildings,1,2015,12
E01001135,Croydon,Theft and Handling,Theft/Taking Of Motor Vehicle,0,2014,3
E01001844,Hackney,Burglary,Burglary in a Dwelling,2,2015,9
E01001482,Enfield,Theft and Handling,Theft/Taking of Pedal Cycle,0,2014,6
E01002610,Hounslow,Theft and Handling,Theft/Taking of Pedal Cycle,0,2008,6
E01003604,Newham,Violence Against the Person,Wounding/GBH,0,2011,1
E01002646,Hounslow,Criminal Damage,Criminal Damage To Dwelling,0,2010,10
E01003379,Merton,Criminal Damage,Criminal Damage To Motor Vehicle,2,2010,7
E01000849,Camden,Criminal Damage,Other Criminal Damage,0,2013,4
E01003431,Merton,Violence Against the Person,Wounding/GBH,0,2015,7
E01003987,Southwark,Other Notifiable Offences,Going Equipped,0,2015,8
E01003890,Richmond upon Thames,Theft and Handling,Theft From Motor Vehicle,0,2010,8
E01004327,Waltham Forest,Theft and Handling,Motor Vehicle Interference & Tampering,0,2010,11
E01033740,Greenwich,Drugs,Drug Trafficking,0,2013,1
E01004390,Waltham Forest,Theft and Handling,Theft/Taking of Pedal Cycle,0,2009,5
E01002441,Hillingdon,Theft and Handling,Theft/Taking of Pedal Cycle,0,2009,8
E01004195,Sutton,Violence Against the Person,Assault with Injury,0,2016,6
E01004527,Wandsworth,Violence Against the Person,Assault with Injury,0,2008,11
E01032720,Southwark,Criminal Damage,Criminal Damage To Dwelling,0,2010,1
E01000360,Bexley,Violence Against the Person,Murder,0,2013,1
E01002518,Hillingdon,Violence Against the Person,Wounding/GBH,0,2009,3
E01003840,Richmond upon Thames,Theft and Handling,Theft/Taking Of Motor Vehicle,0,2011,3
E01003143,Lambeth,Theft and Handling,Other Theft,0,2016,2
E01003663,Redbridge,Violence Against the Person,Wounding/GBH,0,2013,10
E01004492,Wandsworth,Theft and Handling,Theft/Taking of Pedal Cycle,0,2010,4
E01000290,Barnet,Theft and Handling,Motor Vehicle Interference & Tampering,0,2012,10
E01000405,Bexley,Theft and Handling,Theft From Motor Vehicle,3,2016,4
E01002019,Haringey,Violence Against the Person,Offensive Weapon,0,2009,4
E01002599,Hounslow,Criminal Damage,Criminal Damage To Motor Vehicle,0,2014,11
E01032781,Tower Hamlets,Theft and Handling,Motor Vehicle Interference & Tampering,0,2008,10
E01002623,Hounslow,Burglary,Burglary in Other Buildings,0,2012,12
E01003876,Richmond upon Thames,Criminal Damage,Other Criminal Damage,0,2016,3
E01003402,Merton,Violence Against the Person,Harassment,0,2008,11
E01002982,Kingston upon Thames,Violence Against the Person,Common Assault,0,2012,5
E01004286,Tower Hamlets,Drugs,Drug Trafficking,0,2015,12
E01003309,Lewisham,Criminal Damage,Criminal Damage To Dwelling,1,2016,12
E01004149,Sutton,Criminal Damage,Other Criminal Damage,0,2011,9
E01003562,Newham,Theft and Handling,Theft/Taking of Pedal Cycle,0,2011,5
E01001255,Ealing,Other Notifiable Offences,Other Notifiable,0,2015,12
E01001908,Hammersmith and Fulham,Theft and Handling,Theft/Taking Of Motor Vehicle,0,2010,12
E01002094,Haringey,Drugs,Other Drugs,0,2013,2
E01003739,Redbridge,Theft and Handling,Other Theft Person,0,2012,5
E01001747,Hackney,Other Notifiable Offences,Going Equipped,0,2011,12
E01000241,Barnet,Criminal Damage,Criminal Damage To Motor Vehicle,1,2012,4
E01001524,Enfield,Violence Against the Person,Wounding/GBH,0,2010,11
E01004281,Tower Hamlets,Robbery,Personal Property,0,2012,5
E01004634,Wandsworth,Criminal Damage,Criminal Damage To Other Building,0,2014,11
E01002812,Kensington and Chelsea,Theft and Handling,Theft From Shops,0,2008,2
E01002506,Hillingdon,Other Notifiable Offences,Going Equipped,0,2012,11
E01003261,Lewisham,Criminal Damage,Other Criminal Damage,0,2008,2
E01001097,Croydon,Theft and Handling,Theft From Shops,1,2010,5
E01002224,Harrow,Criminal Damage,Criminal Damage To Dwelling,1,2012,12
E01001912,Hammersmith and Fulham,Violence Against the Person,Murder,0,2010,8
E01000009,Barking and Dagenham,Burglary,Burglary in Other Buildings,0,2013,9
E01002499,Hillingdon,Violence Against the Person,Harassment,0,2011,11
E01000963,Camden,Violence Against the Person,Offensive Weapon,0,2009,5
E01000053,Barking and Dagenham,Criminal Damage,Criminal Damage To Motor Vehicle,0,2011,9
E01000673,Bromley,Theft and Handling,Other Theft,1,2012,9
E01003138,Lambeth,Criminal Damage,Criminal Damage To Motor Vehicle,0,2014,7
E01002121,Harrow,Burglary,Burglary in a Dwelling,0,2010,2
E01000999,Croydon,Violence Against the Person,Common Assault,0,2009,1
E01000322,Barnet,Theft and Handling,Theft/Taking Of Motor Vehicle,0,2015,4
E01004157,Sutton,Criminal Damage,Other Criminal Damage,0,2011,1
E01000136,Barnet,Violence Against the Person,Common Assault,3,2015,8
E01002904,Kensington and Chelsea,Burglary,Burglary in Other Buildings,0,2008,11
E01004421,Waltham Forest,Theft and Handling,Other Theft,0,2008,6
E01000734,Bromley,Other Notifiable Offences,Other Notifiable,0,2013,4
E01000702,Bromley,Burglary,Burglary in a Dwelling,3,2008,2
E01001053,Croydon,Theft and Handling,Other Theft Person,0,2008,4
E01000438,Bexley,Theft and Handling,Theft From Motor Vehicle,1,2012,7
E01000677,Bromley,Robbery,Personal Property,4,2008,4
E01002081,Haringey,Violence Against the Person,Harassment,0,2014,1
E01001843,Hackney,Theft and Handling,Theft/Taking of Pedal Cycle,0,2016,7
E01000342,Bexley,Theft and Handling,Other Theft Person,0,2012,8
E01002533,Hillingdon,Theft and Handling,Motor Vehicle Interference & Tampering,0,2016,4
E01002094,Haringey,Robbery,Business Property,0,2011,7
E01003784,Redbridge,Theft and Handling,Theft From Motor Vehicle,1,2012,6
E01002878,Kensington and Chelsea,Other Notifiable Offences,Going Equipped,0,2011,9
E01002076,Haringey,Violence Against the Person,Harassment,1,2016,10
E01004314,Tower Hamlets,Drugs,Other Drugs,0,2008,10
E01000718,Bromley,Violence Against the Person,Offensive Weapon,0,2008,2
E01002627,Hounslow,Violence Against the Person,Other violence,0,2011,4
E01001363,Ealing,Violence Against the Person,Wounding/GBH,0,2013,7
E01003904,Richmond upon Thames,Violence Against the Person,Common Assault,1,2010,8
E01000172,Barnet,Theft and Handling,Motor Vehicle Interference & Tampering,3,2015,5
E01000781,Bromley,Theft and Handling,Theft/Taking of Pedal Cycle,0,2010,7
E01001176,Croydon,Criminal Damage,Criminal Damage To Motor Vehicle,1,2014,1
E01000820,Bromley,Violence Against the Person,Harassment,2,2009,9
E01004554,Wandsworth,Theft and Handling,Theft From Motor Vehicle,2,2015,3
E01002722,Islington,Theft and Handling,Theft/Taking Of Motor Vehicle,0,2016,8
E01002813,Kensington and Chelsea,Burglary,Burglary in a Dwelling,1,2013,12
E01002621,Hounslow,Violence Against the Person,Harassment,0,2008,6
E01001967,Haringey,Criminal Damage,Other Criminal Damage,0,2013,12
E01002703,Islington,Criminal Damage,Other Criminal Damage,0,2011,9
E01001731,Hackney,Burglary,Burglary in a Dwelling,1,2008,6
E01000700,Bromley,Theft and Handling,Handling Stolen Goods,0,2011,2
E01003029,Lambeth,Violence Against the Person,Common Assault,0,2011,2
E01003459,Merton,Theft and Handling,Theft/Taking Of Motor Vehicle,0,2015,9
E01003375,Merton,Robbery,Business Property,0,2012,10
E01002135,Harrow,Violence Against the Person,Assault with Injury,0,2008,1
E01004494,Wandsworth,Fraud or Forgery,Other Fraud & Forgery,0,2015,4
E01003399,Merton,Drugs,Drug Trafficking,0,2015,5
E01000434,Bexley,Burglary,Burglary in Other Buildings,0,2014,5
E01004183,Sutton,Theft and Handling,Handling Stolen Goods,0,2014,10
E01001263,Ealing,Violence Against the Person,Offensive Weapon,0,2008,5
E01003138,Lambeth,Drugs,Drug Trafficking,0,2008,4
E01002105,Haringey,Theft and Handling,Motor Vehicle Interference & Tampering,0,2012,2
E01001335,Ealing,Burglary,Burglary in Other Buildings,0,2015,9
E01001579,Greenwich,Robbery,Personal Property,0,2010,4
E01000689,Bromley,Theft and Handling,Theft From Shops,0,2013,4
E01003395,Merton,Violence Against the Person,Offensive Weapon,0,2015,4
E01002125,Harrow,Theft and Handling,Other Theft Person,0,2012,7
E01001363,Ealing,Robbery,Business Property,0,2016,2
E01004637,Wandsworth,Theft and Handling,Other Theft Person,0,2010,10
E01002757,Islington,Criminal Damage,Other Criminal Damage,1,2016,10
E01000819,Bromley,Theft and Handling,Motor Vehicle Interference & Tampering,1,2013,3
E01002527,Hillingdon,Theft and Handling,Motor Vehicle Interference & Tampering,0,2008,7
E01001859,Hammersmith and Fulham,Violence Against the Person,Offensive Weapon,0,2015,11
E01001944,Hammersmith and Fulham,Drugs,Drug Trafficking,0,2010,4
E01001712,Greenwich,Robbery,Personal Property,0,2012,9
E01001845,Hackney,Theft and Handling,Theft/Taking of Pedal Cycle,2,2013,8
E01003324,Lewisham,Drugs,Drug Trafficking,0,2013,6
E01001006,Croydon,Violence Against the Person,Common Assault,2,2012,2
E01003052,Lambeth,Drugs,Other Drugs,1,2011,10
E01002295,Havering,Violence Against the Person,Offensive Weapon,0,2010,4
E01002756,Islington,Theft and Handling,Theft/Taking of Pedal Cycle,1,2015,9
E01001853,Hammersmith and Fulham,Theft and Handling,Theft From Motor Vehicle,3,2012,7
E01003879,Richmond upon Thames,Criminal Damage,Criminal Damage To Other Building,0,2009,9
E01002642,Hounslow,Theft and Handling,Theft/Taking of Pedal Cycle,0,2009,9
E01000628,Brent,Theft and Handling,Theft From Motor Vehicle,1,2011,5
E01001016,Croydon,Robbery,Personal Property,0,2010,6
E01000691,Bromley,Violence Against the Person,Harassment,0,2014,9
E01002485,Hillingdon,Violence Against the Person,Assault with Injury,3,2011,4
E01000600,Brent,Criminal Damage,Other Criminal Damage,2,2013,11
E01001597,Greenwich,Other Notifiable Offences,Other Notifiable,0,2013,12
E01003218,Lewisham,Theft and Handling,Theft From Shops,0,2016,8
E01002110,Harrow,Drugs,Possession Of Drugs,0,2015,9
E01003127,Lambeth,Violence Against the Person,Other violence,0,2014,2
E01004745,Westminster,Theft and Handling,Theft/Taking Of Motor Vehicle,0,2016,6
E01002854,Kensington and Chelsea,Theft and Handling,Other Theft Person,1,2011,8
E01001125,Croydon,Theft and Handling,Other Theft Person,0,2010,11
E01001953,Hammersmith and Fulham,Theft and Handling,Theft From Motor Vehicle,1,2015,2
E01004617,Wandsworth,Drugs,Other Drugs,0,2008,8
E01004417,Waltham Forest,Violence Against the Person,Assault with Injury,0,2010,6
E01001283,Ealing,Criminal Damage,Criminal Damage To Other Building,0,2012,7
E01001423,Enfield,Criminal Damage,Criminal Damage To Motor Vehicle,1,2009,1
E01004063,Southwark,Fraud or Forgery,Other Fraud & Forgery,0,2013,1
E01004365,Waltham Forest,Criminal Damage,Criminal Damage To Dwelling,0,2013,8
E01002716,Islington,Other Notifiable Offences,Going Equipped,0,2015,11
E01002531,Hillingdon,Criminal Damage,Criminal Damage To Other Building,0,2011,7
E01003939,Southwark,Drugs,Drug Trafficking,0,2009,2
E01004400,Waltham Forest,Theft and Handling,Theft From Shops,2,2015,12
E01003339,Lewisham,Theft and Handling,Theft/Taking of Pedal Cycle,0,2010,1
E01004645,Wandsworth,Violence Against the Person,Harassment,3,2015,8
E01003507,Newham,Theft and Handling,Other Theft,2,2012,8
E01004680,Westminster,Robbery,Personal Property,6,2016,12
E01000421,Bexley,Criminal Damage,Criminal Damage To Dwelling,0,2012,1
E01003543,Newham,Violence Against the Person,Assault with Injury,4,2010,10
E01001945,Hammersmith and Fulham,Other Notifiable Offences,Other Notifiable,0,2014,5
E01000730,Bromley,Theft and Handling,Handling Stolen Goods,0,2009,11
E01003685,Redbridge,Criminal Damage,Criminal Damage To Motor Vehicle,0,2009,12
E01003359,Merton,Violence Against the Person,Common Assault,0,2008,6
E01003682,Redbridge,Violence Against the Person,Common Assault,0,2012,12
E01002052,Haringey,Theft and Handling,Theft From Motor Vehicle,0,2009,12
E01003900,Richmond upon Thames,Violence Against the Person,Wounding/GBH,0,2015,5
E01004438,Waltham Forest,Drugs,Drug Trafficking,0,2010,12
E01004183,Sutton,Theft and Handling,Handling Stolen Goods,0,2012,9
E01000899,Camden,Theft and Handling,Theft/Taking Of Motor Vehicle,1,2016,10
E01002172,Harrow,Burglary,Burglary in Other Buildings,0,2012,3
E01001975,Haringey,Criminal Damage,Other Criminal Damage,0,2009,7
E01003394,Merton,Theft and Handling,Handling Stolen Goods,0,2011,6
E01002820,Kensington and Chelsea,Fraud or Forgery,Other Fraud & Forgery,0,2011,6
E01003567,Newham,Theft and Handling,Other Theft,2,2010,8
E01002797,Islington,Criminal Damage,Criminal Damage To Other Building,0,2013,2
E01032577,Hillingdon,Violence Against the Person,Offensive Weapon,0,2014,11
E01000450,Bexley,Burglary,Burglary in Other Buildings,0,2016,2
E01000939,Camden,Theft and Handling,Theft From Shops,2,2016,7
E01003198,Lewisham,Theft and Handling,Theft/Taking of Pedal Cycle,0,2010,7
E01004232,Tower Hamlets,Theft and Handling,Motor Vehicle Interference & Tampering,0,2010,10
E01001609,Greenwich,Violence Against the Person,Common Assault,1,2010,11
E01002827,Kensington and Chelsea,Burglary,Burglary in a Dwelling,4,2008,1
E01002404,Hillingdon,Theft and Handling,Theft/Taking of Pedal Cycle,0,2015,9
E01004757,Westminster,Violence Against the Person,Other violence,0,2014,8
E01003781,Redbridge,Violence Against the Person,Murder,0,2014,9
E01001524,Enfield,Other Notifiable Offences,Other Notifiable,0,2009,9
E01004610,Wandsworth,Drugs,Other Drugs,0,2014,1
E01001683,Greenwich,Theft and Handling,Theft From Motor Vehicle,0,2010,2
E01002899,Kensington and Chelsea,Theft and Handling,Other Theft,4,2009,9
E01004691,Westminster,Other Notifiable Offences,Other Notifiable,0,2014,7
E01001184,Croydon,Theft and Handling,Handling Stolen Goods,0,2009,3
E01003270,Lewisham,Theft and Handling,Theft From Shops,0,2010,5
E01001925,Hammersmith and Fulham,Burglary,Burglary in a Dwelling,2,2014,3
E01002325,Havering,Burglary,Burglary in a Dwelling,5,2011,2
E01000283,Barnet,Criminal Damage,Criminal Damage To Motor Vehicle,0,2014,4
E01003596,Newham,Drugs,Drug Trafficking,0,2009,8
E01002557,Hounslow,Burglary,Burglary in Other Buildings,0,2013,4
E01032638,Southwark,Criminal Damage,Criminal Damage To Motor Vehicle,0,2012,12
E01002905,Kensington and Chelsea,Robbery,Personal Property,0,2008,11
E01004430,Waltham Forest,Theft and Handling,Theft From Motor Vehicle,1,2015,3
E01000096,Barking and Dagenham,Burglary,Burglary in Other Buildings,0,2015,9
E01001586,Greenwich,Violence Against the Person,Assault with Injury,0,2014,2
E01003331,Lewisham,Drugs,Other Drugs,0,2010,1
E01004315,Tower Hamlets,Theft and Handling,Theft From Shops,0,2011,4
E01001124,Croydon,Criminal Damage,Criminal Damage To Dwelling,0,2009,3
E01002181,Harrow,Theft and Handling,Theft From Motor Vehicle,0,2012,9
E01004425,Waltham Forest,Robbery,Personal Property,3,2009,5
E01001080,Croydon,Theft and Handling,Theft/Taking Of Motor Vehicle,1,2012,6
E01003254,Lewisham,Theft and Handling,Other Theft,2,2009,9
E01001779,Hackney,Criminal Damage,Other Criminal Damage,0,2010,3
E01001336,Ealing,Criminal Damage,Criminal Damage To Motor Vehicle,0,2010,12
E01003073,Lambeth,Other Notifiable Offences,Other Notifiable,0,2009,9
E01003698,Redbridge,Drugs,Drug Trafficking,0,2012,4
E01004200,Tower Hamlets,Criminal Damage,Criminal Damage To Other Building,0,2010,9
E01000245,Barnet,Robbery,Personal Property,0,2011,12
E01001983,Haringey,Sexual Offences,Other Sexual,0,2011,12
E01002271,Havering,Drugs,Drug Trafficking,0,2010,8
E01002397,Hillingdon,Violence Against the Person,Murder,0,2008,4
E01003474,Merton,Other Notifiable Offences,Going Equipped,0,2011,3
E01000062,Barking and Dagenham,Criminal Damage,Other Criminal Damage,1,2016,12
E01002312,Havering,Theft and Handling,Handling Stolen Goods,0,2009,9
E01004542,Wandsworth,Theft and Handling,Handling Stolen Goods,0,2009,3
E01000007,Barking and Dagenham,Theft and Handling,Theft/Taking of Pedal Cycle,0,2010,4
E01001956,Hammersmith and Fulham,Violence Against the Person,Harassment,0,2009,7
E01004663,Westminster,Drugs,Other Drugs,0,2016,2
E01002588,Hounslow,Theft and Handling,Other Theft,0,2011,6
E01001040,Croydon,Other Notifiable Offences,Going Equipped,0,2014,11
E01002915,Kingston upon Thames,Criminal Damage,Criminal Damage To Motor Vehicle,0,2011,5
E01003994,Southwark,Fraud or Forgery,Counted per Victim,0,2011,1
E01002967,Kingston upon Thames,Criminal Damage,Other Criminal Damage,0,2014,7
E01003118,Lambeth,Robbery,Personal Property,0,2013,4
E01003333,Lewisham,Robbery,Business Property,0,2016,2
E01002136,Harrow,Theft and Handling,Other Theft Person,0,2013,9
E01002932,Kingston upon Thames,Theft and Handling,Motor Vehicle Interference & Tampering,0,2014,8
E01001975,Haringey,Violence Against the Person,Other violence,0,2013,4
E01001401,Enfield,Violence Against the Person,Offensive Weapon,0,2012,7
E01033456,Brent,Robbery,Personal Property,0,2012,9
E01001539,Enfield,Burglary,Burglary in Other Buildings,1,2011,10
E01001941,Hammersmith and Fulham,Drugs,Drug Trafficking,0,2010,7
E01002008,Haringey,Criminal Damage,Criminal Damage To Dwelling,0,2012,11
E01032784,Tower Hamlets,Theft and Handling,Theft/Taking Of Motor Vehicle,0,2015,6
E01001156,Croydon,Drugs,Drug Trafficking,0,2008,11
E01004110,Sutton,Violence Against the Person,Murder,0,2011,3
E01004010,Southwark,Violence Against the Person,Harassment,2,2008,9
E01001104,Croydon,Violence Against the Person,Harassment,1,2013,1
E01003088,Lambeth,Drugs,Possession Of Drugs,3,2013,10
E01002071,Haringey,Violence Against the Person,Common Assault,0,2014,12
E01003104,Lambeth,Violence Against the Person,Harassment,3,2014,7
E01002509,Hillingdon,Criminal Damage,Criminal Damage To Motor Vehicle,0,2009,9
E01004314,Tower Hamlets,Violence Against the Person,Assault with Injury,0,2016,4
E01000370,Bexley,Theft and Handling,Other Theft,0,2015,5
E01001477,Enfield,Theft and Handling,Motor Vehicle Interference & Tampering,0,2014,5
E01002627,Hounslow,Theft and Handling,Other Theft Person,0,2012,1
E01002134,Harrow,Burglary,Burglary in a Dwelling,0,2014,7
E01000121,Barnet,Burglary,Burglary in Other Buildings,0,2008,11
E01002173,Harrow,Criminal Damage,Other Criminal Damage,0,2013,2
E01003164,Lambeth,Theft and Handling,Theft/Taking Of Motor Vehicle,0,2010,8
E01002133,Harrow,Fraud or Forgery,Other Fraud & Forgery,0,2011,3
E01000466,Bexley,Violence Against the Person,Harassment,1,2010,10
E01002061,Haringey,Theft and Handling,Motor Vehicle Interference & Tampering,1,2014,1
E01002402,Hillingdon,Theft and Handling,Handling Stolen Goods,0,2016,3
E01000244,Barnet,Violence Against the Person,Assault with Injury,2,2013,3
E01002409,Hillingdon,Criminal Damage,Criminal Damage To Dwelling,2,2008,1
E01003151,Lambeth,Drugs,Other Drugs,0,2013,4
E01001106,Croydon,Theft and Handling,Other Theft,1,2016,9
E01002251,Havering,Robbery,Personal Property,0,2013,5
E01000221,Barnet,Robbery,Personal Property,1,2009,11
E01002347,Havering,Theft and Handling,Theft/Taking of Pedal Cycle,0,2010,8
E01033735,Greenwich,Criminal Damage,Criminal Damage To Dwelling,1,2011,9
E01000824,Bromley,Violence Against the Person,Assault with Injury,0,2014,10
E01004459,Waltham Forest,Violence Against the Person,Other violence,0,2013,7
E01000735,Bromley,Theft and Handling,Theft From Motor Vehicle,0,2012,4
E01003822,Richmond upon Thames,Criminal Damage,Criminal Damage To Motor Vehicle,1,2015,4
E01001509,Enfield,Violence Against the Person,Wounding/GBH,0,2008,6
E01000857,Camden,Violence Against the Person,Wounding/GBH,0,2013,1
E01003286,Lewisham,Violence Against the Person,Harassment,1,2015,4
E01002089,Haringey,Theft and Handling,Theft/Taking Of Motor Vehicle,0,2014,3
E01002118,Harrow,Violence Against the Person,Wounding/GBH,2,2011,5
E01004719,Westminster,Burglary,Burglary in a Dwelling,0,2015,3
E01002094,Haringey,Theft and Handling,Theft From Motor Vehicle,0,2016,5
E01001826,Hackney,Theft and Handling,Theft From Shops,0,2012,8
E01002028,Haringey,Theft and Handling,Theft From Motor Vehicle,0,2012,4
E01003158,Lambeth,Drugs,Possession Of Drugs,1,2008,10
E01001216,Ealing,Violence Against the Person,Harassment,1,2011,5
E01001507,Enfield,Violence Against the Person,Murder,0,2009,4
E01003046,Lambeth,Other Notifiable Offences,Other Notifiable,0,2009,11
E01033698,Hackney,Burglary,Burglary in Other Buildings,0,2008,4
E01001960,Hammersmith and Fulham,Criminal Damage,Criminal Damage To Dwelling,1,2012,7
E01033098,Wandsworth,Burglary,Burglary in a Dwelling,0,2009,7
E01000454,Bexley,Violence Against the Person,Assault with Injury,2,2015,5
E01001365,Ealing,Criminal Damage,Criminal Damage To Motor Vehicle,1,2010,1
E01002383,Havering,Criminal Damage,Criminal Damage To Dwelling,0,2014,2
E01000592,Brent,Violence Against the Person,Offensive Weapon,0,2014,9
E01004497,Wandsworth,Theft and Handling,Theft/Taking Of Motor Vehicle,0,2016,2
E01003095,Lambeth,Violence Against the Person,Wounding/GBH,0,2009,8
E01000203,Barnet,Other Notifiable Offences,Other Notifiable,0,2008,6
E01003535,Newham,Violence Against the Person,Wounding/GBH,0,2010,5
E01000590,Brent,Theft and Handling,Theft/Taking Of Motor Vehicle,0,2010,1
E01002062,Haringey,Other Notifiable Offences,Other Notifiable,0,2016,7
E01004392,Waltham Forest,Robbery,Business Property,1,2014,9
E01003019,Lambeth,Violence Against the Person,Assault with Injury,0,2011,11
E01003469,Merton,Burglary,Burglary in Other Buildings,0,2015,8
E01002959,Kingston upon Thames,Theft and Handling,Other Theft Person,0,2008,5
E01000411,Bexley,Theft and Handling,Motor Vehicle Interference & Tampering,0,2009,1
E01000853,Camden,Theft and Handling,Handling Stolen Goods,0,2013,2
E01001910,Hammersmith and Fulham,Theft and Handling,Theft From Motor Vehicle,2,2012,10
E01002986,Kingston upon Thames,Theft and Handling,Theft From Shops,0,2015,6
E01001346,Ealing,Robbery,Personal Property,0,2015,2
E01004228,Tower Hamlets,Criminal Damage,Criminal Damage To Other Building,1,2009,10
E01001415,Enfield,Violence Against the Person,Assault with Injury,0,2010,2
E01002135,Harrow,Theft and Handling,Other Theft,0,2013,5
E01004582,Wandsworth,Violence Against the Person,Other violence,0,2016,6
E01004437,Waltham Forest,Theft and Handling,Theft From Motor Vehicle,1,2009,4
E01003627,Newham,Burglary,Burglary in a Dwelling,1,2011,6
E01000810,Bromley,Violence Against the Person,Harassment,0,2016,2
E01002913,Kensington and Chelsea,Theft and Handling,Theft From Motor Vehicle,0,2008,9
E01001211,Ealing,Violence Against the Person,Assault with Injury,0,2008,2
E01003397,Merton,Theft and Handling,Theft From Motor Vehicle,0,2008,8
E01002789,Islington,Criminal Damage,Criminal Damage To Motor Vehicle,3,2010,12
E01033148,Enfield,Drugs,Possession Of Drugs,0,2008,2
E01000878,Camden,Fraud or Forgery,Counted per Victim,0,2009,12
E01000778,Bromley,Violence Against the Person,Harassment,5,2015,8
E01000409,Bexley,Theft and Handling,Motor Vehicle Interference & Tampering,0,2008,5
E01001144,Croydon,Violence Against the Person,Assault with Injury,0,2011,7
E01000007,Barking and Dagenham,Theft and Handling,Theft/Taking Of Motor Vehicle,0,2012,11
E01002953,Kingston upon Thames,Criminal Damage,Criminal Damage To Other Building,0,2013,9
E01003462,Merton,Theft and Handling,Theft/Taking of Pedal Cycle,0,2013,10
E01001557,Enfield,Criminal Damage,Criminal Damage To Dwelling,1,2012,5
E01004539,Wandsworth,Violence Against the Person,Other violence,0,2011,7
E01001249,Ealing,Violence Against the Person,Assault with Injury,5,2012,11
E01001825,Hackney,Robbery,Business Property,0,2008,8
E01032788,Hammersmith and Fulham,Violence Against the Person,Other violence,0,2013,5
E01000891,Camden,Violence Against the Person,Assault with Injury,3,2009,12
E01003072,Lambeth,Drugs,Other Drugs,0,2008,10
E01001611,Greenwich,Violence Against the Person,Common Assault,0,2011,5
E01000459,Bexley,Robbery,Personal Property,0,2010,12
E01004247,Tower Hamlets,Violence Against the Person,Other violence,0,2009,8
E01004708,Westminster,Criminal Damage,Criminal Damage To Dwelling,1,2014,12
E01002192,Harrow,Theft and Handling,Motor Vehicle Interference & Tampering,0,2011,10
E01000863,Camden,Violence Against the Person,Wounding/GBH,8,2014,2
E01002832,Kensington and Chelsea,Other Notifiable Offences,Other Notifiable,1,2015,8
E01002016,Haringey,Drugs,Drug Trafficking,0,2009,10
E01002934,Kingston upon Thames,Violence Against the Person,Harassment,0,2009,6
E01001536,Enfield,Burglary,Burglary in a Dwelling,2,2013,4
E01003941,Southwark,Burglary,Burglary in a Dwelling,1,2008,1
E01002061,Haringey,Theft and Handling,Theft/Taking of Pedal Cycle,0,2016,1
E01000756,Bromley,Other Notifiable Offences,Other Notifiable,0,2015,2
E01003920,Southwark,Theft and Handling,Theft/Taking Of Motor Vehicle,0,2015,5
E01003183,Lambeth,Criminal Damage,Criminal Damage To Dwelling,0,2013,7
E01002292,Havering,Violence Against the Person,Harassment,0,2011,4
E01004250,Tower Hamlets,Violence Against the Person,Assault with Injury,0,2014,8
E01000430,Bexley,Burglary,Burglary in Other Buildings,2,2014,1
E01002827,Kensington and Chelsea,Violence Against the Person,Other violence,0,2011,11
E01001821,Hackney,Theft and Handling,Motor Vehicle Interference & Tampering,1,2015,1
E01002199,Harrow,Violence Against the Person,Wounding/GBH,0,2016,12
E01003518,Newham,Theft and Handling,Handling Stolen Goods,0,2010,9
E01004219,Tower Hamlets,Burglary,Burglary in Other Buildings,0,2009,3
E01001656,Greenwich,Criminal Damage,Other Criminal Damage,0,2014,5
E01001769,Hackney,Violence Against the Person,Assault with Injury,0,2016,3
E01004164,Sutton,Criminal Damage,Criminal Damage To Motor Vehicle,1,2014,10
E01003145,Lambeth,Drugs,Possession Of Drugs,0,2012,11
E01004047,Southwark,Burglary,Burglary in a Dwelling,0,2011,5
E01001427,Enfield,Fraud or Forgery,Counted per Victim,0,2010,11
E01000570,Brent,Drugs,Possession Of Drugs,0,2015,9
E01002990,Kingston upon Thames,Other Notifiable Offences,Other Notifiable,0,2008,5
E01001756,Hackney,Fraud or Forgery,Counted per Victim,0,2016,9
E01000509,Brent,Other Notifiable Offences,Other Notifiable,0,2014,9
E01003853,Richmond upon Thames,Theft and Handling,Theft/Taking of Pedal Cycle,0,2014,1
E01000880,Camden,Drugs,Possession Of Drugs,0,2016,7
E01004267,Tower Hamlets,Theft and Handling,Other Theft Person,0,2015,10
E01000732,Bromley,Criminal Damage,Criminal Damage To Dwelling,0,2008,1
E01002101,Haringey,Drugs,Possession Of Drugs,0,2011,11
E01002430,Hillingdon,Violence Against the Person,Wounding/GBH,0,2015,2
E01004268,Tower Hamlets,Violence Against the Person,Offensive Weapon,0,2009,10
E01004091,Sutton,Burglary,Burglary in a Dwelling,0,2011,4
E01001371,Ealing,Robbery,Business Property,0,2009,12
E01002397,Hillingdon,Theft and Handling,Handling Stolen Goods,0,2013,11
E01000535,Brent,Violence Against the Person,Wounding/GBH,0,2014,10
E01002730,Islington,Violence Against the Person,Murder,0,2012,3
E01004235,Tower Hamlets,Theft and Handling,Handling Stolen Goods,0,2009,8
E01000507,Brent,Theft and Handling,Other Theft Person,0,2009,3
E01004203,Tower Hamlets,Theft and Handling,Other Theft Person,1,2014,8
E01004691,Westminster,Drugs,Possession Of Drugs,0,2014,3
E01002551,Hillingdon,Theft and Handling,Handling Stolen Goods,0,2016,8
E01003720,Redbridge,Theft and Handling,Motor Vehicle Interference & Tampering,0,2015,9
E01002633,Hounslow,Theft and Handling,Handling Stolen Goods,0,2011,5
E01032565,Lewisham,Criminal Damage,Other Criminal Damage,0,2009,11
E01001340,Ealing,Theft and Handling,Theft From Motor Vehicle,1,2013,3
E01001519,Enfield,Criminal Damage,Criminal Damage To Other Building,1,2016,6
E01000418,Bexley,Violence Against the Person,Assault with Injury,0,2008,12
E01002321,Havering,Violence Against the Person,Wounding/GBH,0,2010,11
E01003749,Redbridge,Theft and Handling,Theft/Taking of Pedal Cycle,0,2014,8
E01000275,Barnet,Theft and Handling,Other Theft,0,2011,4
E01001033,Croydon,Criminal Damage,Criminal Damage To Other Building,0,2014,11
E01001621,Greenwich,Violence Against the Person,Offensive Weapon,0,2012,12
E01001948,Hammersmith and Fulham,Theft and Handling,Handling Stolen Goods,0,2015,7
E01002044,Haringey,Drugs,Possession Of Drugs,3,2016,1
E01002855,Kensington and Chelsea,Burglary,Burglary in Other Buildings,0,2011,12
E01004502,Wandsworth,Burglary,Burglary in Other Buildings,0,2011,6
E01001686,Greenwich,Burglary,Burglary in Other Buildings,0,2015,1
E01004170,Sutton,Fraud or Forgery,Counted per Victim,0,2011,11
E01001715,Hackney,Violence Against the Person,Wounding/GBH,0,2016,3
E01000788,Bromley,Drugs,Possession Of Drugs,2,2015,12
E01002752,Islington,Burglary,Burglary in a Dwelling,1,2008,12
E01002033,Haringey,Violence Against the Person,Harassment,1,2014,9
E01033745,Greenwich,Drugs,Possession Of Drugs,0,2015,4
E01002927,Kingston upon Thames,Fraud or Forgery,Counted per Victim,0,2010,10
E01004728,Westminster,Violence Against the Person,Other violence,0,2009,4
E01003162,Lambeth,Burglary,Burglary in a Dwelling,1,2015,11
E01001287,Ealing,Other Notifiable Offences,Other Notifiable,1,2012,9
E01000504,Brent,Fraud or Forgery,Counted per Victim,0,2008,2
E01003275,Lewisham,Criminal Damage,Criminal Damage To Motor Vehicle,0,2008,3
E01001672,Greenwich,Violence Against the Person,Other violence,0,2013,9
E01003796,Redbridge,Theft and Handling,Other Theft Person,0,2011,12
E01000559,Brent,Theft and Handling,Theft From Shops,0,2008,8
E01004002,Southwark,Criminal Damage,Criminal Damage To Dwelling,0,2016,11
E01001807,Hackney,Violence Against the Person,Murder,0,2015,4
E01033739,Greenwich,Theft and Handling,Other Theft,0,2010,9
E01002209,Harrow,Other Notifiable Offences,Other Notifiable,0,2010,10
E01002098,Haringey,Criminal Damage,Criminal Damage To Other Building,0,2014,9
E01000740,Bromley,Criminal Damage,Criminal Damage To Motor Vehicle,0,2011,11
E01003026,Lambeth,Theft and Handling,Theft From Motor Vehicle,2,2009,8
E01000778,Bromley,Criminal Damage,Other Criminal Damage,0,2010,9
E01001476,Enfield,Theft and Handling,Theft From Shops,0,2012,9
E01000056,Barking and Dagenham,Violence Against the Person,Offensive Weapon,1,2008,8
E01003147,Lambeth,Criminal Damage,Criminal Damage To Motor Vehicle,0,2009,6
E01003142,Lambeth,Theft and Handling,Other Theft Person,0,2008,12
E01002553,Hillingdon,Violence Against the Person,Harassment,2,2015,8
E01000921,Camden,Theft and Handling,Theft From Shops,0,2013,10
E01001157,Croydon,Other Notifiable Offences,Other Notifiable,0,2012,11
E01001883,Hammersmith and Fulham,Theft and Handling,Motor Vehicle Interference & Tampering,0,2013,2
E01001037,Croydon,Theft and Handling,Theft/Taking of Pedal Cycle,0,2014,9
E01004681,Westminster,Robbery,Personal Property,1,2014,12
E01032779,Tower Hamlets,Violence Against the Person,Harassment,1,2016,5
E01003066,Lambeth,Theft and Handling,Theft/Taking of Pedal Cycle,1,2015,5
E01003390,Merton,Criminal Damage,Other Criminal Damage,0,2010,10
E01003211,Lewisham,Theft and Handling,Other Theft Person,0,2011,6
E01033741,Greenwich,Theft and Handling,Other Theft,0,2011,3
E01001648,Greenwich,Theft and Handling,Theft/Taking Of Motor Vehicle,0,2014,10
E01000733,Bromley,Other Notifiable Offences,Other Notifiable,0,2009,4
E01003710,Redbridge,Drugs,Possession Of Drugs,0,2015,1
E01003044,Lambeth,Theft and Handling,Theft/Taking of Pedal Cycle,0,2008,4
E01003490,Newham,Sexual Offences,Other Sexual,0,2015,11
E01002282,Havering,Drugs,Drug Trafficking,0,2015,7
E01003113,Lambeth,Theft and Handling,Theft/Taking Of Motor Vehicle,1,2009,9
E01002039,Haringey,Violence Against the Person,Harassment,1,2016,8
E01001723,Hackney,Theft and Handling,Theft From Motor Vehicle,0,2015,11
E01000079,Barking and Dagenham,Drugs,Other Drugs,0,2009,12
E01001720,Hackney,Violence Against the Person,Assault with Injury,1,2008,5
E01002676,Hounslow,Violence Against the Person,Other violence,0,2012,7
E01000897,Camden,Theft and Handling,Theft From Shops,0,2010,3
E01004412,Waltham Forest,Theft and Handling,Other Theft,0,2016,8
E01004700,Westminster,Criminal Damage,Criminal Damage To Other Building,0,2010,9
E01001764,Hackney,Theft and Handling,Theft/Taking of Pedal Cycle,0,2010,11
E01000423,Bexley,Drugs,Possession Of Drugs,0,2014,8
E01004407,Waltham Forest,Burglary,Burglary in Other Buildings,0,2014,4
E01003188,Lambeth,Burglary,Burglary in Other Buildings,1,2008,4
E01004483,Wandsworth,Burglary,Burglary in a Dwelling,0,2008,4
E01004537,Wandsworth,Theft and Handling,Theft From Motor Vehicle,0,2010,3
E01004551,Wandsworth,Robbery,Business Property,0,2010,8
E01000796,Bromley,Criminal Damage,Criminal Damage To Motor Vehicle,0,2011,1
E01001877,Hammersmith and Fulham,Theft and Handling,Theft/Taking of Pedal Cycle,0,2008,8
E01003693,Redbridge,Violence Against the Person,Offensive Weapon,0,2013,3
E01003886,Richmond upon Thames,Theft and Handling,Motor Vehicle Interference & Tampering,0,2013,4
E01002533,Hillingdon,Violence Against the Person,Other violence,0,2014,5
E01002626,Hounslow,Violence Against the Person,Assault with Injury,0,2015,11
E01004478,Wandsworth,Drugs,Possession Of Drugs,0,2014,3
E01000858,Camden,Violence Against the Person,Offensive Weapon,1,2016,11
E01004165,Sutton,Criminal Damage,Criminal Damage To Motor Vehicle,0,2011,11
E01032575,Haringey,Criminal Damage,Criminal Damage To Other Building,0,2010,12
E01000061,Barking and Dagenham,Theft and Handling,Handling Stolen Goods,0,2014,8
E01004011,Southwark,Theft and Handling,Other Theft,2,2012,11
E01001487,Enfield,Criminal Damage,Criminal Damage To Dwelling,0,2011,8
E01000445,Bexley,Theft and Handling,Motor Vehicle Interference & Tampering,0,2015,4
E01001258,Ealing,Theft and Handling,Theft/Taking of Pedal Cycle,0,2014,1
E01002802,Islington,Violence Against the Person,Wounding/GBH,0,2010,3
E01001583,Greenwich,Criminal Damage,Criminal Damage To Motor Vehicle,0,2009,11
E01003050,Lambeth,Burglary,Burglary in a Dwelling,0,2011,5
E01004351,Waltham Forest,Drugs,Possession Of Drugs,3,2008,5
E01004511,Wandsworth,Other Notifiable Offences,Going Equipped,0,2013,9
E01000505,Brent,Violence Against the Person,Offensive Weapon,0,2013,12
E01001837,Hackney,Robbery,Personal Property,1,2012,9
E01000022,Barking and Dagenham,Burglary,Burglary in Other Buildings,0,2009,1
E01001240,Ealing,Burglary,Burglary in a Dwelling,1,2010,1
E01001710,Greenwich,Robbery,Business Property,0,2009,5
E01000942,Camden,Violence Against the Person,Offensive Weapon,0,2010,12
E01001144,Croydon,Violence Against the Person,Common Assault,1,2014,6
E01001925,Hammersmith and Fulham,Criminal Damage,Criminal Damage To Dwelling,0,2013,2
E01001640,Greenwich,Theft and Handling,Handling Stolen Goods,0,2010,2
E01003511,Newham,Criminal Damage,Criminal Damage To Other Building,0,2008,1
E01002359,Havering,Criminal Damage,Criminal Damage To Motor Vehicle,0,2008,3
E01000883,Camden,Theft and Handling,Theft From Shops,0,2009,4
E01003604,Newham,Burglary,Burglary in a Dwelling,1,2016,8
E01000156,Barnet,Criminal Damage,Other Criminal Damage,0,2016,1
E01001396,Enfield,Drugs,Possession Of Drugs,1,2011,3
E01001815,Hackney,Violence Against the Person,Harassment,1,2012,3
E01002371,Havering,Violence Against the Person,Other violence,0,2010,1
E01003903,Richmond upon Thames,Robbery,Personal Property,0,2013,12
E01003433,Merton,Violence Against the Person,Wounding/GBH,0,2012,9
E01004583,Wandsworth,Drugs,Possession Of Drugs,0,2015,9
E01002328,Havering,Other Notifiable Offences,Other Notifiable,0,2009,9
E01002347,Havering,Burglary,Burglary in a Dwelling,3,2014,7
E01001412,Enfield,Violence Against the Person,Other violence,0,2012,12
E01001375,Ealing,Drugs,Possession Of Drugs,0,2012,9
E01002452,Hillingdon,Drugs,Possession Of Drugs,0,2013,8
E01004623,Wandsworth,Violence Against the Person,Assault with Injury,0,2010,3
E01000825,Bromley,Criminal Damage,Criminal Damage To Motor Vehicle,0,2013,7
E01002367,Havering,Criminal Damage,Criminal Damage To Motor Vehicle,0,2009,2
E01033456,Brent,Criminal Damage,Criminal Damage To Motor Vehicle,0,2010,6
E01004706,Westminster,Criminal Damage,Criminal Damage To Other Building,0,2011,7
E01001709,Greenwich,Theft and Handling,Theft From Motor Vehicle,7,2010,2
E01001407,Enfield,Violence Against the Person,Other violence,0,2016,2
E01001595,Greenwich,Violence Against the Person,Wounding/GBH,1,2016,1
E01000762,Bromley,Violence Against the Person,Common Assault,0,2010,11
E01004480,Wandsworth,Criminal Damage,Criminal Damage To Motor Vehicle,1,2009,3
E01002959,Kingston upon Thames,Burglary,Burglary in Other Buildings,0,2008,8
E01003042,Lambeth,Criminal Damage,Criminal Damage To Motor Vehicle,0,2010,1
E01001669,Greenwich,Robbery,Business Property,0,2008,1
E01004752,Westminster,Violence Against the Person,Assault with Injury,2,2008,2
E01003742,Redbridge,Robbery,Business Property,0,2014,10
E01002443,Hillingdon,Theft and Handling,Other Theft,2,2009,12
E01000494,Brent,Violence Against the Person,Offensive Weapon,0,2009,2
E01002214,Harrow,Burglary,Burglary in a Dwelling,3,2011,10
E01001186,Croydon,Violence Against the Person,Common Assault,1,2016,12
E01004176,Sutton,Drugs,Other Drugs,0,2016,7
E01003006,Kingston upon Thames,Other Notifiable Offences,Other Notifiable,0,2015,12
E01001296,Ealing,Theft and Handling,Theft/Taking of Pedal Cycle,0,2014,6
E01000347,Bexley,Burglary,Burglary in a Dwelling,0,2012,5
E01000439,Bexley,Other Notifiable Offences,Other Notifiable,2,2016,6
E01002860,Kensington and Chelsea,Theft and Handling,Other Theft Person,0,2010,8
E01002720,Islington,Other Notifiable Offences,Other Notifiable,1,2010,4
E01033739,Greenwich,Criminal Damage,Criminal Damage To Motor Vehicle,0,2009,10
E01033712,Hackney,Violence Against the Person,Common Assault,0,2011,2
E01004749,Westminster,Violence Against the Person,Other violence,0,2014,2
E01003999,Southwark,Robbery,Business Property,0,2015,1
E01000345,Bexley,Theft and Handling,Theft/Taking of Pedal Cycle,0,2008,7
E01033589,Redbridge,Violence Against the Person,Common Assault,2,2016,12
E01003751,Redbridge,Drugs,Possession Of Drugs,1,2014,9
E01001033,Croydon,Theft and Handling,Handling Stolen Goods,0,2014,4
E01001857,Hammersmith and Fulham,Burglary,Burglary in a Dwelling,3,2010,2
E01000583,Brent,Theft and Handling,Theft From Motor Vehicle,2,2016,11
E01032786,Tower Hamlets,Other Notifiable Offences,Going Equipped,0,2010,3
E01004015,Southwark,Drugs,Possession Of Drugs,0,2014,10
E01004189,Sutton,Drugs,Possession Of Drugs,1,2009,1
E01001241,Ealing,Theft and Handling,Handling Stolen Goods,0,2010,12
E01004061,Southwark,Violence Against the Person,Other violence,0,2009,2
E01004631,Wandsworth,Criminal Damage,Criminal Damage To Other Building,0,2010,5
E01003730,Redbridge,Other Notifiable Offences,Other Notifiable,0,2009,9
E01004272,Tower Hamlets,Violence Against the Person,Other violence,0,2012,5
E01002882,Kensington and Chelsea,Violence Against the Person,Offensive Weapon,0,2011,3
E01003093,Lambeth,Theft and Handling,Theft From Shops,0,2016,11
E01004647,Westminster,Drugs,Possession Of Drugs,0,2014,6
E01001839,Hackney,Other Notifiable Offences,Other Notifiable,1,2015,11
E01004324,Tower Hamlets,Violence Against the Person,Murder,0,2008,11
E01002359,Havering,Violence Against the Person,Offensive Weapon,0,2010,2
E01004701,Westminster,Robbery,Business Property,0,2013,12
E01002382,Havering,Violence Against the Person,Offensive Weapon,0,2014,3
E01000626,Brent,Violence Against the Person,Harassment,1,2013,11
E01000068,Barking and Dagenham,Drugs,Possession Of Drugs,0,2009,5
E01001597,Greenwich,Criminal Damage,Criminal Damage To Motor Vehicle,0,2012,6
E01002415,Hillingdon,Criminal Damage,Criminal Damage To Motor Vehicle,0,2009,7
E01000519,Brent,Violence Against the Person,Wounding/GBH,1,2015,2
E01000168,Barnet,Other Notifiable Offences,Other Notifiable,0,2008,7
E01003801,Richmond upon Thames,Violence Against the Person,Common Assault,0,2014,6
E01002575,Hounslow,Theft and Handling,Other Theft,0,2014,10
E01003052,Lambeth,Violence Against the Person,Murder,0,2008,1
E01001115,Croydon,Burglary,Burglary in Other Buildings,0,2012,1
E01001348,Ealing,Violence Against the Person,Common Assault,1,2013,2
E01000356,Bexley,Theft and Handling,Theft From Motor Vehicle,1,2011,12
E01003226,Lewisham,Theft and Handling,Theft From Motor Vehicle,1,2014,8
E01000497,Brent,Violence Against the Person,Common Assault,0,2011,3
E01003426,Merton,Drugs,Drug Trafficking,0,2010,10
E01002930,Kingston upon Thames,Violence Against the Person,Murder,0,2016,4
E01002701,Islington,Other Notifiable Offences,Going Equipped,0,2015,1
E01000091,Barking and Dagenham,Robbery,Business Property,0,2014,7
E01003709,Redbridge,Theft and Handling,Theft From Shops,0,2008,8
E01002963,Kingston upon Thames,Violence Against the Person,Common Assault,1,2008,3
E01000235,Barnet,Violence Against the Person,Offensive Weapon,0,2009,9
E01003068,Lambeth,Other Notifiable Offences,Other Notifiable,0,2010,9
E01000358,Bexley,Other Notifiable Offences,Other Notifiable,0,2016,4
E01002979,Kingston upon Thames,Criminal Damage,Criminal Damage To Dwelling,0,2014,4
E01004510,Wandsworth,Drugs,Other Drugs,0,2016,8
E01000854,Camden,Fraud or Forgery,Other Fraud & Forgery,0,2008,7
E01001332,Ealing,Criminal Damage,Criminal Damage To Dwelling,0,2010,6
E01001954,Hammersmith and Fulham,Burglary,Burglary in a Dwelling,1,2015,2
E01004230,Tower Hamlets,Theft and Handling,Theft/Taking Of Motor Vehicle,1,2012,4
E01003135,Lambeth,Theft and Handling,Theft/Taking of Pedal Cycle,1,2014,9
E01004105,Sutton,Criminal Damage,Criminal Damage To Motor Vehicle,1,2011,1
E01032573,Hounslow,Robbery,Business Property,0,2012,10
E01002913,Kensington and Chelsea,Theft and Handling,Theft/Taking Of Motor Vehicle,0,2010,6
E01001881,Hammersmith and Fulham,Violence Against the Person,Common Assault,2,2008,6
E01001720,Hackney,Theft and Handling,Theft/Taking of Pedal Cycle,0,2014,2
E01001513,Enfield,Drugs,Possession Of Drugs,4,2008,6
E01001319,Ealing,Violence Against the Person,Other violence,1,2016,7
E01001857,Hammersmith and Fulham,Theft and Handling,Theft From Shops,11,2014,8
E01002920,Kingston upon Thames,Theft and Handling,Other Theft Person,0,2008,1
E01001546,Enfield,Theft and Handling,Handling Stolen Goods,0,2014,3
E01003473,Merton,Violence Against the Person,Offensive Weapon,0,2015,9
E01002479,Hillingdon,Criminal Damage,Criminal Damage To Dwelling,0,2015,7
E01002385,Havering,Burglary,Burglary in Other Buildings,0,2016,3
E01001230,Ealing,Robbery,Personal Property,0,2011,1
E01002069,Haringey,Violence Against the Person,Assault with Injury,6,2016,1
E01003268,Lewisham,Drugs,Drug Trafficking,0,2010,9
E01001722,Hackney,Robbery,Business Property,1,2013,3
E01001423,Enfield,Theft and Handling,Handling Stolen Goods,0,2011,3
E01002566,Hounslow,Criminal Damage,Other Criminal Damage,0,2015,8
E01000044,Barking and Dagenham,Drugs,Other Drugs,0,2011,8
E01001544,Enfield,Drugs,Other Drugs,0,2013,5
E01003155,Lambeth,Other Notifiable Offences,Going Equipped,0,2016,2
E01003838,Richmond upon Thames,Drugs,Drug Trafficking,0,2009,7
E01002565,Hounslow,Theft and Handling,Motor Vehicle Interference & Tampering,0,2014,2
E01002269,Havering,Theft and Handling,Theft/Taking of Pedal Cycle,0,2008,11
E01002188,Harrow,Theft and Handling,Other Theft Person,0,2013,3
E01002753,Islington,Violence Against the Person,Murder,0,2012,7
E01033737,Greenwich,Theft and Handling,Theft From Shops,0,2011,6
E01001632,Greenwich,Drugs,Drug Trafficking,0,2011,12
E01003516,Newham,Theft and Handling,Theft/Taking of Pedal Cycle,2,2014,7
E01000180,Barnet,Robbery,Business Property,0,2008,2
E01001625,Greenwich,Robbery,Business Property,0,2008,6
E01002669,Hounslow,Violence Against the Person,Offensive Weapon,0,2010,2
E01001343,Ealing,Violence Against the Person,Harassment,1,2013,6
E01003693,Redbridge,Drugs,Possession Of Drugs,1,2013,3
E01004017,Southwark,Violence Against the Person,Wounding/GBH,0,2014,6
E01004036,Southwark,Drugs,Possession Of Drugs,2,2008,3
E01000295,Barnet,Violence Against the Person,Common Assault,0,2016,9
E01001365,Ealing,Criminal Damage,Criminal Damage To Motor Vehicle,1,2008,5
E01002988,Kingston upon Thames,Fraud or Forgery,Counted per Victim,0,2016,5
E01001208,Ealing,Burglary,Burglary in a Dwelling,1,2008,3
E01001841,Hackney,Theft and Handling,Theft/Taking Of Motor Vehicle,0,2015,12
E01003493,Newham,Fraud or Forgery,Counted per Victim,0,2009,2
E01004024,Southwark,Drugs,Drug Trafficking,0,2010,4
E01003450,Merton,Burglary,Burglary in Other Buildings,0,2010,12
E01000619,Brent,Criminal Damage,Criminal Damage To Other Building,0,2009,12
E01004460,Waltham Forest,Theft and Handling,Theft From Motor Vehicle,0,2015,10
E01033730,Greenwich,Other Notifiable Offences,Other Notifiable,0,2016,9
E01000571,Brent,Drugs,Drug Trafficking,0,2008,4
E01003842,Richmond upon Thames,Violence Against the Person,Other violence,0,2013,11
E01000541,Brent,Theft and Handling,Theft From Shops,0,2012,2
E01001397,Enfield,Burglary,Burglary in Other Buildings,0,2012,1
E01001583,Greenwich,Violence Against the Person,Other violence,1,2015,10
E01000528,Brent,Theft and Handling,Theft/Taking of Pedal Cycle,0,2008,2
E01004012,Southwark,Burglary,Burglary in Other Buildings,0,2012,3
E01003425,Merton,Theft and Handling,Other Theft Person,0,2010,12
E01000624,Brent,Theft and Handling,Motor Vehicle Interference & Tampering,0,2011,12
E01002666,Hounslow,Theft and Handling,Other Theft,0,2010,1
E01001049,Croydon,Theft and Handling,Theft/Taking Of Motor Vehicle,0,2015,11
E01033464,Brent,Violence Against the Person,Common Assault,3,2011,10
E01002839,Kensington and Chelsea,Theft and Handling,Other Theft,2,2011,12
E01004374,Waltham Forest,Violence Against the Person,Harassment,1,2016,10
E01002245,Havering,Criminal Damage,Criminal Damage To Other Building,0,2012,3
E01000798,Bromley,Theft and Handling,Handling Stolen Goods,0,2014,2
E01000216,Barnet,Theft and Handling,Other Theft,0,2011,2
E01001277,Ealing,Burglary,Burglary in a Dwelling,1,2011,1
E01033327,Lewisham,Theft and Handling,Motor Vehicle Interference & Tampering,0,2015,1
E01003531,Newham,Criminal Damage,Other Criminal Damage,0,2013,6
E01003904,Richmond upon Thames,Violence Against the Person,Harassment,0,2013,7
E01000244,Barnet,Violence Against the Person,Assault with Injury,0,2010,11
E01003567,Newham,Violence Against the Person,Common Assault,0,2013,10
E01003322,Lewisham,Violence Against the Person,Other violence,0,2015,8
E01003298,Lewisham,Theft and Handling,Other Theft Person,0,2015,1
E01003937,Southwark,Robbery,Personal Property,0,2015,3
E01003497,Newham,Drugs,Drug Trafficking,0,2014,8
E01000463,Bexley,Criminal Damage,Criminal Damage To Dwelling,0,2011,2
E01002299,Havering,Other Notifiable Offences,Other Notifiable,0,2015,10
E01033713,Hackney,Theft and Handling,Theft/Taking of Pedal Cycle,0,2015,9
E01000798,Bromley,Theft and Handling,Theft/Taking Of Motor Vehicle,1,2008,7
E01000803,Bromley,Other Notifiable Offences,Other Notifiable,0,2015,8
E01033322,Lewisham,Violence Against the Person,Common Assault,0,2009,3
E01001058,Croydon,Criminal Damage,Criminal Damage To Motor Vehicle,0,2011,9
E01001448,Enfield,Robbery,Personal Property,1,2016,8
E01000602,Brent,Theft and Handling,Theft/Taking Of Motor Vehicle,0,2009,11
E01002806,Islington,Violence Against the Person,Offensive Weapon,0,2013,5
E01004108,Sutton,Robbery,Personal Property,0,2009,4
E01003522,Newham,Theft and Handling,Other Theft,0,2013,11
E01003786,Redbridge,Violence Against the Person,Wounding/GBH,0,2014,6
E01001754,Hackney,Drugs,Drug Trafficking,0,2011,9
E01003076,Lambeth,Theft and Handling,Other Theft Person,4,2015,12
E01004449,Waltham Forest,Criminal Damage,Other Criminal Damage,0,2009,5
E01001099,Croydon,Criminal Damage,Criminal Damage To Other Building,1,2010,10
E01001034,Croydon,Theft and Handling,Motor Vehicle Interference & Tampering,0,2014,6
E01001527,Enfield,Theft and Handling,Motor Vehicle Interference & Tampering,0,2013,3
E01001314,Ealing,Theft and Handling,Other Theft,0,2016,12
E01002232,Harrow,Violence Against the Person,Offensive Weapon,0,2016,10
E01002777,Islington,Other Notifiable Offences,Other Notifiable,0,2011,5
E01001310,Ealing,Violence Against the Person,Harassment,0,2009,1
E01002446,Hillingdon,Violence Against the Person,Common Assault,0,2012,7
E01003763,Redbridge,Criminal Damage,Criminal Damage To Motor Vehicle,0,2016,6
E01002377,Havering,Criminal Damage,Criminal Damage To Other Building,0,2016,5
E01002526,Hillingdon,Other Notifiable Offences,Going Equipped,0,2014,5
E01001479,Enfield,Theft and Handling,Theft From Motor Vehicle,1,2009,4
E01000301,Barnet,Drugs,Drug Trafficking,0,2014,1
E01003180,Lambeth,Robbery,Business Property,0,2016,12
E01000682,Bromley,Violence Against the Person,Offensive Weapon,0,2008,8
E01001751,Hackney,Violence Against the Person,Common Assault,1,2013,10
E01004498,Wandsworth,Violence Against the Person,Harassment,1,2016,12
E01001184,Croydon,Theft and Handling,Handling Stolen Goods,0,2016,2
E01003547,Newham,Robbery,Business Property,0,2010,4
E01001823,Hackney,Robbery,Business Property,0,2016,9
E01001809,Hackney,Fraud or Forgery,Counted per Victim,0,2015,9
E01000133,Barnet,Violence Against the Person,Assault with Injury,1,2012,6
E01002669,Hounslow,Violence Against the Person,Other violence,0,2012,12
E01001177,Croydon,Burglary,Burglary in Other Buildings,0,2016,9
E01001058,Croydon,Criminal Damage,Criminal Damage To Other Building,0,2010,1
E01001487,Enfield,Violence Against the Person,Wounding/GBH,0,2015,9
E01000483,Brent,Criminal Damage,Criminal Damage To Dwelling,1,2010,4
E01004700,Westminster,Theft and Handling,Theft From Motor Vehicle,0,2009,8
E01004475,Wandsworth,Burglary,Burglary in Other Buildings,0,2016,6
E01003476,Merton,Theft and Handling,Other Theft,0,2009,6
E01002231,Harrow,Theft and Handling,Other Theft,1,2010,12
E01004049,Southwark,Violence Against the Person,Wounding/GBH,0,2016,8
E01004313,Tower Hamlets,Violence Against the Person,Harassment,1,2009,1
E01001127,Croydon,Burglary,Burglary in a Dwelling,1,2008,1
E01002261,Havering,Robbery,Business Property,0,2012,5
E01004181,Sutton,Criminal Damage,Other Criminal Damage,0,2011,3
E01001422,Enfield,Criminal Damage,Criminal Damage To Motor Vehicle,0,2013,6
E01003079,Lambeth,Robbery,Personal Property,0,2013,9
E01004472,Wandsworth,Violence Against the Person,Assault with Injury,0,2012,6
E01002127,Harrow,Violence Against the Person,Offensive Weapon,0,2008,1
E01002095,Haringey,Violence Against the Person,Offensive Weapon,0,2015,6
E01004734,Westminster,Violence Against the Person,Common Assault,20,2011,12
E01004442,Waltham Forest,Criminal Damage,Other Criminal Damage,0,2012,8
E01002822,Kensington and Chelsea,Robbery,Business Property,0,2009,1
E01000974,Camden,Violence Against the Person,Other violence,0,2016,4
E01000594,Brent,Violence Against the Person,Other violence,0,2015,12
E01003151,Lambeth,Theft and Handling,Theft/Taking Of Motor Vehicle,0,2015,5
E01001673,Greenwich,Criminal Damage,Criminal Damage To Other Building,1,2010,11
E01000360,Bexley,Criminal Damage,Criminal Damage To Dwelling,0,2008,3
E01001038,Croydon,Drugs,Drug Trafficking,0,2009,9
E01002821,Kensington and Chelsea,Robbery,Personal Property,2,2014,9
E01004253,Tower Hamlets,Drugs,Possession Of Drugs,0,2010,11
E01002491,Hillingdon,Criminal Damage,Other Criminal Damage,0,2016,4
E01033709,Hackney,Robbery,Business Property,0,2013,8
E01000307,Barnet,Violence Against the Person,Offensive Weapon,0,2015,9
E01033571,Richmond upon Thames,Violence Against the Person,Wounding/GBH,0,2009,8
E01001669,Greenwich,Theft and Handling,Theft/Taking of Pedal Cycle,0,2010,11
E01003315,Lewisham,Violence Against the Person,Other violence,0,2012,7
E01003904,Richmond upon Thames,Criminal Damage,Other Criminal Damage,0,2015,4
E01002296,Havering,Violence Against the Person,Other violence,1,2015,7
E01000986,Croydon,Violence Against the Person,Common Assault,2,2009,7
E01032567,Greenwich,Violence Against the Person,Offensive Weapon,0,2011,10
E01001459,Enfield,Criminal Damage,Other Criminal Damage,0,2014,12
E01000067,Barking and Dagenham,Violence Against the Person,Harassment,1,2016,4
E01002036,Haringey,Other Notifiable Offences,Other Notifiable,0,2008,3
E01003675,Redbridge,Violence Against the Person,Assault with Injury,0,2012,11
E01004632,Wandsworth,Theft and Handling,Theft/Taking Of Motor Vehicle,0,2010,6
E01033731,Greenwich,Theft and Handling,Theft/Taking of Pedal Cycle,0,2016,5
E01001245,Ealing,Criminal Damage,Criminal Damage To Other Building,0,2009,11
E01001722,Hackney,Drugs,Drug Trafficking,0,2011,1
E01002686,Hounslow,Theft and Handling,Theft/Taking of Pedal Cycle,0,2016,7
E01004170,Sutton,Drugs,Drug Trafficking,0,2011,12
E01000975,Croydon,Criminal Damage,Criminal Damage To Motor Vehicle,4,2008,3
E01001254,Ealing,Violence Against the Person,Assault with Injury,2,2015,10
E01000873,Camden,Drugs,Possession Of Drugs,0,2016,2
E01000995,Croydon,Violence Against the Person,Wounding/GBH,0,2011,8
