E01004361,Waltham Forest,Drugs,Drug Trafficking,0,2015,11
E01003310,Lewisham,Violence Against the Person,Wounding/GBH,0,2009,11
E01003470,Merton,Theft and Handling,Handling Stolen Goods,0,2015,12
E01032575,Haringey,Drugs,Possession Of Drugs,0,2009,1
E01004475,Wandsworth,Criminal Damage,Criminal Damage To Dwelling,0,2012,11
E01000550,Brent,Violence Against the Person,Common Assault,2,2014,9
E01001491,Enfield,Violence Against the Person,Other violence,0,2011,5
E01000680,Bromley,Drugs,Drug Trafficking,0,2009,1
E01004540,Wandsworth,Drugs,Drug Trafficking,0,2014,11
E01001411,Enfield,Violence Against the Person,Wounding/GBH,0,2008,6
E01000118,Barnet,Violence Against the Person,Assault with Injury,0,2011,3
E01032637,Southwark,Burglary,Burglary in a Dwelling,0,2011,7
E01001122,Croydon,Burglary,Burglary in a Dwelling,0,2008,6
E01004359,Waltham Forest,Criminal Damage,Criminal Damage To Other Building,0,2009,10
E01002704,Islington,Fraud or Forgery,Counted per Victim,0,2015,5
E01000084,Barking and Dagenham,Violence Against the Person,Other violence,0,2016,9
E01003819,Richmond upon Thames,Theft and Handling,Theft From Motor Vehicle,1,2012,1
E01032784,Tower Hamlets,Other Notifiable Offences,Going Equipped,0,2011,10
E01001344,Ealing,Theft and Handling,Theft/Taking Of Motor Vehicle,2,2015,7
E01002956,Kingston upon Thames,Burglary,Burglary in a Dwelling,0,2008,10
E01002686,Hounslow,Criminal Damage,Other Criminal Damage,2,2016,1
E01003588,Newham,Theft and Handling,Theft From Motor Vehicle,0,2012,2
E01000236,Barnet,Theft and Handling,Handling Stolen Goods,0,2015,8
E01002903,Kensington and Chelsea,Violence Against the Person,Other violence,0,2008,9
E01002298,Havering,Theft and Handling,Other Theft,0,2016,3
E01003313,Lewisham,Violence Against the Person,Harassment,0,2016,10
E01004161,Sutton,Other Notifiable Offences,Other Notifiable,0,2014,8
E01002508,Hillingdon,Burglary,Burglary in a Dwelling,1,2013,1
E01003359,Merton,Theft and Handling,Motor Vehicle Interference & Tampering,0,2011,2
E01001980,Haringey,Theft and Handling,Motor Vehicle Interference & Tampering,0,2012,4
E01003542,Newham,Other Notifiable Offences,Other Notifiable,0,2013,3
E01004488,Wandsworth,Theft and Handling,Other Theft Person,0,2012,4
E01002509,Hillingdon,Criminal Damage,Criminal Damage To Dwelling,0,2014,12
E01002210,Harrow,Theft and Handling,Motor Vehicle Interference & Tampering,0,2010,11
E01000717,Bromley,Violence Against the Person,Assault with Injury,0,2016,11
E01003281,Lewisham,Violence Against the Person,Assault with Injury,0,2010,4
E01002446,Hillingdon,Theft and Handling,Theft/Taking Of Motor Vehicle,0,2010,12
E01001995,Haringey,Drugs,Possession Of Drugs,1,2016,4
E01003919,Southwark,Criminal Damage,Criminal Damage To Dwelling,1,2009,5
E01003026,Lambeth,Drugs,Other Drugs,0,2013,10
E01000969,Camden,Sexual Offences,Other Sexual,0,2012,12
E01000497,Brent,Criminal Damage,Criminal Damage To Dwelling,0,2008,11
E01003720,Redbridge,Violence Against the Person,Common Assault,6,2015,9
E01001715,Hackney,Drugs,Possession Of Drugs,1,2016,2
E01002235,Harrow,Theft and Handling,Other Theft,0,2008,7
E01001187,Croydon,Other Notifiable Offences,Other Notifiable,0,2011,11
E01001917,Hammersmith and Fulham,Robbery,Business Property,0,2014,2
E01003192,Lewisham,Violence Against the Person,Assault with Injury,0,2015,7
E01004034,Southwark,Burglary,Burglary in a Dwelling,0,2010,2
E01004367,Waltham Forest,Drugs,Drug Trafficking,0,2008,7
E01002048,Haringey,Violence Against the Person,Offensive Weapon,0,2016,11
E01003892,Richmond upon Thames,Theft and Handling,Theft From Shops,0,2016,9
E01004478,Wandsworth,Violence Against the Person,Harassment,1,2016,5
E01001035,Croydon,Criminal Damage,Criminal Damage To Dwelling,0,2012,3
E01004538,Wandsworth,Theft and Handling,Theft/Taking of Pedal Cycle,0,2014,2
E01002186,Harrow,Violence Against the Person,Other violence,0,2009,2
E01001194,Croydon,Drugs,Drug Trafficking,1,2008,2
E01004367,Waltham Forest,Other Notifiable Offences,Other Notifiable,0,2013,4
E01000870,Camden,Violence Against the Person,Wounding/GBH,0,2009,7
E01000938,Camden,Other Notifiable Offences,Other Notifiable,0,2015,8
E01003887,Richmond upon Thames,Criminal Damage,Other Criminal Damage,0,2010,8
E01004031,Southwark,Criminal Damage,Criminal Damage To Other Building,1,2013,10
E01000517,Brent,Other Notifiable Offences,Other Notifiable,0,2009,3
E01000062,Barking and Dagenham,Burglary,Burglary in a Dwelling,0,2015,11
E01000197,Barnet,Criminal Damage,Criminal Damage To Motor Vehicle,1,2008,12
E01001209,Ealing,Burglary,Burglary in a Dwelling,0,2016,8
E01000884,Camden,Criminal Damage,Other Criminal Damage,0,2010,5
E01001052,Croydon,Theft and Handling,Other Theft,0,2011,12
E01002329,Havering,Robbery,Business Property,0,2009,4
E01002587,Hounslow,Drugs,Drug Trafficking,0,2011,7
E01001578,Greenwich,Criminal Damage,Criminal Damage To Other Building,0,2015,12
E01002895,Kensington and Chelsea,Theft and Handling,Handling Stolen Goods,0,2012,11
E01000352,Bexley,Theft and Handling,Theft/Taking Of Motor Vehicle,1,2008,1
E01001286,Ealing,Violence Against the Person,Other violence,1,2010,8
E01004601,Wandsworth,Drugs,Drug Trafficking,0,2013,6
E01001772,Hackney,Theft and Handling,Other Theft,0,2015,8
E01003983,Southwark,Criminal Damage,Criminal Damage To Motor Vehicle,0,2009,11
E01002566,Hounslow,Violence Against the Person,Offensive Weapon,0,2010,4
E01033732,Greenwich,Violence Against the Person,Other violence,0,2010,8
E01001202,Ealing,Violence Against the Person,Other violence,0,2014,10
E01004605,Wandsworth,Theft and Handling,Theft From Motor Vehicle,3,2015,12
E01001594,Greenwich,Burglary,Burglary in Other Buildings,0,2009,5
E01001515,Enfield,Criminal Damage,Criminal Damage To Motor Vehicle,1,2012,7
E01001774,Hackney,Robbery,Personal Property,1,2013,2
E01004666,Westminster,Burglary,Burglary in Other Buildings,1,2009,11
E01032580,Barking and Dagenham,Robbery,Business Property,0,2015,7
E01002923,Kingston upon Thames,Robbery,Personal Property,0,2016,9
E01000932,Camden,Criminal Damage,Criminal Damage To Other Building,0,2010,2
E01002374,Havering,Violence Against the Person,Offensive Weapon,0,2015,4
E01002616,Hounslow,Robbery,Business Property,0,2010,7
E01003080,Lambeth,Drugs,Other Drugs,0,2012,11
E01002726,Islington,Violence Against the Person,Other violence,0,2013,7
E01002241,Harrow,Theft and Handling,Motor Vehicle Interference & Tampering,0,2008,8
E01001144,Croydon,Criminal Damage,Criminal Damage To Motor Vehicle,0,2008,8
E01003882,Richmond upon Thames,Burglary,Burglary in a Dwelling,0,2011,7
E01033030,Hounslow,Theft and Handling,Theft From Motor Vehicle,0,2015,12
E01003237,Lewisham,Violence Against the Person,Common Assault,2,2014,9
E01000546,Brent,Robbery,Business Property,0,2010,11
E01004019,Southwark,Violence Against the Person,Offensive Weapon,1,2009,7
E01002534,Hillingdon,Theft and Handling,Theft From Motor Vehicle,0,2008,2
E01003739,Redbridge,Theft and Handling,Theft From Motor Vehicle,2,2016,6
E01004761,Westminster,Violence Against the Person,Murder,0,2012,1
E01001607,Greenwich,Violence Against the Person,Offensive Weapon,0,2011,3
E01001990,Haringey,Theft and Handling,Theft/Taking of Pedal Cycle,3,2014,5
E01033579,Newham,Violence Against the Person,Harassment,0,2009,5
E01033341,Lewisham,Theft and Handling,Theft/Taking of Pedal Cycle,0,2016,10
E01004410,Waltham Forest,Criminal Damage,Other Criminal Damage,0,2011,9
E01001399,Enfield,Theft and Handling,Theft From Shops,0,2013,7
E01000860,Camden,Theft and Handling,Handling Stolen Goods,0,2011,12
E01004683,Westminster,Other Notifiable Offences,Other Notifiable,0,2013,9
E01000649,Bromley,Burglary,Burglary in Other Buildings,0,2015,10
E01003714,Redbridge,Other Notifiable Offences,Going Equipped,0,2009,1
E01001147,Croydon,Other Notifiable Offences,Other Notifiable,0,2014,10
E01004634,Wandsworth,Theft and Handling,Other Theft,1,2012,9
E01000194,Barnet,Theft and Handling,Other Theft,0,2009,9
E01004536,Wandsworth,Violence Against the Person,Other violence,0,2016,10
E01001840,Hackney,Drugs,Possession Of Drugs,1,2012,12
E01002845,Kensington and Chelsea,Fraud or Forgery,Counted per Victim,0,2008,9
E01000477,Brent,Theft and Handling,Theft From Motor Vehicle,0,2016,12
E01003689,Redbridge,Drugs,Possession Of Drugs,3,2015,7
E01000780,Bromley,Theft and Handling,Handling Stolen Goods,0,2011,12
E01001792,Hackney,Violence Against the Person,Offensive Weapon,0,2008,4
E01004666,Westminster,Violence Against the Person,Other violence,1,2011,1
E01004721,Westminster,Violence Against the Person,Other violence,0,2015,8
E01002935,Kingston upon Thames,Violence Against the Person,Harassment,0,2009,2
E01001498,Enfield,Robbery,Business Property,1,2009,10
E01000407,Bexley,Criminal Damage,Criminal Damage To Motor Vehicle,0,2008,5
E01001816,Hackney,Theft and Handling,Theft From Shops,0,2010,7
E01032741,Havering,Criminal Damage,Other Criminal Damage,0,2008,7
E01004521,Wandsworth,Burglary,Burglary in a Dwelling,2,2011,4
E01002525,Hillingdon,Drugs,Possession Of Drugs,0,2014,7
E01003958,Southwark,Violence Against the Person,Wounding/GBH,0,2008,4
E01001346,Ealing,Theft and Handling,Theft/Taking Of Motor Vehicle,0,2013,2
E01002392,Hillingdon,Theft and Handling,Theft From Shops,0,2014,11
E01003799,Richmond upon Thames,Violence Against the Person,Other violence,0,2008,1
E01003695,Redbridge,Robbery,Business Property,0,2014,1
E01000773,Bromley,Criminal Damage,Criminal Damage To Motor Vehicle,0,2015,12
E01002061,Haringey,Violence Against the Person,Wounding/GBH,0,2008,8
E01002397,Hillingdon,Robbery,Business Property,2,2011,7
E01002111,Harrow,Criminal Damage,Other Criminal Damage,0,2013,9
E01002614,Hounslow,Theft and Handling,Theft From Shops,1,2013,1
E01000164,Barnet,Drugs,Drug Trafficking,0,2011,1
E01002629,Hounslow,Criminal Damage,Other Criminal Damage,0,2010,7
E01002817,Kensington and Chelsea,Other Notifiable Offences,Other Notifiable,0,2013,10
E01000298,Barnet,Violence Against the Person,Common Assault,1,2014,12
E01002723,Islington,Theft and Handling,Motor Vehicle Interference & Tampering,0,2013,11
E01001385,Ealing,Drugs,Drug Trafficking,0,2015,3
E01004194,Sutton,Theft and Handling,Other Theft Person,0,2016,11
E01000055,Barking and Dagenham,Drugs,Drug Trafficking,0,2010,6
E01003515,Newham,Violence Against the Person,Offensive Weapon,0,2012,11
E01002886,Kensington and Chelsea,Violence Against the Person,Assault with Injury,0,2012,2
E01000373,Bexley,Burglary,Burglary in Other Buildings,1,2010,4
E01000906,Camden,Robbery,Business Property,0,2014,5
E01002534,Hillingdon,Theft and Handling,Theft/Taking Of Motor Vehicle,0,2014,11
E01002284,Havering,Violence Against the Person,Common Assault,1,2009,6
E01000924,Camden,Theft and Handling,Other Theft Person,1,2014,11
E01002907,Kensington and Chelsea,Theft and Handling,Theft/Taking Of Motor Vehicle,1,2008,5
E01004546,Wandsworth,Violence Against the Person,Offensive Weapon,0,2009,12
E01003649,Redbridge,Violence Against the Person,Other violence,0,2010,4
E01004197,Tower Hamlets,Theft and Handling,Motor Vehicle Interference & Tampering,0,2009,3
E01003822,Richmond upon Thames,Criminal Damage,Criminal Damage To Motor Vehicle,0,2013,9
E01001980,Haringey,Fraud or Forgery,Other Fraud & Forgery,0,2008,5
E01003555,Newham,Theft and Handling,Handling Stolen Goods,0,2015,7
E01001028,Croydon,Burglary,Burglary in a Dwelling,2,2015,10
E01003444,Merton,Theft and Handling,Theft/Taking Of Motor Vehicle,0,2012,6
E01003407,Merton,Violence Against the Person,Harassment,2,2014,7
E01001799,Hackney,Other Notifiable Offences,Other Notifiable,0,2014,7
E01000940,Camden,Fraud or Forgery,Other Fraud & Forgery,0,2008,6
E01004411,Waltham Forest,Violence Against the Person,Offensive Weapon,0,2016,7
E01002090,Haringey,Theft and Handling,Other Theft,0,2011,6
E01002754,Islington,Theft and Handling,Theft/Taking of Pedal Cycle,0,2012,6
E01002941,Kingston upon Thames,Theft and Handling,Other Theft Person,0,2014,4
E01004462,Waltham Forest,Violence Against the Person,Harassment,5,2016,12
E01001394,Enfield,Drugs,Drug Trafficking,0,2013,9
E01002971,Kingston upon Thames,Drugs,Possession Of Drugs,1,2013,5
E01002996,Kingston upon Thames,Violence Against the Person,Assault with Injury,0,2014,10
E01004745,Westminster,Drugs,Possession Of Drugs,0,2014,1
E01000382,Bexley,Criminal Damage,Criminal Damage To Dwelling,0,2011,8
E01002288,Havering,Burglary,Burglary in a Dwelling,0,2009,1
E01002300,Havering,Robbery,Personal Property,0,2013,6
E01003772,Redbridge,Theft and Handling,Theft From Shops,0,2014,7
E01003008,Kingston upon Thames,Violence Against the Person,Assault with Injury,0,2009,1
E01001551,Enfield,Theft and Handling,Theft/Taking of Pedal Cycle,0,2015,6
E01003249,Lewisham,Violence Against the Person,Offensive Weapon,0,2012,9
E01003260,Lewisham,Burglary,Burglary in Other Buildings,0,2015,11
E01001775,Hackney,Burglary,Burglary in Other Buildings,0,2011,12
E01001879,Hammersmith and Fulham,Theft and Handling,Other Theft,0,2008,6
E01003765,Redbridge,Theft and Handling,Handling Stolen Goods,0,2015,2
E01002854,Kensington and Chelsea,Drugs,Other Drugs,0,2015,1
E01002465,Hillingdon,Violence Against the Person,Wounding/GBH,0,2012,7
E01003833,Richmond upon Thames,Other Notifiable Offences,Other Notifiable,0,2013,6
E01004568,Wandsworth,Theft and Handling,Other Theft,1,2016,4
E01001726,Hackney,Criminal Damage,Other Criminal Damage,0,2008,9
E01004038,Southwark,Criminal Damage,Criminal Damage To Dwelling,1,2013,8
E01004162,Sutton,Violence Against the Person,Common Assault,1,2016,10
E01000850,Camden,Burglary,Burglary in a Dwelling,0,2008,10
E01000422,Bexley,Burglary,Burglary in Other Buildings,0,2015,7
E01000096,Barking and Dagenham,Criminal Damage,Criminal Damage To Dwelling,0,2013,10
E01001650,Greenwich,Criminal Damage,Criminal Damage To Dwelling,0,2014,4
E01003949,Southwark,Violence Against the Person,Other violence,0,2015,9
E01002276,Havering,Criminal Damage,Other Criminal Damage,0,2009,2
E01002467,Hillingdon,Criminal Damage,Criminal Damage To Motor Vehicle,0,2014,4
E01002694,Islington,Burglary,Burglary in Other Buildings,1,2016,4
E01004060,Southwark,Robbery,Personal Property,1,2008,12
E01002453,Hillingdon,Violence Against the Person,Other violence,0,2011,10
E01004610,Wandsworth,Theft and Handling,Handling Stolen Goods,0,2016,6
E01000827,Bromley,Violence Against the Person,Harassment,0,2010,6
E01032581,Redbridge,Theft and Handling,Other Theft Person,0,2008,3
E01004450,Waltham Forest,Drugs,Possession Of Drugs,0,2016,2
E01001815,Hackney,Robbery,Business Property,0,2010,6
E01002543,Hillingdon,Violence Against the Person,Assault with Injury,2,2016,12
E01002771,Islington,Theft and Handling,Theft/Taking of Pedal Cycle,0,2011,9
E01003361,Merton,Violence Against the Person,Other violence,0,2008,1
E01000157,Barnet,Theft and Handling,Theft/Taking of Pedal Cycle,0,2009,5
E01002220,Harrow,Violence Against the Person,Common Assault,0,2013,1
E01003020,Lambeth,Robbery,Business Property,0,2013,4
E01002555,Hounslow,Theft and Handling,Handling Stolen Goods,0,2013,1
E01000009,Barking and Dagenham,Violence Against the Person,Other violence,0,2012,8
E01000401,Bexley,Theft and Handling,Theft From Motor Vehicle,0,2011,2
E01001022,Croydon,Violence Against the Person,Harassment,1,2016,7
E01004539,Wandsworth,Violence Against the Person,Wounding/GBH,2,2015,3
E01004002,Southwark,Criminal Damage,Criminal Damage To Motor Vehicle,1,2009,4
E01003016,Lambeth,Theft and Handling,Theft/Taking Of Motor Vehicle,1,2008,3
E01001665,Greenwich,Theft and Handling,Other Theft,3,2015,4
E01004148,Sutton,Violence Against the Person,Common Assault,2,2011,1
E01033608,Westminster,Theft and Handling,Theft/Taking Of Motor Vehicle,0,2014,9
E01003098,Lambeth,Drugs,Drug Trafficking,0,2008,11
E01000491,Brent,Criminal Damage,Criminal Damage To Dwelling,1,2015,11
E01003885,Richmond upon Thames,Burglary,Burglary in Other Buildings,0,2010,10
E01000933,Camden,Theft and Handling,Theft/Taking Of Motor Vehicle,1,2014,4
E01000118,Barnet,Criminal Damage,Criminal Damage To Dwelling,1,2015,8
E01004558,Wandsworth,Criminal Damage,Criminal Damage To Dwelling,0,2012,2
E01002488,Hillingdon,Violence Against the Person,Wounding/GBH,0,2009,7
E01001193,Croydon,Robbery,Personal Property,0,2016,2
E01002105,Haringey,Theft and Handling,Theft From Motor Vehicle,3,2013,11
E01000709,Bromley,Theft and Handling,Other Theft Person,0,2009,4
E01002457,Hillingdon,Theft and Handling,Theft From Shops,2,2008,2
E01003805,Richmond upon Thames,Criminal Damage,Criminal Damage To Motor Vehicle,0,2016,4
E01003386,Merton,Violence Against the Person,Offensive Weapon,0,2016,6
E01000214,Barnet,Violence Against the Person,Assault with Injury,0,2008,12
E01003599,Newham,Robbery,Business Property,0,2013,11
E01001983,Haringey,Theft and Handling,Other Theft Person,0,2016,11
E01002245,Havering,Violence Against the Person,Murder,0,2016,12
E01001513,Enfield,Criminal Damage,Criminal Damage To Dwelling,0,2015,2
E01001341,Ealing,Theft and Handling,Other Theft,0,2015,5
E01001251,Ealing,Burglary,Burglary in a Dwelling,0,2011,4
E01002308,Havering,Theft and Handling,Theft From Motor Vehicle,0,2011,4
E01003679,Redbridge,Theft and Handling,Theft/Taking Of Motor Vehicle,0,2012,2
E01003350,Lewisham,Drugs,Possession Of Drugs,1,2009,8
E01002533,Hillingdon,Violence Against the Person,Wounding/GBH,0,2016,9
E01001661,Greenwich,Violence Against the Person,Offensive Weapon,0,2016,6
E01002901,Kensington and Chelsea,Violence Against the Person,Offensive Weapon,0,2010,9
E01003087,Lambeth,Violence Against the Person,Wounding/GBH,1,2014,9
E01001157,Croydon,Violence Against the Person,Harassment,0,2009,1
E01002642,Hounslow,Violence Against the Person,Offensive Weapon,1,2012,7
E01004314,Tower Hamlets,Criminal Damage,Criminal Damage To Other Building,0,2016,12
E01003027,Lambeth,Theft and Handling,Theft/Taking Of Motor Vehicle,1,2016,8
E01000703,Bromley,Criminal Damage,Other Criminal Damage,0,2008,1
E01000964,Camden,Burglary,Burglary in Other Buildings,0,2016,6
E01002206,Harrow,Fraud or Forgery,Counted per Victim,0,2015,4
E01001147,Croydon,Theft and Handling,Theft From Shops,0,2008,10
E01000502,Brent,Criminal Damage,Criminal Damage To Dwelling,1,2010,2
E01003493,Newham,Fraud or Forgery,Counted per Victim,0,2015,4
E01000863,Camden,Theft and Handling,Theft From Shops,13,2011,3
E01001189,Croydon,Theft and Handling,Theft From Motor Vehicle,1,2015,5
E01003603,Newham,Burglary,Burglary in a Dwelling,1,2009,8
E01033098,Wandsworth,Theft and Handling,Theft/Taking Of Motor Vehicle,0,2010,7
E01003143,Lambeth,Drugs,Possession Of Drugs,0,2008,4
E01003803,Richmond upon Thames,Violence Against the Person,Other violence,1,2014,9
E01000105,Barking and Dagenham,Drugs,Possession Of Drugs,1,2013,1
E01000281,Barnet,Drugs,Possession Of Drugs,0,2010,8
E01003105,Lambeth,Theft and Handling,Theft/Taking of Pedal Cycle,0,2012,9
E01003947,Southwark,Theft and Handling,Other Theft Person,0,2016,7
E01032637,Southwark,Violence Against the Person,Assault with Injury,0,2014,6
E01004159,Sutton,Violence Against the Person,Common Assault,0,2012,2
E01002708,Islington,Theft and Handling,Theft From Motor Vehicle,0,2014,1
E01000285,Barnet,Violence Against the Person,Offensive Weapon,0,2010,1
E01003227,Lewisham,Violence Against the Person,Wounding/GBH,0,2012,10
E01003741,Redbridge,Other Notifiable Offences,Other Notifiable,0,2016,3
E01000530,Brent,Other Notifiable Offences,Other Notifiable,1,2011,5
E01004512,Wandsworth,Theft and Handling,Other Theft,2,2011,12
E01000063,Barking and Dagenham,Violence Against the Person,Common Assault,0,2009,5
E01003970,Southwark,Violence Against the Person,Wounding/GBH,1,2013,2
E01003445,Merton,Theft and Handling,Theft/Taking of Pedal Cycle,0,2012,1
E01000042,Barking and Dagenham,Robbery,Business Property,0,2016,1
E01000592,Brent,Violence Against the Person,Other violence,0,2009,3
E01003540,Newham,Theft and Handling,Other Theft,1,2011,1
E01004163,Sutton,Violence Against the Person,Common Assault,2,2009,12
E01004610,Wandsworth,Drugs,Possession Of Drugs,0,2008,2
E01004577,Wandsworth,Theft and Handling,Other Theft,1,2013,3
E01003184,Lambeth,Theft and Handling,Other Theft,1,2010,12
E01003039,Lambeth,Criminal Damage,Other Criminal Damage,1,2011,7
E01002963,Kingston upon Thames,Criminal Damage,Criminal Damage To Other Building,0,2009,11
E01004575,Wandsworth,Robbery,Personal Property,0,2016,5
E01003948,Southwark,Violence Against the Person,Other violence,0,2010,9
E01002511,Hillingdon,Violence Against the Person,Other violence,0,2010,4
E01004763,Westminster,Violence Against the Person,Offensive Weapon,1,2010,12
E01002132,Harrow,Theft and Handling,Theft From Motor Vehicle,0,2016,3
E01032769,Tower Hamlets,Theft and Handling,Motor Vehicle Interference & Tampering,0,2015,7
E01004036,Southwark,Other Notifiable Offences,Going Equipped,0,2016,1
E01004468,Waltham Forest,Violence Against the Person,Assault with Injury,0,2012,10
E01001066,Croydon,Drugs,Possession Of Drugs,1,2014,2
E01002420,Hillingdon,Burglary,Burglary in a Dwelling,0,2010,11
E01004502,Wandsworth,Violence Against the Person,Other violence,0,2016,11
E01001883,Hammersmith and Fulham,Criminal Damage,Criminal Damage To Other Building,0,2008,11
E01002276,Havering,Criminal Damage,Criminal Damage To Motor Vehicle,0,2008,9
E01000807,Bromley,Theft and Handling,Handling Stolen Goods,0,2012,8
E01004321,Tower Hamlets,Violence Against the Person,Offensive Weapon,0,2014,6
E01000402,Bexley,Criminal Damage,Criminal Damage To Dwelling,0,2011,3
E01002367,Havering,Violence Against the Person,Assault with Injury,4,2010,4
E01004441,Waltham Forest,Other Notifiable Offences,Other Notifiable,0,2011,2
E01000063,Barking and Dagenham,Theft and Handling,Handling Stolen Goods,0,2008,9
E01004696,Westminster,Theft and Handling,Handling Stolen Goods,0,2012,5
E01003499,Newham,Violence Against the Person,Murder,0,2008,1
E01002321,Havering,Violence Against the Person,Wounding/GBH,0,2014,6
E01004617,Wandsworth,Theft and Handling,Other Theft Person,0,2015,6
E01004181,Sutton,Violence Against the Person,Offensive Weapon,0,2009,1
E01004161,Sutton,Violence Against the Person,Assault with Injury,0,2013,1
E01000466,Bexley,Theft and Handling,Motor Vehicle Interference & Tampering,0,2008,6
E01001472,Enfield,Other Notifiable Offences,Other Notifiable,0,2011,6
E01000322,Barnet,Criminal Damage,Criminal Damage To Motor Vehicle,3,2014,5
E01000318,Barnet,Theft and Handling,Theft From Motor Vehicle,2,2016,4
E01003453,Merton,Theft and Handling,Theft From Shops,0,2014,4
E01001770,Hackney,Burglary,Burglary in Other Buildings,0,2010,7
E01001875,Hammersmith and Fulham,Theft and Handling,Theft/Taking of Pedal Cycle,1,2009,10
E01001323,Ealing,Criminal Damage,Criminal Damage To Dwelling,0,2010,9
E01004387,Waltham Forest,Violence Against the Person,Harassment,0,2015,5
E01001894,Hammersmith and Fulham,Theft and Handling,Motor Vehicle Interference & Tampering,0,2016,3
E01002278,Havering,Criminal Damage,Criminal Damage To Motor Vehicle,0,2011,1
E01001381,Ealing,Other Notifiable Offences,Going Equipped,0,2008,2
E01002763,Islington,Theft and Handling,Theft From Shops,2,2015,6
E01001669,Greenwich,Drugs,Possession Of Drugs,1,2014,2
E01003414,Merton,Theft and Handling,Motor Vehicle Interference & Tampering,0,2016,8
E01001001,Croydon,Criminal Damage,Criminal Damage To Other Building,0,2011,6
E01004408,Waltham Forest,Theft and Handling,Motor Vehicle Interference & Tampering,1,2013,1
E01004145,Sutton,Theft and Handling,Theft From Motor Vehicle,0,2013,11
E01033577,Newham,Violence Against the Person,Common Assault,1,2013,7
E01002481,Hillingdon,Theft and Handling,Theft/Taking Of Motor Vehicle,1,2008,6
E01001855,Hammersmith and Fulham,Theft and Handling,Theft/Taking of Pedal Cycle,1,2010,6
E01000700,Bromley,Theft and Handling,Motor Vehicle Interference & Tampering,0,2015,8
E01001878,Hammersmith and Fulham,Drugs,Possession Of Drugs,0,2014,3
E01001331,Ealing,Theft and Handling,Motor Vehicle Interference & Tampering,0,2016,3
E01002223,Harrow,Other Notifiable Offences,Going Equipped,0,2012,1
E01002534,Hillingdon,Theft and Handling,Other Theft,0,2009,10
E01000977,Croydon,Violence Against the Person,Common Assault,1,2012,9
E01001728,Hackney,Drugs,Possession Of Drugs,0,2016,6
E01002162,Harrow,Burglary,Burglary in a Dwelling,2,2010,12
E01004128,Sutton,Other Notifiable Offences,Other Notifiable,0,2008,6
E01000478,Brent,Theft and Handling,Theft/Taking Of Motor Vehicle,0,2014,7
E01001943,Hammersmith and Fulham,Other Notifiable Offences,Other Notifiable,1,2012,6
E01002338,Havering,Violence Against the Person,Common Assault,0,2009,8
E01004281,Tower Hamlets,Violence Against the Person,Wounding/GBH,0,2013,1
E01001802,Hackney,Violence Against the Person,Common Assault,0,2012,11
E01003384,Merton,Burglary,Burglary in Other Buildings,3,2010,6
E01003090,Lambeth,Theft and Handling,Theft From Shops,0,2008,9
E01001232,Ealing,Violence Against the Person,Offensive Weapon,0,2009,2
E01001408,Enfield,Theft and Handling,Motor Vehicle Interference & Tampering,0,2014,11
E01000172,Barnet,Drugs,Possession Of Drugs,0,2012,7
E01000885,Camden,Drugs,Drug Trafficking,0,2012,4
E01004318,Tower Hamlets,Violence Against the Person,Offensive Weapon,1,2011,7
E01002406,Hillingdon,Burglary,Burglary in a Dwelling,0,2016,12
E01002531,Hillingdon,Criminal Damage,Criminal Damage To Motor Vehicle,0,2015,2
E01000394,Bexley,Violence Against the Person,Assault with Injury,0,2011,3
E01004271,Tower Hamlets,Theft and Handling,Motor Vehicle Interference & Tampering,0,2016,5
E01003410,Merton,Criminal Damage,Criminal Damage To Other Building,2,2009,2
E01003258,Lewisham,Criminal Damage,Criminal Damage To Dwelling,0,2015,10
E01003434,Merton,Criminal Damage,Criminal Damage To Other Building,0,2016,11
E01004534,Wandsworth,Burglary,Burglary in a Dwelling,1,2008,6
E01002875,Kensington and Chelsea,Violence Against the Person,Offensive Weapon,0,2011,11
E01002673,Hounslow,Violence Against the Person,Other violence,0,2009,6
E01003473,Merton,Violence Against the Person,Wounding/GBH,0,2011,10
E01001545,Enfield,Other Notifiable Offences,Other Notifiable,0,2012,5
E01002094,Haringey,Criminal Damage,Other Criminal Damage,0,2013,4
E01003475,Merton,Criminal Damage,Criminal Damage To Motor Vehicle,0,2012,5
E01000035,Barking and Dagenham,Robbery,Personal Property,0,2010,9
E01032767,Tower Hamlets,Burglary,Burglary in Other Buildings,1,2012,10
E01003957,Southwark,Drugs,Possession Of Drugs,0,2012,8
E01001985,Haringey,Burglary,Burglary in Other Buildings,0,2016,6
E01001796,Hackney,Violence Against the Person,Assault with Injury,0,2013,1
E01004626,Wandsworth,Theft and Handling,Theft/Taking Of Motor Vehicle,0,2012,10
E01001938,Hammersmith and Fulham,Theft and Handling,Theft/Taking Of Motor Vehicle,0,2011,11
E01002801,Islington,Theft and Handling,Other Theft,6,2011,7
E01003240,Lewisham,Burglary,Burglary in a Dwelling,0,2011,8
E01002630,Hounslow,Theft and Handling,Other Theft,0,2013,11
E01032784,Tower Hamlets,Robbery,Business Property,0,2015,2
E01004030,Southwark,Criminal Damage,Criminal Damage To Motor Vehicle,2,2014,5
E01004674,Westminster,Drugs,Other Drugs,0,2016,8
E01002611,Hounslow,Criminal Damage,Criminal Damage To Motor Vehicle,0,2016,8
E01004096,Sutton,Theft and Handling,Other Theft,0,2009,10
E01002643,Hounslow,Violence Against the Person,Assault with Injury,0,2015,1
E01001971,Haringey,Other Notifiable Offences,Other Notifiable,0,2010,10
E01000006,Barking and Dagenham,Sexual Offences,Other Sexual,0,2015,3
E01003072,Lambeth,Violence Against the Person,Assault with Injury,0,2009,2
E01004383,Waltham Forest,Theft and Handling,Theft/Taking Of Motor Vehicle,1,2014,9
E01002344,Havering,Burglary,Burglary in a Dwelling,1,2016,11
E01000579,Brent,Theft and Handling,Theft/Taking of Pedal Cycle,0,2012,9
E01000074,Barking and Dagenham,Theft and Handling,Theft/Taking of Pedal Cycle,0,2016,2
E01004680,Westminster,Theft and Handling,Motor Vehicle Interference & Tampering,0,2011,8
E01004073,Southwark,Drugs,Possession Of Drugs,0,2009,12
E01004027,Southwark,Robbery,Personal Property,1,2015,1
E01000240,Barnet,Theft and Handling,Other Theft,2,2012,2
E01000639,Brent,Other Notifiable Offences,Other Notifiable,0,2011,8
E01003615,Newham,Robbery,Personal Property,1,2012,10
E01004724,Westminster,Theft and Handling,Theft/Taking Of Motor Vehicle,1,2015,11
E01003634,Newham,Drugs,Possession Of Drugs,0,2013,9
E01000019,Barking and Dagenham,Drugs,Possession Of Drugs,0,2011,8
E01004357,Waltham Forest,Theft and Handling,Handling Stolen Goods,0,2008,11
E01001524,Enfield,Theft and Handling,Other Theft Person,0,2016,4
E01000068,Barking and Dagenham,Fraud or Forgery,Counted per Victim,0,2010,10
E01000285,Barnet,Violence Against the Person,Harassment,1,2010,10
E01004004,Southwark,Violence Against the Person,Common Assault,2,2011,10
E01004153,Sutton,Theft and Handling,Other Theft Person,0,2013,3
E01002974,Kingston upon Thames,Violence Against the Person,Assault with Injury,3,2012,6
E01001682,Greenwich,Criminal Damage,Criminal Damage To Motor Vehicle,0,2009,1
E01003879,Richmond upon Thames,Criminal Damage,Criminal Damage To Dwelling,0,2014,4
E01004627,Wandsworth,Burglary,Burglary in Other Buildings,1,2016,4
E01003477,Merton,Criminal Damage,Criminal Damage To Other Building,0,2014,12
E01001412,Enfield,Criminal Damage,Other Criminal Damage,0,2014,2
E01000627,Brent,Criminal Damage,Criminal Damage To Other Building,0,2008,12
E01000430,Bexley,Other Notifiable Offences,Other Notifiable,0,2010,3
E01003862,Richmond upon Thames,Violence Against the Person,Harassment,2,2012,4
E01000572,Brent,Criminal Damage,Other Criminal Damage,0,2016,1
E01004309,Tower Hamlets,Criminal Damage,Criminal Damage To Other Building,3,2010,5
E01002800,Islington,Criminal Damage,Criminal Damage To Other Building,0,2015,2
E01003320,Lewisham,Fraud or Forgery,Counted per Victim,0,2016,4
E01000197,Barnet,Theft and Handling,Theft From Shops,0,2013,5
E01003076,Lambeth,Robbery,Personal Property,2,2013,9
E01002641,Hounslow,Violence Against the Person,Harassment,3,2009,10
E01003160,Lambeth,Violence Against the Person,Wounding/GBH,0,2013,12
E01001187,Croydon,Theft and Handling,Theft/Taking of Pedal Cycle,0,2015,3
E01000928,Camden,Other Notifiable Offences,Going Equipped,0,2016,7
E01004408,Waltham Forest,Drugs,Possession Of Drugs,5,2008,8
E01000582,Brent,Violence Against the Person,Wounding/GBH,0,2011,7
E01000364,Bexley,Criminal Damage,Criminal Damage To Motor Vehicle,0,2016,6
E01000318,Barnet,Drugs,Possession Of Drugs,0,2012,10
E01003156,Lambeth,Criminal Damage,Criminal Damage To Dwelling,0,2016,3
E01004224,Tower Hamlets,Robbery,Business Property,1,2016,3
E01002225,Harrow,Drugs,Drug Trafficking,0,2012,2
E01000913,Camden,Theft and Handling,Theft From Motor Vehicle,5,2015,8
E01001934,Hammersmith and Fulham,Violence Against the Person,Assault with Injury,0,2015,7
E01002593,Hounslow,Theft and Handling,Theft/Taking of Pedal Cycle,0,2014,5
E01002241,Harrow,Drugs,Drug Trafficking,0,2016,11
E01001718,Hackney,Criminal Damage,Other Criminal Damage,0,2015,4
E01001713,Greenwich,Robbery,Business Property,0,2014,5
E01004094,Sutton,Criminal Damage,Criminal Damage To Other Building,0,2014,8
E01003714,Redbridge,Robbery,Business Property,0,2012,1
E01003677,Redbridge,Violence Against the Person,Assault with Injury,0,2008,5
E01000423,Bexley,Theft and Handling,Motor Vehicle Interference & Tampering,0,2016,11
E01004380,Waltham Forest,Violence Against the Person,Harassment,0,2011,2
E01003237,Lewisham,Theft and Handling,Other Theft Person,0,2015,9
E01001318,Ealing,Theft and Handling,Handling Stolen Goods,0,2008,12
E01001595,Greenwich,Criminal Damage,Criminal Damage To Other Building,1,2012,5
E01002034,Haringey,Burglary,Burglary in Other Buildings,1,2012,5
E01004611,Wandsworth,Robbery,Business Property,0,2011,2
E01000574,Brent,Violence Against the Person,Common Assault,0,2009,9
E01004045,Southwark,Theft and Handling,Motor Vehicle Interference & Tampering,0,2015,8
E01001779,Hackney,Violence Against the Person,Harassment,1,2009,5
E01000157,Barnet,Criminal Damage,Criminal Damage To Motor Vehicle,0,2015,10
E01001850,Hackney,Drugs,Other Drugs,0,2012,5
E01033702,Hackney,Other Notifiable Offences,Other Notifiable,0,2008,3
E01003569,Newham,Violence Against the Person,Wounding/GBH,0,2010,4
E01003769,Redbridge,Drugs,Drug Trafficking,0,2014,11
E01000286,Barnet,Other Notifiable Offences,Other Notifiable,0,2012,7
E01002769,Islington,Theft and Handling,Other Theft Person,1,2013,8
E01003459,Merton,Violence Against the Person,Offensive Weapon,0,2015,4
E01003198,Lewisham,Theft and Handling,Theft/Taking Of Motor Vehicle,0,2009,8
E01000739,Bromley,Criminal Damage,Other Criminal Damage,0,2015,1
E01004549,Wandsworth,Robbery,Business Property,0,2010,1
E01001253,Ealing,Theft and Handling,Theft/Taking of Pedal Cycle,0,2010,2
E01001477,Enfield,Theft and Handling,Theft/Taking of Pedal Cycle,0,2008,8
E01001872,Hammersmith and Fulham,Drugs,Possession Of Drugs,1,2015,3
E01000669,Bromley,Criminal Damage,Criminal Damage To Dwelling,0,2014,4
E01003654,Redbridge,Theft and Handling,Theft From Motor Vehicle,1,2015,10
E01001028,Croydon,Robbery,Personal Property,0,2013,6
E01002162,Harrow,Other Notifiable Offences,Other Notifiable,0,2015,2
E01000072,Barking and Dagenham,Fraud or Forgery,Counted per Victim,0,2013,10
E01003388,Merton,Violence Against the Person,Common Assault,0,2010,7
E01001633,Greenwich,Theft and Handling,Handling Stolen Goods,0,2015,9
E01001018,Croydon,Theft and Handling,Theft/Taking Of Motor Vehicle,1,2016,6
E01001197,Ealing,Violence Against the Person,Wounding/GBH,0,2014,2
E01000436,Bexley,Theft and Handling,Motor Vehicle Interference & Tampering,0,2012,4
E01033713,Hackney,Violence Against the Person,Wounding/GBH,1,2016,11
E01004419,Waltham Forest,Robbery,Personal Property,0,2008,3
E01001258,Ealing,Theft and Handling,Theft/Taking Of Motor Vehicle,0,2008,12
E01001514,Enfield,Burglary,Burglary in Other Buildings,0,2009,6
E01003644,Redbridge,Criminal Damage,Criminal Damage To Dwelling,0,2013,7
E01003129,Lambeth,Theft and Handling,Theft From Motor Vehicle,2,2010,11
E01002997,Kingston upon Thames,Theft and Handling,Theft/Taking of Pedal Cycle,0,2014,10
E01001896,Hammersmith and Fulham,Theft and Handling,Theft/Taking of Pedal Cycle,0,2008,1
E01002462,Hillingdon,Violence Against the Person,Offensive Weapon,0,2016,1
E01004275,Tower Hamlets,Criminal Damage,Criminal Damage To Other Building,1,2013,2
E01001198,Ealing,Robbery,Business Property,0,2009,1
E01002925,Kingston upon Thames,Theft and Handling,Theft From Shops,0,2013,11
E01002386,Havering,Criminal Damage,Criminal Damage To Motor Vehicle,2,2010,11
E01000291,Barnet,Other Notifiable Offences,Other Notifiable,0,2010,4
E01000622,Brent,Theft and Handling,Other Theft,0,2014,5
E01001997,Haringey,Criminal Damage,Other Criminal Damage,0,2010,11
E01000160,Barnet,Violence Against the Person,Offensive Weapon,0,2016,6
E01000460,Bexley,Criminal Damage,Criminal Damage To Other Building,0,2016,12
E01002735,Islington,Theft and Handling,Other Theft,2,2015,8
E01004476,Wandsworth,Criminal Damage,Criminal Damage To Dwelling,0,2011,5
E01000675,Bromley,Fraud or Forgery,Counted per Victim,0,2016,11
E01000055,Barking and Dagenham,Theft and Handling,Theft/Taking Of Motor Vehicle,1,2010,1
E01033327,Lewisham,Drugs,Other Drugs,0,2015,3
E01001102,Croydon,Criminal Damage,Criminal Damage To Dwelling,1,2011,5
E01033736,Greenwich,Violence Against the Person,Wounding/GBH,0,2015,7
E01001161,Croydon,Theft and Handling,Handling Stolen Goods,0,2013,11
E01002924,Kingston upon Thames,Burglary,Burglary in a Dwelling,1,2008,3
E01001523,Enfield,Theft and Handling,Theft From Motor Vehicle,2,2015,5
E01004653,Westminster,Theft and Handling,Other Theft,5,2012,4
E01003492,Newham,Theft and Handling,Theft/Taking of Pedal Cycle,0,2011,8
E01000001,City of London,Violence Against the Person,Harassment,0,2014,7
E01000445,Bexley,Criminal Damage,Criminal Damage To Other Building,0,2014,8
E01000852,Camden,Violence Against the Person,Other violence,0,2010,4
E01004734,Westminster,Drugs,Other Drugs,1,2013,11
E01003969,Southwark,Theft and Handling,Other Theft Person,5,2011,6
E01002306,Havering,Robbery,Business Property,0,2013,4
E01000015,Barking and Dagenham,Burglary,Burglary in a Dwelling,2,2015,1
E01032742,Havering,Theft and Handling,Theft/Taking of Pedal Cycle,0,2014,12
E01002931,Kingston upon Thames,Criminal Damage,Criminal Damage To Other Building,0,2009,11
E01000336,Bexley,Criminal Damage,Other Criminal Damage,0,2012,3
E01003263,Lewisham,Violence Against the Person,Common Assault,0,2009,6
E01003435,Merton,Criminal Damage,Criminal Damage To Dwelling,0,2010,10
E01002856,Kensington and Chelsea,Drugs,Drug Trafficking,0,2011,5
E01002623,Hounslow,Robbery,Business Property,0,2010,12
E01004249,Tower Hamlets,Theft and Handling,Other Theft,2,2011,1
E01033709,Hackney,Other Notifiable Offences,Other Notifiable,0,2013,5
E01000640,Brent,Violence Against the Person,Common Assault,0,2013,10
E01002059,Haringey,Other Notifiable Offences,Other Notifiable,0,2012,5
E01001264,Ealing,Theft and Handling,Handling Stolen Goods,0,2008,9
E01001372,Ealing,Theft and Handling,Handling Stolen Goods,0,2012,7
E01003968,Southwark,Violence Against the Person,Common Assault,2,2008,3
E01004571,Wandsworth,Burglary,Burglary in a Dwelling,0,2016,1
E01001507,Enfield,Violence Against the Person,Assault with Injury,1,2012,7
E01002364,Havering,Theft and Handling,Handling Stolen Goods,0,2010,6
E01003239,Lewisham,Other Notifiable Offences,Other Notifiable,0,2009,4
E01001064,Croydon,Drugs,Possession Of Drugs,1,2010,10
E01001798,Hackney,Burglary,Burglary in Other Buildings,0,2013,10
E01002544,Hillingdon,Violence Against the Person,Common Assault,1,2015,7
E01003491,Newham,Robbery,Business Property,0,2010,4
E01002624,Hounslow,Burglary,Burglary in Other Buildings,0,2014,1
E01004264,Tower Hamlets,Theft and Handling,Theft/Taking Of Motor Vehicle,0,2015,5
E01004688,Westminster,Criminal Damage,Other Criminal Damage,1,2012,11
E01003670,Redbridge,Criminal Damage,Criminal Damage To Dwelling,0,2015,6
E01001645,Greenwich,Theft and Handling,Handling Stolen Goods,0,2014,6
E01000883,Camden,Violence Against the Person,Other violence,0,2014,11
E01003792,Redbridge,Theft and Handling,Other Theft,1,2014,12
E01002908,Kensington and Chelsea,Drugs,Other Drugs,0,2011,7
E01000134,Barnet,Violence Against the Person,Other violence,0,2010,11
E01004375,Waltham Forest,Theft and Handling,Motor Vehicle Interference & Tampering,0,2012,5
E01002404,Hillingdon,Criminal Damage,Other Criminal Damage,1,2009,1
E01001121,Croydon,Theft and Handling,Theft/Taking Of Motor Vehicle,0,2013,5
E01000847,Camden,Violence Against the Person,Wounding/GBH,0,2010,5
E01000278,Barnet,Theft and Handling,Other Theft Person,0,2011,6
E01032646,Southwark,Theft and Handling,Theft/Taking of Pedal Cycle,2,2011,9
E01003804,Richmond upon Thames,Other Notifiable Offences,Other Notifiable,0,2010,8
E01004693,Westminster,Drugs,Possession Of Drugs,0,2014,4
E01000300,Barnet,Criminal Damage,Criminal Damage To Motor Vehicle,1,2015,1
E01000360,Bexley,Violence Against the Person,Other violence,0,2009,4
E01002478,Hillingdon,Criminal Damage,Criminal Damage To Dwelling,0,2013,9
E01004534,Wandsworth,Theft and Handling,Other Theft,3,2009,2
E01000017,Barking and Dagenham,Violence Against the Person,Offensive Weapon,0,2008,5
E01000377,Bexley,Violence Against the Person,Assault with Injury,0,2011,10
E01000153,Barnet,Criminal Damage,Criminal Damage To Dwelling,2,2008,3
E01002440,Hillingdon,Violence Against the Person,Assault with Injury,0,2008,3
E01000127,Barnet,Theft and Handling,Other Theft Person,0,2015,1
E01004697,Westminster,Criminal Damage,Other Criminal Damage,0,2012,2
E01002442,Hillingdon,Criminal Damage,Criminal Damage To Motor Vehicle,1,2010,10
E01033699,Hackney,Drugs,Possession Of Drugs,0,2013,9
E01000404,Bexley,Theft and Handling,Theft From Shops,0,2014,7
E01000944,Camden,Drugs,Drug Trafficking,0,2015,10
E01002299,Havering,Burglary,Burglary in a Dwelling,1,2012,6
E01001695,Greenwich,Criminal Damage,Criminal Damage To Dwelling,0,2014,11
E01004029,Southwark,Sexual Offences,Other Sexual,0,2008,3
E01001436,Enfield,Theft and Handling,Theft From Shops,0,2012,11
E01003454,Merton,Burglary,Burglary in Other Buildings,0,2016,4
E01001634,Greenwich,Theft and Handling,Theft From Shops,0,2015,12
E01000616,Brent,Violence Against the Person,Offensive Weapon,1,2013,9
E01033327,Lewisham,Theft and Handling,Theft/Taking of Pedal Cycle,1,2015,6
E01002665,Hounslow,Theft and Handling,Theft/Taking of Pedal Cycle,0,2010,11
E01003804,Richmond upon Thames,Theft and Handling,Other Theft,1,2009,7
E01004689,Westminster,Violence Against the Person,Other violence,0,2016,4
E01003758,Redbridge,Violence Against the Person,Wounding/GBH,1,2010,3
E01003223,Lewisham,Violence Against the Person,Offensive Weapon,0,2016,11
E01002444,Hillingdon,Theft and Handling,Other Theft Person,5,2014,10
E01003375,Merton,Theft and Handling,Motor Vehicle Interference & Tampering,0,2009,10
E01000912,Camden,Violence Against the Person,Harassment,3,2012,7
E01000656,Bromley,Other Notifiable Offences,Going Equipped,0,2009,1
E01000712,Bromley,Drugs,Possession Of Drugs,2,2010,9
E01003698,Redbridge,Theft and Handling,Handling Stolen Goods,0,2015,10
E01002912,Kensington and Chelsea,Fraud or Forgery,Other Fraud & Forgery,0,2016,9
E01003870,Richmond upon Thames,Violence Against the Person,Wounding/GBH,2,2013,3
E01003309,Lewisham,Drugs,Drug Trafficking,0,2010,6
E01002457,Hillingdon,Theft and Handling,Other Theft,0,2010,1
E01000730,Bromley,Robbery,Personal Property,0,2010,7
E01000679,Bromley,Robbery,Business Property,0,2015,6
E01002634,Hounslow,Other Notifiable Offences,Other Notifiable,0,2009,3
E01003888,Richmond upon Thames,Criminal Damage,Criminal Damage To Other Building,0,2008,6
E01001703,Greenwich,Violence Against the Person,Other violence,0,2014,12
E01001883,Hammersmith and Fulham,Theft and Handling,Other Theft,1,2012,3
E01001075,Croydon,Criminal Damage,Criminal Damage To Dwelling,0,2008,10
E01002958,Kingston upon Thames,Other Notifiable Offences,Other Notifiable,0,2010,9
E01003121,Lambeth,Theft and Handling,Motor Vehicle Interference & Tampering,0,2010,4
E01000849,Camden,Other Notifiable Offences,Other Notifiable,0,2015,4
E01001407,Enfield,Violence Against the Person,Common Assault,0,2009,2
E01001057,Croydon,Violence Against the Person,Harassment,3,2014,12
E01001897,Hammersmith and Fulham,Violence Against the Person,Other violence,0,2010,6
E01000477,Brent,Violence Against the Person,Offensive Weapon,0,2009,5
E01004494,Wandsworth,Criminal Damage,Other Criminal Damage,0,2008,2
E01003778,Redbridge,Violence Against the Person,Other violence,0,2010,12
E01000828,Bromley,Violence Against the Person,Wounding/GBH,0,2008,1
E01000230,Barnet,Burglary,Burglary in a Dwelling,1,2012,4
E01000859,Camden,Theft and Handling,Other Theft Person,0,2013,3
E01004547,Wandsworth,Theft and Handling,Other Theft,0,2009,9
E01004364,Waltham Forest,Robbery,Business Property,0,2014,12
E01003716,Redbridge,Drugs,Possession Of Drugs,1,2015,12
E01002162,Harrow,Criminal Damage,Criminal Damage To Motor Vehicle,1,2013,2
E01004240,Tower Hamlets,Drugs,Drug Trafficking,0,2014,12
E01001361,Ealing,Theft and Handling,Other Theft,12,2008,1
E01004526,Wandsworth,Burglary,Burglary in a Dwelling,0,2011,10
E01002037,Haringey,Burglary,Burglary in a Dwelling,0,2015,1
E01000150,Barnet,Other Notifiable Offences,Other Notifiable,0,2009,6
E01004298,Tower Hamlets,Violence Against the Person,Offensive Weapon,1,2013,10
E01000868,Camden,Criminal Damage,Other Criminal Damage,0,2016,7
E01000694,Bromley,Violence Against the Person,Harassment,0,2011,6
E01004481,Wandsworth,Theft and Handling,Other Theft,3,2012,12
E01003529,Newham,Other Notifiable Offences,Going Equipped,0,2014,4
E01000045,Barking and Dagenham,Violence Against the Person,Harassment,1,2009,3
E01000955,Camden,Criminal Damage,Criminal Damage To Dwelling,0,2016,4
E01001339,Ealing,Theft and Handling,Theft From Shops,0,2016,4
E01001316,Ealing,Theft and Handling,Other Theft,0,2009,4
E01032575,Haringey,Violence Against the Person,Harassment,0,2010,10
E01002176,Harrow,Violence Against the Person,Wounding/GBH,0,2010,12
E01004217,Tower Hamlets,Violence Against the Person,Harassment,3,2012,3
E01002590,Hounslow,Theft and Handling,Theft From Shops,0,2014,4
E01003688,Redbridge,Violence Against the Person,Offensive Weapon,0,2013,5
E01000133,Barnet,Other Notifiable Offences,Other Notifiable,0,2015,5
E01001316,Ealing,Violence Against the Person,Harassment,0,2014,6
E01003556,Newham,Violence Against the Person,Harassment,3,2012,5
E01001563,Enfield,Theft and Handling,Motor Vehicle Interference & Tampering,0,2011,2
E01002656,Hounslow,Violence Against the Person,Common Assault,0,2014,7
E01004401,Waltham Forest,Criminal Damage,Criminal Damage To Other Building,0,2008,11
E01001784,Hackney,Violence Against the Person,Assault with Injury,0,2013,5
E01003462,Merton,Theft and Handling,Motor Vehicle Interference & Tampering,0,2015,7
E01002903,Kensington and Chelsea,Robbery,Business Property,0,2009,2
E01000569,Brent,Criminal Damage,Other Criminal Damage,0,2011,10
E01004211,Tower Hamlets,Violence Against the Person,Other violence,0,2016,12
E01000264,Barnet,Drugs,Possession Of Drugs,1,2016,5
E01001864,Hammersmith and Fulham,Criminal Damage,Criminal Damage To Motor Vehicle,0,2015,6
E01000643,Brent,Violence Against the Person,Common Assault,3,2015,5
E01003837,Richmond upon Thames,Criminal Damage,Other Criminal Damage,0,2016,8
E01002020,Haringey,Drugs,Drug Trafficking,0,2009,9
E01003222,Lewisham,Drugs,Drug Trafficking,0,2015,11
E01000053,Barking and Dagenham,Theft and Handling,Handling Stolen Goods,0,2012,3
E01004469,Waltham Forest,Theft and Handling,Other Theft Person,0,2008,9
E01032781,Tower Hamlets,Violence Against the Person,Offensive Weapon,0,2016,2
E01002604,Hounslow,Theft and Handling,Theft/Taking of Pedal Cycle,0,2011,11
E01001531,Enfield,Other Notifiable Offences,Other Notifiable,0,2011,4
E01000072,Barking and Dagenham,Theft and Handling,Theft/Taking of Pedal Cycle,0,2014,12
E01004542,Wandsworth,Drugs,Possession Of Drugs,0,2011,10
E01002486,Hillingdon,Theft and Handling,Theft From Shops,1,2008,7
E01004248,Tower Hamlets,Violence Against the Person,Wounding/GBH,0,2013,8
E01002432,Hillingdon,Drugs,Drug Trafficking,0,2008,10
E01000199,Barnet,Violence Against the Person,Common Assault,0,2012,5
E01003775,Redbridge,Violence Against the Person,Other violence,0,2008,4
E01003084,Lambeth,Theft and Handling,Handling Stolen Goods,0,2010,8
E01001889,Hammersmith and Fulham,Theft and Handling,Motor Vehicle Interference & Tampering,0,2013,6
E01002322,Havering,Robbery,Personal Property,0,2012,8
E01002136,Harrow,Violence Against the Person,Other violence,0,2014,6
E01033738,Greenwich,Theft and Handling,Theft/Taking of Pedal Cycle,0,2011,12
E01002247,Havering,Violence Against the Person,Harassment,1,2013,1
E01032790,Hammersmith and Fulham,Drugs,Possession Of Drugs,0,2011,3
E01003266,Lewisham,Theft and Handling,Theft/Taking Of Motor Vehicle,0,2008,3
E01004384,Waltham Forest,Robbery,Business Property,0,2014,9
E01000583,Brent,Robbery,Business Property,0,2009,4
E01001432,Enfield,Violence Against the Person,Other violence,0,2016,11
E01003013,Lambeth,Other Notifiable Offences,Going Equipped,1,2015,10
E01003231,Lewisham,Fraud or Forgery,Other Fraud & Forgery,0,2012,4
E01002272,Havering,Burglary,Burglary in a Dwelling,0,2015,2
E01002145,Harrow,Other Notifiable Offences,Going Equipped,0,2015,5
E01033487,Islington,Other Notifiable Offences,Other Notifiable,0,2013,12
E01001736,Hackney,Criminal Damage,Criminal Damage To Motor Vehicle,1,2012,6
E01003783,Redbridge,Theft and Handling,Theft/Taking of Pedal Cycle,1,2014,1
E01002877,Kensington and Chelsea,Violence Against the Person,Wounding/GBH,0,2009,1
E01001325,Ealing,Theft and Handling,Theft/Taking of Pedal Cycle,0,2012,11
E01004690,Westminster,Theft and Handling,Theft/Taking of Pedal Cycle,0,2014,6
E01001715,Hackney,Fraud or Forgery,Other Fraud & Forgery,0,2011,11
E01000487,Brent,Theft and Handling,Theft From Motor Vehicle,1,2016,10
E01003837,Richmond upon Thames,Violence Against the Person,Wounding/GBH,0,2013,1
E01002467,Hillingdon,Violence Against the Person,Assault with Injury,0,2012,9
E01003339,Lewisham,Violence Against the Person,Offensive Weapon,0,2010,12
E01001352,Ealing,Violence Against the Person,Offensive Weapon,0,2014,10
E01002516,Hillingdon,Violence Against the Person,Harassment,0,2016,9
E01001993,Haringey,Criminal Damage,Criminal Damage To Motor Vehicle,2,2013,5
E01003061,Lambeth,Criminal Damage,Criminal Damage To Motor Vehicle,0,2015,10
E01004167,Sutton,Theft and Handling,Other Theft,1,2012,9
E01004608,Wandsworth,Violence Against the Person,Other violence,0,2012,11
E01002810,Islington,Other Notifiable Offences,Other Notifiable,0,2012,4
E01000277,Barnet,Violence Against the Person,Offensive Weapon,0,2013,11
E01004248,Tower Hamlets,Violence Against the Person,Harassment,2,2008,12
E01002195,Harrow,Theft and Handling,Other Theft Person,0,2013,9
E01003569,Newham,Criminal Damage,Criminal Damage To Motor Vehicle,0,2014,2
E01002395,Hillingdon,Theft and Handling,Motor Vehicle Interference & Tampering,0,2013,6
E01003974,Southwark,Robbery,Business Property,0,2010,9
E01002020,Haringey,Violence Against the Person,Murder,0,2012,11
E01001122,Croydon,Violence Against the Person,Assault with Injury,2,2016,6
E01003786,Redbridge,Other Notifiable Offences,Other Notifiable,0,2016,3
E01003993,Southwark,Violence Against the Person,Offensive Weapon,0,2008,2
E01003907,Richmond upon Thames,Robbery,Personal Property,0,2015,6
E01001364,Ealing,Theft and Handling,Theft/Taking of Pedal Cycle,1,2013,6
E01000669,Bromley,Theft and Handling,Theft From Shops,0,2010,3
E01001147,Croydon,Burglary,Burglary in Other Buildings,0,2008,10
E01001822,Hackney,Burglary,Burglary in a Dwelling,0,2012,12
E01001277,Ealing,Theft and Handling,Other Theft,0,2012,2
E01001075,Croydon,Violence Against the Person,Common Assault,0,2010,11
E01002829,Kensington and Chelsea,Theft and Handling,Theft/Taking Of Motor Vehicle,1,2008,8
E01003668,Redbridge,Criminal Damage,Other Criminal Damage,0,2015,1
E01002067,Haringey,Other Notifiable Offences,Going Equipped,0,2008,12
E01001180,Croydon,Theft and Handling,Handling Stolen Goods,0,2013,10
E01002805,Islington,Theft and Handling,Theft From Motor Vehicle,2,2008,10
E01000659,Bromley,Drugs,Possession Of Drugs,0,2014,2
E01003917,Southwark,Theft and Handling,Other Theft Person,0,2014,11
E01000251,Barnet,Theft and Handling,Theft From Shops,0,2014,1
E01000439,Bexley,Burglary,Burglary in a Dwelling,0,2015,10
E01004765,Westminster,Violence Against the Person,Wounding/GBH,0,2009,9
E01004334,Waltham Forest,Violence Against the Person,Assault with Injury,0,2015,1
E01003809,Richmond upon Thames,Violence Against the Person,Assault with Injury,0,2014,8
E01001880,Hammersmith and Fulham,Robbery,Business Property,0,2011,1
E01002210,Harrow,Robbery,Personal Property,0,2008,11
E01002726,Islington,Robbery,Business Property,0,2008,8
E01033000,Hounslow,Theft and Handling,Theft/Taking Of Motor Vehicle,0,2010,1
E01002448,Hillingdon,Criminal Damage,Other Criminal Damage,0,2012,2
E01004094,Sutton,Violence Against the Person,Common Assault,0,2012,12
E01003365,Merton,Violence Against the Person,Harassment,0,2009,8
E01000671,Bromley,Criminal Damage,Criminal Damage To Motor Vehicle,1,2015,2
E01000183,Barnet,Theft and Handling,Theft From Shops,0,2015,8
E01003448,Merton,Burglary,Burglary in a Dwelling,4,2013,12
E01001155,Croydon,Drugs,Other Drugs,0,2016,4
E01004409,Waltham Forest,Drugs,Drug Trafficking,0,2014,4
E01000587,Brent,Other Notifiable Offences,Other Notifiable,0,2008,8
E01002210,Harrow,Theft and Handling,Theft/Taking Of Motor Vehicle,0,2012,11
E01002554,Hillingdon,Violence Against the Person,Offensive Weapon,0,2008,1
E01000241,Barnet,Violence Against the Person,Wounding/GBH,0,2012,9
E01003241,Lewisham,Theft and Handling,Handling Stolen Goods,0,2010,5
E01001444,Enfield,Criminal Damage,Criminal Damage To Other Building,0,2016,4
E01000162,Barnet,Criminal Damage,Criminal Damage To Motor Vehicle,0,2009,12
E01003451,Merton,Other Notifiable Offences,Going Equipped,0,2013,11
E01000418,Bexley,Robbery,Personal Property,0,2011,12
E01002208,Harrow,Robbery,Personal Property,0,2016,4
E01002874,Kensington and Chelsea,Violence Against the Person,Harassment,0,2013,6
E01003190,Lewisham,Drugs,Other Drugs,0,2009,7
E01002902,Kensington and Chelsea,Robbery,Personal Property,0,2014,10
E01002289,Havering,Sexual Offences,Other Sexual,0,2013,5
E01002421,Hillingdon,Criminal Damage,Criminal Damage To Other Building,0,2010,3
E01000573,Brent,Violence Against the Person,Wounding/GBH,0,2016,2
E01001943,Hammersmith and Fulham,Violence Against the Person,Wounding/GBH,5,2015,12
E01001577,Greenwich,Violence Against the Person,Other violence,0,2015,2
E01000778,Bromley,Theft and Handling,Theft/Taking of Pedal Cycle,0,2016,2
E01001150,Croydon,Fraud or Forgery,Counted per Victim,0,2012,6
E01002955,Kingston upon Thames,Theft and Handling,Theft From Motor Vehicle,1,2010,8
E01003429,Merton,Violence Against the Person,Other violence,0,2008,9
E01001470,Enfield,Theft and Handling,Theft From Shops,0,2016,7
E01002192,Harrow,Theft and Handling,Other Theft Person,0,2009,11
E01000793,Bromley,Theft and Handling,Motor Vehicle Interference & Tampering,0,2015,3
E01003438,Merton,Violence Against the Person,Other violence,1,2011,8
E01002374,Havering,Burglary,Burglary in Other Buildings,2,2013,9
E01000803,Bromley,Criminal Damage,Criminal Damage To Other Building,0,2016,10
E01000830,Bromley,Robbery,Personal Property,0,2016,1
E01001417,Enfield,Theft and Handling,Handling Stolen Goods,0,2014,5
E01003319,Lewisham,Robbery,Business Property,0,2009,7
E01003392,Merton,Violence Against the Person,Assault with Injury,0,2009,12
E01002001,Haringey,Drugs,Drug Trafficking,0,2010,1
E01003347,Lewisham,Theft and Handling,Motor Vehicle Interference & Tampering,0,2008,7
E01000495,Brent,Drugs,Drug Trafficking,0,2016,12
E01002478,Hillingdon,Violence Against the Person,Other violence,1,2014,9
E01004477,Wandsworth,Burglary,Burglary in a Dwelling,0,2016,11
E01003214,Lewisham,Theft and Handling,Theft From Motor Vehicle,3,2008,5
E01002528,Hillingdon,Criminal Damage,Other Criminal Damage,0,2014,12
E01004427,Waltham Forest,Burglary,Burglary in Other Buildings,0,2016,8
E01001513,Enfield,Theft and Handling,Other Theft,14,2014,6
E01000307,Barnet,Other Notifiable Offences,Going Equipped,0,2014,4
E01003240,Lewisham,Theft and Handling,Theft/Taking of Pedal Cycle,0,2012,2
E01004548,Wandsworth,Robbery,Business Property,0,2009,2
E01000979,Croydon,Theft and Handling,Theft From Shops,1,2016,12
E01002605,Hounslow,Theft and Handling,Theft/Taking Of Motor Vehicle,0,2009,9
E01001925,Hammersmith and Fulham,Theft and Handling,Other Theft Person,2,2012,4
E01000727,Bromley,Theft and Handling,Theft From Shops,0,2011,5
E01000964,Camden,Theft and Handling,Other Theft Person,0,2008,1
E01003395,Merton,Theft and Handling,Handling Stolen Goods,0,2011,3
E01004263,Tower Hamlets,Criminal Damage,Criminal Damage To Motor Vehicle,0,2009,9
E01003441,Merton,Theft and Handling,Theft From Motor Vehicle,0,2014,6
E01000161,Barnet,Theft and Handling,Handling Stolen Goods,0,2009,7
E01033324,Lewisham,Violence Against the Person,Harassment,1,2015,3
E01001005,Croydon,Theft and Handling,Handling Stolen Goods,0,2008,5
E01003331,Lewisham,Burglary,Burglary in a Dwelling,1,2011,9
E01001357,Ealing,Violence Against the Person,Assault with Injury,0,2011,9
E01000451,Bexley,Theft and Handling,Other Theft Person,0,2008,4
E01004287,Tower Hamlets,Violence Against the Person,Common Assault,3,2010,7
E01000187,Barnet,Theft and Handling,Handling Stolen Goods,0,2011,4
E01004605,Wandsworth,Theft and Handling,Other Theft Person,0,2013,6
E01001315,Ealing,Drugs,Possession Of Drugs,1,2009,11
E01003674,Redbridge,Theft and Handling,Motor Vehicle Interference & Tampering,0,2015,1
E01000860,Camden,Criminal Damage,Criminal Damage To Motor Vehicle,1,2016,8
E01000813,Bromley,Theft and Handling,Theft From Motor Vehicle,0,2013,8
E01003917,Southwark,Theft and Handling,Other Theft,0,2009,10
E01002699,Islington,Violence Against the Person,Assault with Injury,1,2012,8
E01001459,Enfield,Theft and Handling,Motor Vehicle Interference & Tampering,0,2013,3
E01002839,Kensington and Chelsea,Violence Against the Person,Assault with Injury,2,2009,9
E01003710,Redbridge,Violence Against the Person,Harassment,0,2013,12
E01001469,Enfield,Criminal Damage,Other Criminal Damage,0,2012,6
E01003518,Newham,Violence Against the Person,Wounding/GBH,0,2014,7
E01003573,Newham,Theft and Handling,Other Theft,0,2011,7
E01003418,Merton,Other Notifiable Offences,Other Notifiable,0,2009,7
E01000196,Barnet,Drugs,Drug Trafficking,0,2015,9
E01000864,Camden,Theft and Handling,Handling Stolen Goods,0,2012,1
E01001892,Hammersmith and Fulham,Violence Against the Person,Common Assault,0,2013,8
E01001646,Greenwich,Other Notifiable Offences,Other Notifiable,0,2008,5
E01000903,Camden,Criminal Damage,Criminal Damage To Motor Vehicle,0,2008,10
E01000980,Croydon,Violence Against the Person,Other violence,0,2013,4
E01000610,Brent,Theft and Handling,Other Theft,1,2014,3
E01000870,Camden,Robbery,Business Property,0,2010,12
E01002902,Kensington and Chelsea,Burglary,Burglary in Other Buildings,1,2010,8
E01004548,Wandsworth,Burglary,Burglary in a Dwelling,0,2014,4
E01001062,Croydon,Fraud or Forgery,Counted per Victim,0,2010,11
E01004242,Tower Hamlets,Robbery,Personal Property,1,2010,5
E01004706,Westminster,Theft and Handling,Theft From Shops,0,2008,6
E01003605,Newham,Theft and Handling,Theft/Taking Of Motor Vehicle,1,2013,1
E01004062,Southwark,Theft and Handling,Other Theft,6,2009,6
E01003042,Lambeth,Theft and Handling,Other Theft Person,0,2014,6
E01003375,Merton,Violence Against the Person,Assault with Injury,0,2013,8
E01000644,Brent,Violence Against the Person,Common Assault,0,2008,11
E01003867,Richmond upon Thames,Violence Against the Person,Assault with Injury,0,2010,10
E01004051,Southwark,Burglary,Burglary in Other Buildings,0,2011,3
E01001228,Ealing,Violence Against the Person,Harassment,1,2014,1
E01000114,Barking and Dagenham,Criminal Damage,Criminal Damage To Motor Vehicle,0,2015,3
E01004128,Sutton,Burglary,Burglary in a Dwelling,0,2014,7
E01032744,Ealing,Theft and Handling,Motor Vehicle Interference & Tampering,0,2008,1
E01002208,Harrow,Other Notifiable Offences,Other Notifiable,0,2013,7
E01000173,Barnet,Drugs,Drug Trafficking,0,2015,10
E01002294,Havering,Theft and Handling,Theft/Taking Of Motor Vehicle,1,2016,1
E01003502,Newham,Violence Against the Person,Harassment,0,2010,12
E01001176,Croydon,Theft and Handling,Theft/Taking Of Motor Vehicle,1,2014,7
E01002067,Haringey,Theft and Handling,Other Theft,0,2008,2
E01002454,Hillingdon,Theft and Handling,Theft From Shops,0,2012,11
E01000546,Brent,Fraud or Forgery,Other Fraud & Forgery,0,2011,11
E01000664,Bromley,Burglary,Burglary in Other Buildings,0,2009,2
E01004355,Waltham Forest,Theft and Handling,Theft/Taking Of Motor Vehicle,1,2008,8
E01003648,Redbridge,Theft and Handling,Motor Vehicle Interference & Tampering,0,2013,5
E01000720,Bromley,Other Notifiable Offences,Other Notifiable,0,2013,5
E01004214,Tower Hamlets,Drugs,Drug Trafficking,0,2009,7
E01001965,Haringey,Theft and Handling,Other Theft,0,2011,9
E01003014,Lambeth,Theft and Handling,Theft From Shops,0,2008,8
E01004119,Sutton,Theft and Handling,Theft From Motor Vehicle,0,2011,7
E01033736,Greenwich,Drugs,Possession Of Drugs,0,2013,8
E01001383,Ealing,Theft and Handling,Theft From Motor Vehicle,3,2014,9
E01000967,Camden,Burglary,Burglary in Other Buildings,1,2014,2
E01001664,Greenwich,Fraud or Forgery,Counted per Victim,1,2008,1
E01004208,Tower Hamlets,Theft and Handling,Theft/Taking Of Motor Vehicle,0,2009,3
E01004202,Tower Hamlets,Violence Against the Person,Offensive Weapon,0,2015,10
E01000744,Bromley,Drugs,Other Drugs,0,2011,11
E01003268,Lewisham,Sexual Offences,Other Sexual,0,2014,1
E01001833,Hackney,Violence Against the Person,Murder,0,2015,11
E01000739,Bromley,Violence Against the Person,Common Assault,1,2012,7
E01002373,Havering,Violence Against the Person,Common Assault,0,2015,3
E01004255,Tower Hamlets,Criminal Damage,Criminal Damage To Other Building,0,2016,3
E01001358,Ealing,Other Notifiable Offences,Other Notifiable,0,2009,5
E01001728,Hackney,Theft and Handling,Other Theft Person,0,2014,6
E01002632,Hounslow,Violence Against the Person,Offensive Weapon,0,2010,12
E01003798,Richmond upon Thames,Theft and Handling,Theft/Taking of Pedal Cycle,0,2014,10
E01000462,Bexley,Robbery,Personal Property,1,2008,3
E01001675,Greenwich,Violence Against the Person,Other violence,0,2011,11
E01003726,Redbridge,Theft and Handling,Theft From Motor Vehicle,0,2011,9
E01000513,Brent,Criminal Damage,Criminal Damage To Dwelling,0,2014,5
E01004065,Southwark,Other Notifiable Offences,Going Equipped,0,2016,5
E01003257,Lewisham,Drugs,Drug Trafficking,0,2013,6
E01004658,Westminster,Violence Against the Person,Offensive Weapon,0,2016,6
E01003761,Redbridge,Drugs,Drug Trafficking,0,2008,4
E01002094,Haringey,Robbery,Business Property,0,2011,5
E01003100,Lambeth,Other Notifiable Offences,Going Equipped,0,2008,1
E01000130,Barnet,Criminal Damage,Criminal Damage To Motor Vehicle,1,2016,2
E01003188,Lambeth,Theft and Handling,Theft/Taking of Pedal Cycle,0,2016,6
E01001139,Croydon,Theft and Handling,Other Theft Person,0,2013,10
E01004451,Waltham Forest,Violence Against the Person,Wounding/GBH,0,2011,12
E01002398,Hillingdon,Sexual Offences,Other Sexual,0,2012,10
E01003295,Lewisham,Theft and Handling,Theft From Motor Vehicle,1,2015,2
E01033093,Wandsworth,Theft and Handling,Theft From Motor Vehicle,2,2016,5
E01033607,Westminster,Criminal Damage,Other Criminal Damage,0,2008,12
E01002590,Hounslow,Other Notifiable Offences,Other Notifiable,0,2014,3
E01002079,Haringey,Violence Against the Person,Harassment,1,2008,8
E01003197,Lewisham,Criminal Damage,Criminal Damage To Motor Vehicle,0,2011,4
E01000554,Brent,Burglary,Burglary in a Dwelling,0,2012,5
E01000770,Bromley,Violence Against the Person,Other violence,0,2012,3
E01002167,Harrow,Theft and Handling,Other Theft Person,0,2010,2
E01002139,Harrow,Violence Against the Person,Other violence,0,2011,12
E01004620,Wandsworth,Theft and Handling,Handling Stolen Goods,0,2008,7
E01002924,Kingston upon Thames,Theft and Handling,Theft/Taking of Pedal Cycle,0,2016,11
E01004532,Wandsworth,Criminal Damage,Criminal Damage To Other Building,0,2011,4
E01003607,Newham,Burglary,Burglary in a Dwelling,1,2015,1
E01001809,Hackney,Burglary,Burglary in Other Buildings,0,2008,10
E01003954,Southwark,Theft and Handling,Theft/Taking of Pedal Cycle,0,2009,12
E01000743,Bromley,Theft and Handling,Motor Vehicle Interference & Tampering,0,2011,9
E01004000,Southwark,Theft and Handling,Theft/Taking Of Motor Vehicle,0,2008,10
E01004018,Southwark,Fraud or Forgery,Other Fraud & Forgery,0,2014,10
E01004609,Wandsworth,Burglary,Burglary in a Dwelling,0,2016,11
E01000670,Bromley,Theft and Handling,Motor Vehicle Interference & Tampering,0,2009,2
E01000514,Brent,Violence Against the Person,Offensive Weapon,0,2015,3
E01004610,Wandsworth,Drugs,Drug Trafficking,0,2014,4
E01001807,Hackney,Theft and Handling,Motor Vehicle Interference & Tampering,0,2009,5
E01002382,Havering,Violence Against the Person,Assault with Injury,0,2008,9
E01002918,Kingston upon Thames,Criminal Damage,Criminal Damage To Other Building,0,2012,10
E01000902,Camden,Theft and Handling,Handling Stolen Goods,0,2015,3
E01002592,Hounslow,Criminal Damage,Criminal Damage To Motor Vehicle,0,2013,11
E01000995,Croydon,Theft and Handling,Motor Vehicle Interference & Tampering,0,2014,7
E01001982,Haringey,Theft and Handling,Other Theft Person,0,2009,2
E01002381,Havering,Violence Against the Person,Common Assault,0,2012,12
E01000092,Barking and Dagenham,Violence Against the Person,Harassment,4,2015,5
E01000916,Camden,Drugs,Other Drugs,0,2009,4
E01003573,Newham,Violence Against the Person,Offensive Weapon,0,2016,12
E01000324,Barnet,Theft and Handling,Theft/Taking of Pedal Cycle,0,2010,12
E01004748,Westminster,Violence Against the Person,Wounding/GBH,0,2016,1
E01004143,Sutton,Violence Against the Person,Other violence,0,2014,11
E01000358,Bexley,Violence Against the Person,Other violence,0,2015,10
E01003979,Southwark,Violence Against the Person,Assault with Injury,0,2015,12
E01003822,Richmond upon Thames,Theft and Handling,Theft/Taking of Pedal Cycle,0,2008,4
E01003738,Redbridge,Violence Against the Person,Offensive Weapon,0,2008,1
E01002891,Kensington and Chelsea,Other Notifiable Offences,Other Notifiable,0,2012,6
E01002115,Harrow,Theft and Handling,Motor Vehicle Interference & Tampering,0,2008,12
E01000190,Barnet,Criminal Damage,Criminal Damage To Motor Vehicle,1,2009,9
E01001719,Hackney,Robbery,Business Property,0,2012,3
E01003333,Lewisham,Violence Against the Person,Offensive Weapon,0,2013,8
E01001878,Hammersmith and Fulham,Burglary,Burglary in a Dwelling,0,2009,9
E01001830,Hackney,Burglary,Burglary in a Dwelling,0,2009,5
E01002330,Havering,Violence Against the Person,Harassment,0,2013,1
E01004256,Tower Hamlets,Criminal Damage,Criminal Damage To Dwelling,0,2015,8
E01004329,Waltham Forest,Violence Against the Person,Offensive Weapon,0,2009,3
E01003391,Merton,Drugs,Possession Of Drugs,0,2010,7
E01000364,Bexley,Robbery,Personal Property,0,2011,6
E01003720,Redbridge,Robbery,Business Property,0,2013,3
E01003619,Newham,Robbery,Personal Property,2,2010,5
E01003945,Southwark,Theft and Handling,Other Theft,4,2011,10
E01000918,Camden,Violence Against the Person,Harassment,3,2013,11
E01003661,Redbridge,Criminal Damage,Criminal Damage To Dwelling,0,2014,8
E01003476,Merton,Robbery,Personal Property,0,2011,11
E01003531,Newham,Robbery,Personal Property,3,2011,10
E01004150,Sutton,Theft and Handling,Handling Stolen Goods,0,2013,11
E01003220,Lewisham,Criminal Damage,Criminal Damage To Other Building,0,2011,3
E01003778,Redbridge,Theft and Handling,Other Theft Person,0,2008,10
E01003494,Newham,Violence Against the Person,Other violence,0,2013,4
E01001220,Ealing,Sexual Offences,Other Sexual,0,2012,3
E01004187,Sutton,Theft and Handling,Theft From Motor Vehicle,3,2008,1
E01032576,Harrow,Criminal Damage,Criminal Damage To Motor Vehicle,0,2016,11
E01000411,Bexley,Robbery,Personal Property,0,2014,6
E01004437,Waltham Forest,Criminal Damage,Criminal Damage To Dwelling,1,2010,3
E01001220,Ealing,Burglary,Burglary in a Dwelling,2,2015,5
E01001853,Hammersmith and Fulham,Robbery,Personal Property,0,2015,7
E01002282,Havering,Sexual Offences,Rape,0,2010,12
E01032781,Tower Hamlets,Violence Against the Person,Common Assault,2,2016,9
E01001467,Enfield,Violence Against the Person,Wounding/GBH,0,2015,1
E01001185,Croydon,Burglary,Burglary in Other Buildings,0,2011,6
E01001236,Ealing,Violence Against the Person,Assault with Injury,0,2011,6
E01003387,Merton,Other Notifiable Offences,Other Notifiable,0,2013,1
E01004698,Westminster,Violence Against the Person,Wounding/GBH,0,2012,2
E01000992,Croydon,Theft and Handling,Handling Stolen Goods,0,2014,10
E01003361,Merton,Theft and Handling,Theft/Taking of Pedal Cycle,0,2012,8
E01004724,Westminster,Violence Against the Person,Common Assault,0,2014,10
E01001172,Croydon,Criminal Damage,Criminal Damage To Motor Vehicle,0,2013,1
E01000886,Camden,Theft and Handling,Motor Vehicle Interference & Tampering,0,2009,7
E01000786,Bromley,Criminal Damage,Other Criminal Damage,0,2010,1
E01002029,Haringey,Theft and Handling,Other Theft Person,2,2010,10
E01000090,Barking and Dagenham,Theft and Handling,Theft From Motor Vehicle,0,2015,11
E01000406,Bexley,Fraud or Forgery,Other Fraud & Forgery,0,2009,6
E01002711,Islington,Violence Against the Person,Wounding/GBH,1,2015,10
E01000075,Barking and Dagenham,Criminal Damage,Other Criminal Damage,0,2014,4
E01000987,Croydon,Robbery,Business Property,0,2013,7
E01004589,Wandsworth,Burglary,Burglary in a Dwelling,0,2012,3
E01002100,Haringey,Drugs,Other Drugs,1,2012,2
E01002370,Havering,Fraud or Forgery,Counted per Victim,0,2015,4
E01000065,Barking and Dagenham,Theft and Handling,Other Theft Person,0,2008,2
E01000749,Bromley,Theft and Handling,Theft From Motor Vehicle,4,2009,1
E01004171,Sutton,Theft and Handling,Other Theft,0,2009,7
E01003425,Merton,Violence Against the Person,Harassment,0,2015,4
E01003055,Lambeth,Other Notifiable Offences,Going Equipped,0,2008,1
E01002123,Harrow,Violence Against the Person,Offensive Weapon,0,2008,4
E01004331,Waltham Forest,Violence Against the Person,Harassment,2,2015,12
E01002170,Harrow,Burglary,Burglary in Other Buildings,0,2013,10
E01000801,Bromley,Violence Against the Person,Offensive Weapon,0,2013,8
E01001775,Hackney,Theft and Handling,Theft/Taking of Pedal Cycle,1,2016,3
E01003109,Lambeth,Violence Against the Person,Wounding/GBH,0,2012,9
E01001755,Hackney,Violence Against the Person,Assault with Injury,0,2009,1
E01033085,Haringey,Theft and Handling,Motor Vehicle Interference & Tampering,0,2008,9
E01002080,Haringey,Theft and Handling,Other Theft Person,5,2015,3
E01000446,Bexley,Violence Against the Person,Other violence,0,2016,4
E01000252,Barnet,Violence Against the Person,Offensive Weapon,0,2011,11
E01000662,Bromley,Robbery,Personal Property,0,2009,8
E01032573,Hounslow,Other Notifiable Offences,Other Notifiable,1,2012,3
E01004183,Sutton,Theft and Handling,Other Theft Person,1,2011,7
E01000935,Camden,Theft and Handling,Theft From Motor Vehicle,1,2012,3
E01001087,Croydon,Theft and Handling,Theft From Shops,1,2010,1
E01033590,Redbridge,Violence Against the Person,Other violence,0,2015,12
E01002336,Havering,Criminal Damage,Criminal Damage To Dwelling,0,2012,6
