E01000114,Barking and Dagenham,Criminal Damage,Criminal Damage To Other Building,0,2012,2
E01000733,Bromley,Burglary,Burglary in Other Buildings,0,2012,6
E01001504,Enfield,Violence Against the Person,Other violence,0,2009,12
E01003937,Southwark,Violence Against the Person,Wounding/GBH,0,2015,4
E01001295,Ealing,Criminal Damage,Criminal Damage To Dwelling,1,2013,11
E01002885,Kensington and Chelsea,Criminal Damage,Criminal Damage To Dwelling,0,2009,2
E01002252,Havering,Theft and Handling,Theft/Taking Of Motor Vehicle,0,2015,7
E01001822,Hackney,Theft and Handling,Theft From Motor Vehicle,2,2016,8
E01001690,Greenwich,Drugs,Drug Trafficking,1,2016,9
E01001785,Hackney,Violence Against the Person,Harassment,1,2011,8
E01001458,Enfield,Violence Against the Person,Common Assault,0,2008,10
E01002581,Hounslow,Violence Against the Person,Common Assault,0,2009,6
E01001774,Hackney,Violence Against the Person,Other violence,3,2009,9
E01000392,Bexley,Theft and Handling,Other Theft,2,2016,6
E01001186,Croydon,Theft and Handling,Theft From Motor Vehicle,1,2014,5
E01003823,Richmond upon Thames,Sexual Offences,Other Sexual,0,2010,6
E01004648,Westminster,Criminal Damage,Criminal Damage To Motor Vehicle,0,2011,4
E01000991,Croydon,Drugs,Other Drugs,0,2013,11
E01004284,Tower Hamlets,Robbery,Business Property,0,2013,1
E01001750,Hackney,Theft and Handling,Theft/Taking Of Motor Vehicle,0,2009,9
E01003258,Lewisham,Theft and Handling,Theft/Taking Of Motor Vehicle,0,2011,11
E01000901,Camden,Criminal Damage,Other Criminal Damage,0,2009,2
E01001944,Hammersmith and Fulham,Criminal Damage,Criminal Damage To Dwelling,0,2016,9
E01003644,Redbridge,Drugs,Possession Of Drugs,0,2011,2
E01000313,Barnet,Theft and Handling,Theft From Motor Vehicle,0,2015,8
E01004206,Tower Hamlets,Violence Against the Person,Common Assault,1,2008,7
E01001150,Croydon,Violence Against the Person,Assault with Injury,0,2010,3
E01002384,Havering,Theft and Handling,Theft/Taking Of Motor Vehicle,0,2010,7
E01002710,Islington,Theft and Handling,Handling Stolen Goods,0,2008,3
E01000680,Bromley,Theft and Handling,Theft/Taking of Pedal Cycle,0,2013,5
E01000307,Barnet,Burglary,Burglary in Other Buildings,0,2011,4
E01002120,Harrow,Violence Against the Person,Offensive Weapon,0,2013,12
E01002296,Havering,Criminal Damage,Criminal Damage To Dwelling,0,2011,3
E01002533,Hillingdon,Violence Against the Person,Offensive Weapon,0,2016,8
E01003028,Lambeth,Criminal Damage,Criminal Damage To Dwelling,0,2009,9
E01004701,Westminster,Theft and Handling,Theft/Taking Of Motor Vehicle,2,2016,7
E01001305,Ealing,Drugs,Drug Trafficking,0,2015,8
E01002526,Hillingdon,Burglary,Burglary in a Dwelling,2,2016,10
E01003946,Southwark,Criminal Damage,Criminal Damage To Other Building,0,2016,7
E01002797,Islington,Other Notifiable Offences,Other Notifiable,0,2015,4
E01000301,Barnet,Theft and Handling,Motor Vehicle Interference & Tampering,0,2016,9
E01002939,Kingston upon Thames,Theft and Handling,Handling Stolen Goods,0,2013,8
E01000653,Bromley,Burglary,Burglary in Other Buildings,0,2013,5
E01003058,Lambeth,Other Notifiable Offences,Going Equipped,0,2010,11
E01000222,Barnet,Criminal Damage,Criminal Damage To Other Building,0,2012,11
E01001476,Enfield,Robbery,Business Property,0,2016,3
E01002197,Harrow,Criminal Damage,Other Criminal Damage,0,2015,12
E01003876,Richmond upon Thames,Criminal Damage,Criminal Damage To Dwelling,0,2016,2
E01003139,Lambeth,Burglary,Burglary in a Dwelling,1,2012,2
E01000282,Barnet,Violence Against the Person,Wounding/GBH,0,2013,5
E01003027,Lambeth,Criminal Damage,Criminal Damage To Dwelling,0,2008,8
E01000396,Bexley,Theft and Handling,Other Theft,0,2010,10
E01001864,Hammersmith and Fulham,Violence Against the Person,Other violence,0,2013,3
E01004325,Tower Hamlets,Theft and Handling,Other Theft,7,2010,1
E01003958,Southwark,Criminal Damage,Other Criminal Damage,0,2016,12
E01000935,Camden,Other Notifiable Offences,Other Notifiable,0,2013,3
E01003672,Redbridge,Theft and Handling,Theft From Motor Vehicle,2,2009,2
E01003219,Lewisham,Criminal Damage,Criminal Damage To Motor Vehicle,0,2008,8
E01004377,Waltham Forest,Theft and Handling,Theft From Motor Vehicle,0,2008,4
E01003870,Richmond upon Thames,Robbery,Personal Property,0,2010,1
E01004720,Westminster,Criminal Damage,Criminal Damage To Motor Vehicle,0,2013,12
E01002424,Hillingdon,Criminal Damage,Criminal Damage To Dwelling,0,2016,10
E01001120,Croydon,Criminal Damage,Criminal Damage To Dwelling,0,2010,3
E01001276,Ealing,Violence Against the Person,Wounding/GBH,0,2012,11
E01002787,Islington,Drugs,Other Drugs,0,2015,1
E01003066,Lambeth,Robbery,Personal Property,0,2015,4
E01001554,Enfield,Drugs,Other Drugs,0,2016,4
E01004097,Sutton,Violence Against the Person,Offensive Weapon,0,2010,8
E01001600,Greenwich,Criminal Damage,Criminal Damage To Dwelling,0,2014,6
E01032565,Lewisham,Criminal Damage,Criminal Damage To Motor Vehicle,0,2009,5
E01000260,Barnet,Theft and Handling,Theft From Motor Vehicle,0,2016,11
E01004158,Sutton,Criminal Damage,Criminal Damage To Other Building,0,2011,9
E01003971,Southwark,Criminal Damage,Other Criminal Damage,0,2012,5
E01001372,Ealing,Fraud or Forgery,Other Fraud & Forgery,0,2009,10
E01002255,Havering,Other Notifiable Offences,Going Equipped,0,2014,11
E01004606,Wandsworth,Theft and Handling,Theft/Taking of Pedal Cycle,2,2008,3
E01001575,Greenwich,Violence Against the Person,Wounding/GBH,1,2013,11
E01004107,Sutton,Violence Against the Person,Other violence,0,2010,1
E01000956,Camden,Theft and Handling,Theft From Motor Vehicle,0,2015,10
E01002752,Islington,Theft and Handling,Motor Vehicle Interference & Tampering,1,2010,11
E01000401,Bexley,Criminal Damage,Criminal Damage To Other Building,0,2015,8
E01003133,Lambeth,Criminal Damage,Criminal Damage To Motor Vehicle,0,2010,3
E01001463,Enfield,Violence Against the Person,Wounding/GBH,0,2016,7
E01001032,Croydon,Theft and Handling,Motor Vehicle Interference & Tampering,0,2010,6
E01002814,Kensington and Chelsea,Violence Against the Person,Assault with Injury,2,2008,10
E01001301,Ealing,Violence Against the Person,Harassment,0,2008,6
E01000967,Camden,Violence Against the Person,Wounding/GBH,0,2011,4
E01002316,Havering,Violence Against the Person,Other violence,2,2015,1
E01001642,Greenwich,Drugs,Other Drugs,0,2008,12
E01002905,Kensington and Chelsea,Theft and Handling,Theft From Motor Vehicle,1,2013,8
E01003029,Lambeth,Theft and Handling,Other Theft Person,2,2013,3
E01003432,Merton,Theft and Handling,Handling Stolen Goods,0,2012,12
E01004335,Waltham Forest,Violence Against the Person,Wounding/GBH,0,2009,5
E01001404,Enfield,Criminal Damage,Criminal Damage To Motor Vehicle,0,2010,8
E01003052,Lambeth,Theft and Handling,Other Theft Person,9,2013,9
E01001784,Hackney,Violence Against the Person,Offensive Weapon,0,2015,8
E01033153,Waltham Forest,Violence Against the Person,Harassment,0,2009,12
E01002605,Hounslow,Violence Against the Person,Harassment,0,2012,12
E01001794,Hackney,Theft and Handling,Theft/Taking of Pedal Cycle,0,2010,10
E01001877,Hammersmith and Fulham,Other Notifiable Offences,Going Equipped,0,2008,1
E01002741,Islington,Violence Against the Person,Wounding/GBH,0,2012,1
E01004649,Westminster,Violence Against the Person,Wounding/GBH,0,2012,6
E01001718,Hackney,Theft and Handling,Other Theft,2,2011,4
E01004568,Wandsworth,Theft and Handling,Handling Stolen Goods,0,2009,6
E01001623,Greenwich,Violence Against the Person,Offensive Weapon,0,2010,8
E01003201,Lewisham,Theft and Handling,Other Theft,4,2014,8
E01002559,Hounslow,Violence Against the Person,Harassment,0,2016,8
E01002180,Harrow,Burglary,Burglary in a Dwelling,3,2010,4
E01002413,Hillingdon,Other Notifiable Offences,Other Notifiable,0,2010,6
E01002666,Hounslow,Burglary,Burglary in Other Buildings,0,2009,6
E01003363,Merton,Burglary,Burglary in a Dwelling,1,2016,12
E01003733,Redbridge,Theft and Handling,Theft/Taking of Pedal Cycle,0,2015,9
E01002571,Hounslow,Criminal Damage,Criminal Damage To Other Building,0,2009,5
E01001296,Ealing,Criminal Damage,Criminal Damage To Motor Vehicle,0,2012,1
E01001025,Croydon,Theft and Handling,Handling Stolen Goods,0,2011,6
E01002737,Islington,Robbery,Personal Property,0,2015,8
E01001418,Enfield,Theft and Handling,Theft/Taking of Pedal Cycle,0,2010,8
E01033463,Brent,Violence Against the Person,Wounding/GBH,2,2014,8
E01001519,Enfield,Violence Against the Person,Common Assault,1,2008,4
E01003777,Redbridge,Theft and Handling,Other Theft,1,2014,12
E01002923,Kingston upon Thames,Violence Against the Person,Wounding/GBH,1,2013,12
E01002587,Hounslow,Theft and Handling,Theft From Motor Vehicle,2,2014,12
E01004421,Waltham Forest,Theft and Handling,Other Theft Person,1,2013,6
E01001356,Ealing,Drugs,Possession Of Drugs,0,2012,1
E01002905,Kensington and Chelsea,Burglary,Burglary in Other Buildings,0,2016,2
E01032572,Ealing,Theft and Handling,Theft/Taking of Pedal Cycle,1,2015,9
E01002321,Havering,Burglary,Burglary in a Dwelling,0,2009,4
E01003703,Redbridge,Violence Against the Person,Other violence,0,2016,12
E01002221,Harrow,Theft and Handling,Theft From Shops,0,2011,7
E01003635,Newham,Other Notifiable Offences,Going Equipped,0,2014,9
E01000421,Bexley,Drugs,Drug Trafficking,0,2013,10
E01003129,Lambeth,Drugs,Other Drugs,0,2014,12
E01003158,Lambeth,Criminal Damage,Other Criminal Damage,0,2009,2
E01002591,Hounslow,Theft and Handling,Motor Vehicle Interference & Tampering,0,2009,9
E01002379,Havering,Theft and Handling,Theft/Taking Of Motor Vehicle,0,2012,8
E01004382,Waltham Forest,Violence Against the Person,Wounding/GBH,0,2016,7
E01003305,Lewisham,Criminal Damage,Criminal Damage To Other Building,0,2014,12
E01004311,Tower Hamlets,Violence Against the Person,Wounding/GBH,0,2012,3
E01003236,Lewisham,Theft and Handling,Theft/Taking of Pedal Cycle,0,2015,11
E01002371,Havering,Theft and Handling,Other Theft Person,0,2009,2
E01002233,Harrow,Drugs,Drug Trafficking,0,2011,1
E01003356,Merton,Theft and Handling,Theft From Shops,0,2015,1
E01002470,Hillingdon,Theft and Handling,Other Theft Person,0,2010,5
E01004294,Tower Hamlets,Other Notifiable Offences,Going Equipped,0,2010,12
E01001120,Croydon,Theft and Handling,Other Theft Person,0,2013,1
E01004566,Wandsworth,Theft and Handling,Theft From Motor Vehicle,3,2009,7
E01000400,Bexley,Violence Against the Person,Assault with Injury,1,2009,7
E01003349,Lewisham,Burglary,Burglary in a Dwelling,0,2010,4
E01000983,Croydon,Drugs,Drug Trafficking,0,2016,5
E01003403,Merton,Theft and Handling,Theft/Taking of Pedal Cycle,0,2009,8
E01000376,Bexley,Burglary,Burglary in a Dwelling,0,2015,11
E01000492,Brent,Violence Against the Person,Other violence,0,2014,4
E01003921,Southwark,Theft and Handling,Handling Stolen Goods,0,2014,12
E01000066,Barking and Dagenham,Theft and Handling,Handling Stolen Goods,0,2012,10
E01004161,Sutton,Violence Against the Person,Wounding/GBH,0,2012,8
E01001029,Croydon,Robbery,Personal Property,0,2014,8
E01003345,Lewisham,Burglary,Burglary in a Dwelling,1,2015,12
E01000179,Barnet,Criminal Damage,Other Criminal Damage,0,2015,6
E01003437,Merton,Criminal Damage,Criminal Damage To Motor Vehicle,1,2009,3
E01001493,Enfield,Violence Against the Person,Assault with Injury,1,2014,6
E01001625,Greenwich,Theft and Handling,Motor Vehicle Interference & Tampering,1,2013,8
E01001620,Greenwich,Violence Against the Person,Harassment,1,2016,2
E01003640,Redbridge,Criminal Damage,Other Criminal Damage,0,2016,1
E01002446,Hillingdon,Violence Against the Person,Common Assault,1,2011,1
E01004305,Tower Hamlets,Theft and Handling,Theft From Shops,0,2012,11
E01002886,Kensington and Chelsea,Criminal Damage,Other Criminal Damage,0,2009,1
E01000945,Camden,Other Notifiable Offences,Going Equipped,0,2012,4
E01002247,Havering,Theft and Handling,Motor Vehicle Interference & Tampering,0,2016,1
E01002433,Hillingdon,Criminal Damage,Criminal Damage To Other Building,0,2013,1
E01001128,Croydon,Theft and Handling,Theft From Motor Vehicle,0,2012,2
E01003577,Newham,Burglary,Burglary in Other Buildings,2,2009,7
E01001234,Ealing,Burglary,Burglary in Other Buildings,2,2013,3
E01000583,Brent,Robbery,Personal Property,1,2011,7
E01004532,Wandsworth,Violence Against the Person,Common Assault,0,2015,9
E01004205,Tower Hamlets,Robbery,Business Property,0,2016,4
E01002601,Hounslow,Criminal Damage,Other Criminal Damage,0,2012,3
E01002242,Harrow,Theft and Handling,Other Theft,0,2015,9
E01000282,Barnet,Theft and Handling,Handling Stolen Goods,0,2011,12
E01002081,Haringey,Violence Against the Person,Wounding/GBH,0,2011,4
E01004414,Waltham Forest,Burglary,Burglary in Other Buildings,5,2012,8
E01001131,Croydon,Burglary,Burglary in a Dwelling,1,2009,4
E01001460,Enfield,Violence Against the Person,Wounding/GBH,1,2010,5
E01001451,Enfield,Burglary,Burglary in Other Buildings,0,2011,6
E01002646,Hounslow,Theft and Handling,Motor Vehicle Interference & Tampering,0,2014,7
E01001708,Greenwich,Theft and Handling,Theft From Shops,2,2014,3
E01001989,Haringey,Fraud or Forgery,Counted per Victim,0,2008,6
E01003693,Redbridge,Theft and Handling,Other Theft Person,0,2010,4
E01000124,Barnet,Criminal Damage,Criminal Damage To Other Building,0,2015,11
E01000317,Barnet,Other Notifiable Offences,Other Notifiable,0,2009,8
E01001262,Ealing,Violence Against the Person,Offensive Weapon,0,2010,4
E01004713,Westminster,Theft and Handling,Theft/Taking Of Motor Vehicle,2,2013,3
E01001466,Enfield,Theft and Handling,Theft/Taking of Pedal Cycle,0,2010,5
E01003528,Newham,Theft and Handling,Theft From Shops,0,2009,10
E01001938,Hammersmith and Fulham,Violence Against the Person,Offensive Weapon,0,2009,6
E01001261,Ealing,Violence Against the Person,Offensive Weapon,0,2008,12
E01000072,Barking and Dagenham,Robbery,Personal Property,1,2012,8
E01000990,Croydon,Theft and Handling,Theft/Taking Of Motor Vehicle,0,2015,3
E01004753,Westminster,Violence Against the Person,Harassment,0,2009,12
E01000140,Barnet,Violence Against the Person,Harassment,1,2015,3
E01004363,Waltham Forest,Theft and Handling,Theft From Motor Vehicle,3,2014,6
E01003369,Merton,Burglary,Burglary in Other Buildings,0,2014,7
E01001050,Croydon,Theft and Handling,Motor Vehicle Interference & Tampering,0,2008,1
E01004741,Westminster,Criminal Damage,Criminal Damage To Other Building,0,2016,11
E01000969,Camden,Criminal Damage,Other Criminal Damage,0,2013,2
E01002537,Hillingdon,Drugs,Possession Of Drugs,1,2012,12
E01002810,Islington,Theft and Handling,Handling Stolen Goods,0,2008,9
E01001130,Croydon,Sexual Offences,Rape,0,2014,8
E01000728,Bromley,Theft and Handling,Theft From Shops,0,2011,7
E01002207,Harrow,Theft and Handling,Theft/Taking Of Motor Vehicle,1,2015,7
E01001288,Ealing,Sexual Offences,Other Sexual,0,2008,11
E01002328,Havering,Robbery,Business Property,0,2008,10
E01004538,Wandsworth,Violence Against the Person,Wounding/GBH,0,2012,3
E01002696,Islington,Theft and Handling,Theft/Taking Of Motor Vehicle,0,2014,2
E01002027,Haringey,Other Notifiable Offences,Other Notifiable,0,2011,6
E01003596,Newham,Theft and Handling,Theft From Motor Vehicle,1,2011,10
E01003769,Redbridge,Theft and Handling,Other Theft Person,0,2009,3
E01003751,Redbridge,Theft and Handling,Other Theft Person,0,2016,4
E01004432,Waltham Forest,Theft and Handling,Theft/Taking of Pedal Cycle,0,2013,7
E01002020,Haringey,Sexual Offences,Other Sexual,0,2009,12
E01033424,Brent,Theft and Handling,Theft From Shops,1,2012,7
E01003244,Lewisham,Other Notifiable Offences,Other Notifiable,0,2009,4
E01002342,Havering,Other Notifiable Offences,Other Notifiable,0,2010,10
E01000050,Barking and Dagenham,Sexual Offences,Other Sexual,0,2016,9
E01000902,Camden,Violence Against the Person,Common Assault,0,2013,6
E01004491,Wandsworth,Theft and Handling,Theft/Taking Of Motor Vehicle,0,2010,3
E01003185,Lambeth,Drugs,Possession Of Drugs,0,2009,10
E01003477,Merton,Theft and Handling,Other Theft Person,0,2015,3
E01003979,Southwark,Violence Against the Person,Harassment,1,2012,7
E01001863,Hammersmith and Fulham,Violence Against the Person,Offensive Weapon,0,2014,2
E01000616,Brent,Burglary,Burglary in Other Buildings,0,2012,10
E01004164,Sutton,Burglary,Burglary in Other Buildings,1,2012,1
E01001201,Ealing,Other Notifiable Offences,Other Notifiable,0,2013,3
E01032572,Ealing,Other Notifiable Offences,Other Notifiable,0,2011,6
E01002677,Hounslow,Violence Against the Person,Common Assault,0,2013,5
E01002103,Haringey,Other Notifiable Offences,Going Equipped,0,2013,5
E01004321,Tower Hamlets,Violence Against the Person,Offensive Weapon,0,2015,7
E01001549,Enfield,Violence Against the Person,Wounding/GBH,0,2011,5
E01004689,Westminster,Violence Against the Person,Assault with Injury,0,2014,2
E01000547,Brent,Violence Against the Person,Other violence,0,2009,11
E01003660,Redbridge,Burglary,Burglary in Other Buildings,0,2008,6
E01004289,Tower Hamlets,Violence Against the Person,Wounding/GBH,2,2008,11
E01003583,Newham,Robbery,Business Property,0,2013,5
E01001775,Hackney,Drugs,Possession Of Drugs,0,2014,7
E01002737,Islington,Violence Against the Person,Wounding/GBH,2,2015,11
E01032568,Bromley,Criminal Damage,Criminal Damage To Motor Vehicle,0,2015,4
E01003438,Merton,Robbery,Business Property,0,2012,1
E01000927,Camden,Violence Against the Person,Common Assault,0,2008,1
E01000110,Barking and Dagenham,Violence Against the Person,Wounding/GBH,0,2015,1
E01002808,Islington,Violence Against the Person,Other violence,0,2014,6
E01032789,Hammersmith and Fulham,Violence Against the Person,Wounding/GBH,0,2013,9
E01000640,Brent,Criminal Damage,Criminal Damage To Motor Vehicle,1,2010,3
E01004537,Wandsworth,Violence Against the Person,Assault with Injury,2,2009,1
E01001563,Enfield,Theft and Handling,Other Theft,0,2015,7
E01001669,Greenwich,Theft and Handling,Handling Stolen Goods,0,2013,5
E01001015,Croydon,Drugs,Possession Of Drugs,0,2009,5
E01033494,Islington,Violence Against the Person,Wounding/GBH,0,2013,4
E01000712,Bromley,Drugs,Possession Of Drugs,0,2015,9
E01004656,Westminster,Violence Against the Person,Assault with Injury,1,2014,2
E01004650,Westminster,Theft and Handling,Other Theft Person,0,2014,7
E01002030,Haringey,Criminal Damage,Criminal Damage To Motor Vehicle,0,2009,1
E01033725,Hillingdon,Violence Against the Person,Common Assault,0,2016,4
E01004264,Tower Hamlets,Criminal Damage,Criminal Damage To Motor Vehicle,0,2012,1
E01003994,Southwark,Robbery,Personal Property,3,2011,2
E01001870,Hammersmith and Fulham,Robbery,Business Property,0,2008,3
E01033093,Wandsworth,Burglary,Burglary in a Dwelling,0,2008,6
E01002641,Hounslow,Violence Against the Person,Assault with Injury,4,2008,9
E01002792,Islington,Drugs,Other Drugs,0,2015,3
E01000596,Brent,Drugs,Other Drugs,0,2016,5
E01033599,Westminster,Theft and Handling,Theft/Taking of Pedal Cycle,0,2011,4
E01002192,Harrow,Theft and Handling,Theft From Motor Vehicle,0,2010,11
E01004640,Wandsworth,Violence Against the Person,Other violence,0,2016,7
E01000957,Camden,Theft and Handling,Theft From Motor Vehicle,0,2012,8
E01004361,Waltham Forest,Criminal Damage,Other Criminal Damage,0,2014,4
E01002476,Hillingdon,Drugs,Drug Trafficking,0,2016,4
E01000486,Brent,Violence Against the Person,Other violence,0,2009,9
E01001520,Enfield,Robbery,Business Property,0,2015,12
E01003670,Redbridge,Theft and Handling,Other Theft,0,2011,3
E01004583,Wandsworth,Theft and Handling,Other Theft Person,1,2012,3
E01001400,Enfield,Violence Against the Person,Wounding/GBH,0,2013,2
E01003748,Redbridge,Theft and Handling,Theft/Taking of Pedal Cycle,0,2015,8
E01033578,Newham,Robbery,Personal Property,1,2014,11
E01000019,Barking and Dagenham,Robbery,Business Property,0,2016,9
E01001091,Croydon,Drugs,Drug Trafficking,0,2014,2
E01004549,Wandsworth,Theft and Handling,Other Theft,0,2012,4
E01003533,Newham,Theft and Handling,Other Theft,0,2015,12
E01004129,Sutton,Violence Against the Person,Common Assault,2,2014,1
E01032512,Westminster,Drugs,Drug Trafficking,0,2014,11
E01000769,Bromley,Theft and Handling,Handling Stolen Goods,0,2008,1
E01000801,Bromley,Criminal Damage,Other Criminal Damage,1,2008,10
E01002534,Hillingdon,Violence Against the Person,Common Assault,0,2012,1
E01004363,Waltham Forest,Criminal Damage,Other Criminal Damage,1,2009,9
E01004348,Waltham Forest,Violence Against the Person,Offensive Weapon,0,2016,11
E01002499,Hillingdon,Theft and Handling,Handling Stolen Goods,0,2012,8
E01000481,Brent,Criminal Damage,Criminal Damage To Dwelling,0,2014,2
E01004124,Sutton,Drugs,Possession Of Drugs,0,2016,9
E01003514,Newham,Theft and Handling,Theft/Taking of Pedal Cycle,0,2016,4
E01003972,Southwark,Theft and Handling,Other Theft,0,2009,7
E01000447,Bexley,Criminal Damage,Other Criminal Damage,0,2012,6
E01000001,City of London,Theft and Handling,Other Theft,0,2008,4
E01003956,Southwark,Criminal Damage,Other Criminal Damage,0,2012,4
E01003250,Lewisham,Drugs,Possession Of Drugs,1,2016,11
E01003761,Redbridge,Criminal Damage,Criminal Damage To Other Building,0,2010,10
E01002654,Hounslow,Theft and Handling,Theft/Taking of Pedal Cycle,0,2013,4
E01003731,Redbridge,Theft and Handling,Theft From Shops,0,2014,12
E01001870,Hammersmith and Fulham,Theft and Handling,Theft/Taking Of Motor Vehicle,0,2011,12
E01004757,Westminster,Other Notifiable Offences,Going Equipped,0,2011,1
E01001089,Croydon,Violence Against the Person,Other violence,0,2010,12
E01003330,Lewisham,Theft and Handling,Handling Stolen Goods,0,2010,5
E01002967,Kingston upon Thames,Violence Against the Person,Wounding/GBH,0,2013,10
E01002591,Hounslow,Robbery,Business Property,0,2010,5
E01003568,Newham,Criminal Damage,Other Criminal Damage,0,2008,8
E01000972,Camden,Burglary,Burglary in a Dwelling,0,2009,12
E01000288,Barnet,Drugs,Possession Of Drugs,2,2014,8
E01001795,Hackney,Fraud or Forgery,Counted per Victim,0,2014,8
E01004682,Westminster,Violence Against the Person,Wounding/GBH,0,2009,8
E01001433,Enfield,Criminal Damage,Criminal Damage To Dwelling,0,2010,1
E01001893,Hammersmith and Fulham,Violence Against the Person,Wounding/GBH,0,2008,9
E01000723,Bromley,Burglary,Burglary in Other Buildings,1,2015,3
E01003669,Redbridge,Drugs,Drug Trafficking,0,2012,9
E01003658,Redbridge,Theft and Handling,Theft From Shops,0,2016,1
E01001489,Enfield,Theft and Handling,Theft/Taking Of Motor Vehicle,0,2016,6
E01003278,Lewisham,Burglary,Burglary in Other Buildings,0,2012,12
E01002539,Hillingdon,Drugs,Drug Trafficking,0,2013,8
E01003097,Lambeth,Violence Against the Person,Other violence,0,2008,2
E01003469,Merton,Criminal Damage,Other Criminal Damage,0,2010,10
E01001545,Enfield,Criminal Damage,Criminal Damage To Other Building,0,2011,10
E01001953,Hammersmith and Fulham,Drugs,Other Drugs,0,2008,7
E01001695,Greenwich,Drugs,Other Drugs,0,2013,8
E01002651,Hounslow,Violence Against the Person,Harassment,3,2008,7
E01003737,Redbridge,Robbery,Personal Property,0,2014,2
E01004490,Wandsworth,Theft and Handling,Other Theft,1,2009,5
E01004084,Sutton,Criminal Damage,Criminal Damage To Dwelling,0,2008,5
E01000675,Bromley,Burglary,Burglary in Other Buildings,2,2016,6
E01001305,Ealing,Criminal Damage,Criminal Damage To Other Building,0,2016,7
E01000468,Bexley,Theft and Handling,Other Theft Person,1,2012,11
E01001860,Hammersmith and Fulham,Theft and Handling,Other Theft Person,2,2008,12
E01004290,Tower Hamlets,Criminal Damage,Criminal Damage To Motor Vehicle,0,2014,1
E01001981,Haringey,Theft and Handling,Theft/Taking Of Motor Vehicle,0,2010,9
E01000044,Barking and Dagenham,Theft and Handling,Other Theft,2,2013,2
E01003325,Lewisham,Criminal Damage,Other Criminal Damage,0,2014,12
E01003232,Lewisham,Theft and Handling,Motor Vehicle Interference & Tampering,0,2012,2
E01001147,Croydon,Robbery,Business Property,0,2013,10
E01003632,Newham,Robbery,Personal Property,0,2014,6
E01003397,Merton,Drugs,Drug Trafficking,0,2014,9
E01000117,Barnet,Criminal Damage,Criminal Damage To Motor Vehicle,0,2016,4
E01000359,Bexley,Violence Against the Person,Harassment,0,2014,11
E01002417,Hillingdon,Theft and Handling,Other Theft Person,0,2016,4
E01002895,Kensington and Chelsea,Other Notifiable Offences,Other Notifiable,1,2013,11
E01001442,Enfield,Theft and Handling,Handling Stolen Goods,0,2014,9
E01004542,Wandsworth,Theft and Handling,Theft/Taking Of Motor Vehicle,0,2010,8
E01002338,Havering,Robbery,Personal Property,0,2008,3
E01001361,Ealing,Violence Against the Person,Other violence,0,2008,5
E01003284,Lewisham,Criminal Damage,Criminal Damage To Other Building,0,2013,1
E01004296,Tower Hamlets,Violence Against the Person,Common Assault,1,2015,4
E01004361,Waltham Forest,Criminal Damage,Criminal Damage To Motor Vehicle,0,2011,4
E01000471,Brent,Other Notifiable Offences,Going Equipped,0,2016,5
E01002314,Havering,Violence Against the Person,Harassment,1,2009,1
E01000515,Brent,Other Notifiable Offences,Other Notifiable,0,2008,10
E01000061,Barking and Dagenham,Theft and Handling,Theft/Taking Of Motor Vehicle,1,2009,1
E01002299,Havering,Robbery,Personal Property,0,2015,8
E01002072,Haringey,Theft and Handling,Theft From Motor Vehicle,4,2016,10
E01001240,Ealing,Fraud or Forgery,Counted per Victim,0,2009,3
E01004404,Waltham Forest,Criminal Damage,Other Criminal Damage,1,2014,7
E01001240,Ealing,Theft and Handling,Theft/Taking Of Motor Vehicle,0,2016,9
E01004310,Tower Hamlets,Violence Against the Person,Other violence,1,2008,4
E01000838,Bromley,Theft and Handling,Theft From Shops,0,2012,11
E01000647,Bromley,Other Notifiable Offences,Other Notifiable,0,2012,5
E01003237,Lewisham,Theft and Handling,Other Theft,2,2012,4
E01004409,Waltham Forest,Robbery,Business Property,0,2008,11
E01003800,Richmond upon Thames,Violence Against the Person,Wounding/GBH,1,2013,10
E01000728,Bromley,Criminal Damage,Criminal Damage To Other Building,0,2012,6
E01001387,Ealing,Drugs,Drug Trafficking,0,2012,10
E01033603,Westminster,Theft and Handling,Other Theft,2,2016,11
E01002549,Hillingdon,Theft and Handling,Other Theft Person,0,2012,8
E01002004,Haringey,Sexual Offences,Other Sexual,0,2008,6
E01001171,Croydon,Theft and Handling,Theft/Taking of Pedal Cycle,0,2011,5
E01000098,Barking and Dagenham,Violence Against the Person,Wounding/GBH,0,2012,10
E01004455,Waltham Forest,Theft and Handling,Theft From Shops,5,2015,1
E01002265,Havering,Criminal Damage,Criminal Damage To Other Building,2,2010,11
E01002029,Haringey,Violence Against the Person,Wounding/GBH,3,2014,7
E01001946,Hammersmith and Fulham,Criminal Damage,Other Criminal Damage,0,2013,8
E01002556,Hounslow,Criminal Damage,Criminal Damage To Other Building,0,2016,7
E01002919,Kingston upon Thames,Theft and Handling,Theft From Shops,1,2016,5
E01003722,Redbridge,Theft and Handling,Theft/Taking Of Motor Vehicle,0,2009,1
E01004501,Wandsworth,Theft and Handling,Theft From Motor Vehicle,0,2011,1
E01003680,Redbridge,Theft and Handling,Theft From Shops,0,2015,6
E01000017,Barking and Dagenham,Violence Against the Person,Assault with Injury,0,2015,8
E01003401,Merton,Theft and Handling,Handling Stolen Goods,0,2009,3
E01003455,Merton,Theft and Handling,Handling Stolen Goods,0,2010,7
E01000643,Brent,Violence Against the Person,Common Assault,2,2015,6
E01004357,Waltham Forest,Burglary,Burglary in Other Buildings,2,2014,5
E01000374,Bexley,Criminal Damage,Other Criminal Damage,0,2011,12
E01001221,Ealing,Robbery,Business Property,1,2008,6
E01001156,Croydon,Theft and Handling,Other Theft,0,2010,12
E01003829,Richmond upon Thames,Theft and Handling,Theft/Taking Of Motor Vehicle,0,2012,11
E01001830,Hackney,Robbery,Business Property,0,2016,11
E01004379,Waltham Forest,Drugs,Possession Of Drugs,0,2013,4
E01004468,Waltham Forest,Theft and Handling,Motor Vehicle Interference & Tampering,1,2011,10
E01033730,Greenwich,Theft and Handling,Theft/Taking Of Motor Vehicle,0,2012,5
E01001845,Hackney,Theft and Handling,Theft/Taking of Pedal Cycle,0,2015,5
E01003111,Lambeth,Violence Against the Person,Wounding/GBH,0,2008,8
E01003755,Redbridge,Theft and Handling,Other Theft,6,2016,7
E01033486,Islington,Violence Against the Person,Harassment,0,2012,10
E01004270,Tower Hamlets,Criminal Damage,Criminal Damage To Dwelling,0,2012,12
E01004154,Sutton,Theft and Handling,Motor Vehicle Interference & Tampering,0,2008,11
E01001150,Croydon,Violence Against the Person,Murder,0,2012,5
E01001867,Hammersmith and Fulham,Criminal Damage,Criminal Damage To Dwelling,0,2010,2
E01000535,Brent,Violence Against the Person,Offensive Weapon,0,2010,9
E01004188,Sutton,Violence Against the Person,Wounding/GBH,0,2012,4
E01000086,Barking and Dagenham,Violence Against the Person,Common Assault,1,2014,11
E01001240,Ealing,Robbery,Business Property,0,2016,3
E01003488,Newham,Drugs,Possession Of Drugs,0,2013,4
E01003364,Merton,Violence Against the Person,Other violence,0,2011,12
E01004176,Sutton,Violence Against the Person,Assault with Injury,0,2014,10
E01003150,Lambeth,Violence Against the Person,Other violence,0,2009,4
E01002165,Harrow,Violence Against the Person,Other violence,0,2015,7
E01033712,Hackney,Burglary,Burglary in a Dwelling,0,2010,6
E01002061,Haringey,Violence Against the Person,Assault with Injury,0,2011,4
E01001769,Hackney,Theft and Handling,Other Theft,3,2012,6
E01002838,Kensington and Chelsea,Robbery,Personal Property,0,2012,7
E01000942,Camden,Violence Against the Person,Common Assault,0,2013,9
E01000923,Camden,Criminal Damage,Other Criminal Damage,0,2013,6
E01000856,Camden,Drugs,Drug Trafficking,4,2009,11
E01004247,Tower Hamlets,Theft and Handling,Handling Stolen Goods,0,2009,7
E01002648,Hounslow,Theft and Handling,Theft From Motor Vehicle,0,2012,6
E01001089,Croydon,Violence Against the Person,Assault with Injury,0,2013,6
E01032805,Southwark,Violence Against the Person,Harassment,0,2008,10
E01004062,Southwark,Violence Against the Person,Assault with Injury,5,2012,9
E01001945,Hammersmith and Fulham,Criminal Damage,Criminal Damage To Dwelling,1,2010,7
E01004490,Wandsworth,Criminal Damage,Other Criminal Damage,1,2016,11
E01000122,Barnet,Theft and Handling,Theft/Taking Of Motor Vehicle,0,2015,10
E01004401,Waltham Forest,Burglary,Burglary in Other Buildings,2,2013,7
E01003246,Lewisham,Theft and Handling,Motor Vehicle Interference & Tampering,0,2010,9
E01003903,Richmond upon Thames,Criminal Damage,Criminal Damage To Dwelling,0,2016,11
E01001837,Hackney,Robbery,Personal Property,0,2014,9
E01002909,Kensington and Chelsea,Burglary,Burglary in Other Buildings,2,2012,8
E01003156,Lambeth,Theft and Handling,Motor Vehicle Interference & Tampering,0,2013,6
E01001463,Enfield,Theft and Handling,Handling Stolen Goods,0,2009,10
E01003319,Lewisham,Drugs,Other Drugs,0,2013,8
E01001970,Haringey,Burglary,Burglary in a Dwelling,2,2011,1
E01003024,Lambeth,Theft and Handling,Other Theft,1,2016,6
E01001383,Ealing,Theft and Handling,Theft/Taking of Pedal Cycle,0,2011,1
E01003312,Lewisham,Theft and Handling,Motor Vehicle Interference & Tampering,0,2011,9
E01003558,Newham,Other Notifiable Offences,Going Equipped,0,2008,2
E01033605,Westminster,Drugs,Possession Of Drugs,2,2011,12
E01001130,Croydon,Theft and Handling,Theft/Taking of Pedal Cycle,0,2009,5
E01003761,Redbridge,Theft and Handling,Theft From Shops,0,2013,11
E01000345,Bexley,Drugs,Possession Of Drugs,0,2009,2
E01003355,Merton,Criminal Damage,Criminal Damage To Other Building,1,2013,11
E01004107,Sutton,Theft and Handling,Other Theft Person,0,2016,1
E01002483,Hillingdon,Burglary,Burglary in a Dwelling,5,2015,1
E01004243,Tower Hamlets,Violence Against the Person,Wounding/GBH,0,2009,10
E01004418,Waltham Forest,Theft and Handling,Other Theft Person,0,2009,11
E01001677,Greenwich,Fraud or Forgery,Other Fraud & Forgery,0,2012,7
E01001489,Enfield,Violence Against the Person,Assault with Injury,4,2015,4
E01004750,Westminster,Criminal Damage,Criminal Damage To Motor Vehicle,1,2008,1
E01002707,Islington,Theft and Handling,Handling Stolen Goods,1,2015,11
E01003104,Lambeth,Violence Against the Person,Assault with Injury,0,2012,2
E01004448,Waltham Forest,Violence Against the Person,Assault with Injury,0,2015,10
E01001693,Greenwich,Violence Against the Person,Harassment,0,2010,6
E01002612,Hounslow,Theft and Handling,Other Theft,3,2014,9
E01003899,Richmond upon Thames,Theft and Handling,Theft/Taking of Pedal Cycle,0,2013,10
E01001439,Enfield,Violence Against the Person,Other violence,1,2013,8
E01000556,Brent,Drugs,Possession Of Drugs,0,2012,9
E01001699,Greenwich,Theft and Handling,Other Theft Person,0,2010,8
E01003202,Lewisham,Theft and Handling,Motor Vehicle Interference & Tampering,0,2014,3
E01002884,Kensington and Chelsea,Theft and Handling,Motor Vehicle Interference & Tampering,0,2014,7
E01003171,Lambeth,Theft and Handling,Handling Stolen Goods,0,2010,7
E01000709,Bromley,Theft and Handling,Theft/Taking Of Motor Vehicle,0,2015,3
E01000796,Bromley,Violence Against the Person,Other violence,0,2016,6
E01004022,Southwark,Violence Against the Person,Murder,0,2011,3
E01004705,Westminster,Criminal Damage,Other Criminal Damage,0,2011,6
E01001382,Ealing,Fraud or Forgery,Counted per Victim,0,2010,2
E01004393,Waltham Forest,Theft and Handling,Other Theft,2,2015,7
E01001717,Hackney,Burglary,Burglary in a Dwelling,0,2012,8
E01001618,Greenwich,Criminal Damage,Other Criminal Damage,0,2008,5
E01001828,Hackney,Violence Against the Person,Common Assault,1,2008,4
E01003313,Lewisham,Violence Against the Person,Harassment,1,2012,5
E01003311,Lewisham,Criminal Damage,Criminal Damage To Motor Vehicle,0,2014,8
E01002691,Hounslow,Violence Against the Person,Assault with Injury,0,2010,4
E01032787,Tower Hamlets,Burglary,Burglary in Other Buildings,1,2012,8
E01001919,Hammersmith and Fulham,Violence Against the Person,Offensive Weapon,0,2010,2
E01003017,Lambeth,Criminal Damage,Criminal Damage To Other Building,1,2009,11
E01003918,Southwark,Criminal Damage,Other Criminal Damage,1,2013,11
E01000983,Croydon,Violence Against the Person,Wounding/GBH,0,2015,11
E01000037,Barking and Dagenham,Theft and Handling,Other Theft,0,2016,6
E01002117,Harrow,Burglary,Burglary in a Dwelling,0,2014,10
E01002126,Harrow,Theft and Handling,Theft From Shops,1,2012,1
E01001929,Hammersmith and Fulham,Violence Against the Person,Harassment,0,2014,10
E01001785,Hackney,Criminal Damage,Criminal Damage To Other Building,0,2014,7
E01002829,Kensington and Chelsea,Theft and Handling,Motor Vehicle Interference & Tampering,0,2008,4
E01002640,Hounslow,Theft and Handling,Theft From Shops,5,2015,7
E01002265,Havering,Criminal Damage,Criminal Damage To Other Building,0,2014,12
E01002691,Hounslow,Violence Against the Person,Offensive Weapon,0,2011,11
E01004202,Tower Hamlets,Violence Against the Person,Assault with Injury,0,2011,10
E01000736,Bromley,Criminal Damage,Criminal Damage To Motor Vehicle,0,2012,9
E01001072,Croydon,Theft and Handling,Motor Vehicle Interference & Tampering,0,2014,1
E01003031,Lambeth,Drugs,Possession Of Drugs,1,2016,11
E01000101,Barking and Dagenham,Criminal Damage,Criminal Damage To Motor Vehicle,0,2008,12
E01000256,Barnet,Theft and Handling,Other Theft,1,2014,5
E01003999,Southwark,Fraud or Forgery,Other Fraud & Forgery,0,2010,3
E01003470,Merton,Other Notifiable Offences,Other Notifiable,0,2015,5
E01000682,Bromley,Violence Against the Person,Common Assault,1,2012,11
E01032778,Tower Hamlets,Violence Against the Person,Wounding/GBH,0,2011,7
E01003578,Newham,Criminal Damage,Criminal Damage To Motor Vehicle,2,2015,12
E01001304,Ealing,Violence Against the Person,Wounding/GBH,0,2011,12
E01000995,Croydon,Violence Against the Person,Harassment,0,2008,6
E01032778,Tower Hamlets,Theft and Handling,Other Theft Person,0,2012,10
E01001315,Ealing,Theft and Handling,Theft From Shops,0,2014,11
E01000414,Bexley,Burglary,Burglary in a Dwelling,0,2010,1
E01001500,Enfield,Theft and Handling,Other Theft,0,2010,7
E01000707,Bromley,Burglary,Burglary in Other Buildings,0,2009,5
E01004737,Westminster,Theft and Handling,Handling Stolen Goods,0,2009,1
E01003659,Redbridge,Fraud or Forgery,Counted per Victim,0,2016,1
E01002086,Haringey,Robbery,Business Property,0,2012,4
E01004236,Tower Hamlets,Drugs,Drug Trafficking,0,2016,11
E01003923,Southwark,Robbery,Personal Property,0,2012,10
E01003633,Newham,Sexual Offences,Rape,0,2011,6
E01003999,Southwark,Theft and Handling,Motor Vehicle Interference & Tampering,0,2011,8
E01001204,Ealing,Theft and Handling,Other Theft Person,2,2009,2
E01002607,Hounslow,Other Notifiable Offences,Other Notifiable,0,2011,7
E01000978,Croydon,Theft and Handling,Theft/Taking Of Motor Vehicle,1,2010,4
E01032785,Tower Hamlets,Drugs,Drug Trafficking,0,2008,9
E01004284,Tower Hamlets,Burglary,Burglary in a Dwelling,2,2016,1
E01001225,Ealing,Violence Against the Person,Offensive Weapon,0,2012,1
E01000536,Brent,Criminal Damage,Criminal Damage To Other Building,0,2015,8
E01004419,Waltham Forest,Drugs,Possession Of Drugs,0,2008,11
E01000519,Brent,Drugs,Drug Trafficking,0,2009,8
E01001666,Greenwich,Theft and Handling,Theft From Shops,1,2009,7
E01002115,Harrow,Theft and Handling,Theft From Motor Vehicle,0,2011,9
E01001290,Ealing,Sexual Offences,Other Sexual,0,2010,6
E01001038,Croydon,Violence Against the Person,Common Assault,0,2012,11
E01001531,Enfield,Criminal Damage,Other Criminal Damage,0,2014,8
E01000998,Croydon,Burglary,Burglary in a Dwelling,3,2013,11
E01001811,Hackney,Burglary,Burglary in Other Buildings,0,2010,6
E01004241,Tower Hamlets,Robbery,Business Property,0,2011,6
E01001359,Ealing,Theft and Handling,Theft/Taking of Pedal Cycle,0,2010,12
E01000716,Bromley,Burglary,Burglary in a Dwelling,1,2012,1
E01004683,Westminster,Robbery,Personal Property,0,2013,7
E01002928,Kingston upon Thames,Theft and Handling,Motor Vehicle Interference & Tampering,0,2016,8
E01001324,Ealing,Criminal Damage,Other Criminal Damage,0,2010,1
E01003706,Redbridge,Violence Against the Person,Common Assault,1,2015,6
E01001144,Croydon,Drugs,Drug Trafficking,0,2015,10
E01033100,Wandsworth,Burglary,Burglary in Other Buildings,0,2009,2
E01003118,Lambeth,Robbery,Business Property,1,2013,10
E01000632,Brent,Violence Against the Person,Common Assault,1,2012,6
E01001465,Enfield,Violence Against the Person,Offensive Weapon,0,2015,3
E01002508,Hillingdon,Criminal Damage,Criminal Damage To Dwelling,0,2009,3
E01001419,Enfield,Theft and Handling,Theft/Taking Of Motor Vehicle,0,2011,7
E01033588,Barking and Dagenham,Violence Against the Person,Assault with Injury,1,2014,1
E01002647,Hounslow,Violence Against the Person,Wounding/GBH,0,2012,5
E01002701,Islington,Fraud or Forgery,Counted per Victim,0,2013,8
E01000391,Bexley,Drugs,Drug Trafficking,0,2014,7
E01004488,Wandsworth,Theft and Handling,Theft From Motor Vehicle,3,2014,10
E01002294,Havering,Violence Against the Person,Common Assault,2,2008,4
E01003592,Newham,Other Notifiable Offences,Other Notifiable,0,2015,5
E01002065,Haringey,Violence Against the Person,Common Assault,0,2010,1
E01002228,Harrow,Violence Against the Person,Wounding/GBH,0,2008,9
E01002561,Hounslow,Violence Against the Person,Assault with Injury,2,2016,11
E01001268,Ealing,Drugs,Possession Of Drugs,0,2010,11
E01001095,Croydon,Violence Against the Person,Other violence,0,2013,1
E01002369,Havering,Theft and Handling,Motor Vehicle Interference & Tampering,0,2011,2
E01002513,Hillingdon,Drugs,Drug Trafficking,0,2015,8
E01002757,Islington,Violence Against the Person,Common Assault,1,2013,6
E01001740,Hackney,Violence Against the Person,Offensive Weapon,0,2010,5
E01001286,Ealing,Violence Against the Person,Harassment,2,2009,9
E01000337,Bexley,Theft and Handling,Theft From Motor Vehicle,0,2013,7
E01004309,Tower Hamlets,Theft and Handling,Theft From Shops,2,2015,11
E01003305,Lewisham,Theft and Handling,Other Theft Person,0,2016,4
E01003243,Lewisham,Violence Against the Person,Offensive Weapon,0,2014,3
E01002328,Havering,Violence Against the Person,Wounding/GBH,0,2011,7
E01002984,Kingston upon Thames,Theft and Handling,Other Theft Person,0,2013,8
E01000522,Brent,Violence Against the Person,Murder,0,2009,9
E01000527,Brent,Criminal Damage,Criminal Damage To Motor Vehicle,0,2015,7
E01002475,Hillingdon,Theft and Handling,Other Theft,0,2009,4
E01032577,Hillingdon,Violence Against the Person,Wounding/GBH,0,2010,1
E01002071,Haringey,Theft and Handling,Theft/Taking of Pedal Cycle,0,2009,12
E01000284,Barnet,Theft and Handling,Other Theft,4,2010,9
E01000733,Bromley,Theft and Handling,Motor Vehicle Interference & Tampering,0,2013,2
E01000314,Barnet,Robbery,Personal Property,0,2014,10
E01001660,Greenwich,Theft and Handling,Theft/Taking of Pedal Cycle,0,2013,6
E01001365,Ealing,Violence Against the Person,Assault with Injury,0,2015,10
E01001132,Croydon,Theft and Handling,Theft/Taking Of Motor Vehicle,0,2009,2
E01004336,Waltham Forest,Violence Against the Person,Harassment,1,2008,11
E01002594,Hounslow,Theft and Handling,Theft From Motor Vehicle,3,2011,6
E01004731,Westminster,Theft and Handling,Theft/Taking Of Motor Vehicle,0,2013,9
E01004332,Waltham Forest,Violence Against the Person,Assault with Injury,1,2015,10
E01004110,Sutton,Burglary,Burglary in a Dwelling,0,2008,2
E01001954,Hammersmith and Fulham,Theft and Handling,Theft From Motor Vehicle,2,2013,10
E01002025,Haringey,Violence Against the Person,Wounding/GBH,0,2015,3
E01033570,Richmond upon Thames,Theft and Handling,Theft From Shops,3,2016,3
E01001530,Enfield,Drugs,Drug Trafficking,0,2015,9
E01002269,Havering,Other Notifiable Offences,Other Notifiable,1,2012,10
E01002377,Havering,Robbery,Personal Property,0,2008,11
E01003776,Redbridge,Theft and Handling,Other Theft Person,0,2015,9
E01004458,Waltham Forest,Burglary,Burglary in Other Buildings,0,2013,12
E01001716,Hackney,Drugs,Drug Trafficking,0,2013,8
E01002047,Haringey,Violence Against the Person,Offensive Weapon,0,2015,11
E01001366,Ealing,Drugs,Other Drugs,0,2014,7
E01002163,Harrow,Violence Against the Person,Common Assault,1,2014,9
E01003221,Lewisham,Violence Against the Person,Offensive Weapon,0,2009,6
E01001675,Greenwich,Theft and Handling,Motor Vehicle Interference & Tampering,0,2016,4
E01003538,Newham,Violence Against the Person,Assault with Injury,1,2012,1
E01000274,Barnet,Theft and Handling,Theft From Motor Vehicle,2,2012,2
E01002120,Harrow,Violence Against the Person,Offensive Weapon,0,2013,9
E01003301,Lewisham,Robbery,Business Property,0,2011,12
E01003867,Richmond upon Thames,Theft and Handling,Other Theft,6,2014,11
E01003329,Lewisham,Criminal Damage,Criminal Damage To Dwelling,0,2013,5
E01002841,Kensington and Chelsea,Theft and Handling,Theft/Taking of Pedal Cycle,0,2016,5
E01001265,Ealing,Violence Against the Person,Harassment,1,2015,11
E01000811,Bromley,Theft and Handling,Theft From Motor Vehicle,0,2008,8
E01004175,Sutton,Criminal Damage,Criminal Damage To Motor Vehicle,0,2016,8
E01003646,Redbridge,Robbery,Business Property,0,2011,6
E01004411,Waltham Forest,Violence Against the Person,Wounding/GBH,0,2013,9
E01002972,Kingston upon Thames,Theft and Handling,Theft/Taking Of Motor Vehicle,0,2010,12
E01000447,Bexley,Drugs,Possession Of Drugs,0,2014,5
E01000179,Barnet,Drugs,Other Drugs,0,2009,4
E01003705,Redbridge,Violence Against the Person,Wounding/GBH,1,2015,2
E01000287,Barnet,Drugs,Other Drugs,0,2014,10
E01001812,Hackney,Robbery,Personal Property,0,2009,7
E01000706,Bromley,Drugs,Possession Of Drugs,0,2016,2
E01000284,Barnet,Theft and Handling,Theft/Taking of Pedal Cycle,0,2014,2
E01004215,Tower Hamlets,Robbery,Business Property,0,2013,3
E01001974,Haringey,Fraud or Forgery,Counted per Victim,0,2015,3
E01001319,Ealing,Criminal Damage,Criminal Damage To Dwelling,1,2009,2
E01004668,Westminster,Drugs,Possession Of Drugs,0,2009,12
E01000401,Bexley,Criminal Damage,Criminal Damage To Other Building,0,2009,12
E01002462,Hillingdon,Violence Against the Person,Assault with Injury,0,2016,1
E01002508,Hillingdon,Criminal Damage,Other Criminal Damage,0,2009,2
E01000091,Barking and Dagenham,Theft and Handling,Theft/Taking Of Motor Vehicle,0,2014,10
E01001114,Croydon,Theft and Handling,Theft/Taking of Pedal Cycle,1,2015,9
E01000404,Bexley,Violence Against the Person,Offensive Weapon,0,2016,9
E01001903,Hammersmith and Fulham,Burglary,Burglary in Other Buildings,0,2010,7
E01004576,Wandsworth,Theft and Handling,Theft/Taking of Pedal Cycle,0,2011,4
E01003772,Redbridge,Criminal Damage,Other Criminal Damage,1,2009,7
E01002460,Hillingdon,Criminal Damage,Other Criminal Damage,0,2015,9
E01000574,Brent,Violence Against the Person,Offensive Weapon,0,2015,2
E01001145,Croydon,Robbery,Business Property,0,2013,5
E01004291,Tower Hamlets,Theft and Handling,Other Theft,0,2015,12
E01001310,Ealing,Criminal Damage,Criminal Damage To Other Building,0,2013,3
E01001933,Hammersmith and Fulham,Criminal Damage,Other Criminal Damage,0,2010,1
E01002479,Hillingdon,Violence Against the Person,Other violence,0,2009,5
E01002072,Haringey,Criminal Damage,Criminal Damage To Motor Vehicle,0,2016,3
E01000899,Camden,Criminal Damage,Other Criminal Damage,0,2011,2
E01004155,Sutton,Theft and Handling,Motor Vehicle Interference & Tampering,0,2013,8
E01003639,Redbridge,Criminal Damage,Criminal Damage To Motor Vehicle,0,2011,5
E01000901,Camden,Violence Against the Person,Harassment,1,2012,12
E01000456,Bexley,Theft and Handling,Theft/Taking Of Motor Vehicle,0,2010,10
E01000707,Bromley,Theft and Handling,Theft From Motor Vehicle,2,2011,2
E01001572,Greenwich,Robbery,Personal Property,0,2014,2
E01000739,Bromley,Violence Against the Person,Assault with Injury,2,2008,4
E01001809,Hackney,Theft and Handling,Theft/Taking of Pedal Cycle,0,2015,3
E01033086,Haringey,Criminal Damage,Criminal Damage To Other Building,0,2011,9
E01002756,Islington,Violence Against the Person,Harassment,0,2014,3
E01004731,Westminster,Theft and Handling,Motor Vehicle Interference & Tampering,0,2008,7
E01033741,Greenwich,Theft and Handling,Other Theft Person,0,2013,1
E01003937,Southwark,Violence Against the Person,Offensive Weapon,0,2014,6
E01000243,Barnet,Theft and Handling,Handling Stolen Goods,0,2014,10
E01001466,Enfield,Violence Against the Person,Other violence,0,2011,6
E01004690,Westminster,Theft and Handling,Theft/Taking of Pedal Cycle,0,2010,12
E01003545,Newham,Theft and Handling,Theft/Taking Of Motor Vehicle,0,2016,4
E01000451,Bexley,Violence Against the Person,Common Assault,0,2015,12
E01001803,Hackney,Criminal Damage,Criminal Damage To Other Building,0,2010,9
E01001062,Croydon,Drugs,Drug Trafficking,0,2016,9
E01001732,Hackney,Drugs,Other Drugs,0,2016,7
E01000283,Barnet,Criminal Damage,Criminal Damage To Dwelling,0,2015,8
E01002691,Hounslow,Drugs,Possession Of Drugs,0,2012,4
E01000351,Bexley,Theft and Handling,Theft From Motor Vehicle,0,2013,9
E01000233,Barnet,Violence Against the Person,Other violence,0,2011,3
E01004114,Sutton,Violence Against the Person,Harassment,0,2012,5
E01002858,Kensington and Chelsea,Theft and Handling,Theft/Taking Of Motor Vehicle,0,2010,3
E01001406,Enfield,Criminal Damage,Other Criminal Damage,1,2010,7
E01003817,Richmond upon Thames,Theft and Handling,Theft/Taking Of Motor Vehicle,0,2009,4
E01003771,Redbridge,Theft and Handling,Theft From Motor Vehicle,0,2016,3
E01000100,Barking and Dagenham,Other Notifiable Offences,Other Notifiable,0,2012,11
E01003380,Merton,Burglary,Burglary in a Dwelling,0,2012,2
E01003491,Newham,Criminal Damage,Other Criminal Damage,0,2013,7
E01001361,Ealing,Criminal Damage,Other Criminal Damage,6,2010,4
E01003619,Newham,Fraud or Forgery,Other Fraud & Forgery,0,2013,11
E01001674,Greenwich,Robbery,Personal Property,0,2008,3
E01002146,Harrow,Theft and Handling,Other Theft Person,0,2014,10
E01000675,Bromley,Fraud or Forgery,Counted per Victim,0,2011,9
E01000704,Bromley,Drugs,Drug Trafficking,0,2016,11
E01004082,Sutton,Violence Against the Person,Wounding/GBH,0,2014,1
E01004748,Westminster,Criminal Damage,Criminal Damage To Dwelling,0,2011,2
E01003657,Redbridge,Criminal Damage,Other Criminal Damage,1,2016,8
E01000681,Bromley,Other Notifiable Offences,Other Notifiable,0,2016,9
E01002391,Havering,Burglary,Burglary in a Dwelling,0,2015,3
E01004525,Wandsworth,Robbery,Business Property,1,2016,1
E01002137,Harrow,Theft and Handling,Theft From Shops,0,2009,3
E01001401,Enfield,Theft and Handling,Theft From Motor Vehicle,0,2008,7
E01000825,Bromley,Criminal Damage,Criminal Damage To Dwelling,0,2011,7
E01000731,Bromley,Drugs,Possession Of Drugs,0,2008,10
E01000780,Bromley,Violence Against the Person,Harassment,2,2015,7
E01004118,Sutton,Violence Against the Person,Common Assault,2,2015,12
E01001442,Enfield,Theft and Handling,Theft/Taking of Pedal Cycle,0,2012,10
E01000659,Bromley,Violence Against the Person,Assault with Injury,0,2010,7
E01004688,Westminster,Theft and Handling,Motor Vehicle Interference & Tampering,0,2009,2
E01000206,Barnet,Violence Against the Person,Wounding/GBH,0,2008,9
E01000977,Croydon,Criminal Damage,Criminal Damage To Motor Vehicle,1,2008,10
E01004740,Westminster,Theft and Handling,Motor Vehicle Interference & Tampering,0,2012,9
E01001353,Ealing,Criminal Damage,Other Criminal Damage,0,2016,6
E01001492,Enfield,Theft and Handling,Theft/Taking Of Motor Vehicle,2,2008,1
E01000174,Barnet,Burglary,Burglary in a Dwelling,2,2009,1
E01001592,Greenwich,Theft and Handling,Other Theft,0,2011,5
E01000487,Brent,Robbery,Business Property,0,2013,11
E01004666,Westminster,Other Notifiable Offences,Other Notifiable,0,2013,6
E01004717,Westminster,Violence Against the Person,Offensive Weapon,0,2010,12
E01000899,Camden,Criminal Damage,Criminal Damage To Other Building,0,2016,8
E01000823,Bromley,Criminal Damage,Criminal Damage To Other Building,0,2010,10
E01002071,Haringey,Criminal Damage,Criminal Damage To Motor Vehicle,1,2012,5
E01001314,Ealing,Criminal Damage,Criminal Damage To Motor Vehicle,0,2016,9
E01004432,Waltham Forest,Violence Against the Person,Harassment,0,2012,9
E01000720,Bromley,Drugs,Possession Of Drugs,0,2016,9
E01003011,Kingston upon Thames,Violence Against the Person,Other violence,0,2008,11
E01000811,Bromley,Theft and Handling,Theft From Motor Vehicle,0,2009,10
E01000274,Barnet,Other Notifiable Offences,Other Notifiable,0,2014,2
E01002040,Haringey,Violence Against the Person,Common Assault,0,2008,7
E01004680,Westminster,Theft and Handling,Theft From Shops,0,2011,12
E01000708,Bromley,Theft and Handling,Theft/Taking of Pedal Cycle,0,2013,3
E01001725,Hackney,Theft and Handling,Other Theft,0,2013,9
E01001160,Croydon,Burglary,Burglary in Other Buildings,0,2009,7
E01033740,Greenwich,Burglary,Burglary in Other Buildings,0,2015,2
E01001740,Hackney,Burglary,Burglary in Other Buildings,4,2012,12
E01004541,Wandsworth,Criminal Damage,Criminal Damage To Other Building,0,2014,10
E01000506,Brent,Violence Against the Person,Assault with Injury,6,2011,6
E01001702,Greenwich,Robbery,Personal Property,0,2008,4
E01002836,Kensington and Chelsea,Violence Against the Person,Harassment,0,2013,6
E01000121,Barnet,Theft and Handling,Other Theft Person,0,2008,8
E01003100,Lambeth,Violence Against the Person,Offensive Weapon,0,2010,6
E01002236,Harrow,Drugs,Possession Of Drugs,1,2011,12
E01003161,Lambeth,Burglary,Burglary in Other Buildings,0,2014,8
E01003459,Merton,Theft and Handling,Other Theft,0,2015,2
E01003856,Richmond upon Thames,Robbery,Personal Property,0,2012,8
E01001739,Hackney,Theft and Handling,Theft From Shops,0,2013,11
E01002342,Havering,Violence Against the Person,Offensive Weapon,0,2010,6
E01000119,Barnet,Theft and Handling,Theft/Taking Of Motor Vehicle,0,2015,12
E01002374,Havering,Violence Against the Person,Harassment,1,2015,11
E01001678,Greenwich,Theft and Handling,Theft From Motor Vehicle,0,2009,8
E01001607,Greenwich,Drugs,Drug Trafficking,0,2014,4
E01002064,Haringey,Theft and Handling,Theft From Shops,0,2010,2
E01002120,Harrow,Theft and Handling,Theft From Motor Vehicle,2,2012,8
E01000068,Barking and Dagenham,Criminal Damage,Criminal Damage To Motor Vehicle,0,2011,3
E01003411,Merton,Theft and Handling,Theft From Shops,0,2013,5
E01003914,Southwark,Theft and Handling,Handling Stolen Goods,0,2012,9
E01004686,Westminster,Robbery,Business Property,0,2011,2
E01003494,Newham,Theft and Handling,Theft/Taking Of Motor Vehicle,0,2008,1
E01001141,Croydon,Other Notifiable Offences,Other Notifiable,0,2011,9
E01004713,Westminster,Violence Against the Person,Offensive Weapon,0,2015,2
E01000783,Bromley,Burglary,Burglary in a Dwelling,1,2015,2
E01000368,Bexley,Violence Against the Person,Harassment,1,2014,6
E01000783,Bromley,Theft and Handling,Theft/Taking Of Motor Vehicle,2,2008,9
E01000091,Barking and Dagenham,Theft and Handling,Motor Vehicle Interference & Tampering,0,2016,3
E01004625,Wandsworth,Theft and Handling,Handling Stolen Goods,0,2009,9
E01002679,Hounslow,Drugs,Drug Trafficking,0,2012,8
E01003535,Newham,Violence Against the Person,Assault with Injury,2,2012,11
E01003276,Lewisham,Drugs,Possession Of Drugs,1,2015,5
E01001111,Croydon,Criminal Damage,Criminal Damage To Other Building,0,2010,6
E01002219,Harrow,Theft and Handling,Theft/Taking of Pedal Cycle,0,2011,2
E01001117,Croydon,Violence Against the Person,Harassment,1,2011,2
E01002535,Hillingdon,Robbery,Business Property,0,2009,9
E01001466,Enfield,Violence Against the Person,Other violence,1,2009,5
E01004445,Waltham Forest,Theft and Handling,Theft From Shops,0,2013,2
E01000206,Barnet,Other Notifiable Offences,Other Notifiable,0,2010,12
E01003518,Newham,Criminal Damage,Other Criminal Damage,0,2009,6
E01002162,Harrow,Theft and Handling,Other Theft Person,0,2013,4
E01003453,Merton,Violence Against the Person,Harassment,0,2013,10
E01004171,Sutton,Theft and Handling,Theft From Shops,0,2009,11
E01002982,Kingston upon Thames,Theft and Handling,Theft/Taking Of Motor Vehicle,1,2016,10
E01004324,Tower Hamlets,Drugs,Other Drugs,0,2016,3
E01002390,Havering,Criminal Damage,Criminal Damage To Other Building,0,2014,8
E01000226,Barnet,Theft and Handling,Other Theft Person,0,2016,8
E01004070,Southwark,Other Notifiable Offences,Going Equipped,0,2016,1
E01003374,Merton,Theft and Handling,Theft From Motor Vehicle,0,2014,11
E01000251,Barnet,Theft and Handling,Other Theft Person,0,2011,3
E01004290,Tower Hamlets,Violence Against the Person,Assault with Injury,0,2013,8
E01004286,Tower Hamlets,Drugs,Drug Trafficking,0,2013,4
E01004085,Sutton,Theft and Handling,Motor Vehicle Interference & Tampering,0,2009,1
E01000807,Bromley,Violence Against the Person,Harassment,3,2015,1
E01002400,Hillingdon,Theft and Handling,Motor Vehicle Interference & Tampering,0,2008,5
E01003688,Redbridge,Violence Against the Person,Other violence,0,2011,8
E01000438,Bexley,Robbery,Personal Property,1,2008,3
E01001252,Ealing,Theft and Handling,Other Theft,9,2014,2
E01004679,Westminster,Theft and Handling,Theft From Motor Vehicle,5,2008,7
E01002427,Hillingdon,Criminal Damage,Criminal Damage To Other Building,0,2009,5
E01033605,Westminster,Criminal Damage,Criminal Damage To Motor Vehicle,0,2011,3
E01003611,Newham,Violence Against the Person,Murder,0,2011,7
E01000701,Bromley,Drugs,Possession Of Drugs,0,2010,2
E01000279,Barnet,Violence Against the Person,Common Assault,2,2016,5
E01003475,Merton,Violence Against the Person,Offensive Weapon,0,2010,8
E01004290,Tower Hamlets,Criminal Damage,Other Criminal Damage,1,2013,9
E01002908,Kensington and Chelsea,Theft and Handling,Handling Stolen Goods,0,2008,3
E01001417,Enfield,Criminal Damage,Criminal Damage To Dwelling,0,2011,1
E01001366,Ealing,Criminal Damage,Criminal Damage To Other Building,0,2009,11
E01004132,Sutton,Violence Against the Person,Offensive Weapon,0,2008,4
E01003112,Lambeth,Violence Against the Person,Assault with Injury,2,2014,2
E01004562,Wandsworth,Theft and Handling,Theft/Taking Of Motor Vehicle,0,2014,4
E01001299,Ealing,Violence Against the Person,Other violence,0,2013,12
E01002515,Hillingdon,Criminal Damage,Other Criminal Damage,1,2015,5
E01000711,Bromley,Violence Against the Person,Common Assault,0,2009,12
E01003498,Newham,Violence Against the Person,Other violence,0,2012,7
E01004418,Waltham Forest,Criminal Damage,Criminal Damage To Other Building,0,2015,1
E01000009,Barking and Dagenham,Theft and Handling,Theft/Taking of Pedal Cycle,0,2013,6
E01002488,Hillingdon,Violence Against the Person,Assault with Injury,3,2008,5
E01004373,Waltham Forest,Theft and Handling,Handling Stolen Goods,0,2011,3
E01000334,Bexley,Theft and Handling,Other Theft Person,0,2013,9
E01004584,Wandsworth,Criminal Damage,Criminal Damage To Dwelling,0,2016,3
E01001065,Croydon,Violence Against the Person,Common Assault,0,2011,3
E01003372,Merton,Violence Against the Person,Other violence,0,2008,8
E01002429,Hillingdon,Burglary,Burglary in a Dwelling,1,2008,6
E01000143,Barnet,Criminal Damage,Other Criminal Damage,0,2015,7
E01003422,Merton,Burglary,Burglary in a Dwelling,1,2015,2
E01001213,Ealing,Theft and Handling,Motor Vehicle Interference & Tampering,0,2016,7
E01003127,Lambeth,Robbery,Business Property,0,2012,4
E01000928,Camden,Violence Against the Person,Other violence,0,2016,9
E01000647,Bromley,Drugs,Drug Trafficking,0,2009,5
E01003482,Newham,Criminal Damage,Criminal Damage To Dwelling,0,2015,4
E01004362,Waltham Forest,Violence Against the Person,Harassment,0,2011,4
E01002668,Hounslow,Theft and Handling,Motor Vehicle Interference & Tampering,0,2016,4
E01002333,Havering,Violence Against the Person,Offensive Weapon,0,2010,11
E01000872,Camden,Drugs,Other Drugs,0,2013,4
E01004134,Sutton,Criminal Damage,Other Criminal Damage,0,2012,12
E01003095,Lambeth,Violence Against the Person,Wounding/GBH,0,2015,4
E01000313,Barnet,Robbery,Business Property,0,2008,5
E01001623,Greenwich,Criminal Damage,Other Criminal Damage,0,2008,1
E01003507,Newham,Drugs,Drug Trafficking,0,2008,4
E01002814,Kensington and Chelsea,Theft and Handling,Theft From Shops,4,2010,6
E01003964,Southwark,Other Notifiable Offences,Going Equipped,0,2012,8
E01000268,Barnet,Violence Against the Person,Other violence,0,2012,7
E01003739,Redbridge,Burglary,Burglary in Other Buildings,0,2009,3
E01003813,Richmond upon Thames,Criminal Damage,Criminal Damage To Dwelling,0,2010,11
E01002179,Harrow,Criminal Damage,Other Criminal Damage,1,2008,5
E01002078,Haringey,Drugs,Drug Trafficking,0,2008,4
E01001445,Enfield,Theft and Handling,Handling Stolen Goods,1,2013,10
E01000379,Bexley,Criminal Damage,Criminal Damage To Dwelling,1,2010,6
E01004301,Tower Hamlets,Drugs,Drug Trafficking,0,2016,8
E01004246,Tower Hamlets,Theft and Handling,Other Theft Person,0,2016,6
E01003446,Merton,Violence Against the Person,Other violence,0,2015,12
E01000142,Barnet,Theft and Handling,Motor Vehicle Interference & Tampering,0,2016,11
E01000083,Barking and Dagenham,Violence Against the Person,Other violence,0,2015,9
E01003891,Richmond upon Thames,Burglary,Burglary in Other Buildings,0,2011,1
E01000820,Bromley,Criminal Damage,Criminal Damage To Dwelling,0,2015,8
E01000094,Barking and Dagenham,Drugs,Possession Of Drugs,0,2016,10
E01003244,Lewisham,Violence Against the Person,Wounding/GBH,0,2016,4
E01003431,Merton,Criminal Damage,Other Criminal Damage,0,2009,8
E01000499,Brent,Criminal Damage,Criminal Damage To Motor Vehicle,1,2012,10
E01033592,Redbridge,Violence Against the Person,Assault with Injury,0,2009,2
E01000947,Camden,Violence Against the Person,Other violence,0,2012,5
E01000429,Bexley,Theft and Handling,Theft/Taking of Pedal Cycle,0,2015,10
E01033591,Redbridge,Drugs,Possession Of Drugs,0,2009,1
E01001885,Hammersmith and Fulham,Drugs,Drug Trafficking,0,2011,8
E01002129,Harrow,Theft and Handling,Theft/Taking Of Motor Vehicle,0,2009,9
E01000530,Brent,Theft and Handling,Theft/Taking Of Motor Vehicle,0,2011,5
E01000992,Croydon,Criminal Damage,Criminal Damage To Dwelling,0,2016,5
E01003975,Southwark,Theft and Handling,Theft From Motor Vehicle,2,2009,9
E01003678,Redbridge,Violence Against the Person,Offensive Weapon,0,2012,11
E01000752,Bromley,Theft and Handling,Other Theft,1,2016,11
E01000888,Camden,Drugs,Drug Trafficking,0,2013,5
E01004297,Tower Hamlets,Theft and Handling,Theft From Shops,0,2015,1
E01000294,Barnet,Violence Against the Person,Common Assault,2,2008,12
E01003290,Lewisham,Theft and Handling,Motor Vehicle Interference & Tampering,0,2009,10
E01004702,Westminster,Theft and Handling,Theft From Shops,0,2010,11
E01004269,Tower Hamlets,Criminal Damage,Other Criminal Damage,0,2013,9
E01001677,Greenwich,Theft and Handling,Other Theft,3,2008,5
E01001440,Enfield,Theft and Handling,Handling Stolen Goods,1,2011,8
E01002326,Havering,Theft and Handling,Other Theft Person,0,2016,10
E01002301,Havering,Theft and Handling,Other Theft,1,2010,2
E01001341,Ealing,Criminal Damage,Criminal Damage To Other Building,0,2013,11
E01001581,Greenwich,Robbery,Personal Property,0,2016,3
E01004479,Wandsworth,Criminal Damage,Criminal Damage To Motor Vehicle,0,2016,8
E01000579,Brent,Theft and Handling,Theft/Taking of Pedal Cycle,1,2010,12
E01003449,Merton,Violence Against the Person,Other violence,0,2013,2
E01000291,Barnet,Criminal Damage,Other Criminal Damage,14,2013,4
E01004635,Wandsworth,Drugs,Possession Of Drugs,0,2009,1
E01001864,Hammersmith and Fulham,Other Notifiable Offences,Other Notifiable,0,2012,11
E01001066,Croydon,Criminal Damage,Other Criminal Damage,0,2014,9
E01000194,Barnet,Theft and Handling,Handling Stolen Goods,0,2008,8
E01001008,Croydon,Theft and Handling,Theft/Taking of Pedal Cycle,0,2010,8
E01002403,Hillingdon,Criminal Damage,Criminal Damage To Motor Vehicle,0,2011,3
E01000745,Bromley,Theft and Handling,Handling Stolen Goods,0,2008,8
E01001788,Hackney,Theft and Handling,Other Theft Person,0,2016,6
E01004613,Wandsworth,Theft and Handling,Theft From Shops,1,2011,12
E01003057,Lambeth,Violence Against the Person,Offensive Weapon,1,2011,1
E01004729,Westminster,Theft and Handling,Theft/Taking Of Motor Vehicle,0,2008,3
E01000955,Camden,Other Notifiable Offences,Other Notifiable,1,2011,1
E01001020,Croydon,Violence Against the Person,Assault with Injury,2,2011,4
E01000891,Camden,Theft and Handling,Other Theft Person,0,2014,9
E01004499,Wandsworth,Violence Against the Person,Offensive Weapon,0,2009,5
E01000799,Bromley,Criminal Damage,Criminal Damage To Dwelling,0,2015,2
E01004632,Wandsworth,Drugs,Drug Trafficking,0,2014,1
E01001450,Enfield,Theft and Handling,Theft/Taking Of Motor Vehicle,1,2010,7
E01000215,Barnet,Burglary,Burglary in a Dwelling,4,2011,9
E01000485,Brent,Theft and Handling,Theft/Taking Of Motor Vehicle,0,2010,6
E01000499,Brent,Robbery,Personal Property,1,2012,2
E01000610,Brent,Burglary,Burglary in a Dwelling,0,2015,6
E01004646,Westminster,Violence Against the Person,Common Assault,0,2011,4
E01004665,Westminster,Criminal Damage,Criminal Damage To Other Building,0,2008,3
E01001027,Croydon,Criminal Damage,Criminal Damage To Other Building,0,2008,10
E01003681,Redbridge,Violence Against the Person,Offensive Weapon,0,2012,11
E01004219,Tower Hamlets,Theft and Handling,Motor Vehicle Interference & Tampering,0,2016,8
E01032768,Tower Hamlets,Criminal Damage,Criminal Damage To Motor Vehicle,0,2014,10
E01004051,Southwark,Criminal Damage,Criminal Damage To Other Building,0,2014,5
E01000535,Brent,Other Notifiable Offences,Other Notifiable,0,2012,4
E01004403,Waltham Forest,Robbery,Personal Property,0,2011,6
E01002957,Kingston upon Thames,Criminal Damage,Criminal Damage To Other Building,0,2010,6
E01003833,Richmond upon Thames,Violence Against the Person,Wounding/GBH,0,2013,12
E01002534,Hillingdon,Violence Against the Person,Assault with Injury,0,2016,8
E01004604,Wandsworth,Theft and Handling,Theft From Motor Vehicle,4,2013,3
E01004042,Southwark,Theft and Handling,Motor Vehicle Interference & Tampering,1,2015,4
E01001250,Ealing,Criminal Damage,Criminal Damage To Other Building,0,2008,12
E01003086,Lambeth,Burglary,Burglary in a Dwelling,0,2015,2
E01001252,Ealing,Burglary,Burglary in Other Buildings,0,2008,4
E01002002,Haringey,Sexual Offences,Other Sexual,0,2008,2
E01003908,Richmond upon Thames,Drugs,Drug Trafficking,0,2013,1
E01001401,Enfield,Other Notifiable Offences,Going Equipped,0,2012,7
E01000482,Brent,Violence Against the Person,Harassment,4,2014,5
E01000749,Bromley,Robbery,Personal Property,0,2015,2
E01000040,Barking and Dagenham,Theft and Handling,Other Theft,1,2016,11
E01033341,Lewisham,Violence Against the Person,Assault with Injury,2,2015,3
E01003682,Redbridge,Theft and Handling,Motor Vehicle Interference & Tampering,0,2010,8
E01003874,Richmond upon Thames,Criminal Damage,Other Criminal Damage,0,2011,8
E01001675,Greenwich,Robbery,Personal Property,0,2009,5
E01000878,Camden,Violence Against the Person,Other violence,0,2013,10
E01033741,Greenwich,Violence Against the Person,Offensive Weapon,0,2016,5
E01033491,Islington,Drugs,Drug Trafficking,0,2010,10
E01000465,Bexley,Burglary,Burglary in Other Buildings,1,2010,9
E01000919,Camden,Criminal Damage,Other Criminal Damage,1,2008,9
E01004208,Tower Hamlets,Violence Against the Person,Harassment,5,2012,11
E01003155,Lambeth,Criminal Damage,Other Criminal Damage,0,2009,12
E01001832,Hackney,Criminal Damage,Criminal Damage To Dwelling,0,2010,1
E01000562,Brent,Violence Against the Person,Harassment,0,2013,8
E01004155,Sutton,Theft and Handling,Motor Vehicle Interference & Tampering,0,2012,11
E01001058,Croydon,Criminal Damage,Criminal Damage To Dwelling,0,2016,10
E01000876,Camden,Robbery,Personal Property,0,2010,11
E01002579,Hounslow,Violence Against the Person,Common Assault,0,2011,11
E01000711,Bromley,Theft and Handling,Theft/Taking Of Motor Vehicle,0,2014,8
E01004575,Wandsworth,Violence Against the Person,Offensive Weapon,0,2012,3
E01003566,Newham,Drugs,Other Drugs,0,2012,8
E01003387,Merton,Drugs,Drug Trafficking,1,2010,9
E01002360,Havering,Criminal Damage,Criminal Damage To Other Building,0,2010,11
E01003093,Lambeth,Burglary,Burglary in a Dwelling,0,2014,7
E01000761,Bromley,Violence Against the Person,Assault with Injury,1,2013,6
E01000457,Bexley,Drugs,Possession Of Drugs,1,2016,1
E01001632,Greenwich,Burglary,Burglary in Other Buildings,0,2012,12
E01003434,Merton,Theft and Handling,Other Theft Person,1,2012,10
E01003064,Lambeth,Violence Against the Person,Wounding/GBH,0,2009,10
E01000623,Brent,Theft and Handling,Handling Stolen Goods,0,2011,3
E01002226,Harrow,Theft and Handling,Theft From Shops,3,2009,4
E01003766,Redbridge,Theft and Handling,Motor Vehicle Interference & Tampering,1,2013,3
E01003247,Lewisham,Burglary,Burglary in Other Buildings,1,2016,6
E01002571,Hounslow,Criminal Damage,Criminal Damage To Dwelling,0,2013,5
E01000409,Bexley,Theft and Handling,Theft/Taking Of Motor Vehicle,0,2015,12
E01002741,Islington,Other Notifiable Offences,Going Equipped,0,2013,4
E01001503,Enfield,Burglary,Burglary in Other Buildings,0,2015,2
E01003087,Lambeth,Robbery,Business Property,0,2008,9
E01003018,Lambeth,Robbery,Business Property,1,2008,10
E01002498,Hillingdon,Theft and Handling,Other Theft,3,2009,1
E01032780,Tower Hamlets,Violence Against the Person,Other violence,0,2015,7
E01033424,Brent,Theft and Handling,Handling Stolen Goods,0,2015,10
E01001942,Hammersmith and Fulham,Criminal Damage,Criminal Damage To Motor Vehicle,1,2010,8
E01003468,Merton,Theft and Handling,Handling Stolen Goods,0,2015,11
E01000651,Bromley,Violence Against the Person,Other violence,0,2013,2
E01001668,Greenwich,Criminal Damage,Criminal Damage To Dwelling,0,2012,8
E01004545,Wandsworth,Criminal Damage,Other Criminal Damage,0,2009,4
E01004631,Wandsworth,Theft and Handling,Theft/Taking of Pedal Cycle,0,2012,9
E01000829,Bromley,Theft and Handling,Other Theft Person,0,2014,7
E01002363,Havering,Theft and Handling,Other Theft Person,0,2011,1
E01000827,Bromley,Theft and Handling,Other Theft,2,2013,11
E01001947,Hammersmith and Fulham,Drugs,Drug Trafficking,0,2010,9
E01003587,Newham,Criminal Damage,Criminal Damage To Motor Vehicle,0,2011,12
E01033703,Hackney,Theft and Handling,Motor Vehicle Interference & Tampering,0,2016,6
E01004398,Waltham Forest,Burglary,Burglary in a Dwelling,2,2011,6
E01003188,Lambeth,Other Notifiable Offences,Going Equipped,0,2014,4
E01000271,Barnet,Burglary,Burglary in Other Buildings,1,2014,11
E01004628,Wandsworth,Violence Against the Person,Wounding/GBH,0,2013,5
E01003341,Lewisham,Criminal Damage,Other Criminal Damage,0,2010,9
E01003273,Lewisham,Drugs,Drug Trafficking,0,2014,10
E01002724,Islington,Criminal Damage,Criminal Damage To Motor Vehicle,3,2011,4
E01000380,Bexley,Theft and Handling,Other Theft Person,0,2010,7
E01000081,Barking and Dagenham,Violence Against the Person,Wounding/GBH,1,2013,4
E01001000,Croydon,Theft and Handling,Other Theft Person,1,2015,11
E01004529,Wandsworth,Burglary,Burglary in a Dwelling,1,2008,9
E01000929,Camden,Robbery,Personal Property,0,2009,8
E01001379,Ealing,Theft and Handling,Motor Vehicle Interference & Tampering,1,2014,2
E01004748,Westminster,Drugs,Possession Of Drugs,0,2010,1
E01001724,Hackney,Burglary,Burglary in Other Buildings,0,2008,9
E01001311,Ealing,Criminal Damage,Criminal Damage To Motor Vehicle,1,2011,10
E01004086,Sutton,Violence Against the Person,Other violence,0,2015,2
E01004316,Tower Hamlets,Violence Against the Person,Common Assault,0,2012,6
E01000324,Barnet,Theft and Handling,Other Theft Person,0,2010,7
E01002877,Kensington and Chelsea,Violence Against the Person,Offensive Weapon,0,2014,4
E01001515,Enfield,Criminal Damage,Criminal Damage To Dwelling,1,2008,11
E01003083,Lambeth,Burglary,Burglary in a Dwelling,2,2012,9
E01000703,Bromley,Other Notifiable Offences,Other Notifiable,0,2008,11
E01002502,Hillingdon,Theft and Handling,Other Theft Person,0,2011,12
E01001498,Enfield,Robbery,Business Property,1,2014,8
E01000854,Camden,Other Notifiable Offences,Going Equipped,0,2013,1
E01004716,Westminster,Theft and Handling,Theft/Taking of Pedal Cycle,2,2010,9
E01002001,Haringey,Drugs,Possession Of Drugs,0,2011,7
E01002773,Islington,Theft and Handling,Theft/Taking of Pedal Cycle,0,2016,2
