E01001681,Greenwich,Drugs,Drug Trafficking,0,2008,10
E01003517,Newham,Violence Against the Person,Common Assault,2,2010,7
E01004232,Tower Hamlets,Violence Against the Person,Assault with Injury,0,2009,1
E01002352,Havering,Theft and Handling,Theft/Taking of Pedal Cycle,0,2012,3
E01001609,Greenwich,Theft and Handling,Other Theft,6,2014,2
E01004601,Wandsworth,Violence Against the Person,Wounding/GBH,1,2009,11
E01002167,Harrow,Theft and Handling,Other Theft Person,0,2014,6
E01004707,Westminster,Criminal Damage,Other Criminal Damage,0,2013,10
E01000566,Brent,Drugs,Other Drugs,0,2008,1
E01003083,Lambeth,Theft and Handling,Theft/Taking of Pedal Cycle,0,2015,2
E01002834,Kensington and Chelsea,Criminal Damage,Criminal Damage To Other Building,0,2012,10
E01000740,Bromley,Other Notifiable Offences,Other Notifiable,0,2008,7
E01000494,Brent,Violence Against the Person,Common Assault,0,2014,2
E01032766,Tower Hamlets,Theft and Handling,Theft/Taking Of Motor Vehicle,0,2010,8
E01000300,Barnet,Violence Against the Person,Other violence,0,2016,9
E01004443,Waltham Forest,Criminal Damage,Other Criminal Damage,0,2011,3
E01004643,Wandsworth,Theft and Handling,Theft From Motor Vehicle,0,2008,11
E01002047,Haringey,Fraud or Forgery,Counted per Victim,0,2015,1
E01001102,Croydon,Theft and Handling,Motor Vehicle Interference & Tampering,0,2013,9
E01003077,Lambeth,Theft and Handling,Theft/Taking of Pedal Cycle,1,2008,1
E01003108,Lambeth,Drugs,Possession Of Drugs,0,2009,8
E01004012,Southwark,Robbery,Business Property,0,2014,11
E01002370,Havering,Violence Against the Person,Other violence,0,2011,7
E01003035,Lambeth,Criminal Damage,Criminal Damage To Motor Vehicle,0,2012,11
E01002762,Islington,Theft and Handling,Theft From Shops,0,2008,6
E01003618,Newham,Violence Against the Person,Other violence,0,2013,5
E01003065,Lambeth,Criminal Damage,Criminal Damage To Other Building,0,2011,7
E01002931,Kingston upon Thames,Violence Against the Person,Assault with Injury,2,2015,5
E01001216,Ealing,Violence Against the Person,Common Assault,0,2012,10
E01003054,Lambeth,Violence Against the Person,Common Assault,0,2012,1
E01002710,Islington,Theft and Handling,Other Theft,3,2012,3
E01001170,Croydon,Theft and Handling,Other Theft Person,0,2013,10
E01003984,Southwark,Other Notifiable Offences,Going Equipped,0,2009,11
E01004726,Westminster,Theft and Handling,Theft/Taking Of Motor Vehicle,0,2014,5
E01004080,Sutton,Other Notifiable Offences,Other Notifiable,0,2011,6
E01004462,Waltham Forest,Theft and Handling,Theft/Taking of Pedal Cycle,0,2013,12
E01003395,Merton,Theft and Handling,Other Theft,0,2011,3
E01000157,Barnet,Sexual Offences,Other Sexual,0,2014,12
E01002636,Hounslow,Theft and Handling,Theft From Shops,0,2010,8
E01000231,Barnet,Drugs,Possession Of Drugs,0,2015,10
E01004509,Wandsworth,Criminal Damage,Criminal Damage To Dwelling,1,2009,8
E01003084,Lambeth,Violence Against the Person,Offensive Weapon,0,2016,1
E01001093,Croydon,Violence Against the Person,Wounding/GBH,0,2016,1
E01002125,Harrow,Violence Against the Person,Common Assault,1,2013,11
E01001102,Croydon,Theft and Handling,Motor Vehicle Interference & Tampering,0,2013,11
E01032623,Sutton,Theft and Handling,Motor Vehicle Interference & Tampering,0,2014,5
E01003338,Lewisham,Theft and Handling,Theft/Taking of Pedal Cycle,1,2012,6
E01000272,Barnet,Burglary,Burglary in Other Buildings,1,2008,7
E01003627,Newham,Criminal Damage,Other Criminal Damage,1,2011,1
E01002325,Havering,Theft and Handling,Theft/Taking of Pedal Cycle,0,2010,5
E01001868,Hammersmith and Fulham,Violence Against the Person,Wounding/GBH,0,2011,5
E01002906,Kensington and Chelsea,Violence Against the Person,Offensive Weapon,0,2010,4
E01001957,Hammersmith and Fulham,Violence Against the Person,Other violence,0,2012,12
E01003666,Redbridge,Theft and Handling,Theft From Shops,0,2009,7
E01001116,Croydon,Theft and Handling,Theft/Taking of Pedal Cycle,0,2012,3
E01001866,Hammersmith and Fulham,Criminal Damage,Criminal Damage To Dwelling,0,2015,5
E01003772,Redbridge,Violence Against the Person,Offensive Weapon,0,2011,9
E01001299,Ealing,Drugs,Drug Trafficking,0,2016,8
E01002833,Kensington and Chelsea,Drugs,Drug Trafficking,0,2014,3
E01004228,Tower Hamlets,Criminal Damage,Other Criminal Damage,0,2008,3
E01001503,Enfield,Other Notifiable Offences,Other Notifiable,0,2014,10
E01000857,Camden,Violence Against the Person,Assault with Injury,0,2009,8
E01000318,Barnet,Violence Against the Person,Common Assault,0,2014,10
E01004144,Sutton,Criminal Damage,Other Criminal Damage,0,2013,2
E01000822,Bromley,Theft and Handling,Other Theft Person,0,2011,11
E01001826,Hackney,Burglary,Burglary in Other Buildings,1,2016,4
E01000689,Bromley,Drugs,Drug Trafficking,0,2015,9
E01001542,Enfield,Theft and Handling,Other Theft Person,0,2013,4
E01002704,Islington,Theft and Handling,Handling Stolen Goods,0,2013,3
E01001153,Croydon,Burglary,Burglary in a Dwelling,0,2014,12
E01004541,Wandsworth,Theft and Handling,Other Theft,1,2009,8
E01000705,Bromley,Robbery,Business Property,0,2009,4
E01002306,Havering,Drugs,Possession Of Drugs,0,2010,11
E01001625,Greenwich,Criminal Damage,Criminal Damage To Motor Vehicle,1,2008,10
E01001076,Croydon,Criminal Damage,Criminal Damage To Dwelling,1,2009,11
E01002850,Kensington and Chelsea,Criminal Damage,Criminal Damage To Dwelling,0,2015,7
E01002332,Havering,Violence Against the Person,Assault with Injury,1,2016,12
E01000244,Barnet,Burglary,Burglary in a Dwelling,1,2013,12
E01003328,Lewisham,Theft and Handling,Motor Vehicle Interference & Tampering,0,2014,10
E01003542,Newham,Drugs,Other Drugs,0,2015,10
E01000465,Bexley,Drugs,Possession Of Drugs,0,2013,7
E01003802,Richmond upon Thames,Theft and Handling,Theft/Taking of Pedal Cycle,1,2008,3
E01000185,Barnet,Violence Against the Person,Harassment,1,2008,6
E01001728,Hackney,Violence Against the Person,Harassment,0,2016,9
E01003221,Lewisham,Drugs,Possession Of Drugs,1,2014,1
E01000634,Brent,Criminal Damage,Criminal Damage To Other Building,0,2010,5
E01001992,Haringey,Burglary,Burglary in a Dwelling,1,2008,4
E01000702,Bromley,Theft and Handling,Other Theft,2,2009,11
E01003651,Redbridge,Theft and Handling,Other Theft,0,2011,2
E01002267,Havering,Theft and Handling,Other Theft Person,0,2009,4
E01001427,Enfield,Violence Against the Person,Common Assault,0,2011,3
E01003162,Lambeth,Violence Against the Person,Harassment,0,2010,11
E01001568,Enfield,Burglary,Burglary in a Dwelling,2,2009,3
E01002501,Hillingdon,Drugs,Drug Trafficking,0,2009,7
E01003066,Lambeth,Drugs,Drug Trafficking,1,2016,12
E01003675,Redbridge,Violence Against the Person,Assault with Injury,3,2009,7
E01003683,Redbridge,Violence Against the Person,Other violence,0,2008,1
E01001524,Enfield,Criminal Damage,Other Criminal Damage,1,2008,4
E01003807,Richmond upon Thames,Violence Against the Person,Wounding/GBH,0,2011,4
E01004154,Sutton,Drugs,Possession Of Drugs,0,2010,1
E01001139,Croydon,Violence Against the Person,Other violence,0,2013,6
E01002649,Hounslow,Theft and Handling,Motor Vehicle Interference & Tampering,0,2012,4
E01003456,Merton,Robbery,Personal Property,0,2015,12
E01004021,Southwark,Drugs,Possession Of Drugs,3,2014,6
E01004506,Wandsworth,Criminal Damage,Criminal Damage To Other Building,1,2015,1
E01004091,Sutton,Violence Against the Person,Wounding/GBH,0,2010,8
E01001266,Ealing,Other Notifiable Offences,Going Equipped,0,2013,6
E01001124,Croydon,Violence Against the Person,Harassment,0,2011,7
E01002669,Hounslow,Burglary,Burglary in a Dwelling,0,2008,7
E01001726,Hackney,Burglary,Burglary in Other Buildings,0,2016,12
E01001313,Ealing,Violence Against the Person,Other violence,0,2015,2
E01004347,Waltham Forest,Theft and Handling,Motor Vehicle Interference & Tampering,0,2015,2
E01003254,Lewisham,Drugs,Drug Trafficking,0,2012,11
E01003308,Lewisham,Fraud or Forgery,Counted per Victim,0,2010,11
E01004601,Wandsworth,Criminal Damage,Criminal Damage To Motor Vehicle,2,2013,9
E01000356,Bexley,Other Notifiable Offences,Other Notifiable,0,2010,11
E01002435,Hillingdon,Theft and Handling,Other Theft,0,2016,7
E01003818,Richmond upon Thames,Criminal Damage,Criminal Damage To Motor Vehicle,0,2009,12
E01001598,Greenwich,Drugs,Drug Trafficking,0,2008,1
E01000088,Barking and Dagenham,Other Notifiable Offences,Other Notifiable,0,2012,4
E01000878,Camden,Criminal Damage,Criminal Damage To Other Building,0,2011,3
E01000009,Barking and Dagenham,Sexual Offences,Other Sexual,0,2015,10
E01003210,Lewisham,Drugs,Drug Trafficking,0,2014,5
E01004249,Tower Hamlets,Violence Against the Person,Other violence,0,2012,10
E01004042,Southwark,Theft and Handling,Motor Vehicle Interference & Tampering,1,2014,2
E01002763,Islington,Criminal Damage,Other Criminal Damage,0,2010,7
E01002185,Harrow,Burglary,Burglary in Other Buildings,0,2014,2
E01002764,Islington,Criminal Damage,Criminal Damage To Other Building,0,2015,1
E01002230,Harrow,Drugs,Drug Trafficking,0,2012,4
E01032788,Hammersmith and Fulham,Theft and Handling,Handling Stolen Goods,0,2015,7
E01002966,Kingston upon Thames,Theft and Handling,Theft/Taking Of Motor Vehicle,1,2011,6
E01002952,Kingston upon Thames,Other Notifiable Offences,Other Notifiable,0,2016,2
E01004018,Southwark,Violence Against the Person,Murder,0,2014,10
E01003804,Richmond upon Thames,Criminal Damage,Criminal Damage To Other Building,0,2016,1
E01003161,Lambeth,Other Notifiable Offences,Going Equipped,0,2015,9
E01004111,Sutton,Criminal Damage,Criminal Damage To Other Building,0,2013,7
E01002449,Hillingdon,Burglary,Burglary in a Dwelling,0,2015,6
E01004059,Southwark,Criminal Damage,Other Criminal Damage,2,2016,2
E01000757,Bromley,Criminal Damage,Criminal Damage To Motor Vehicle,0,2015,2
E01003603,Newham,Violence Against the Person,Wounding/GBH,0,2012,3
E01000923,Camden,Drugs,Other Drugs,0,2011,9
E01000104,Barking and Dagenham,Criminal Damage,Criminal Damage To Motor Vehicle,2,2008,4
E01001744,Hackney,Criminal Damage,Other Criminal Damage,0,2016,8
E01001399,Enfield,Burglary,Burglary in a Dwelling,2,2011,6
E01001503,Enfield,Violence Against the Person,Offensive Weapon,0,2014,6
E01001169,Croydon,Drugs,Possession Of Drugs,0,2015,5
E01000219,Barnet,Drugs,Possession Of Drugs,0,2014,10
E01003391,Merton,Burglary,Burglary in a Dwelling,1,2012,12
E01003690,Redbridge,Theft and Handling,Theft/Taking Of Motor Vehicle,0,2015,4
E01004549,Wandsworth,Theft and Handling,Other Theft,1,2012,6
E01002917,Kingston upon Thames,Drugs,Possession Of Drugs,0,2015,3
E01002565,Hounslow,Theft and Handling,Theft/Taking of Pedal Cycle,2,2016,3
E01003800,Richmond upon Thames,Burglary,Burglary in Other Buildings,0,2008,4
E01004415,Waltham Forest,Theft and Handling,Theft From Shops,1,2015,8
E01003089,Lambeth,Sexual Offences,Other Sexual,0,2015,2
E01000104,Barking and Dagenham,Theft and Handling,Theft/Taking Of Motor Vehicle,0,2016,11
E01003052,Lambeth,Theft and Handling,Other Theft,3,2009,12
E01004750,Westminster,Fraud or Forgery,Counted per Victim,0,2015,7
E01002365,Havering,Theft and Handling,Theft From Shops,2,2009,2
E01004114,Sutton,Drugs,Possession Of Drugs,0,2009,10
E01001310,Ealing,Drugs,Drug Trafficking,1,2014,2
E01002760,Islington,Criminal Damage,Other Criminal Damage,0,2016,1
E01003334,Lewisham,Other Notifiable Offences,Other Notifiable,1,2009,1
E01000374,Bexley,Burglary,Burglary in a Dwelling,0,2016,6
E01001920,Hammersmith and Fulham,Drugs,Drug Trafficking,0,2013,3
E01004426,Waltham Forest,Other Notifiable Offences,Other Notifiable,0,2015,7
E01003957,Southwark,Violence Against the Person,Wounding/GBH,0,2015,5
E01002088,Haringey,Violence Against the Person,Wounding/GBH,0,2012,1
E01001498,Enfield,Criminal Damage,Criminal Damage To Other Building,0,2013,2
E01004732,Westminster,Theft and Handling,Theft From Motor Vehicle,1,2015,10
E01001558,Enfield,Theft and Handling,Theft From Shops,3,2008,9
E01001162,Croydon,Theft and Handling,Handling Stolen Goods,0,2009,12
E01033708,Hackney,Theft and Handling,Theft/Taking Of Motor Vehicle,2,2012,4
E01000937,Camden,Other Notifiable Offences,Going Equipped,0,2014,5
E01001193,Croydon,Other Notifiable Offences,Going Equipped,0,2012,1
E01003211,Lewisham,Theft and Handling,Other Theft,2,2012,11
E01001277,Ealing,Drugs,Other Drugs,0,2013,5
E01000193,Barnet,Criminal Damage,Criminal Damage To Other Building,0,2009,7
E01004039,Southwark,Theft and Handling,Theft From Motor Vehicle,0,2009,11
E01000556,Brent,Violence Against the Person,Other violence,1,2014,8
E01000176,Barnet,Drugs,Drug Trafficking,0,2010,10
E01003358,Merton,Violence Against the Person,Offensive Weapon,0,2009,3
E01003741,Redbridge,Robbery,Personal Property,0,2013,4
E01004097,Sutton,Theft and Handling,Other Theft,0,2014,5
E01002910,Kensington and Chelsea,Theft and Handling,Motor Vehicle Interference & Tampering,0,2008,2
E01002997,Kingston upon Thames,Theft and Handling,Theft/Taking Of Motor Vehicle,0,2014,5
E01001094,Croydon,Robbery,Business Property,0,2009,7
E01002456,Hillingdon,Burglary,Burglary in Other Buildings,0,2008,7
E01001112,Croydon,Violence Against the Person,Common Assault,0,2012,12
E01001413,Enfield,Robbery,Business Property,0,2014,9
E01001912,Hammersmith and Fulham,Drugs,Drug Trafficking,1,2015,6
E01000494,Brent,Drugs,Possession Of Drugs,2,2011,9
E01002355,Havering,Violence Against the Person,Harassment,1,2015,7
E01003499,Newham,Theft and Handling,Handling Stolen Goods,0,2013,11
E01000257,Barnet,Sexual Offences,Rape,0,2008,3
E01003988,Southwark,Theft and Handling,Theft From Motor Vehicle,2,2013,10
E01004042,Southwark,Criminal Damage,Other Criminal Damage,0,2014,9
E01004242,Tower Hamlets,Burglary,Burglary in Other Buildings,0,2012,10
E01003972,Southwark,Theft and Handling,Handling Stolen Goods,0,2009,4
E01002760,Islington,Criminal Damage,Criminal Damage To Motor Vehicle,1,2016,1
E01000786,Bromley,Theft and Handling,Other Theft,6,2014,1
E01002767,Islington,Burglary,Burglary in Other Buildings,0,2016,8
E01004521,Wandsworth,Criminal Damage,Criminal Damage To Other Building,0,2008,4
E01003728,Redbridge,Robbery,Personal Property,2,2010,9
E01003756,Redbridge,Theft and Handling,Handling Stolen Goods,0,2011,8
E01002133,Harrow,Other Notifiable Offences,Other Notifiable,0,2008,11
E01003690,Redbridge,Theft and Handling,Theft/Taking of Pedal Cycle,0,2016,7
E01003732,Redbridge,Other Notifiable Offences,Other Notifiable,1,2015,8
E01002368,Havering,Theft and Handling,Other Theft,1,2011,1
E01002415,Hillingdon,Theft and Handling,Handling Stolen Goods,0,2016,12
E01004761,Westminster,Theft and Handling,Theft From Motor Vehicle,12,2013,12
E01002971,Kingston upon Thames,Criminal Damage,Criminal Damage To Motor Vehicle,0,2012,11
E01000973,Camden,Drugs,Other Drugs,0,2014,2
E01001466,Enfield,Theft and Handling,Theft From Shops,0,2008,9
E01002604,Hounslow,Drugs,Possession Of Drugs,2,2014,5
E01033585,Newham,Criminal Damage,Criminal Damage To Dwelling,1,2014,4
E01002408,Hillingdon,Theft and Handling,Motor Vehicle Interference & Tampering,0,2014,5
E01002639,Hounslow,Burglary,Burglary in Other Buildings,0,2008,1
E01000124,Barnet,Robbery,Personal Property,0,2008,11
E01004548,Wandsworth,Theft and Handling,Handling Stolen Goods,0,2010,11
E01002832,Kensington and Chelsea,Violence Against the Person,Common Assault,1,2015,2
E01004003,Southwark,Theft and Handling,Theft From Shops,0,2015,6
E01004403,Waltham Forest,Criminal Damage,Other Criminal Damage,0,2015,10
E01003133,Lambeth,Criminal Damage,Criminal Damage To Motor Vehicle,0,2011,11
E01001381,Ealing,Theft and Handling,Other Theft,1,2010,11
E01032581,Redbridge,Violence Against the Person,Wounding/GBH,1,2016,7
E01000350,Bexley,Theft and Handling,Motor Vehicle Interference & Tampering,0,2013,4
E01033581,Newham,Violence Against the Person,Offensive Weapon,0,2012,9
E01002503,Hillingdon,Violence Against the Person,Common Assault,0,2011,1
E01000555,Brent,Violence Against the Person,Wounding/GBH,0,2014,3
E01003319,Lewisham,Theft and Handling,Other Theft,0,2016,9
E01001502,Enfield,Theft and Handling,Theft From Shops,2,2014,10
E01003925,Southwark,Theft and Handling,Theft/Taking of Pedal Cycle,0,2009,10
E01000553,Brent,Drugs,Possession Of Drugs,1,2008,2
E01000064,Barking and Dagenham,Fraud or Forgery,Counted per Victim,0,2009,4
E01003548,Newham,Fraud or Forgery,Counted per Victim,0,2011,5
E01003275,Lewisham,Violence Against the Person,Wounding/GBH,0,2013,5
E01004396,Waltham Forest,Theft and Handling,Theft From Motor Vehicle,0,2014,10
E01000402,Bexley,Violence Against the Person,Offensive Weapon,0,2015,6
E01001267,Ealing,Fraud or Forgery,Counted per Victim,0,2013,10
E01002605,Hounslow,Other Notifiable Offences,Other Notifiable,1,2012,3
E01001823,Hackney,Violence Against the Person,Common Assault,0,2008,2
E01033725,Hillingdon,Violence Against the Person,Offensive Weapon,0,2012,8
E01002015,Haringey,Drugs,Possession Of Drugs,0,2014,2
E01002888,Kensington and Chelsea,Violence Against the Person,Other violence,0,2009,8
E01000273,Barnet,Robbery,Business Property,0,2014,8
E01001109,Croydon,Violence Against the Person,Wounding/GBH,4,2016,11
E01003895,Richmond upon Thames,Theft and Handling,Theft From Shops,0,2009,6
E01000517,Brent,Criminal Damage,Criminal Damage To Motor Vehicle,0,2011,3
E01000439,Bexley,Theft and Handling,Other Theft Person,0,2013,2
E01000975,Croydon,Criminal Damage,Criminal Damage To Dwelling,0,2013,2
E01002423,Hillingdon,Robbery,Business Property,0,2010,8
E01001362,Ealing,Theft and Handling,Theft/Taking of Pedal Cycle,0,2010,4
E01004580,Wandsworth,Criminal Damage,Criminal Damage To Other Building,0,2011,2
E01003230,Lewisham,Theft and Handling,Theft/Taking of Pedal Cycle,0,2016,5
E01004011,Southwark,Drugs,Possession Of Drugs,2,2013,4
E01004439,Waltham Forest,Robbery,Business Property,0,2012,12
E01000080,Barking and Dagenham,Burglary,Burglary in Other Buildings,0,2011,8
E01003116,Lambeth,Violence Against the Person,Assault with Injury,0,2009,6
E01032584,Southwark,Violence Against the Person,Other violence,0,2013,8
E01003750,Redbridge,Violence Against the Person,Assault with Injury,0,2016,6
E01001998,Haringey,Theft and Handling,Other Theft,1,2014,5
E01003237,Lewisham,Drugs,Other Drugs,0,2008,4
E01002276,Havering,Drugs,Possession Of Drugs,0,2009,3
E01001045,Croydon,Theft and Handling,Motor Vehicle Interference & Tampering,0,2010,12
E01000274,Barnet,Criminal Damage,Other Criminal Damage,0,2012,8
E01001024,Croydon,Theft and Handling,Handling Stolen Goods,0,2008,10
E01000173,Barnet,Violence Against the Person,Other violence,0,2009,6
E01000932,Camden,Other Notifiable Offences,Other Notifiable,0,2014,2
E01003320,Lewisham,Violence Against the Person,Offensive Weapon,0,2010,4
E01032512,Westminster,Other Notifiable Offences,Other Notifiable,0,2014,5
E01001222,Ealing,Drugs,Drug Trafficking,0,2012,2
E01001181,Croydon,Burglary,Burglary in a Dwelling,2,2011,12
E01000673,Bromley,Criminal Damage,Criminal Damage To Other Building,0,2011,2
E01004039,Southwark,Violence Against the Person,Offensive Weapon,0,2013,6
E01004180,Sutton,Burglary,Burglary in a Dwelling,1,2014,9
E01002671,Hounslow,Drugs,Possession Of Drugs,0,2009,5
E01003074,Lambeth,Other Notifiable Offences,Other Notifiable,1,2013,11
E01004540,Wandsworth,Criminal Damage,Criminal Damage To Motor Vehicle,0,2010,7
E01002880,Kensington and Chelsea,Drugs,Possession Of Drugs,1,2010,3
E01001559,Enfield,Violence Against the Person,Common Assault,3,2011,9
E01001206,Ealing,Theft and Handling,Theft From Motor Vehicle,0,2012,8
E01001066,Croydon,Burglary,Burglary in a Dwelling,0,2015,9
E01002329,Havering,Violence Against the Person,Common Assault,0,2013,4
E01001333,Ealing,Fraud or Forgery,Counted per Victim,0,2015,7
E01003847,Richmond upon Thames,Theft and Handling,Theft/Taking of Pedal Cycle,2,2010,9
E01001563,Enfield,Other Notifiable Offences,Other Notifiable,0,2009,4
E01000276,Barnet,Burglary,Burglary in a Dwelling,0,2014,3
E01003759,Redbridge,Criminal Damage,Criminal Damage To Other Building,0,2009,9
E01004308,Tower Hamlets,Robbery,Personal Property,0,2012,11
E01003159,Lambeth,Theft and Handling,Other Theft Person,0,2008,12
E01000324,Barnet,Robbery,Personal Property,0,2015,2
E01003697,Redbridge,Criminal Damage,Criminal Damage To Dwelling,0,2014,7
E01002206,Harrow,Violence Against the Person,Harassment,3,2016,8
E01004733,Westminster,Fraud or Forgery,Other Fraud & Forgery,0,2016,12
E01002229,Harrow,Theft and Handling,Handling Stolen Goods,0,2008,2
E01001355,Ealing,Burglary,Burglary in a Dwelling,1,2014,8
E01000523,Brent,Robbery,Personal Property,1,2015,5
E01002646,Hounslow,Violence Against the Person,Other violence,1,2010,5
E01004505,Wandsworth,Drugs,Drug Trafficking,0,2012,2
E01000219,Barnet,Violence Against the Person,Other violence,0,2009,11
E01001677,Greenwich,Theft and Handling,Theft/Taking Of Motor Vehicle,1,2008,2
E01004510,Wandsworth,Criminal Damage,Other Criminal Damage,0,2012,5
E01002140,Harrow,Violence Against the Person,Wounding/GBH,1,2016,10
E01004260,Tower Hamlets,Criminal Damage,Criminal Damage To Other Building,1,2012,1
E01032623,Sutton,Violence Against the Person,Common Assault,0,2013,6
E01002794,Islington,Violence Against the Person,Other violence,0,2008,7
E01001460,Enfield,Violence Against the Person,Assault with Injury,1,2010,11
E01001181,Croydon,Drugs,Drug Trafficking,0,2009,7
E01004139,Sutton,Other Notifiable Offences,Other Notifiable,0,2011,5
E01002545,Hillingdon,Theft and Handling,Handling Stolen Goods,0,2010,1
E01001916,Hammersmith and Fulham,Drugs,Drug Trafficking,0,2010,12
E01002191,Harrow,Drugs,Possession Of Drugs,0,2009,7
E01003534,Newham,Robbery,Business Property,0,2016,3
E01002110,Harrow,Criminal Damage,Criminal Damage To Other Building,0,2010,5
E01003782,Redbridge,Burglary,Burglary in Other Buildings,0,2014,6
E01001223,Ealing,Violence Against the Person,Assault with Injury,0,2009,12
E01002823,Kensington and Chelsea,Burglary,Burglary in Other Buildings,0,2013,1
E01002682,Hounslow,Criminal Damage,Criminal Damage To Motor Vehicle,1,2009,12
E01000023,Barking and Dagenham,Theft and Handling,Handling Stolen Goods,0,2014,6
E01004195,Sutton,Robbery,Personal Property,0,2012,2
E01004590,Wandsworth,Theft and Handling,Theft From Shops,0,2013,3
E01004518,Wandsworth,Theft and Handling,Other Theft Person,0,2014,8
E01000534,Brent,Burglary,Burglary in Other Buildings,0,2012,2
E01000875,Camden,Other Notifiable Offences,Other Notifiable,0,2013,1
E01001667,Greenwich,Other Notifiable Offences,Other Notifiable,0,2013,3
E01002892,Kensington and Chelsea,Theft and Handling,Other Theft,3,2008,10
E01004468,Waltham Forest,Criminal Damage,Criminal Damage To Other Building,0,2015,8
E01000174,Barnet,Burglary,Burglary in a Dwelling,2,2015,12
E01003078,Lambeth,Burglary,Burglary in a Dwelling,0,2010,6
E01001380,Ealing,Criminal Damage,Other Criminal Damage,0,2011,12
E01004117,Sutton,Violence Against the Person,Wounding/GBH,0,2016,4
E01000143,Barnet,Criminal Damage,Other Criminal Damage,0,2015,3
E01001566,Enfield,Robbery,Business Property,0,2015,11
E01000669,Bromley,Criminal Damage,Criminal Damage To Dwelling,2,2009,7
E01001140,Croydon,Theft and Handling,Theft From Shops,0,2010,2
E01001554,Enfield,Drugs,Other Drugs,0,2009,8
E01001898,Hammersmith and Fulham,Other Notifiable Offences,Going Equipped,1,2011,8
E01004019,Southwark,Theft and Handling,Handling Stolen Goods,1,2016,7
E01002120,Harrow,Theft and Handling,Motor Vehicle Interference & Tampering,0,2010,5
E01002094,Haringey,Violence Against the Person,Offensive Weapon,0,2011,7
E01000432,Bexley,Theft and Handling,Theft From Shops,0,2008,10
E01001457,Enfield,Violence Against the Person,Harassment,0,2010,2
E01004216,Tower Hamlets,Violence Against the Person,Wounding/GBH,0,2014,6
E01002454,Hillingdon,Violence Against the Person,Wounding/GBH,0,2009,1
E01002394,Hillingdon,Criminal Damage,Criminal Damage To Motor Vehicle,2,2013,10
E01001462,Enfield,Theft and Handling,Other Theft Person,1,2008,7
E01000222,Barnet,Criminal Damage,Criminal Damage To Other Building,0,2015,1
E01004069,Southwark,Violence Against the Person,Assault with Injury,0,2012,4
E01000803,Bromley,Theft and Handling,Theft From Motor Vehicle,5,2013,5
E01003093,Lambeth,Other Notifiable Offences,Going Equipped,0,2014,3
E01003352,Lewisham,Theft and Handling,Other Theft,0,2008,9
E01000284,Barnet,Violence Against the Person,Harassment,0,2009,10
E01004482,Wandsworth,Robbery,Personal Property,1,2012,8
E01004261,Tower Hamlets,Criminal Damage,Criminal Damage To Motor Vehicle,0,2013,7
E01003545,Newham,Theft and Handling,Theft From Shops,0,2013,3
E01000662,Bromley,Drugs,Drug Trafficking,0,2009,3
E01004269,Tower Hamlets,Other Notifiable Offences,Other Notifiable,0,2008,6
E01000157,Barnet,Criminal Damage,Criminal Damage To Dwelling,0,2012,6
E01003090,Lambeth,Criminal Damage,Other Criminal Damage,0,2011,9
E01001999,Haringey,Criminal Damage,Criminal Damage To Dwelling,1,2014,2
E01002033,Haringey,Violence Against the Person,Wounding/GBH,0,2009,8
E01004288,Tower Hamlets,Theft and Handling,Theft From Motor Vehicle,1,2011,7
E01001535,Enfield,Drugs,Drug Trafficking,0,2012,2
E01003598,Newham,Other Notifiable Offences,Other Notifiable,0,2008,9
E01000014,Barking and Dagenham,Theft and Handling,Other Theft,0,2015,1
E01001481,Enfield,Theft and Handling,Motor Vehicle Interference & Tampering,0,2010,10
E01000100,Barking and Dagenham,Violence Against the Person,Harassment,1,2008,10
E01002185,Harrow,Other Notifiable Offences,Going Equipped,0,2015,4
E01000418,Bexley,Theft and Handling,Theft From Motor Vehicle,0,2010,4
E01002335,Havering,Robbery,Personal Property,0,2016,5
E01004139,Sutton,Criminal Damage,Criminal Damage To Other Building,0,2013,10
E01002366,Havering,Theft and Handling,Theft/Taking of Pedal Cycle,0,2015,12
E01002707,Islington,Criminal Damage,Criminal Damage To Dwelling,1,2010,9
E01004158,Sutton,Violence Against the Person,Common Assault,0,2008,2
E01032582,Lambeth,Theft and Handling,Other Theft Person,8,2013,5
E01003022,Lambeth,Burglary,Burglary in a Dwelling,2,2010,10
E01000976,Croydon,Drugs,Possession Of Drugs,2,2009,4
E01003217,Lewisham,Burglary,Burglary in Other Buildings,0,2012,8
E01004308,Tower Hamlets,Theft and Handling,Theft From Shops,0,2016,9
E01002659,Hounslow,Violence Against the Person,Wounding/GBH,0,2013,5
E01000043,Barking and Dagenham,Criminal Damage,Other Criminal Damage,0,2013,4
E01001644,Greenwich,Criminal Damage,Criminal Damage To Motor Vehicle,0,2012,12
E01003310,Lewisham,Criminal Damage,Criminal Damage To Other Building,0,2009,9
E01002429,Hillingdon,Criminal Damage,Criminal Damage To Motor Vehicle,0,2013,7
E01004449,Waltham Forest,Criminal Damage,Other Criminal Damage,1,2009,10
E01004443,Waltham Forest,Theft and Handling,Theft/Taking Of Motor Vehicle,1,2013,3
E01004547,Wandsworth,Theft and Handling,Theft From Shops,0,2011,6
E01004225,Tower Hamlets,Theft and Handling,Motor Vehicle Interference & Tampering,0,2016,7
E01001546,Enfield,Theft and Handling,Theft From Shops,0,2009,8
E01003020,Lambeth,Drugs,Possession Of Drugs,3,2008,4
E01004424,Waltham Forest,Robbery,Personal Property,0,2013,11
E01004682,Westminster,Burglary,Burglary in a Dwelling,3,2016,2
E01001091,Croydon,Criminal Damage,Criminal Damage To Dwelling,0,2010,2
E01000212,Barnet,Criminal Damage,Criminal Damage To Other Building,0,2008,1
E01032572,Ealing,Burglary,Burglary in Other Buildings,0,2008,10
E01002920,Kingston upon Thames,Robbery,Business Property,0,2011,6
E01004199,Tower Hamlets,Violence Against the Person,Assault with Injury,0,2012,12
E01004498,Wandsworth,Robbery,Business Property,0,2016,7
E01001603,Greenwich,Violence Against the Person,Common Assault,2,2016,1
E01000278,Barnet,Criminal Damage,Criminal Damage To Other Building,0,2016,4
E01003327,Lewisham,Violence Against the Person,Wounding/GBH,0,2013,9
E01004235,Tower Hamlets,Theft and Handling,Theft/Taking of Pedal Cycle,0,2009,1
E01004731,Westminster,Violence Against the Person,Assault with Injury,2,2014,2
E01002217,Harrow,Theft and Handling,Theft/Taking Of Motor Vehicle,0,2010,6
E01000851,Camden,Other Notifiable Offences,Other Notifiable,0,2011,11
E01000178,Barnet,Violence Against the Person,Wounding/GBH,0,2011,12
E01000223,Barnet,Criminal Damage,Criminal Damage To Motor Vehicle,1,2012,1
E01000045,Barking and Dagenham,Criminal Damage,Criminal Damage To Dwelling,2,2011,7
E01000760,Bromley,Criminal Damage,Other Criminal Damage,1,2008,6
E01004551,Wandsworth,Sexual Offences,Rape,0,2008,3
E01004426,Waltham Forest,Burglary,Burglary in a Dwelling,6,2010,6
E01003375,Merton,Theft and Handling,Handling Stolen Goods,0,2012,6
E01004108,Sutton,Criminal Damage,Criminal Damage To Other Building,0,2012,4
E01002967,Kingston upon Thames,Violence Against the Person,Harassment,1,2014,11
E01000797,Bromley,Theft and Handling,Theft/Taking of Pedal Cycle,0,2016,8
E01004549,Wandsworth,Violence Against the Person,Assault with Injury,2,2008,12
E01002661,Hounslow,Sexual Offences,Other Sexual,0,2014,12
E01003027,Lambeth,Criminal Damage,Criminal Damage To Motor Vehicle,0,2016,7
E01004755,Westminster,Violence Against the Person,Wounding/GBH,0,2010,6
E01004670,Westminster,Violence Against the Person,Common Assault,2,2008,7
E01001991,Haringey,Burglary,Burglary in a Dwelling,1,2016,10
E01002655,Hounslow,Violence Against the Person,Wounding/GBH,0,2010,7
E01004242,Tower Hamlets,Drugs,Possession Of Drugs,1,2008,4
E01004391,Waltham Forest,Theft and Handling,Handling Stolen Goods,0,2009,6
E01002489,Hillingdon,Criminal Damage,Other Criminal Damage,0,2014,4
E01003546,Newham,Other Notifiable Offences,Other Notifiable,0,2008,3
E01004153,Sutton,Theft and Handling,Theft/Taking of Pedal Cycle,0,2015,5
E01002912,Kensington and Chelsea,Theft and Handling,Theft/Taking Of Motor Vehicle,0,2014,4
E01001781,Hackney,Theft and Handling,Other Theft,1,2011,7
E01001756,Hackney,Criminal Damage,Criminal Damage To Other Building,0,2015,6
E01000208,Barnet,Drugs,Possession Of Drugs,0,2009,5
E01003122,Lambeth,Theft and Handling,Theft/Taking of Pedal Cycle,0,2012,6
E01000891,Camden,Criminal Damage,Criminal Damage To Dwelling,0,2016,6
E01001732,Hackney,Criminal Damage,Criminal Damage To Motor Vehicle,1,2016,1
E01003675,Redbridge,Other Notifiable Offences,Going Equipped,0,2009,1
E01003210,Lewisham,Theft and Handling,Theft From Motor Vehicle,4,2009,3
E01002889,Kensington and Chelsea,Theft and Handling,Other Theft Person,6,2014,4
E01000548,Brent,Theft and Handling,Theft/Taking Of Motor Vehicle,1,2016,5
E01003047,Lambeth,Theft and Handling,Motor Vehicle Interference & Tampering,0,2010,2
E01003549,Newham,Fraud or Forgery,Other Fraud & Forgery,0,2011,8
E01004570,Wandsworth,Theft and Handling,Theft From Shops,0,2011,11
E01000586,Brent,Theft and Handling,Motor Vehicle Interference & Tampering,0,2014,8
E01004277,Tower Hamlets,Theft and Handling,Theft/Taking of Pedal Cycle,5,2015,5
E01004201,Tower Hamlets,Violence Against the Person,Common Assault,0,2013,5
E01001370,Ealing,Theft and Handling,Handling Stolen Goods,0,2010,10
E01000092,Barking and Dagenham,Criminal Damage,Criminal Damage To Dwelling,0,2011,10
E01003453,Merton,Theft and Handling,Other Theft Person,0,2015,2
E01003678,Redbridge,Theft and Handling,Other Theft Person,0,2009,1
E01003072,Lambeth,Criminal Damage,Criminal Damage To Dwelling,0,2012,7
E01002606,Hounslow,Burglary,Burglary in Other Buildings,1,2009,4
E01003005,Kingston upon Thames,Burglary,Burglary in Other Buildings,0,2009,12
E01001957,Hammersmith and Fulham,Other Notifiable Offences,Other Notifiable,0,2009,12
E01000029,Barking and Dagenham,Burglary,Burglary in a Dwelling,1,2016,11
E01002150,Harrow,Burglary,Burglary in a Dwelling,0,2008,5
E01002533,Hillingdon,Criminal Damage,Criminal Damage To Motor Vehicle,1,2008,9
E01003971,Southwark,Criminal Damage,Criminal Damage To Other Building,0,2011,8
E01003082,Lambeth,Robbery,Personal Property,0,2011,7
E01000893,Camden,Violence Against the Person,Common Assault,0,2014,6
E01000093,Barking and Dagenham,Drugs,Possession Of Drugs,1,2014,4
E01004317,Tower Hamlets,Theft and Handling,Theft/Taking Of Motor Vehicle,3,2010,10
E01001942,Hammersmith and Fulham,Theft and Handling,Theft/Taking of Pedal Cycle,1,2011,11
E01000256,Barnet,Theft and Handling,Theft/Taking of Pedal Cycle,0,2011,10
E01003752,Redbridge,Theft and Handling,Theft/Taking of Pedal Cycle,0,2014,11
E01000022,Barking and Dagenham,Criminal Damage,Criminal Damage To Motor Vehicle,0,2016,11
E01033457,Brent,Robbery,Business Property,0,2008,9
E01001076,Croydon,Drugs,Drug Trafficking,0,2008,4
E01003860,Richmond upon Thames,Violence Against the Person,Wounding/GBH,0,2015,6
E01002262,Havering,Criminal Damage,Criminal Damage To Motor Vehicle,1,2015,12
E01002020,Haringey,Theft and Handling,Theft/Taking Of Motor Vehicle,3,2013,6
E01002842,Kensington and Chelsea,Criminal Damage,Criminal Damage To Dwelling,0,2012,1
E01000576,Brent,Burglary,Burglary in a Dwelling,1,2009,12
E01001951,Hammersmith and Fulham,Theft and Handling,Other Theft Person,0,2012,3
E01002693,Hounslow,Theft and Handling,Motor Vehicle Interference & Tampering,0,2013,1
E01001654,Greenwich,Robbery,Personal Property,0,2015,12
E01000606,Brent,Burglary,Burglary in Other Buildings,0,2012,10
E01002596,Hounslow,Violence Against the Person,Common Assault,0,2016,8
E01002662,Hounslow,Burglary,Burglary in a Dwelling,1,2015,11
E01000474,Brent,Theft and Handling,Motor Vehicle Interference & Tampering,0,2011,8
E01004598,Wandsworth,Theft and Handling,Other Theft Person,0,2009,9
E01003142,Lambeth,Robbery,Business Property,0,2012,2
E01003212,Lewisham,Theft and Handling,Theft From Shops,0,2010,3
E01001623,Greenwich,Criminal Damage,Criminal Damage To Other Building,0,2015,4
E01004205,Tower Hamlets,Violence Against the Person,Other violence,0,2009,2
E01000930,Camden,Theft and Handling,Motor Vehicle Interference & Tampering,0,2008,10
E01003364,Merton,Violence Against the Person,Assault with Injury,0,2014,8
E01003286,Lewisham,Other Notifiable Offences,Other Notifiable,0,2009,7
E01002454,Hillingdon,Theft and Handling,Other Theft,0,2010,3
E01001820,Hackney,Theft and Handling,Theft From Shops,0,2011,2
E01001137,Croydon,Violence Against the Person,Assault with Injury,2,2009,9
E01004164,Sutton,Theft and Handling,Theft/Taking of Pedal Cycle,0,2010,12
E01003552,Newham,Theft and Handling,Handling Stolen Goods,0,2008,7
E01001106,Croydon,Violence Against the Person,Murder,0,2011,9
E01000224,Barnet,Theft and Handling,Other Theft Person,0,2010,3
E01004346,Waltham Forest,Drugs,Drug Trafficking,0,2010,12
E01001013,Croydon,Criminal Damage,Criminal Damage To Motor Vehicle,1,2013,6
E01000356,Bexley,Other Notifiable Offences,Other Notifiable,0,2012,3
E01001466,Enfield,Drugs,Drug Trafficking,0,2012,7
E01003827,Richmond upon Thames,Burglary,Burglary in Other Buildings,0,2014,6
E01001661,Greenwich,Drugs,Possession Of Drugs,0,2009,8
E01000448,Bexley,Theft and Handling,Motor Vehicle Interference & Tampering,0,2010,3
E01003516,Newham,Drugs,Drug Trafficking,0,2009,1
E01002718,Islington,Other Notifiable Offences,Going Equipped,0,2012,8
E01002906,Kensington and Chelsea,Violence Against the Person,Wounding/GBH,1,2016,10
E01000535,Brent,Violence Against the Person,Other violence,0,2009,5
E01001942,Hammersmith and Fulham,Drugs,Possession Of Drugs,1,2010,1
E01003321,Lewisham,Robbery,Personal Property,0,2011,12
E01003366,Merton,Drugs,Drug Trafficking,0,2013,4
E01001103,Croydon,Criminal Damage,Other Criminal Damage,0,2013,11
E01001002,Croydon,Theft and Handling,Other Theft Person,0,2015,9
E01004471,Waltham Forest,Theft and Handling,Other Theft,1,2011,5
E01000061,Barking and Dagenham,Theft and Handling,Theft From Shops,0,2008,7
E01004560,Wandsworth,Robbery,Personal Property,0,2009,9
E01000930,Camden,Theft and Handling,Handling Stolen Goods,0,2014,9
E01000550,Brent,Violence Against the Person,Common Assault,0,2009,9
E01001282,Ealing,Violence Against the Person,Common Assault,0,2012,11
E01002148,Harrow,Drugs,Possession Of Drugs,0,2016,7
E01000019,Barking and Dagenham,Criminal Damage,Criminal Damage To Other Building,0,2014,12
E01000271,Barnet,Theft and Handling,Theft From Motor Vehicle,1,2016,4
E01002228,Harrow,Theft and Handling,Motor Vehicle Interference & Tampering,0,2012,8
E01000729,Bromley,Robbery,Business Property,0,2013,7
E01003539,Newham,Burglary,Burglary in Other Buildings,0,2008,3
E01000608,Brent,Theft and Handling,Motor Vehicle Interference & Tampering,0,2010,5
E01002122,Harrow,Robbery,Business Property,0,2013,2
E01002585,Hounslow,Violence Against the Person,Offensive Weapon,0,2009,1
E01000803,Bromley,Other Notifiable Offences,Other Notifiable,0,2008,5
E01002257,Havering,Criminal Damage,Criminal Damage To Dwelling,1,2008,11
E01001727,Hackney,Burglary,Burglary in Other Buildings,0,2014,12
E01000294,Barnet,Criminal Damage,Criminal Damage To Motor Vehicle,5,2008,3
E01000147,Barnet,Theft and Handling,Other Theft,1,2012,10
E01003499,Newham,Burglary,Burglary in Other Buildings,1,2015,2
E01004738,Westminster,Theft and Handling,Theft From Shops,0,2011,5
E01000904,Camden,Violence Against the Person,Wounding/GBH,1,2016,1
E01002404,Hillingdon,Other Notifiable Offences,Other Notifiable,0,2013,1
E01004458,Waltham Forest,Criminal Damage,Criminal Damage To Dwelling,0,2010,9
E01004251,Tower Hamlets,Theft and Handling,Theft/Taking of Pedal Cycle,1,2010,10
E01033099,Wandsworth,Burglary,Burglary in a Dwelling,2,2016,3
E01001355,Ealing,Criminal Damage,Criminal Damage To Other Building,0,2008,10
E01003810,Richmond upon Thames,Drugs,Drug Trafficking,0,2013,12
E01003927,Southwark,Theft and Handling,Theft From Motor Vehicle,2,2008,3
E01002031,Haringey,Other Notifiable Offences,Going Equipped,0,2009,11
E01002121,Harrow,Theft and Handling,Theft/Taking Of Motor Vehicle,0,2014,1
E01002421,Hillingdon,Burglary,Burglary in a Dwelling,1,2011,3
E01003445,Merton,Theft and Handling,Other Theft Person,0,2008,4
E01000928,Camden,Drugs,Drug Trafficking,0,2010,1
E01001284,Ealing,Theft and Handling,Other Theft,2,2013,8
E01003543,Newham,Violence Against the Person,Assault with Injury,3,2008,3
E01002087,Haringey,Violence Against the Person,Offensive Weapon,0,2014,3
E01002075,Haringey,Criminal Damage,Criminal Damage To Other Building,0,2011,2
E01000072,Barking and Dagenham,Burglary,Burglary in Other Buildings,0,2014,6
E01003724,Redbridge,Violence Against the Person,Wounding/GBH,0,2008,11
E01003042,Lambeth,Theft and Handling,Other Theft Person,0,2016,2
E01032580,Barking and Dagenham,Criminal Damage,Criminal Damage To Dwelling,0,2008,1
E01003521,Newham,Theft and Handling,Other Theft,18,2012,11
E01001869,Hammersmith and Fulham,Drugs,Possession Of Drugs,0,2012,12
E01001816,Hackney,Burglary,Burglary in a Dwelling,0,2016,9
E01001749,Hackney,Theft and Handling,Other Theft,0,2016,8
E01001790,Hackney,Criminal Damage,Criminal Damage To Dwelling,0,2016,6
E01003015,Lambeth,Violence Against the Person,Offensive Weapon,0,2014,11
E01004070,Southwark,Theft and Handling,Theft/Taking of Pedal Cycle,1,2015,8
E01001355,Ealing,Theft and Handling,Other Theft Person,0,2014,10
E01032775,Tower Hamlets,Drugs,Possession Of Drugs,0,2015,1
E01001644,Greenwich,Theft and Handling,Theft/Taking of Pedal Cycle,0,2011,12
E01000062,Barking and Dagenham,Violence Against the Person,Assault with Injury,1,2012,7
E01000938,Camden,Criminal Damage,Criminal Damage To Dwelling,0,2015,4
E01001749,Hackney,Theft and Handling,Theft From Motor Vehicle,2,2015,1
E01000685,Bromley,Violence Against the Person,Wounding/GBH,0,2008,3
E01003536,Newham,Other Notifiable Offences,Other Notifiable,0,2014,4
E01003740,Redbridge,Theft and Handling,Motor Vehicle Interference & Tampering,0,2009,12
E01001343,Ealing,Burglary,Burglary in Other Buildings,1,2011,5
E01000324,Barnet,Violence Against the Person,Offensive Weapon,0,2009,12
E01003823,Richmond upon Thames,Criminal Damage,Other Criminal Damage,1,2016,12
E01002404,Hillingdon,Theft and Handling,Theft/Taking Of Motor Vehicle,0,2015,6
E01003295,Lewisham,Criminal Damage,Criminal Damage To Motor Vehicle,0,2009,3
E01003160,Lambeth,Theft and Handling,Theft From Shops,1,2010,1
E01004197,Tower Hamlets,Violence Against the Person,Assault with Injury,3,2014,6
E01002070,Haringey,Robbery,Business Property,0,2011,2
E01001656,Greenwich,Violence Against the Person,Offensive Weapon,0,2012,12
E01003829,Richmond upon Thames,Other Notifiable Offences,Other Notifiable,0,2009,5
E01003284,Lewisham,Theft and Handling,Theft From Motor Vehicle,2,2009,4
E01004277,Tower Hamlets,Criminal Damage,Criminal Damage To Dwelling,0,2009,10
E01004755,Westminster,Theft and Handling,Theft/Taking of Pedal Cycle,1,2014,11
E01003748,Redbridge,Violence Against the Person,Harassment,0,2009,8
E01003461,Merton,Theft and Handling,Theft From Motor Vehicle,0,2008,1
E01000038,Barking and Dagenham,Theft and Handling,Theft From Shops,0,2016,2
E01003152,Lambeth,Violence Against the Person,Other violence,0,2009,9
E01004642,Wandsworth,Theft and Handling,Theft From Motor Vehicle,0,2013,1
E01003859,Richmond upon Thames,Robbery,Personal Property,0,2013,8
E01001824,Hackney,Theft and Handling,Theft From Motor Vehicle,0,2012,6
E01001780,Hackney,Violence Against the Person,Other violence,1,2015,11
E01000105,Barking and Dagenham,Other Notifiable Offences,Other Notifiable,0,2009,5
E01000185,Barnet,Violence Against the Person,Assault with Injury,0,2015,8
E01003400,Merton,Theft and Handling,Other Theft,0,2010,8
E01000006,Barking and Dagenham,Violence Against the Person,Offensive Weapon,0,2013,4
E01004661,Westminster,Violence Against the Person,Common Assault,2,2014,1
E01000901,Camden,Other Notifiable Offences,Other Notifiable,0,2011,5
E01003589,Newham,Violence Against the Person,Harassment,0,2012,7
E01003058,Lambeth,Drugs,Other Drugs,0,2012,10
E01000032,Barking and Dagenham,Criminal Damage,Criminal Damage To Motor Vehicle,0,2013,11
E01000924,Camden,Theft and Handling,Theft From Motor Vehicle,0,2013,8
E01032572,Ealing,Burglary,Burglary in a Dwelling,0,2010,1
E01004065,Southwark,Theft and Handling,Theft/Taking Of Motor Vehicle,2,2010,1
E01000899,Camden,Theft and Handling,Theft/Taking Of Motor Vehicle,0,2016,1
E01000195,Barnet,Burglary,Burglary in a Dwelling,0,2013,11
E01002661,Hounslow,Criminal Damage,Criminal Damage To Dwelling,0,2008,4
E01003137,Lambeth,Theft and Handling,Theft/Taking Of Motor Vehicle,0,2016,1
E01003660,Redbridge,Theft and Handling,Theft/Taking of Pedal Cycle,0,2012,5
E01001842,Hackney,Burglary,Burglary in a Dwelling,0,2011,11
E01003123,Lambeth,Burglary,Burglary in Other Buildings,1,2009,1
E01003324,Lewisham,Criminal Damage,Criminal Damage To Motor Vehicle,1,2013,12
E01000138,Barnet,Violence Against the Person,Other violence,0,2013,4
E01003540,Newham,Theft and Handling,Theft From Motor Vehicle,0,2010,7
E01000123,Barnet,Violence Against the Person,Harassment,1,2016,1
E01003102,Lambeth,Theft and Handling,Motor Vehicle Interference & Tampering,0,2011,11
E01002971,Kingston upon Thames,Violence Against the Person,Wounding/GBH,1,2015,3
E01004572,Wandsworth,Drugs,Other Drugs,0,2012,7
E01002856,Kensington and Chelsea,Criminal Damage,Other Criminal Damage,0,2010,11
E01001877,Hammersmith and Fulham,Other Notifiable Offences,Other Notifiable,0,2016,6
E01033742,Greenwich,Burglary,Burglary in a Dwelling,0,2012,4
E01003537,Newham,Violence Against the Person,Other violence,0,2011,8
E01003178,Lambeth,Other Notifiable Offences,Other Notifiable,0,2015,8
E01003557,Newham,Criminal Damage,Criminal Damage To Motor Vehicle,1,2009,5
E01001839,Hackney,Theft and Handling,Theft/Taking of Pedal Cycle,1,2015,6
E01000590,Brent,Drugs,Drug Trafficking,0,2013,9
E01003029,Lambeth,Drugs,Possession Of Drugs,1,2010,9
E01002589,Hounslow,Robbery,Business Property,0,2011,7
E01033587,Barking and Dagenham,Violence Against the Person,Offensive Weapon,0,2013,2
E01003796,Redbridge,Criminal Damage,Criminal Damage To Motor Vehicle,0,2014,2
E01004630,Wandsworth,Theft and Handling,Theft From Motor Vehicle,0,2015,7
E01004319,Tower Hamlets,Theft and Handling,Theft From Motor Vehicle,2,2015,4
E01002839,Kensington and Chelsea,Theft and Handling,Theft/Taking Of Motor Vehicle,0,2016,7
E01003356,Merton,Violence Against the Person,Assault with Injury,1,2013,1
E01003182,Lambeth,Drugs,Possession Of Drugs,1,2012,10
E01002732,Islington,Violence Against the Person,Assault with Injury,1,2016,12
E01002179,Harrow,Robbery,Personal Property,0,2015,6
E01002730,Islington,Sexual Offences,Rape,0,2014,2
E01001920,Hammersmith and Fulham,Theft and Handling,Theft From Motor Vehicle,1,2010,12
E01000436,Bexley,Theft and Handling,Theft/Taking of Pedal Cycle,0,2013,12
E01001399,Enfield,Drugs,Drug Trafficking,0,2010,6
E01002751,Islington,Criminal Damage,Other Criminal Damage,0,2016,9
E01000191,Barnet,Drugs,Possession Of Drugs,1,2011,7
E01033710,Hackney,Criminal Damage,Other Criminal Damage,1,2016,2
E01003261,Lewisham,Violence Against the Person,Common Assault,0,2008,9
E01003995,Southwark,Theft and Handling,Theft From Shops,0,2012,11
E01000578,Brent,Robbery,Business Property,0,2013,12
E01004518,Wandsworth,Robbery,Business Property,0,2012,2
E01000516,Brent,Theft and Handling,Theft/Taking Of Motor Vehicle,0,2011,4
E01033739,Greenwich,Burglary,Burglary in Other Buildings,0,2009,9
E01003457,Merton,Drugs,Possession Of Drugs,0,2008,8
E01000667,Bromley,Violence Against the Person,Wounding/GBH,0,2014,1
E01004703,Westminster,Theft and Handling,Theft/Taking Of Motor Vehicle,1,2011,4
E01002241,Harrow,Criminal Damage,Criminal Damage To Motor Vehicle,0,2012,12
E01001786,Hackney,Theft and Handling,Motor Vehicle Interference & Tampering,0,2013,12
E01000822,Bromley,Violence Against the Person,Assault with Injury,0,2008,11
E01001644,Greenwich,Violence Against the Person,Other violence,0,2013,7
E01003041,Lambeth,Robbery,Business Property,0,2016,2
E01003182,Lambeth,Robbery,Personal Property,0,2009,6
E01002128,Harrow,Burglary,Burglary in a Dwelling,1,2009,4
E01003708,Redbridge,Theft and Handling,Theft From Motor Vehicle,0,2008,11
E01002938,Kingston upon Thames,Other Notifiable Offences,Other Notifiable,0,2008,1
E01004483,Wandsworth,Robbery,Business Property,0,2008,7
E01001318,Ealing,Theft and Handling,Other Theft,0,2009,1
E01002088,Haringey,Theft and Handling,Theft/Taking Of Motor Vehicle,1,2016,10
E01000061,Barking and Dagenham,Theft and Handling,Handling Stolen Goods,0,2013,7
E01001310,Ealing,Violence Against the Person,Other violence,0,2012,9
E01003364,Merton,Theft and Handling,Theft From Motor Vehicle,0,2014,12
E01002751,Islington,Violence Against the Person,Common Assault,2,2015,4
E01001162,Croydon,Criminal Damage,Criminal Damage To Other Building,0,2014,8
E01004249,Tower Hamlets,Violence Against the Person,Wounding/GBH,2,2015,5
E01003075,Lambeth,Robbery,Business Property,0,2010,11
E01003378,Merton,Violence Against the Person,Assault with Injury,1,2015,2
E01001752,Hackney,Theft and Handling,Motor Vehicle Interference & Tampering,0,2014,2
E01003156,Lambeth,Violence Against the Person,Wounding/GBH,0,2013,7
E01003300,Lewisham,Fraud or Forgery,Other Fraud & Forgery,0,2009,1
E01000031,Barking and Dagenham,Theft and Handling,Theft/Taking of Pedal Cycle,2,2015,10
E01004480,Wandsworth,Criminal Damage,Other Criminal Damage,0,2010,5
E01004537,Wandsworth,Violence Against the Person,Other violence,0,2009,6
E01003039,Lambeth,Criminal Damage,Criminal Damage To Other Building,0,2013,1
E01000662,Bromley,Violence Against the Person,Offensive Weapon,0,2011,10
E01002519,Hillingdon,Theft and Handling,Theft From Motor Vehicle,1,2010,9
E01000221,Barnet,Violence Against the Person,Other violence,1,2016,3
E01000764,Bromley,Robbery,Personal Property,0,2008,1
E01002435,Hillingdon,Drugs,Other Drugs,0,2009,12
E01003674,Redbridge,Burglary,Burglary in Other Buildings,0,2016,10
E01001005,Croydon,Violence Against the Person,Offensive Weapon,0,2009,8
E01000962,Camden,Robbery,Business Property,0,2011,10
E01001333,Ealing,Other Notifiable Offences,Other Notifiable,0,2012,6
E01000378,Bexley,Violence Against the Person,Wounding/GBH,1,2013,7
E01000230,Barnet,Theft and Handling,Other Theft Person,0,2008,5
E01004257,Tower Hamlets,Criminal Damage,Other Criminal Damage,0,2008,8
E01004098,Sutton,Robbery,Personal Property,0,2015,8
E01000091,Barking and Dagenham,Robbery,Business Property,0,2015,11
E01000185,Barnet,Drugs,Drug Trafficking,0,2011,3
E01002225,Harrow,Criminal Damage,Criminal Damage To Dwelling,0,2010,3
E01002217,Harrow,Theft and Handling,Theft/Taking of Pedal Cycle,0,2015,3
E01003791,Redbridge,Violence Against the Person,Common Assault,0,2016,11
E01000635,Brent,Theft and Handling,Theft/Taking Of Motor Vehicle,0,2010,12
E01003601,Newham,Violence Against the Person,Wounding/GBH,0,2014,5
E01000357,Bexley,Theft and Handling,Theft/Taking of Pedal Cycle,0,2016,6
E01001316,Ealing,Violence Against the Person,Harassment,3,2012,7
E01002580,Hounslow,Criminal Damage,Criminal Damage To Other Building,0,2016,4
E01002953,Kingston upon Thames,Theft and Handling,Motor Vehicle Interference & Tampering,0,2008,7
E01003980,Southwark,Violence Against the Person,Assault with Injury,2,2010,7
E01002452,Hillingdon,Violence Against the Person,Offensive Weapon,1,2010,7
E01001360,Ealing,Fraud or Forgery,Counted per Victim,0,2015,1
E01001451,Enfield,Violence Against the Person,Assault with Injury,1,2013,7
E01004259,Tower Hamlets,Other Notifiable Offences,Going Equipped,0,2012,2
E01000171,Barnet,Theft and Handling,Theft/Taking Of Motor Vehicle,0,2011,5
E01004105,Sutton,Criminal Damage,Criminal Damage To Other Building,0,2008,4
E01001424,Enfield,Other Notifiable Offences,Other Notifiable,0,2012,2
E01000057,Barking and Dagenham,Robbery,Personal Property,0,2011,1
E01000857,Camden,Drugs,Possession Of Drugs,0,2009,11
E01001940,Hammersmith and Fulham,Theft and Handling,Theft From Shops,0,2012,12
E01033493,Islington,Criminal Damage,Criminal Damage To Dwelling,0,2016,9
E01002732,Islington,Criminal Damage,Criminal Damage To Dwelling,0,2015,3
E01002042,Haringey,Drugs,Drug Trafficking,0,2015,7
E01003323,Lewisham,Drugs,Drug Trafficking,0,2012,4
E01000807,Bromley,Other Notifiable Offences,Other Notifiable,0,2015,10
E01001581,Greenwich,Theft and Handling,Theft/Taking of Pedal Cycle,0,2009,10
E01000070,Barking and Dagenham,Theft and Handling,Theft From Motor Vehicle,0,2015,9
E01001965,Haringey,Theft and Handling,Motor Vehicle Interference & Tampering,0,2010,2
E01000135,Barnet,Violence Against the Person,Wounding/GBH,0,2016,6
E01001887,Hammersmith and Fulham,Other Notifiable Offences,Other Notifiable,0,2011,5
E01033744,Greenwich,Criminal Damage,Criminal Damage To Dwelling,0,2011,10
E01003564,Newham,Theft and Handling,Other Theft,2,2012,10
E01001395,Enfield,Criminal Damage,Other Criminal Damage,0,2010,7
E01002925,Kingston upon Thames,Violence Against the Person,Common Assault,1,2011,8
E01003325,Lewisham,Burglary,Burglary in Other Buildings,0,2014,11
E01000015,Barking and Dagenham,Violence Against the Person,Common Assault,11,2015,3
E01002777,Islington,Other Notifiable Offences,Going Equipped,0,2011,8
E01001596,Greenwich,Criminal Damage,Criminal Damage To Motor Vehicle,0,2014,12
E01000044,Barking and Dagenham,Theft and Handling,Theft/Taking Of Motor Vehicle,0,2013,10
E01004597,Wandsworth,Burglary,Burglary in Other Buildings,1,2016,3
E01000760,Bromley,Theft and Handling,Motor Vehicle Interference & Tampering,0,2016,4
E01000822,Bromley,Theft and Handling,Theft From Motor Vehicle,1,2011,8
E01002659,Hounslow,Other Notifiable Offences,Going Equipped,0,2016,4
E01001407,Enfield,Other Notifiable Offences,Other Notifiable,1,2010,9
E01003967,Southwark,Theft and Handling,Theft From Shops,0,2011,1
E01003799,Richmond upon Thames,Fraud or Forgery,Counted per Victim,0,2011,10
E01033327,Lewisham,Violence Against the Person,Offensive Weapon,1,2015,10
E01001155,Croydon,Fraud or Forgery,Other Fraud & Forgery,0,2008,3
E01004492,Wandsworth,Fraud or Forgery,Counted per Victim,0,2012,4
E01003907,Richmond upon Thames,Theft and Handling,Other Theft,2,2016,9
E01001315,Ealing,Drugs,Other Drugs,0,2012,1
E01000955,Camden,Robbery,Personal Property,0,2013,2
E01003468,Merton,Theft and Handling,Other Theft Person,0,2008,5
E01001969,Haringey,Criminal Damage,Criminal Damage To Dwelling,2,2010,8
E01003255,Lewisham,Robbery,Personal Property,1,2009,5
E01001159,Croydon,Theft and Handling,Other Theft,2,2015,7
E01003113,Lambeth,Criminal Damage,Criminal Damage To Dwelling,0,2010,2
E01003302,Lewisham,Drugs,Possession Of Drugs,1,2013,2
E01001056,Croydon,Violence Against the Person,Common Assault,1,2012,9
E01004654,Westminster,Criminal Damage,Other Criminal Damage,0,2009,7
E01003275,Lewisham,Theft and Handling,Handling Stolen Goods,0,2008,2
E01003995,Southwark,Violence Against the Person,Other violence,1,2016,10
E01001849,Hackney,Violence Against the Person,Other violence,0,2008,11
E01004652,Westminster,Other Notifiable Offences,Going Equipped,0,2012,10
E01003727,Redbridge,Theft and Handling,Theft/Taking Of Motor Vehicle,1,2013,10
E01002793,Islington,Theft and Handling,Theft/Taking Of Motor Vehicle,0,2010,11
E01003206,Lewisham,Theft and Handling,Theft From Motor Vehicle,2,2013,10
E01003663,Redbridge,Robbery,Personal Property,0,2008,5
E01002748,Islington,Drugs,Possession Of Drugs,2,2011,12
E01003524,Newham,Violence Against the Person,Offensive Weapon,0,2014,1
E01004735,Westminster,Theft and Handling,Other Theft Person,43,2013,9
E01004670,Westminster,Criminal Damage,Criminal Damage To Motor Vehicle,0,2009,12
E01000962,Camden,Theft and Handling,Theft/Taking Of Motor Vehicle,0,2013,6
E01002997,Kingston upon Thames,Theft and Handling,Handling Stolen Goods,0,2008,8
E01004274,Tower Hamlets,Burglary,Burglary in Other Buildings,0,2013,5
E01004457,Waltham Forest,Criminal Damage,Criminal Damage To Other Building,0,2011,5
E01001046,Croydon,Other Notifiable Offences,Other Notifiable,0,2009,8
E01000475,Brent,Theft and Handling,Motor Vehicle Interference & Tampering,0,2008,3
E01001398,Enfield,Violence Against the Person,Harassment,0,2008,3
E01002571,Hounslow,Theft and Handling,Theft From Shops,0,2012,11
E01004136,Sutton,Theft and Handling,Theft From Motor Vehicle,0,2016,9
E01003237,Lewisham,Theft and Handling,Other Theft Person,0,2008,12
E01000305,Barnet,Theft and Handling,Theft/Taking Of Motor Vehicle,0,2014,5
E01000172,Barnet,Drugs,Drug Trafficking,0,2009,3
E01033590,Redbridge,Theft and Handling,Theft/Taking Of Motor Vehicle,1,2012,11
E01004088,Sutton,Criminal Damage,Criminal Damage To Dwelling,0,2010,10
E01000621,Brent,Theft and Handling,Other Theft Person,0,2014,11
E01002622,Hounslow,Other Notifiable Offences,Going Equipped,0,2016,10
E01000161,Barnet,Violence Against the Person,Assault with Injury,0,2012,5
E01003167,Lambeth,Criminal Damage,Criminal Damage To Dwelling,1,2013,4
E01000282,Barnet,Criminal Damage,Criminal Damage To Other Building,0,2011,5
E01002611,Hounslow,Criminal Damage,Other Criminal Damage,0,2014,3
E01001727,Hackney,Theft and Handling,Other Theft Person,0,2014,7
E01000269,Barnet,Burglary,Burglary in Other Buildings,0,2013,1
E01003854,Richmond upon Thames,Theft and Handling,Theft From Shops,0,2014,4
E01004511,Wandsworth,Violence Against the Person,Harassment,0,2008,3
E01001178,Croydon,Theft and Handling,Motor Vehicle Interference & Tampering,0,2015,5
E01002804,Islington,Theft and Handling,Theft/Taking of Pedal Cycle,0,2013,4
E01002939,Kingston upon Thames,Drugs,Possession Of Drugs,0,2009,5
E01003598,Newham,Violence Against the Person,Wounding/GBH,0,2010,8
E01002148,Harrow,Violence Against the Person,Other violence,0,2012,5
E01001477,Enfield,Burglary,Burglary in Other Buildings,4,2010,4
E01001362,Ealing,Violence Against the Person,Other violence,0,2014,3
E01000452,Bexley,Burglary,Burglary in Other Buildings,0,2012,11
E01004541,Wandsworth,Criminal Damage,Criminal Damage To Dwelling,1,2011,5
E01003889,Richmond upon Thames,Theft and Handling,Theft From Motor Vehicle,0,2008,11
E01002024,Haringey,Theft and Handling,Motor Vehicle Interference & Tampering,0,2011,11
E01033132,Wandsworth,Theft and Handling,Other Theft Person,0,2010,1
E01002327,Havering,Violence Against the Person,Assault with Injury,0,2010,4
E01000085,Barking and Dagenham,Robbery,Business Property,0,2010,9
E01032742,Havering,Robbery,Personal Property,0,2013,5
E01004018,Southwark,Other Notifiable Offences,Going Equipped,0,2012,12
E01002742,Islington,Burglary,Burglary in a Dwelling,0,2012,8
E01033738,Greenwich,Violence Against the Person,Wounding/GBH,0,2014,6
E01001589,Greenwich,Theft and Handling,Other Theft Person,0,2008,10
E01000216,Barnet,Other Notifiable Offences,Other Notifiable,0,2010,11
E01003903,Richmond upon Thames,Theft and Handling,Handling Stolen Goods,0,2013,9
E01002595,Hounslow,Criminal Damage,Criminal Damage To Motor Vehicle,1,2008,10
E01002587,Hounslow,Violence Against the Person,Offensive Weapon,0,2016,7
E01002911,Kensington and Chelsea,Violence Against the Person,Wounding/GBH,0,2009,2
E01004008,Southwark,Criminal Damage,Criminal Damage To Dwelling,1,2010,11
E01003023,Lambeth,Theft and Handling,Other Theft Person,0,2015,2
E01003725,Redbridge,Criminal Damage,Other Criminal Damage,0,2010,6
E01004451,Waltham Forest,Theft and Handling,Theft/Taking of Pedal Cycle,0,2012,1
E01000490,Brent,Violence Against the Person,Assault with Injury,1,2011,12
E01003335,Lewisham,Violence Against the Person,Harassment,0,2011,9
E01001577,Greenwich,Criminal Damage,Criminal Damage To Dwelling,1,2014,2
E01004423,Waltham Forest,Theft and Handling,Theft/Taking of Pedal Cycle,0,2010,10
E01002347,Havering,Robbery,Personal Property,0,2016,11
E01003636,Newham,Criminal Damage,Criminal Damage To Dwelling,0,2010,7
E01000912,Camden,Criminal Damage,Criminal Damage To Dwelling,1,2009,11
E01001031,Croydon,Burglary,Burglary in a Dwelling,0,2009,11
E01001633,Greenwich,Drugs,Drug Trafficking,0,2015,3
E01002698,Islington,Theft and Handling,Other Theft Person,0,2009,6
E01000158,Barnet,Violence Against the Person,Common Assault,2,2015,6
E01001972,Haringey,Burglary,Burglary in a Dwelling,0,2015,8
E01000638,Brent,Violence Against the Person,Harassment,1,2010,3
E01000094,Barking and Dagenham,Theft and Handling,Theft/Taking of Pedal Cycle,1,2015,7
E01001631,Greenwich,Criminal Damage,Criminal Damage To Other Building,0,2014,7
E01002857,Kensington and Chelsea,Theft and Handling,Theft/Taking of Pedal Cycle,0,2013,5
E01002894,Kensington and Chelsea,Robbery,Personal Property,0,2012,10
E01001576,Greenwich,Burglary,Burglary in a Dwelling,1,2009,8
E01004534,Wandsworth,Theft and Handling,Motor Vehicle Interference & Tampering,0,2009,11
E01001223,Ealing,Criminal Damage,Criminal Damage To Motor Vehicle,0,2008,1
E01002053,Haringey,Violence Against the Person,Other violence,0,2012,3
E01001757,Hackney,Theft and Handling,Motor Vehicle Interference & Tampering,0,2011,12
E01001344,Ealing,Theft and Handling,Theft From Shops,0,2010,12
E01002302,Havering,Violence Against the Person,Assault with Injury,0,2012,5
E01001753,Hackney,Other Notifiable Offences,Other Notifiable,0,2014,11
E01003940,Southwark,Theft and Handling,Theft From Motor Vehicle,1,2015,9
E01001854,Hammersmith and Fulham,Criminal Damage,Criminal Damage To Motor Vehicle,0,2014,11
E01003495,Newham,Theft and Handling,Other Theft Person,0,2016,12
E01002667,Hounslow,Burglary,Burglary in a Dwelling,0,2014,9
E01004139,Sutton,Theft and Handling,Other Theft,0,2014,11
E01000040,Barking and Dagenham,Fraud or Forgery,Other Fraud & Forgery,0,2009,3
E01001855,Hammersmith and Fulham,Robbery,Personal Property,0,2015,3
E01003305,Lewisham,Theft and Handling,Theft/Taking Of Motor Vehicle,0,2010,11
E01001562,Enfield,Criminal Damage,Criminal Damage To Motor Vehicle,0,2016,7
E01001272,Ealing,Criminal Damage,Other Criminal Damage,0,2012,8
E01001148,Croydon,Theft and Handling,Theft/Taking of Pedal Cycle,0,2012,10
E01003925,Southwark,Theft and Handling,Other Theft,2,2014,4
E01000240,Barnet,Drugs,Possession Of Drugs,0,2011,9
E01000389,Bexley,Theft and Handling,Theft From Shops,1,2014,9
E01001356,Ealing,Theft and Handling,Theft From Motor Vehicle,1,2008,9
E01003305,Lewisham,Burglary,Burglary in a Dwelling,1,2009,1
E01001646,Greenwich,Fraud or Forgery,Other Fraud & Forgery,0,2010,10
E01003517,Newham,Theft and Handling,Theft/Taking of Pedal Cycle,0,2011,4
E01002172,Harrow,Criminal Damage,Criminal Damage To Other Building,0,2010,2
E01001740,Hackney,Robbery,Business Property,0,2012,2
E01001148,Croydon,Violence Against the Person,Assault with Injury,0,2011,1
E01000902,Camden,Robbery,Business Property,0,2014,2
E01003781,Redbridge,Theft and Handling,Other Theft,9,2012,5
E01001905,Hammersmith and Fulham,Violence Against the Person,Wounding/GBH,0,2014,1
E01001669,Greenwich,Burglary,Burglary in Other Buildings,0,2015,7
E01002858,Kensington and Chelsea,Theft and Handling,Theft/Taking of Pedal Cycle,0,2009,2
E01002600,Hounslow,Theft and Handling,Theft/Taking of Pedal Cycle,0,2011,11
E01004537,Wandsworth,Drugs,Drug Trafficking,0,2014,7
E01001749,Hackney,Violence Against the Person,Assault with Injury,1,2014,9
E01002890,Kensington and Chelsea,Theft and Handling,Other Theft,0,2009,9
E01001805,Hackney,Violence Against the Person,Common Assault,0,2008,11
E01002377,Havering,Burglary,Burglary in a Dwelling,3,2010,7
E01033596,Westminster,Theft and Handling,Theft From Motor Vehicle,1,2012,1
E01001939,Hammersmith and Fulham,Robbery,Personal Property,0,2015,10
E01000338,Bexley,Violence Against the Person,Offensive Weapon,0,2016,5
E01003051,Lambeth,Burglary,Burglary in Other Buildings,0,2010,10
E01002940,Kingston upon Thames,Criminal Damage,Criminal Damage To Other Building,0,2013,10
E01000679,Bromley,Criminal Damage,Other Criminal Damage,0,2012,4
E01002896,Kensington and Chelsea,Theft and Handling,Other Theft Person,0,2014,2
E01003861,Richmond upon Thames,Theft and Handling,Handling Stolen Goods,0,2009,4
E01001112,Croydon,Criminal Damage,Other Criminal Damage,0,2014,10
E01002231,Harrow,Burglary,Burglary in a Dwelling,1,2016,4
E01000932,Camden,Violence Against the Person,Wounding/GBH,1,2015,7
E01002184,Harrow,Violence Against the Person,Wounding/GBH,0,2009,4
E01003067,Lambeth,Burglary,Burglary in Other Buildings,1,2008,6
E01002643,Hounslow,Theft and Handling,Handling Stolen Goods,0,2016,8
E01004530,Wandsworth,Theft and Handling,Theft From Shops,0,2014,3
E01000323,Barnet,Theft and Handling,Handling Stolen Goods,0,2016,11
E01004245,Tower Hamlets,Other Notifiable Offences,Other Notifiable,0,2010,1
E01001436,Enfield,Theft and Handling,Theft/Taking Of Motor Vehicle,0,2010,11
E01001833,Hackney,Burglary,Burglary in a Dwelling,2,2009,3
E01002019,Haringey,Burglary,Burglary in Other Buildings,0,2016,9
E01000811,Bromley,Criminal Damage,Criminal Damage To Other Building,0,2008,6
E01003583,Newham,Violence Against the Person,Offensive Weapon,0,2012,7
E01002654,Hounslow,Theft and Handling,Handling Stolen Goods,0,2010,5
E01002392,Hillingdon,Violence Against the Person,Assault with Injury,1,2013,2
E01002135,Harrow,Robbery,Business Property,0,2015,10
E01000830,Bromley,Theft and Handling,Theft/Taking Of Motor Vehicle,1,2013,10
E01002610,Hounslow,Burglary,Burglary in Other Buildings,2,2011,2
E01000630,Brent,Other Notifiable Offences,Going Equipped,0,2016,12
E01003741,Redbridge,Theft and Handling,Theft From Shops,0,2012,9
E01001926,Hammersmith and Fulham,Criminal Damage,Other Criminal Damage,0,2008,2
E01002843,Kensington and Chelsea,Theft and Handling,Handling Stolen Goods,0,2008,12
E01004100,Sutton,Fraud or Forgery,Counted per Victim,0,2012,3
E01033588,Barking and Dagenham,Theft and Handling,Motor Vehicle Interference & Tampering,0,2012,3
E01001784,Hackney,Robbery,Business Property,0,2016,3
E01000545,Brent,Criminal Damage,Criminal Damage To Other Building,0,2014,7
E01002053,Haringey,Violence Against the Person,Assault with Injury,1,2012,5
E01001638,Greenwich,Theft and Handling,Theft From Motor Vehicle,2,2013,1
E01004375,Waltham Forest,Robbery,Business Property,0,2009,5
E01004520,Wandsworth,Robbery,Personal Property,0,2012,1
E01003654,Redbridge,Violence Against the Person,Harassment,0,2014,4
E01001789,Hackney,Violence Against the Person,Offensive Weapon,0,2012,6
E01004467,Waltham Forest,Sexual Offences,Other Sexual,0,2008,7
E01002207,Harrow,Criminal Damage,Other Criminal Damage,0,2008,5
E01002477,Hillingdon,Criminal Damage,Other Criminal Damage,0,2013,7
E01003060,Lambeth,Violence Against the Person,Assault with Injury,1,2009,5
E01004699,Westminster,Burglary,Burglary in Other Buildings,0,2014,3
E01003575,Newham,Violence Against the Person,Assault with Injury,0,2010,5
E01004349,Waltham Forest,Theft and Handling,Theft/Taking of Pedal Cycle,0,2012,10
E01033707,Hackney,Violence Against the Person,Wounding/GBH,0,2012,9
E01002549,Hillingdon,Theft and Handling,Theft From Motor Vehicle,0,2013,6
E01001096,Croydon,Drugs,Drug Trafficking,0,2010,8
E01003404,Merton,Sexual Offences,Other Sexual,0,2016,10
E01004103,Sutton,Violence Against the Person,Other violence,0,2014,1
E01003527,Newham,Robbery,Personal Property,3,2010,8
E01003275,Lewisham,Theft and Handling,Other Theft Person,0,2012,6
E01003835,Richmond upon Thames,Theft and Handling,Theft From Shops,0,2008,11
E01002689,Hounslow,Criminal Damage,Criminal Damage To Motor Vehicle,1,2014,1
E01002671,Hounslow,Theft and Handling,Theft/Taking Of Motor Vehicle,0,2010,8
E01004686,Westminster,Criminal Damage,Criminal Damage To Dwelling,0,2013,11
E01033424,Brent,Theft and Handling,Handling Stolen Goods,0,2013,2
E01001127,Croydon,Drugs,Possession Of Drugs,0,2011,2
E01001861,Hammersmith and Fulham,Drugs,Possession Of Drugs,0,2009,6
E01000257,Barnet,Burglary,Burglary in a Dwelling,0,2016,12
E01004592,Wandsworth,Criminal Damage,Criminal Damage To Other Building,0,2009,9
E01004304,Tower Hamlets,Theft and Handling,Theft From Motor Vehicle,0,2009,12
E01003760,Redbridge,Theft and Handling,Other Theft,3,2012,7
E01004588,Wandsworth,Theft and Handling,Motor Vehicle Interference & Tampering,1,2014,12
E01004665,Westminster,Robbery,Business Property,0,2015,7
E01002704,Islington,Violence Against the Person,Harassment,4,2015,6
E01001601,Greenwich,Burglary,Burglary in Other Buildings,0,2012,3
E01003148,Lambeth,Violence Against the Person,Common Assault,0,2014,11
E01002153,Harrow,Violence Against the Person,Harassment,0,2013,1
E01002238,Harrow,Theft and Handling,Motor Vehicle Interference & Tampering,0,2008,9
E01000543,Brent,Violence Against the Person,Harassment,1,2014,3
E01002470,Hillingdon,Violence Against the Person,Harassment,0,2015,10
E01004679,Westminster,Drugs,Drug Trafficking,0,2009,11
E01004273,Tower Hamlets,Criminal Damage,Criminal Damage To Other Building,0,2010,12
E01002639,Hounslow,Criminal Damage,Criminal Damage To Dwelling,1,2012,3
E01000042,Barking and Dagenham,Robbery,Business Property,0,2012,9
E01001507,Enfield,Violence Against the Person,Murder,0,2012,11
E01002167,Harrow,Theft and Handling,Theft/Taking of Pedal Cycle,0,2011,9
E01000304,Barnet,Theft and Handling,Other Theft,0,2015,3
E01032512,Westminster,Criminal Damage,Criminal Damage To Dwelling,0,2011,6
E01004141,Sutton,Theft and Handling,Other Theft Person,0,2009,10
E01002471,Hillingdon,Robbery,Personal Property,0,2016,12
E01003786,Redbridge,Violence Against the Person,Other violence,0,2012,10
E01000468,Bexley,Theft and Handling,Handling Stolen Goods,0,2009,3
E01001804,Hackney,Burglary,Burglary in Other Buildings,0,2011,10
E01004546,Wandsworth,Other Notifiable Offences,Going Equipped,0,2012,12
E01002693,Hounslow,Criminal Damage,Other Criminal Damage,1,2008,9
E01003011,Kingston upon Thames,Theft and Handling,Handling Stolen Goods,0,2015,1
E01033464,Brent,Violence Against the Person,Common Assault,0,2009,7
E01000009,Barking and Dagenham,Violence Against the Person,Common Assault,0,2008,12
E01004313,Tower Hamlets,Sexual Offences,Other Sexual,0,2011,4
E01003758,Redbridge,Violence Against the Person,Murder,0,2011,9
E01003419,Merton,Robbery,Personal Property,0,2012,4
E01003926,Southwark,Robbery,Business Property,0,2009,7
E01003835,Richmond upon Thames,Drugs,Drug Trafficking,0,2011,11
E01033725,Hillingdon,Violence Against the Person,Assault with Injury,0,2008,3
E01004585,Wandsworth,Theft and Handling,Theft From Motor Vehicle,0,2011,1
E01003872,Richmond upon Thames,Burglary,Burglary in Other Buildings,0,2008,6
E01003909,Richmond upon Thames,Theft and Handling,Handling Stolen Goods,0,2014,1
E01003582,Newham,Violence Against the Person,Assault with Injury,1,2009,7
E01001466,Enfield,Violence Against the Person,Assault with Injury,0,2013,9
E01001505,Enfield,Robbery,Personal Property,2,2010,4
E01000437,Bexley,Theft and Handling,Theft/Taking of Pedal Cycle,0,2011,9
E01003439,Merton,Theft and Handling,Other Theft Person,2,2011,4
E01002491,Hillingdon,Violence Against the Person,Assault with Injury,1,2014,1
E01004473,Wandsworth,Criminal Damage,Criminal Damage To Motor Vehicle,1,2009,6
E01004361,Waltham Forest,Theft and Handling,Motor Vehicle Interference & Tampering,0,2012,7
E01000369,Bexley,Criminal Damage,Criminal Damage To Dwelling,1,2016,1
E01000610,Brent,Violence Against the Person,Assault with Injury,0,2011,9
E01002340,Havering,Burglary,Burglary in a Dwelling,1,2013,5
E01000986,Croydon,Drugs,Possession Of Drugs,1,2008,4
E01004207,Tower Hamlets,Criminal Damage,Criminal Damage To Other Building,0,2012,6
E01000011,Barking and Dagenham,Robbery,Personal Property,0,2015,3
E01004498,Wandsworth,Theft and Handling,Other Theft Person,0,2011,5
E01001718,Hackney,Theft and Handling,Theft/Taking of Pedal Cycle,0,2009,5
E01003402,Merton,Violence Against the Person,Common Assault,0,2016,7
E01001505,Enfield,Violence Against the Person,Assault with Injury,2,2010,8
E01001178,Croydon,Criminal Damage,Criminal Damage To Motor Vehicle,6,2011,4
E01003287,Lewisham,Criminal Damage,Criminal Damage To Other Building,1,2015,8
E01002888,Kensington and Chelsea,Theft and Handling,Other Theft Person,0,2014,10
E01003387,Merton,Violence Against the Person,Other violence,1,2015,12
E01002460,Hillingdon,Criminal Damage,Other Criminal Damage,0,2013,8
E01003055,Lambeth,Criminal Damage,Criminal Damage To Motor Vehicle,0,2008,2
