E01003225,Lewisham,Violence Against the Person,Other violence,0,2013,7
E01002121,Harrow,Criminal Damage,Other Criminal Damage,0,2013,11
E01002716,Islington,Drugs,Drug Trafficking,0,2013,3
E01001437,Enfield,Violence Against the Person,Other violence,0,2011,3
E01001331,Ealing,Violence Against the Person,Other violence,0,2012,11
E01001183,Croydon,Theft and Handling,Motor Vehicle Interference & Tampering,0,2010,2
E01000009,Barking and Dagenham,Theft and Handling,Theft/Taking Of Motor Vehicle,0,2009,11
E01002312,Havering,Violence Against the Person,Common Assault,0,2016,12
E01001293,Ealing,Violence Against the Person,Wounding/GBH,0,2011,3
E01000012,Barking and Dagenham,Violence Against the Person,Common Assault,0,2010,9
E01000536,Brent,Burglary,Burglary in Other Buildings,0,2013,1
E01000680,Bromley,Theft and Handling,Motor Vehicle Interference & Tampering,0,2009,7
E01003273,Lewisham,Drugs,Drug Trafficking,0,2012,1
E01002802,Islington,Theft and Handling,Theft/Taking Of Motor Vehicle,1,2015,7
E01000645,Bromley,Criminal Damage,Criminal Damage To Other Building,0,2015,8
E01000456,Bexley,Theft and Handling,Theft From Motor Vehicle,3,2010,2
E01002288,Havering,Burglary,Burglary in Other Buildings,0,2010,5
E01002542,Hillingdon,Theft and Handling,Other Theft Person,3,2011,5
E01000625,Brent,Violence Against the Person,Offensive Weapon,0,2016,5
E01004614,Wandsworth,Criminal Damage,Criminal Damage To Other Building,0,2009,1
E01003263,Lewisham,Robbery,Business Property,0,2016,4
E01004590,Wandsworth,Other Notifiable Offences,Other Notifiable,0,2015,9
E01003758,Redbridge,Fraud or Forgery,Counted per Victim,0,2009,9
E01003376,Merton,Other Notifiable Offences,Other Notifiable,0,2012,10
E01001716,Hackney,Other Notifiable Offences,Other Notifiable,1,2012,1
E01001635,Greenwich,Theft and Handling,Handling Stolen Goods,0,2009,4
E01004612,Wandsworth,Other Notifiable Offences,Other Notifiable,0,2016,12
E01002067,Haringey,Theft and Handling,Theft From Shops,0,2008,1
E01004281,Tower Hamlets,Theft and Handling,Handling Stolen Goods,0,2013,8
E01000207,Barnet,Violence Against the Person,Other violence,0,2014,5
E01003245,Lewisham,Theft and Handling,Other Theft Person,0,2013,5
E01000154,Barnet,Theft and Handling,Theft From Motor Vehicle,2,2015,8
E01004754,Westminster,Violence Against the Person,Other violence,0,2011,2
E01004617,Wandsworth,Criminal Damage,Other Criminal Damage,2,2014,2
E01003111,Lambeth,Theft and Handling,Other Theft,1,2009,4
E01001324,Ealing,Criminal Damage,Criminal Damage To Other Building,0,2016,11
E01002301,Havering,Violence Against the Person,Common Assault,0,2012,1
E01003561,Newham,Other Notifiable Offences,Other Notifiable,1,2009,9
E01000693,Bromley,Other Notifiable Offences,Other Notifiable,0,2013,9
E01002850,Kensington and Chelsea,Criminal Damage,Criminal Damage To Motor Vehicle,2,2011,3
E01000332,Bexley,Other Notifiable Offences,Other Notifiable,0,2011,2
E01003008,Kingston upon Thames,Robbery,Personal Property,0,2010,6
E01003385,Merton,Other Notifiable Offences,Other Notifiable,0,2011,1
E01001436,Enfield,Violence Against the Person,Offensive Weapon,0,2016,4
E01002065,Haringey,Drugs,Other Drugs,0,2009,3
E01003439,Merton,Criminal Damage,Criminal Damage To Dwelling,1,2009,12
E01003051,Lambeth,Criminal Damage,Criminal Damage To Motor Vehicle,0,2010,12
E01003987,Southwark,Theft and Handling,Handling Stolen Goods,0,2014,9
E01004275,Tower Hamlets,Criminal Damage,Criminal Damage To Other Building,0,2008,4
E01001498,Enfield,Criminal Damage,Other Criminal Damage,1,2008,10
E01002791,Islington,Criminal Damage,Other Criminal Damage,0,2013,10
E01003558,Newham,Criminal Damage,Other Criminal Damage,1,2015,12
E01001783,Hackney,Drugs,Drug Trafficking,0,2013,1
E01004336,Waltham Forest,Robbery,Business Property,0,2014,3
E01004755,Westminster,Other Notifiable Offences,Going Equipped,0,2014,9
E01004588,Wandsworth,Robbery,Personal Property,0,2014,11
E01002670,Hounslow,Burglary,Burglary in Other Buildings,0,2016,9
E01003908,Richmond upon Thames,Criminal Damage,Other Criminal Damage,0,2016,7
E01000588,Brent,Criminal Damage,Criminal Damage To Other Building,0,2016,11
E01003123,Lambeth,Theft and Handling,Theft From Shops,0,2010,11
E01004187,Sutton,Theft and Handling,Theft/Taking Of Motor Vehicle,0,2010,5
E01004726,Westminster,Burglary,Burglary in Other Buildings,0,2012,3
E01002470,Hillingdon,Violence Against the Person,Assault with Injury,2,2014,12
E01001495,Enfield,Theft and Handling,Theft/Taking Of Motor Vehicle,1,2013,7
E01000195,Barnet,Violence Against the Person,Harassment,1,2011,2
E01004512,Wandsworth,Theft and Handling,Other Theft,0,2011,9
E01001439,Enfield,Drugs,Drug Trafficking,0,2013,8
E01002413,Hillingdon,Fraud or Forgery,Counted per Victim,0,2010,8
E01001806,Hackney,Criminal Damage,Criminal Damage To Other Building,0,2009,1
E01003248,Lewisham,Theft and Handling,Motor Vehicle Interference & Tampering,0,2014,6
E01003648,Redbridge,Violence Against the Person,Assault with Injury,0,2008,7
E01000120,Barnet,Violence Against the Person,Assault with Injury,1,2014,11
E01004211,Tower Hamlets,Burglary,Burglary in a Dwelling,2,2013,7
E01003240,Lewisham,Theft and Handling,Theft From Motor Vehicle,0,2009,3
E01000176,Barnet,Theft and Handling,Theft/Taking of Pedal Cycle,0,2012,10
E01002478,Hillingdon,Drugs,Drug Trafficking,0,2011,1
E01001070,Croydon,Violence Against the Person,Other violence,0,2011,6
E01002697,Islington,Theft and Handling,Other Theft,2,2014,6
E01002094,Haringey,Robbery,Personal Property,0,2008,6
E01004734,Westminster,Other Notifiable Offences,Other Notifiable,12,2014,11
E01004741,Westminster,Theft and Handling,Motor Vehicle Interference & Tampering,0,2008,8
E01000458,Bexley,Criminal Damage,Criminal Damage To Other Building,0,2009,1
E01002405,Hillingdon,Theft and Handling,Other Theft,1,2012,10
E01002983,Kingston upon Thames,Theft and Handling,Theft/Taking of Pedal Cycle,0,2012,11
E01000610,Brent,Burglary,Burglary in a Dwelling,2,2016,3
E01003074,Lambeth,Other Notifiable Offences,Going Equipped,0,2013,6
E01000981,Croydon,Criminal Damage,Criminal Damage To Other Building,0,2016,10
E01003375,Merton,Criminal Damage,Criminal Damage To Dwelling,0,2015,1
E01003535,Newham,Criminal Damage,Other Criminal Damage,0,2008,1
E01002759,Islington,Other Notifiable Offences,Going Equipped,0,2016,4
E01001416,Enfield,Other Notifiable Offences,Other Notifiable,0,2011,3
E01001682,Greenwich,Criminal Damage,Criminal Damage To Dwelling,0,2011,10
E01004021,Southwark,Other Notifiable Offences,Other Notifiable,0,2013,11
E01002066,Haringey,Criminal Damage,Criminal Damage To Motor Vehicle,0,2013,2
E01004126,Sutton,Drugs,Possession Of Drugs,0,2013,9
E01002690,Hounslow,Other Notifiable Offences,Other Notifiable,0,2011,11
E01000348,Bexley,Drugs,Possession Of Drugs,0,2009,11
E01004598,Wandsworth,Theft and Handling,Theft/Taking of Pedal Cycle,0,2016,1
E01002774,Islington,Theft and Handling,Handling Stolen Goods,1,2012,3
E01002304,Havering,Robbery,Business Property,0,2013,5
E01002188,Harrow,Criminal Damage,Criminal Damage To Other Building,0,2008,5
E01002350,Havering,Drugs,Drug Trafficking,0,2016,5
E01004364,Waltham Forest,Theft and Handling,Other Theft Person,0,2012,4
E01000338,Bexley,Burglary,Burglary in Other Buildings,0,2014,2
E01002929,Kingston upon Thames,Criminal Damage,Criminal Damage To Motor Vehicle,0,2011,3
E01000228,Barnet,Robbery,Personal Property,1,2010,9
E01004496,Wandsworth,Burglary,Burglary in Other Buildings,2,2010,5
E01000131,Barnet,Criminal Damage,Criminal Damage To Motor Vehicle,1,2009,2
E01004634,Wandsworth,Theft and Handling,Theft/Taking of Pedal Cycle,1,2008,5
E01002400,Hillingdon,Burglary,Burglary in Other Buildings,1,2010,8
E01001472,Enfield,Criminal Damage,Other Criminal Damage,1,2015,5
E01002173,Harrow,Criminal Damage,Criminal Damage To Other Building,0,2009,12
E01000942,Camden,Theft and Handling,Handling Stolen Goods,0,2015,11
E01001606,Greenwich,Violence Against the Person,Assault with Injury,0,2008,7
E01004453,Waltham Forest,Violence Against the Person,Harassment,0,2016,10
E01004373,Waltham Forest,Theft and Handling,Handling Stolen Goods,0,2008,11
E01002968,Kingston upon Thames,Violence Against the Person,Assault with Injury,16,2013,11
E01003630,Newham,Theft and Handling,Theft From Motor Vehicle,1,2011,9
E01004174,Sutton,Violence Against the Person,Offensive Weapon,0,2016,11
E01004408,Waltham Forest,Theft and Handling,Other Theft,1,2015,7
E01003188,Lambeth,Burglary,Burglary in a Dwelling,1,2015,10
E01000486,Brent,Violence Against the Person,Common Assault,0,2012,11
E01000112,Barking and Dagenham,Criminal Damage,Criminal Damage To Motor Vehicle,0,2014,3
E01000014,Barking and Dagenham,Theft and Handling,Theft/Taking of Pedal Cycle,0,2010,2
E01000571,Brent,Violence Against the Person,Other violence,1,2013,11
E01001795,Hackney,Criminal Damage,Other Criminal Damage,1,2011,11
E01002944,Kingston upon Thames,Theft and Handling,Theft From Shops,0,2009,2
E01002805,Islington,Theft and Handling,Other Theft,1,2011,11
E01002595,Hounslow,Theft and Handling,Theft From Shops,0,2016,2
E01004289,Tower Hamlets,Robbery,Business Property,0,2012,11
E01000887,Camden,Burglary,Burglary in Other Buildings,1,2011,7
E01002697,Islington,Violence Against the Person,Common Assault,0,2013,4
E01004366,Waltham Forest,Drugs,Drug Trafficking,0,2010,4
E01001564,Enfield,Theft and Handling,Handling Stolen Goods,0,2014,4
E01003550,Newham,Theft and Handling,Theft/Taking of Pedal Cycle,1,2012,3
E01001069,Croydon,Violence Against the Person,Assault with Injury,0,2009,7
E01003815,Richmond upon Thames,Other Notifiable Offences,Other Notifiable,0,2016,3
E01003393,Merton,Violence Against the Person,Other violence,0,2008,10
E01000995,Croydon,Violence Against the Person,Offensive Weapon,0,2008,3
E01004077,Sutton,Violence Against the Person,Harassment,0,2015,7
E01001852,Hammersmith and Fulham,Violence Against the Person,Wounding/GBH,0,2011,2
E01004541,Wandsworth,Burglary,Burglary in Other Buildings,0,2016,7
E01003022,Lambeth,Criminal Damage,Criminal Damage To Motor Vehicle,0,2011,6
E01003907,Richmond upon Thames,Criminal Damage,Other Criminal Damage,0,2008,12
E01004659,Westminster,Theft and Handling,Motor Vehicle Interference & Tampering,0,2010,5
E01032580,Barking and Dagenham,Violence Against the Person,Other violence,0,2010,1
E01002759,Islington,Theft and Handling,Handling Stolen Goods,0,2016,7
E01001174,Croydon,Criminal Damage,Criminal Damage To Motor Vehicle,0,2012,5
E01002975,Kingston upon Thames,Theft and Handling,Theft From Shops,0,2010,1
E01000723,Bromley,Violence Against the Person,Other violence,0,2015,7
E01001558,Enfield,Violence Against the Person,Offensive Weapon,1,2011,7
E01002277,Havering,Violence Against the Person,Harassment,2,2015,6
E01001480,Enfield,Other Notifiable Offences,Other Notifiable,0,2015,8
E01001542,Enfield,Theft and Handling,Theft/Taking Of Motor Vehicle,0,2008,8
E01000006,Barking and Dagenham,Criminal Damage,Criminal Damage To Dwelling,0,2009,7
E01001413,Enfield,Violence Against the Person,Offensive Weapon,0,2011,3
E01000946,Camden,Criminal Damage,Criminal Damage To Other Building,0,2012,11
E01032563,Bromley,Robbery,Personal Property,0,2010,1
E01000544,Brent,Violence Against the Person,Wounding/GBH,0,2016,6
E01002526,Hillingdon,Violence Against the Person,Common Assault,4,2013,3
E01001946,Hammersmith and Fulham,Drugs,Drug Trafficking,0,2016,9
E01003285,Lewisham,Violence Against the Person,Wounding/GBH,0,2011,3
E01000891,Camden,Criminal Damage,Criminal Damage To Motor Vehicle,0,2008,1
E01000262,Barnet,Criminal Damage,Criminal Damage To Other Building,0,2009,2
E01003327,Lewisham,Drugs,Other Drugs,0,2011,3
E01002538,Hillingdon,Criminal Damage,Criminal Damage To Dwelling,0,2016,6
E01004199,Tower Hamlets,Sexual Offences,Rape,0,2013,9
E01002325,Havering,Drugs,Drug Trafficking,0,2011,5
E01002307,Havering,Theft and Handling,Theft From Motor Vehicle,0,2010,2
E01000469,Bexley,Burglary,Burglary in Other Buildings,0,2010,9
E01001763,Hackney,Violence Against the Person,Harassment,4,2014,8
E01002056,Haringey,Violence Against the Person,Wounding/GBH,0,2010,5
E01000554,Brent,Criminal Damage,Criminal Damage To Other Building,0,2016,1
E01002061,Haringey,Violence Against the Person,Assault with Injury,0,2016,4
E01003465,Merton,Criminal Damage,Criminal Damage To Other Building,0,2015,7
E01001300,Ealing,Theft and Handling,Handling Stolen Goods,0,2015,11
E01001705,Greenwich,Theft and Handling,Theft From Shops,0,2013,8
E01003732,Redbridge,Robbery,Personal Property,1,2015,6
E01003122,Lambeth,Burglary,Burglary in a Dwelling,0,2016,3
E01003538,Newham,Robbery,Personal Property,5,2009,9
E01000751,Bromley,Robbery,Business Property,0,2013,9
E01003659,Redbridge,Robbery,Personal Property,0,2009,8
E01000527,Brent,Violence Against the Person,Offensive Weapon,0,2016,2
E01001290,Ealing,Theft and Handling,Motor Vehicle Interference & Tampering,0,2013,7
E01002257,Havering,Burglary,Burglary in Other Buildings,0,2014,2
E01002918,Kingston upon Thames,Drugs,Possession Of Drugs,0,2010,8
E01001227,Ealing,Theft and Handling,Theft/Taking Of Motor Vehicle,0,2012,7
E01003183,Lambeth,Drugs,Possession Of Drugs,1,2009,2
E01001168,Croydon,Robbery,Personal Property,0,2015,3
E01000789,Bromley,Theft and Handling,Other Theft Person,1,2012,9
E01002488,Hillingdon,Criminal Damage,Criminal Damage To Other Building,0,2012,5
E01003346,Lewisham,Theft and Handling,Theft/Taking Of Motor Vehicle,1,2010,4
E01000378,Bexley,Robbery,Business Property,0,2010,1
E01002603,Hounslow,Theft and Handling,Other Theft Person,0,2016,6
E01003994,Southwark,Criminal Damage,Other Criminal Damage,0,2011,9
E01000360,Bexley,Criminal Damage,Criminal Damage To Motor Vehicle,1,2011,1
E01001932,Hammersmith and Fulham,Burglary,Burglary in a Dwelling,2,2008,10
E01033456,Brent,Theft and Handling,Other Theft,1,2015,1
E01003791,Redbridge,Violence Against the Person,Common Assault,0,2016,10
E01003568,Newham,Drugs,Drug Trafficking,0,2008,12
E01002907,Kensington and Chelsea,Sexual Offences,Other Sexual,0,2013,3
E01000747,Bromley,Criminal Damage,Criminal Damage To Other Building,0,2014,6
E01001453,Enfield,Theft and Handling,Motor Vehicle Interference & Tampering,0,2012,7
E01000949,Camden,Drugs,Other Drugs,0,2012,1
E01002114,Harrow,Violence Against the Person,Other violence,0,2010,7
E01003669,Redbridge,Violence Against the Person,Offensive Weapon,0,2008,1
E01004105,Sutton,Robbery,Personal Property,0,2012,5
E01033702,Hackney,Robbery,Personal Property,1,2016,6
E01004071,Southwark,Fraud or Forgery,Counted per Victim,0,2010,1
E01004446,Waltham Forest,Burglary,Burglary in Other Buildings,1,2011,1
E01002457,Hillingdon,Burglary,Burglary in a Dwelling,0,2011,10
E01003572,Newham,Theft and Handling,Theft/Taking Of Motor Vehicle,0,2008,3
E01001814,Hackney,Drugs,Other Drugs,0,2008,12
E01003819,Richmond upon Thames,Theft and Handling,Theft/Taking Of Motor Vehicle,1,2012,6
E01001804,Hackney,Criminal Damage,Other Criminal Damage,0,2008,6
E01000511,Brent,Other Notifiable Offences,Other Notifiable,0,2016,1
E01000070,Barking and Dagenham,Drugs,Other Drugs,0,2009,10
E01003766,Redbridge,Criminal Damage,Other Criminal Damage,1,2011,2
E01003887,Richmond upon Thames,Violence Against the Person,Common Assault,0,2015,4
E01001367,Ealing,Fraud or Forgery,Counted per Victim,0,2012,9
E01004519,Wandsworth,Robbery,Personal Property,1,2010,4
E01004003,Southwark,Drugs,Possession Of Drugs,1,2016,10
E01000384,Bexley,Theft and Handling,Theft From Motor Vehicle,0,2015,7
E01001397,Enfield,Criminal Damage,Criminal Damage To Other Building,0,2008,7
E01003619,Newham,Violence Against the Person,Common Assault,6,2014,11
E01003176,Lambeth,Criminal Damage,Criminal Damage To Other Building,0,2016,3
E01001241,Ealing,Theft and Handling,Motor Vehicle Interference & Tampering,0,2009,1
E01003459,Merton,Drugs,Drug Trafficking,0,2014,6
E01004180,Sutton,Criminal Damage,Criminal Damage To Motor Vehicle,0,2008,4
E01004563,Wandsworth,Violence Against the Person,Assault with Injury,1,2013,12
E01001906,Hammersmith and Fulham,Violence Against the Person,Assault with Injury,0,2010,9
E01002672,Hounslow,Fraud or Forgery,Counted per Victim,0,2013,11
E01004326,Tower Hamlets,Violence Against the Person,Offensive Weapon,0,2008,3
E01004437,Waltham Forest,Sexual Offences,Other Sexual,0,2008,9
E01003367,Merton,Theft and Handling,Theft From Motor Vehicle,1,2013,1
E01033730,Greenwich,Drugs,Drug Trafficking,0,2008,8
E01003664,Redbridge,Theft and Handling,Handling Stolen Goods,0,2016,12
E01002742,Islington,Theft and Handling,Theft From Motor Vehicle,0,2015,10
E01003796,Redbridge,Burglary,Burglary in a Dwelling,1,2013,7
E01004321,Tower Hamlets,Theft and Handling,Theft From Motor Vehicle,3,2008,4
E01003876,Richmond upon Thames,Drugs,Drug Trafficking,0,2011,11
E01002431,Hillingdon,Theft and Handling,Other Theft Person,0,2009,3
E01002044,Haringey,Theft and Handling,Theft/Taking of Pedal Cycle,0,2011,3
E01001556,Enfield,Violence Against the Person,Common Assault,1,2012,1
E01001309,Ealing,Burglary,Burglary in Other Buildings,0,2009,9
E01004751,Westminster,Theft and Handling,Motor Vehicle Interference & Tampering,0,2016,7
E01000554,Brent,Criminal Damage,Criminal Damage To Motor Vehicle,0,2015,12
E01032773,Tower Hamlets,Violence Against the Person,Harassment,0,2009,11
E01003139,Lambeth,Robbery,Business Property,0,2014,9
E01002665,Hounslow,Violence Against the Person,Assault with Injury,1,2015,5
E01002372,Havering,Drugs,Drug Trafficking,0,2016,1
E01000108,Barking and Dagenham,Drugs,Possession Of Drugs,0,2012,2
E01003004,Kingston upon Thames,Theft and Handling,Other Theft,2,2014,3
E01003172,Lambeth,Criminal Damage,Criminal Damage To Other Building,0,2016,7
E01003439,Merton,Fraud or Forgery,Other Fraud & Forgery,0,2015,4
E01004429,Waltham Forest,Theft and Handling,Theft From Motor Vehicle,2,2015,4
E01001918,Hammersmith and Fulham,Theft and Handling,Theft/Taking Of Motor Vehicle,1,2016,2
E01003319,Lewisham,Theft and Handling,Other Theft,0,2011,4
E01002780,Islington,Criminal Damage,Criminal Damage To Other Building,0,2015,1
E01004144,Sutton,Criminal Damage,Criminal Damage To Motor Vehicle,0,2014,10
E01000787,Bromley,Violence Against the Person,Other violence,0,2014,12
E01000983,Croydon,Burglary,Burglary in Other Buildings,0,2008,12
E01003629,Newham,Theft and Handling,Other Theft,0,2009,8
E01003081,Lambeth,Criminal Damage,Criminal Damage To Other Building,0,2011,1
E01000933,Camden,Other Notifiable Offences,Other Notifiable,0,2012,3
E01002332,Havering,Violence Against the Person,Wounding/GBH,0,2009,6
E01000493,Brent,Theft and Handling,Motor Vehicle Interference & Tampering,0,2016,7
E01000189,Barnet,Theft and Handling,Theft/Taking of Pedal Cycle,0,2014,2
E01033578,Newham,Violence Against the Person,Harassment,0,2009,4
E01003180,Lambeth,Theft and Handling,Other Theft,0,2013,12
E01004221,Tower Hamlets,Theft and Handling,Other Theft Person,0,2011,6
E01000270,Barnet,Violence Against the Person,Common Assault,0,2009,1
E01004061,Southwark,Theft and Handling,Theft/Taking Of Motor Vehicle,1,2008,11
E01001806,Hackney,Other Notifiable Offences,Other Notifiable,1,2008,11
E01002853,Kensington and Chelsea,Theft and Handling,Theft From Motor Vehicle,1,2008,10
E01003989,Southwark,Drugs,Possession Of Drugs,0,2016,7
E01000037,Barking and Dagenham,Criminal Damage,Other Criminal Damage,0,2012,2
E01003162,Lambeth,Drugs,Possession Of Drugs,0,2015,4
E01003288,Lewisham,Violence Against the Person,Common Assault,2,2014,11
E01000510,Brent,Theft and Handling,Other Theft Person,0,2009,6
E01002025,Haringey,Theft and Handling,Theft/Taking of Pedal Cycle,0,2014,12
E01033082,Hounslow,Burglary,Burglary in Other Buildings,0,2010,7
E01000321,Barnet,Criminal Damage,Criminal Damage To Dwelling,0,2010,2
E01003664,Redbridge,Burglary,Burglary in a Dwelling,3,2014,1
E01003214,Lewisham,Other Notifiable Offences,Going Equipped,0,2014,11
E01000110,Barking and Dagenham,Violence Against the Person,Offensive Weapon,0,2013,8
E01002895,Kensington and Chelsea,Theft and Handling,Theft/Taking of Pedal Cycle,0,2011,9
E01000888,Camden,Theft and Handling,Theft/Taking of Pedal Cycle,0,2012,10
E01000892,Camden,Theft and Handling,Theft/Taking Of Motor Vehicle,1,2016,10
E01003901,Richmond upon Thames,Theft and Handling,Motor Vehicle Interference & Tampering,1,2009,10
E01004443,Waltham Forest,Theft and Handling,Theft From Motor Vehicle,1,2009,11
E01003285,Lewisham,Theft and Handling,Theft From Motor Vehicle,1,2014,1
E01002243,Havering,Burglary,Burglary in Other Buildings,0,2011,2
E01004192,Sutton,Criminal Damage,Criminal Damage To Dwelling,0,2010,3
E01003133,Lambeth,Theft and Handling,Handling Stolen Goods,0,2015,10
E01000053,Barking and Dagenham,Violence Against the Person,Assault with Injury,2,2013,3
E01001188,Croydon,Theft and Handling,Motor Vehicle Interference & Tampering,0,2015,8
E01003039,Lambeth,Drugs,Possession Of Drugs,2,2010,10
E01000328,Bexley,Violence Against the Person,Other violence,0,2012,5
E01003130,Lambeth,Theft and Handling,Other Theft Person,1,2008,3
E01032577,Hillingdon,Theft and Handling,Theft From Motor Vehicle,1,2013,10
E01004357,Waltham Forest,Criminal Damage,Other Criminal Damage,0,2011,12
E01001289,Ealing,Violence Against the Person,Other violence,0,2012,5
E01003034,Lambeth,Drugs,Drug Trafficking,0,2009,1
E01001239,Ealing,Criminal Damage,Criminal Damage To Other Building,0,2009,8
E01003987,Southwark,Other Notifiable Offences,Other Notifiable,0,2010,5
E01001906,Hammersmith and Fulham,Robbery,Business Property,0,2011,7
E01002045,Haringey,Violence Against the Person,Offensive Weapon,0,2016,6
E01002009,Haringey,Robbery,Personal Property,0,2016,1
E01000080,Barking and Dagenham,Other Notifiable Offences,Other Notifiable,0,2008,7
E01002076,Haringey,Drugs,Drug Trafficking,0,2011,10
E01001690,Greenwich,Violence Against the Person,Offensive Weapon,0,2011,7
E01003410,Merton,Other Notifiable Offences,Going Equipped,0,2008,1
E01001692,Greenwich,Drugs,Possession Of Drugs,0,2010,3
E01001276,Ealing,Theft and Handling,Theft From Motor Vehicle,7,2016,2
E01003718,Redbridge,Burglary,Burglary in Other Buildings,0,2016,4
E01000470,Bexley,Theft and Handling,Theft/Taking of Pedal Cycle,0,2010,7
E01002049,Haringey,Robbery,Business Property,0,2008,10
E01002770,Islington,Theft and Handling,Theft From Motor Vehicle,1,2010,7
E01001522,Enfield,Theft and Handling,Theft From Motor Vehicle,1,2013,2
E01001361,Ealing,Fraud or Forgery,Counted per Victim,0,2011,1
E01001160,Croydon,Theft and Handling,Other Theft,0,2014,12
E01001544,Enfield,Violence Against the Person,Assault with Injury,0,2016,1
E01000111,Barking and Dagenham,Theft and Handling,Other Theft,0,2010,4
E01001027,Croydon,Criminal Damage,Criminal Damage To Motor Vehicle,1,2015,1
E01004170,Sutton,Fraud or Forgery,Counted per Victim,0,2011,4
E01000768,Bromley,Theft and Handling,Motor Vehicle Interference & Tampering,0,2008,3
E01000281,Barnet,Robbery,Personal Property,0,2011,5
E01000512,Brent,Criminal Damage,Criminal Damage To Other Building,0,2013,1
E01003431,Merton,Burglary,Burglary in Other Buildings,0,2012,2
E01002138,Harrow,Violence Against the Person,Wounding/GBH,0,2016,6
E01000416,Bexley,Burglary,Burglary in Other Buildings,1,2016,12
E01001295,Ealing,Burglary,Burglary in a Dwelling,0,2014,4
E01003037,Lambeth,Violence Against the Person,Assault with Injury,0,2013,8
E01000134,Barnet,Burglary,Burglary in a Dwelling,1,2011,1
E01002486,Hillingdon,Other Notifiable Offences,Other Notifiable,0,2013,6
E01002623,Hounslow,Other Notifiable Offences,Other Notifiable,0,2012,2
E01001645,Greenwich,Violence Against the Person,Wounding/GBH,0,2011,4
E01004547,Wandsworth,Theft and Handling,Theft From Shops,0,2016,9
E01004390,Waltham Forest,Violence Against the Person,Assault with Injury,0,2012,7
E01001975,Haringey,Violence Against the Person,Assault with Injury,0,2008,2
E01001224,Ealing,Violence Against the Person,Other violence,0,2010,5
E01003491,Newham,Violence Against the Person,Offensive Weapon,0,2012,3
E01002870,Kensington and Chelsea,Burglary,Burglary in Other Buildings,0,2013,2
E01002905,Kensington and Chelsea,Theft and Handling,Theft/Taking Of Motor Vehicle,1,2010,3
E01001512,Enfield,Theft and Handling,Theft/Taking Of Motor Vehicle,1,2016,9
E01000407,Bexley,Robbery,Personal Property,0,2009,1
E01002114,Harrow,Theft and Handling,Handling Stolen Goods,0,2016,4
E01002059,Haringey,Drugs,Drug Trafficking,0,2014,10
E01033725,Hillingdon,Violence Against the Person,Common Assault,3,2011,10
E01002592,Hounslow,Theft and Handling,Theft From Motor Vehicle,2,2014,9
E01003742,Redbridge,Criminal Damage,Other Criminal Damage,0,2009,4
E01004517,Wandsworth,Violence Against the Person,Common Assault,2,2014,8
E01004690,Westminster,Other Notifiable Offences,Other Notifiable,0,2009,10
E01033324,Lewisham,Criminal Damage,Other Criminal Damage,1,2011,10
E01003098,Lambeth,Criminal Damage,Criminal Damage To Other Building,0,2009,6
E01001370,Ealing,Theft and Handling,Motor Vehicle Interference & Tampering,0,2010,11
E01004436,Waltham Forest,Criminal Damage,Criminal Damage To Other Building,0,2015,10
E01001249,Ealing,Violence Against the Person,Common Assault,2,2008,7
E01004267,Tower Hamlets,Burglary,Burglary in Other Buildings,0,2010,3
E01004749,Westminster,Criminal Damage,Other Criminal Damage,0,2011,11
E01004469,Waltham Forest,Violence Against the Person,Other violence,0,2008,4
E01002948,Kingston upon Thames,Theft and Handling,Handling Stolen Goods,0,2014,1
E01000010,Barking and Dagenham,Drugs,Other Drugs,0,2009,11
E01001960,Hammersmith and Fulham,Theft and Handling,Handling Stolen Goods,0,2015,9
E01004472,Wandsworth,Other Notifiable Offences,Going Equipped,0,2011,2
E01003347,Lewisham,Criminal Damage,Criminal Damage To Dwelling,1,2008,9
E01002727,Islington,Criminal Damage,Criminal Damage To Dwelling,0,2010,2
E01004317,Tower Hamlets,Theft and Handling,Handling Stolen Goods,1,2008,5
E01000353,Bexley,Burglary,Burglary in Other Buildings,0,2013,7
E01000355,Bexley,Theft and Handling,Theft From Motor Vehicle,0,2013,2
E01000218,Barnet,Other Notifiable Offences,Other Notifiable,0,2012,1
E01003736,Redbridge,Theft and Handling,Other Theft,0,2008,8
E01002937,Kingston upon Thames,Theft and Handling,Theft/Taking Of Motor Vehicle,0,2009,1
E01001161,Croydon,Theft and Handling,Theft/Taking Of Motor Vehicle,0,2009,7
E01002665,Hounslow,Fraud or Forgery,Other Fraud & Forgery,0,2016,6
E01003637,Newham,Criminal Damage,Criminal Damage To Other Building,0,2012,11
E01004600,Wandsworth,Criminal Damage,Criminal Damage To Other Building,0,2015,10
E01001493,Enfield,Violence Against the Person,Offensive Weapon,0,2011,2
E01032785,Tower Hamlets,Violence Against the Person,Common Assault,0,2014,8
E01001307,Ealing,Theft and Handling,Other Theft,0,2010,7
E01003752,Redbridge,Burglary,Burglary in Other Buildings,1,2014,5
E01003141,Lambeth,Robbery,Personal Property,0,2014,1
E01003908,Richmond upon Thames,Criminal Damage,Criminal Damage To Other Building,0,2014,6
E01000467,Bexley,Theft and Handling,Motor Vehicle Interference & Tampering,0,2008,12
E01001309,Ealing,Drugs,Drug Trafficking,0,2010,8
E01000662,Bromley,Theft and Handling,Motor Vehicle Interference & Tampering,0,2011,3
E01000510,Brent,Theft and Handling,Theft From Motor Vehicle,0,2015,3
E01002339,Havering,Theft and Handling,Theft/Taking of Pedal Cycle,0,2010,4
E01000938,Camden,Theft and Handling,Theft/Taking Of Motor Vehicle,1,2008,8
E01000838,Bromley,Burglary,Burglary in a Dwelling,0,2012,4
E01033086,Haringey,Criminal Damage,Criminal Damage To Motor Vehicle,0,2011,6
E01001434,Enfield,Violence Against the Person,Wounding/GBH,0,2014,5
E01033148,Enfield,Criminal Damage,Criminal Damage To Dwelling,0,2011,4
E01004115,Sutton,Theft and Handling,Handling Stolen Goods,0,2016,8
E01032582,Lambeth,Theft and Handling,Theft From Shops,4,2012,11
E01000863,Camden,Fraud or Forgery,Counted per Victim,0,2010,1
E01002209,Harrow,Violence Against the Person,Harassment,1,2011,2
E01000933,Camden,Theft and Handling,Other Theft Person,1,2015,4
E01001891,Hammersmith and Fulham,Violence Against the Person,Common Assault,0,2009,12
E01003216,Lewisham,Violence Against the Person,Assault with Injury,1,2013,10
E01032567,Greenwich,Criminal Damage,Criminal Damage To Dwelling,0,2016,2
E01000937,Camden,Drugs,Drug Trafficking,0,2013,2
E01002075,Haringey,Criminal Damage,Other Criminal Damage,0,2013,4
E01004003,Southwark,Theft and Handling,Theft/Taking of Pedal Cycle,1,2012,6
E01002765,Islington,Violence Against the Person,Wounding/GBH,0,2011,7
E01000922,Camden,Burglary,Burglary in a Dwelling,1,2014,2
E01002545,Hillingdon,Theft and Handling,Other Theft Person,0,2016,12
E01004100,Sutton,Violence Against the Person,Other violence,0,2016,5
E01001345,Ealing,Criminal Damage,Criminal Damage To Dwelling,0,2010,9
E01001823,Hackney,Drugs,Drug Trafficking,0,2015,11
E01003221,Lewisham,Theft and Handling,Theft From Shops,0,2015,10
E01003246,Lewisham,Theft and Handling,Theft/Taking Of Motor Vehicle,3,2015,7
E01000466,Bexley,Violence Against the Person,Common Assault,1,2009,7
E01001610,Greenwich,Criminal Damage,Criminal Damage To Dwelling,0,2016,10
E01002430,Hillingdon,Theft and Handling,Theft/Taking of Pedal Cycle,0,2008,9
E01001143,Croydon,Theft and Handling,Theft/Taking Of Motor Vehicle,0,2009,11
E01004666,Westminster,Theft and Handling,Motor Vehicle Interference & Tampering,0,2012,12
E01003924,Southwark,Theft and Handling,Other Theft,2,2015,1
E01003515,Newham,Sexual Offences,Rape,0,2016,8
E01001380,Ealing,Theft and Handling,Other Theft Person,0,2013,7
E01000228,Barnet,Criminal Damage,Criminal Damage To Other Building,0,2016,9
E01004001,Southwark,Criminal Damage,Criminal Damage To Other Building,0,2009,5
E01003948,Southwark,Robbery,Personal Property,0,2016,2
E01003418,Merton,Drugs,Possession Of Drugs,0,2015,11
E01001674,Greenwich,Violence Against the Person,Other violence,0,2008,9
E01001694,Greenwich,Drugs,Possession Of Drugs,0,2014,10
E01002710,Islington,Theft and Handling,Handling Stolen Goods,0,2012,3
E01003997,Southwark,Violence Against the Person,Common Assault,1,2010,6
E01002378,Havering,Theft and Handling,Other Theft,1,2015,7
E01000601,Brent,Theft and Handling,Theft/Taking of Pedal Cycle,0,2015,8
E01002335,Havering,Theft and Handling,Motor Vehicle Interference & Tampering,0,2010,3
E01000929,Camden,Theft and Handling,Theft/Taking Of Motor Vehicle,0,2015,9
E01001555,Enfield,Theft and Handling,Theft/Taking of Pedal Cycle,0,2009,10
E01003330,Lewisham,Criminal Damage,Criminal Damage To Motor Vehicle,0,2008,12
E01002619,Hounslow,Theft and Handling,Theft/Taking Of Motor Vehicle,0,2013,10
E01002157,Harrow,Theft and Handling,Handling Stolen Goods,0,2011,6
E01003720,Redbridge,Violence Against the Person,Other violence,0,2014,10
E01002422,Hillingdon,Theft and Handling,Motor Vehicle Interference & Tampering,0,2016,10
E01001243,Ealing,Fraud or Forgery,Other Fraud & Forgery,0,2015,11
E01000893,Camden,Theft and Handling,Theft/Taking of Pedal Cycle,2,2012,5
E01003145,Lambeth,Violence Against the Person,Other violence,0,2008,5
E01002882,Kensington and Chelsea,Sexual Offences,Other Sexual,0,2009,12
E01000224,Barnet,Criminal Damage,Other Criminal Damage,0,2011,3
E01003448,Merton,Violence Against the Person,Wounding/GBH,0,2010,2
E01002040,Haringey,Robbery,Business Property,0,2012,12
E01003586,Newham,Criminal Damage,Criminal Damage To Motor Vehicle,0,2015,12
E01001088,Croydon,Burglary,Burglary in a Dwelling,2,2013,3
E01001354,Ealing,Other Notifiable Offences,Other Notifiable,0,2012,9
E01002593,Hounslow,Drugs,Possession Of Drugs,0,2015,4
E01003110,Lambeth,Theft and Handling,Other Theft,0,2008,11
E01000247,Barnet,Theft and Handling,Theft/Taking of Pedal Cycle,0,2012,1
E01000769,Bromley,Criminal Damage,Criminal Damage To Dwelling,0,2014,3
E01001512,Enfield,Theft and Handling,Theft/Taking Of Motor Vehicle,0,2015,10
E01001379,Ealing,Criminal Damage,Criminal Damage To Dwelling,0,2013,10
E01003416,Merton,Burglary,Burglary in Other Buildings,1,2010,3
E01002410,Hillingdon,Theft and Handling,Handling Stolen Goods,0,2015,12
E01002790,Islington,Drugs,Other Drugs,0,2010,6
E01002994,Kingston upon Thames,Violence Against the Person,Common Assault,0,2010,2
E01001563,Enfield,Drugs,Possession Of Drugs,1,2011,6
E01001175,Croydon,Theft and Handling,Other Theft Person,1,2010,5
E01000142,Barnet,Burglary,Burglary in Other Buildings,1,2013,12
E01004014,Southwark,Criminal Damage,Criminal Damage To Other Building,0,2016,5
E01000726,Bromley,Theft and Handling,Motor Vehicle Interference & Tampering,0,2010,10
E01003581,Newham,Criminal Damage,Criminal Damage To Dwelling,0,2009,5
E01002199,Harrow,Criminal Damage,Criminal Damage To Other Building,0,2012,1
E01002807,Islington,Violence Against the Person,Other violence,0,2008,12
E01003390,Merton,Drugs,Drug Trafficking,0,2016,4
E01002410,Hillingdon,Violence Against the Person,Assault with Injury,0,2015,10
E01003307,Lewisham,Violence Against the Person,Other violence,0,2008,5
E01003723,Redbridge,Theft and Handling,Motor Vehicle Interference & Tampering,1,2016,7
E01001841,Hackney,Drugs,Drug Trafficking,0,2015,12
E01004555,Wandsworth,Violence Against the Person,Other violence,0,2014,2
E01004018,Southwark,Theft and Handling,Theft/Taking Of Motor Vehicle,1,2010,5
E01004548,Wandsworth,Theft and Handling,Theft From Motor Vehicle,2,2008,8
E01003278,Lewisham,Violence Against the Person,Assault with Injury,1,2011,12
E01004695,Westminster,Burglary,Burglary in Other Buildings,2,2016,6
E01001957,Hammersmith and Fulham,Theft and Handling,Other Theft,2,2011,9
E01003188,Lambeth,Drugs,Other Drugs,0,2013,7
E01001840,Hackney,Criminal Damage,Criminal Damage To Other Building,0,2014,8
E01004274,Tower Hamlets,Criminal Damage,Criminal Damage To Other Building,0,2014,12
E01033724,Hillingdon,Other Notifiable Offences,Other Notifiable,0,2008,12
E01004114,Sutton,Violence Against the Person,Harassment,0,2016,3
E01000259,Barnet,Theft and Handling,Theft From Shops,0,2014,11
E01004465,Waltham Forest,Violence Against the Person,Harassment,0,2009,9
E01000093,Barking and Dagenham,Sexual Offences,Rape,0,2009,10
E01002462,Hillingdon,Violence Against the Person,Wounding/GBH,0,2013,11
E01003899,Richmond upon Thames,Violence Against the Person,Assault with Injury,1,2012,8
E01000202,Barnet,Violence Against the Person,Common Assault,0,2012,2
E01004391,Waltham Forest,Criminal Damage,Criminal Damage To Other Building,0,2012,3
E01000858,Camden,Burglary,Burglary in Other Buildings,0,2008,5
E01001120,Croydon,Violence Against the Person,Common Assault,0,2011,7
E01001747,Hackney,Violence Against the Person,Common Assault,4,2014,6
E01003241,Lewisham,Theft and Handling,Handling Stolen Goods,0,2012,3
E01003014,Lambeth,Burglary,Burglary in Other Buildings,1,2013,12
E01000977,Croydon,Criminal Damage,Criminal Damage To Motor Vehicle,0,2010,9
E01000954,Camden,Theft and Handling,Theft/Taking of Pedal Cycle,1,2012,11
E01000309,Barnet,Burglary,Burglary in a Dwelling,1,2010,6
E01002862,Kensington and Chelsea,Violence Against the Person,Other violence,0,2013,1
E01004234,Tower Hamlets,Criminal Damage,Other Criminal Damage,1,2014,4
E01001840,Hackney,Theft and Handling,Other Theft Person,1,2009,4
E01001093,Croydon,Violence Against the Person,Other violence,0,2011,6
E01000362,Bexley,Criminal Damage,Criminal Damage To Other Building,0,2010,6
E01001589,Greenwich,Criminal Damage,Criminal Damage To Motor Vehicle,1,2011,2
E01002431,Hillingdon,Theft and Handling,Other Theft,0,2008,3
E01002172,Harrow,Theft and Handling,Theft/Taking of Pedal Cycle,0,2012,4
E01002676,Hounslow,Criminal Damage,Criminal Damage To Motor Vehicle,1,2016,7
E01001512,Enfield,Violence Against the Person,Other violence,0,2015,3
E01003905,Richmond upon Thames,Violence Against the Person,Harassment,1,2016,5
E01032623,Sutton,Violence Against the Person,Wounding/GBH,0,2010,12
E01003217,Lewisham,Theft and Handling,Other Theft Person,0,2015,11
E01000359,Bexley,Theft and Handling,Theft/Taking of Pedal Cycle,0,2013,12
E01001356,Ealing,Burglary,Burglary in Other Buildings,0,2010,8
E01000568,Brent,Criminal Damage,Criminal Damage To Other Building,0,2012,2
E01003064,Lambeth,Violence Against the Person,Other violence,0,2012,8
E01002350,Havering,Robbery,Personal Property,2,2012,5
E01002355,Havering,Theft and Handling,Theft From Motor Vehicle,0,2014,7
E01001760,Hackney,Theft and Handling,Motor Vehicle Interference & Tampering,0,2008,9
E01004252,Tower Hamlets,Other Notifiable Offences,Other Notifiable,0,2015,1
E01000961,Camden,Theft and Handling,Theft/Taking of Pedal Cycle,0,2011,4
E01003187,Lambeth,Theft and Handling,Other Theft,0,2014,7
E01001896,Hammersmith and Fulham,Robbery,Personal Property,0,2016,4
E01002483,Hillingdon,Theft and Handling,Motor Vehicle Interference & Tampering,2,2015,12
E01004006,Southwark,Other Notifiable Offences,Going Equipped,0,2014,6
E01004382,Waltham Forest,Sexual Offences,Other Sexual,0,2012,4
E01004029,Southwark,Violence Against the Person,Assault with Injury,0,2010,12
E01002537,Hillingdon,Criminal Damage,Other Criminal Damage,1,2014,8
E01003112,Lambeth,Theft and Handling,Handling Stolen Goods,0,2010,3
E01004594,Wandsworth,Criminal Damage,Criminal Damage To Dwelling,0,2015,4
E01000666,Bromley,Violence Against the Person,Offensive Weapon,0,2011,4
E01032582,Lambeth,Criminal Damage,Criminal Damage To Other Building,0,2011,1
E01002017,Haringey,Violence Against the Person,Harassment,0,2009,12
E01004172,Sutton,Theft and Handling,Theft From Shops,0,2014,9
E01001913,Hammersmith and Fulham,Drugs,Drug Trafficking,0,2008,2
E01003818,Richmond upon Thames,Criminal Damage,Other Criminal Damage,0,2008,9
E01000059,Barking and Dagenham,Violence Against the Person,Harassment,0,2010,3
E01001147,Croydon,Criminal Damage,Criminal Damage To Other Building,0,2011,11
E01000501,Brent,Theft and Handling,Theft/Taking Of Motor Vehicle,0,2010,5
E01033608,Westminster,Criminal Damage,Criminal Damage To Dwelling,1,2013,10
E01001758,Hackney,Burglary,Burglary in a Dwelling,1,2016,2
E01002884,Kensington and Chelsea,Theft and Handling,Theft/Taking Of Motor Vehicle,1,2016,3
E01003144,Lambeth,Other Notifiable Offences,Other Notifiable,0,2015,6
E01003705,Redbridge,Violence Against the Person,Wounding/GBH,0,2014,9
E01000489,Brent,Theft and Handling,Theft From Motor Vehicle,3,2015,10
E01003593,Newham,Theft and Handling,Motor Vehicle Interference & Tampering,0,2011,11
E01001502,Enfield,Robbery,Personal Property,0,2016,1
E01002600,Hounslow,Criminal Damage,Other Criminal Damage,0,2014,1
E01000312,Barnet,Theft and Handling,Theft/Taking of Pedal Cycle,0,2014,5
E01004384,Waltham Forest,Other Notifiable Offences,Other Notifiable,0,2010,6
E01002755,Islington,Burglary,Burglary in Other Buildings,2,2016,1
E01001828,Hackney,Violence Against the Person,Assault with Injury,1,2008,7
E01000915,Camden,Criminal Damage,Other Criminal Damage,0,2012,12
E01001646,Greenwich,Violence Against the Person,Assault with Injury,2,2015,2
E01003390,Merton,Violence Against the Person,Murder,0,2016,1
E01002394,Hillingdon,Violence Against the Person,Offensive Weapon,0,2015,12
E01004584,Wandsworth,Burglary,Burglary in a Dwelling,0,2016,10
E01004175,Sutton,Theft and Handling,Theft/Taking of Pedal Cycle,0,2010,11
E01004558,Wandsworth,Criminal Damage,Criminal Damage To Dwelling,0,2015,1
E01004326,Tower Hamlets,Theft and Handling,Theft/Taking Of Motor Vehicle,0,2015,4
E01002308,Havering,Theft and Handling,Theft From Shops,0,2015,3
E01002153,Harrow,Violence Against the Person,Other violence,0,2013,7
E01002242,Harrow,Violence Against the Person,Wounding/GBH,0,2013,10
E01001820,Hackney,Burglary,Burglary in Other Buildings,2,2008,6
E01000364,Bexley,Violence Against the Person,Other violence,0,2012,11
E01000463,Bexley,Drugs,Drug Trafficking,0,2016,4
E01002258,Havering,Drugs,Drug Trafficking,0,2016,8
E01004336,Waltham Forest,Violence Against the Person,Common Assault,0,2009,7
E01004284,Tower Hamlets,Criminal Damage,Criminal Damage To Motor Vehicle,0,2010,12
E01003772,Redbridge,Violence Against the Person,Assault with Injury,1,2008,3
E01000559,Brent,Theft and Handling,Motor Vehicle Interference & Tampering,0,2009,7
E01001241,Ealing,Robbery,Business Property,0,2015,12
E01001795,Hackney,Robbery,Personal Property,0,2016,3
E01004303,Tower Hamlets,Violence Against the Person,Common Assault,0,2008,9
E01003517,Newham,Burglary,Burglary in Other Buildings,0,2014,5
E01003837,Richmond upon Thames,Criminal Damage,Criminal Damage To Motor Vehicle,0,2010,12
E01004015,Southwark,Criminal Damage,Other Criminal Damage,0,2011,11
E01004303,Tower Hamlets,Theft and Handling,Theft From Shops,0,2009,1
E01004501,Wandsworth,Violence Against the Person,Offensive Weapon,0,2016,4
E01004545,Wandsworth,Theft and Handling,Theft/Taking of Pedal Cycle,3,2012,10
E01001593,Greenwich,Theft and Handling,Theft/Taking of Pedal Cycle,0,2015,1
E01004365,Waltham Forest,Violence Against the Person,Murder,0,2015,9
E01001738,Hackney,Violence Against the Person,Common Assault,1,2013,12
E01004171,Sutton,Theft and Handling,Theft/Taking Of Motor Vehicle,0,2016,11
E01001852,Hammersmith and Fulham,Theft and Handling,Motor Vehicle Interference & Tampering,0,2016,12
E01004313,Tower Hamlets,Violence Against the Person,Assault with Injury,1,2009,10
E01002716,Islington,Drugs,Drug Trafficking,0,2011,7
E01004193,Sutton,Other Notifiable Offences,Other Notifiable,0,2010,5
E01000792,Bromley,Drugs,Possession Of Drugs,0,2013,11
E01001279,Ealing,Burglary,Burglary in Other Buildings,0,2008,12
E01000351,Bexley,Theft and Handling,Other Theft,0,2008,2
E01032582,Lambeth,Drugs,Drug Trafficking,0,2009,1
E01004360,Waltham Forest,Theft and Handling,Handling Stolen Goods,0,2010,1
E01004164,Sutton,Violence Against the Person,Assault with Injury,0,2016,5
E01001268,Ealing,Violence Against the Person,Other violence,0,2014,10
E01002759,Islington,Theft and Handling,Theft From Motor Vehicle,0,2015,12
E01000039,Barking and Dagenham,Burglary,Burglary in Other Buildings,0,2013,7
E01002598,Hounslow,Theft and Handling,Motor Vehicle Interference & Tampering,0,2010,3
E01003419,Merton,Criminal Damage,Criminal Damage To Dwelling,0,2016,11
E01003044,Lambeth,Theft and Handling,Other Theft Person,0,2012,10
E01002507,Hillingdon,Other Notifiable Offences,Going Equipped,0,2012,10
E01004001,Southwark,Theft and Handling,Handling Stolen Goods,0,2011,11
E01000521,Brent,Violence Against the Person,Common Assault,2,2013,10
E01003178,Lambeth,Burglary,Burglary in a Dwelling,0,2014,8
E01001540,Enfield,Theft and Handling,Other Theft,0,2010,12
E01000406,Bexley,Burglary,Burglary in Other Buildings,0,2009,5
E01000377,Bexley,Drugs,Drug Trafficking,0,2015,6
E01002359,Havering,Violence Against the Person,Harassment,0,2015,12
E01000839,Bromley,Other Notifiable Offences,Other Notifiable,0,2016,11
E01002995,Kingston upon Thames,Burglary,Burglary in Other Buildings,0,2009,3
E01000675,Bromley,Violence Against the Person,Wounding/GBH,2,2016,8
E01000788,Bromley,Robbery,Business Property,0,2016,11
E01000751,Bromley,Theft and Handling,Other Theft Person,0,2012,10
E01001921,Hammersmith and Fulham,Drugs,Possession Of Drugs,0,2010,2
E01002055,Haringey,Other Notifiable Offences,Other Notifiable,0,2015,4
E01002760,Islington,Drugs,Other Drugs,0,2012,9
E01003150,Lambeth,Violence Against the Person,Common Assault,5,2015,7
E01000192,Barnet,Fraud or Forgery,Other Fraud & Forgery,0,2015,1
E01002987,Kingston upon Thames,Burglary,Burglary in a Dwelling,1,2014,11
E01002188,Harrow,Violence Against the Person,Common Assault,1,2010,4
E01002725,Islington,Theft and Handling,Other Theft,0,2008,10
E01000308,Barnet,Robbery,Business Property,0,2010,5
E01000117,Barnet,Theft and Handling,Theft From Motor Vehicle,3,2010,7
E01003793,Redbridge,Criminal Damage,Other Criminal Damage,0,2014,6
E01000318,Barnet,Theft and Handling,Other Theft Person,0,2010,11
E01003582,Newham,Other Notifiable Offences,Other Notifiable,0,2016,11
E01001918,Hammersmith and Fulham,Violence Against the Person,Other violence,1,2016,8
E01004156,Sutton,Drugs,Possession Of Drugs,5,2013,12
E01003419,Merton,Criminal Damage,Criminal Damage To Other Building,0,2009,11
E01001211,Ealing,Criminal Damage,Criminal Damage To Motor Vehicle,1,2011,12
E01004654,Westminster,Theft and Handling,Handling Stolen Goods,0,2013,6
E01004462,Waltham Forest,Criminal Damage,Other Criminal Damage,0,2008,4
E01001847,Hackney,Burglary,Burglary in a Dwelling,1,2011,1
E01004448,Waltham Forest,Fraud or Forgery,Counted per Victim,0,2010,10
E01003314,Lewisham,Violence Against the Person,Assault with Injury,0,2015,7
E01033464,Brent,Theft and Handling,Other Theft,0,2012,11
E01002424,Hillingdon,Burglary,Burglary in a Dwelling,0,2013,8
E01003337,Lewisham,Other Notifiable Offences,Other Notifiable,0,2014,7
E01000471,Brent,Criminal Damage,Other Criminal Damage,0,2013,8
E01004686,Westminster,Violence Against the Person,Murder,1,2009,3
E01001864,Hammersmith and Fulham,Violence Against the Person,Common Assault,0,2014,1
E01004726,Westminster,Robbery,Personal Property,0,2010,8
E01000753,Bromley,Violence Against the Person,Offensive Weapon,0,2009,12
E01001349,Ealing,Violence Against the Person,Assault with Injury,0,2012,9
E01033597,Westminster,Theft and Handling,Theft From Motor Vehicle,0,2014,11
E01004436,Waltham Forest,Theft and Handling,Theft From Shops,1,2011,6
E01004722,Westminster,Robbery,Personal Property,1,2008,3
E01002667,Hounslow,Theft and Handling,Theft/Taking of Pedal Cycle,2,2015,5
E01003626,Newham,Violence Against the Person,Assault with Injury,0,2014,12
E01002242,Harrow,Burglary,Burglary in a Dwelling,1,2013,10
E01004053,Southwark,Violence Against the Person,Harassment,0,2011,8
E01000825,Bromley,Theft and Handling,Theft/Taking of Pedal Cycle,0,2015,3
E01000103,Barking and Dagenham,Theft and Handling,Motor Vehicle Interference & Tampering,0,2012,3
E01002768,Islington,Criminal Damage,Criminal Damage To Dwelling,0,2008,4
E01004109,Sutton,Theft and Handling,Theft From Motor Vehicle,1,2010,7
E01003885,Richmond upon Thames,Violence Against the Person,Common Assault,0,2009,3
E01003176,Lambeth,Drugs,Possession Of Drugs,7,2008,3
E01004063,Southwark,Robbery,Business Property,0,2013,3
E01002617,Hounslow,Violence Against the Person,Assault with Injury,0,2016,7
E01002979,Kingston upon Thames,Criminal Damage,Criminal Damage To Dwelling,0,2013,7
E01000599,Brent,Theft and Handling,Theft From Motor Vehicle,1,2014,1
E01002194,Harrow,Burglary,Burglary in Other Buildings,0,2009,9
E01001729,Hackney,Robbery,Business Property,0,2008,12
E01001606,Greenwich,Violence Against the Person,Harassment,0,2011,7
E01000448,Bexley,Theft and Handling,Other Theft Person,0,2011,7
E01003000,Kingston upon Thames,Drugs,Drug Trafficking,0,2008,5
E01033709,Hackney,Drugs,Possession Of Drugs,0,2014,12
E01000404,Bexley,Theft and Handling,Motor Vehicle Interference & Tampering,0,2014,10
E01000437,Bexley,Burglary,Burglary in a Dwelling,1,2008,12
E01004060,Southwark,Fraud or Forgery,Other Fraud & Forgery,0,2013,5
E01001221,Ealing,Burglary,Burglary in Other Buildings,5,2016,12
E01000427,Bexley,Theft and Handling,Other Theft,0,2009,12
E01000030,Barking and Dagenham,Violence Against the Person,Common Assault,1,2008,4
E01003500,Newham,Drugs,Possession Of Drugs,0,2015,1
E01004173,Sutton,Theft and Handling,Motor Vehicle Interference & Tampering,0,2012,1
E01000841,Bromley,Robbery,Personal Property,0,2008,4
E01000709,Bromley,Robbery,Personal Property,0,2010,7
E01003626,Newham,Other Notifiable Offences,Other Notifiable,1,2008,5
E01000918,Camden,Theft and Handling,Handling Stolen Goods,1,2008,4
E01004010,Southwark,Robbery,Personal Property,8,2012,5
E01004298,Tower Hamlets,Theft and Handling,Theft/Taking of Pedal Cycle,0,2012,5
E01001530,Enfield,Violence Against the Person,Offensive Weapon,0,2010,8
E01000350,Bexley,Robbery,Personal Property,0,2013,2
E01002859,Kensington and Chelsea,Drugs,Drug Trafficking,0,2015,6
E01004121,Sutton,Robbery,Personal Property,0,2011,5
E01001242,Ealing,Robbery,Personal Property,1,2009,9
E01003758,Redbridge,Theft and Handling,Other Theft,2,2015,4
E01000493,Brent,Violence Against the Person,Common Assault,0,2013,8
E01001037,Croydon,Drugs,Possession Of Drugs,0,2010,11
E01001305,Ealing,Theft and Handling,Other Theft Person,0,2016,11
E01004509,Wandsworth,Drugs,Other Drugs,0,2015,4
E01001667,Greenwich,Criminal Damage,Other Criminal Damage,1,2012,6
E01002770,Islington,Other Notifiable Offences,Going Equipped,0,2016,2
E01001455,Enfield,Robbery,Personal Property,0,2016,1
E01004338,Waltham Forest,Drugs,Drug Trafficking,0,2013,2
E01000250,Barnet,Violence Against the Person,Wounding/GBH,0,2009,12
E01004023,Southwark,Theft and Handling,Motor Vehicle Interference & Tampering,0,2014,12
E01001365,Ealing,Violence Against the Person,Wounding/GBH,1,2009,12
E01004535,Wandsworth,Theft and Handling,Other Theft,0,2016,4
E01003979,Southwark,Burglary,Burglary in a Dwelling,1,2016,11
E01002853,Kensington and Chelsea,Burglary,Burglary in Other Buildings,0,2009,2
E01001645,Greenwich,Criminal Damage,Criminal Damage To Other Building,0,2008,5
E01033592,Redbridge,Violence Against the Person,Other violence,1,2012,3
E01001058,Croydon,Criminal Damage,Criminal Damage To Other Building,0,2008,12
E01001923,Hammersmith and Fulham,Violence Against the Person,Common Assault,0,2009,4
E01001396,Enfield,Other Notifiable Offences,Other Notifiable,0,2010,8
E01000338,Bexley,Theft and Handling,Other Theft,1,2015,8
E01001512,Enfield,Violence Against the Person,Assault with Injury,1,2011,3
E01001763,Hackney,Drugs,Drug Trafficking,1,2009,12
E01003040,Lambeth,Burglary,Burglary in Other Buildings,0,2011,8
E01002977,Kingston upon Thames,Drugs,Drug Trafficking,0,2015,2
E01000050,Barking and Dagenham,Violence Against the Person,Other violence,0,2011,8
E01001614,Greenwich,Theft and Handling,Handling Stolen Goods,0,2015,7
E01004112,Sutton,Criminal Damage,Criminal Damage To Dwelling,0,2011,9
E01003076,Lambeth,Burglary,Burglary in Other Buildings,4,2013,4
E01004612,Wandsworth,Theft and Handling,Theft From Shops,1,2011,10
E01002776,Islington,Violence Against the Person,Other violence,0,2008,10
E01000193,Barnet,Criminal Damage,Criminal Damage To Dwelling,0,2009,3
E01032568,Bromley,Theft and Handling,Motor Vehicle Interference & Tampering,0,2010,8
E01000086,Barking and Dagenham,Violence Against the Person,Other violence,0,2016,3
E01001791,Hackney,Violence Against the Person,Other violence,0,2010,4
E01004021,Southwark,Violence Against the Person,Other violence,0,2014,7
E01000381,Bexley,Violence Against the Person,Offensive Weapon,0,2013,3
E01001568,Enfield,Drugs,Possession Of Drugs,0,2012,2
E01002696,Islington,Theft and Handling,Other Theft,15,2010,11
E01003127,Lambeth,Violence Against the Person,Other violence,0,2011,7
E01003550,Newham,Theft and Handling,Theft From Shops,0,2010,8
E01003748,Redbridge,Other Notifiable Offences,Going Equipped,0,2015,5
E01003776,Redbridge,Violence Against the Person,Common Assault,0,2013,11
E01003297,Lewisham,Theft and Handling,Other Theft,5,2013,8
E01004762,Westminster,Violence Against the Person,Harassment,4,2009,11
E01003595,Newham,Violence Against the Person,Common Assault,0,2010,2
E01002641,Hounslow,Theft and Handling,Other Theft,4,2008,4
E01002537,Hillingdon,Theft and Handling,Theft/Taking Of Motor Vehicle,1,2015,1
E01001576,Greenwich,Theft and Handling,Theft/Taking Of Motor Vehicle,0,2016,11
E01003247,Lewisham,Violence Against the Person,Wounding/GBH,0,2008,3
E01001479,Enfield,Violence Against the Person,Wounding/GBH,1,2012,5
E01002497,Hillingdon,Robbery,Personal Property,0,2015,1
E01001021,Croydon,Criminal Damage,Criminal Damage To Other Building,0,2013,5
E01002868,Kensington and Chelsea,Violence Against the Person,Assault with Injury,0,2010,2
E01004577,Wandsworth,Violence Against the Person,Other violence,1,2014,12
E01033731,Greenwich,Theft and Handling,Other Theft Person,0,2009,4
E01002268,Havering,Drugs,Possession Of Drugs,0,2015,8
E01003798,Richmond upon Thames,Violence Against the Person,Wounding/GBH,0,2016,5
E01003711,Redbridge,Burglary,Burglary in Other Buildings,0,2015,2
E01000601,Brent,Violence Against the Person,Wounding/GBH,0,2010,12
E01003530,Newham,Theft and Handling,Other Theft,1,2014,7
E01003138,Lambeth,Drugs,Possession Of Drugs,0,2008,10
E01033699,Hackney,Drugs,Possession Of Drugs,0,2008,10
E01004492,Wandsworth,Violence Against the Person,Assault with Injury,0,2015,3
E01033724,Hillingdon,Violence Against the Person,Offensive Weapon,0,2009,7
E01004337,Waltham Forest,Theft and Handling,Theft From Shops,0,2011,11
E01004341,Waltham Forest,Other Notifiable Offences,Other Notifiable,0,2012,12
E01002303,Havering,Theft and Handling,Motor Vehicle Interference & Tampering,0,2014,1
E01000470,Bexley,Violence Against the Person,Other violence,0,2013,11
E01004064,Southwark,Fraud or Forgery,Other Fraud & Forgery,0,2011,5
E01003329,Lewisham,Violence Against the Person,Common Assault,0,2012,3
E01003068,Lambeth,Theft and Handling,Other Theft Person,0,2009,9
E01000326,Bexley,Violence Against the Person,Assault with Injury,0,2013,1
E01002032,Haringey,Violence Against the Person,Harassment,0,2014,10
E01002720,Islington,Robbery,Business Property,0,2009,12
E01001074,Croydon,Robbery,Personal Property,0,2014,8
E01004355,Waltham Forest,Drugs,Possession Of Drugs,0,2008,8
E01002734,Islington,Theft and Handling,Other Theft,4,2008,6
E01001225,Ealing,Criminal Damage,Other Criminal Damage,2,2012,12
E01000235,Barnet,Burglary,Burglary in a Dwelling,2,2008,12
E01000415,Bexley,Other Notifiable Offences,Other Notifiable,0,2013,5
E01000307,Barnet,Robbery,Business Property,0,2014,4
E01000918,Camden,Theft and Handling,Theft From Shops,1,2012,6
E01003854,Richmond upon Thames,Burglary,Burglary in Other Buildings,2,2013,7
E01002912,Kensington and Chelsea,Burglary,Burglary in Other Buildings,0,2010,8
E01000752,Bromley,Theft and Handling,Theft/Taking Of Motor Vehicle,0,2016,3
E01001439,Enfield,Drugs,Other Drugs,0,2008,4
E01000515,Brent,Theft and Handling,Other Theft Person,0,2015,4
E01003519,Newham,Criminal Damage,Criminal Damage To Other Building,0,2016,7
E01004258,Tower Hamlets,Theft and Handling,Other Theft Person,0,2016,1
E01004088,Sutton,Violence Against the Person,Other violence,0,2009,2
E01032769,Tower Hamlets,Robbery,Personal Property,1,2016,6
E01003953,Southwark,Other Notifiable Offences,Other Notifiable,0,2008,3
E01002182,Harrow,Criminal Damage,Criminal Damage To Dwelling,0,2014,5
E01002862,Kensington and Chelsea,Violence Against the Person,Common Assault,2,2009,7
E01000522,Brent,Other Notifiable Offences,Other Notifiable,0,2008,3
E01002128,Harrow,Theft and Handling,Theft/Taking Of Motor Vehicle,0,2014,12
E01002509,Hillingdon,Criminal Damage,Other Criminal Damage,0,2012,4
E01003221,Lewisham,Theft and Handling,Motor Vehicle Interference & Tampering,0,2009,9
E01001294,Ealing,Other Notifiable Offences,Other Notifiable,0,2010,12
E01000457,Bexley,Theft and Handling,Theft From Motor Vehicle,1,2012,1
E01002696,Islington,Robbery,Personal Property,2,2010,3
E01004290,Tower Hamlets,Sexual Offences,Other Sexual,0,2014,2
E01001669,Greenwich,Violence Against the Person,Other violence,0,2011,12
E01002728,Islington,Other Notifiable Offences,Going Equipped,0,2010,9
E01004078,Sutton,Violence Against the Person,Assault with Injury,1,2013,4
E01002477,Hillingdon,Theft and Handling,Theft/Taking of Pedal Cycle,0,2008,3
E01032771,Tower Hamlets,Theft and Handling,Theft/Taking of Pedal Cycle,0,2012,11
E01033726,Greenwich,Burglary,Burglary in a Dwelling,1,2012,10
E01004348,Waltham Forest,Criminal Damage,Other Criminal Damage,2,2015,1
E01004069,Southwark,Theft and Handling,Theft/Taking Of Motor Vehicle,0,2016,5
E01001480,Enfield,Criminal Damage,Criminal Damage To Dwelling,0,2016,8
E01002815,Kensington and Chelsea,Violence Against the Person,Other violence,0,2014,2
E01001772,Hackney,Theft and Handling,Theft From Shops,0,2012,4
E01002430,Hillingdon,Violence Against the Person,Other violence,2,2010,7
E01032638,Southwark,Theft and Handling,Other Theft,0,2015,3
E01001557,Enfield,Violence Against the Person,Other violence,0,2016,12
E01001214,Ealing,Violence Against the Person,Assault with Injury,1,2013,11
E01003493,Newham,Theft and Handling,Theft From Shops,0,2011,3
E01004135,Sutton,Theft and Handling,Other Theft,1,2012,9
E01004720,Westminster,Theft and Handling,Handling Stolen Goods,0,2015,5
E01003194,Lewisham,Other Notifiable Offences,Other Notifiable,0,2011,5
E01001130,Croydon,Theft and Handling,Theft/Taking Of Motor Vehicle,1,2014,11
E01000011,Barking and Dagenham,Other Notifiable Offences,Going Equipped,0,2015,2
E01003932,Southwark,Theft and Handling,Handling Stolen Goods,0,2012,3
E01002342,Havering,Theft and Handling,Theft From Motor Vehicle,1,2016,10
E01002368,Havering,Criminal Damage,Criminal Damage To Motor Vehicle,0,2008,1
E01000114,Barking and Dagenham,Robbery,Business Property,0,2012,9
E01001118,Croydon,Robbery,Business Property,0,2013,5
E01001306,Ealing,Theft and Handling,Theft From Shops,0,2011,2
E01002901,Kensington and Chelsea,Other Notifiable Offences,Going Equipped,0,2013,7
E01004473,Wandsworth,Other Notifiable Offences,Going Equipped,0,2011,8
E01003846,Richmond upon Thames,Drugs,Possession Of Drugs,0,2011,6
E01001564,Enfield,Criminal Damage,Criminal Damage To Dwelling,0,2016,1
E01000786,Bromley,Burglary,Burglary in Other Buildings,1,2014,7
E01002027,Haringey,Theft and Handling,Theft/Taking Of Motor Vehicle,1,2008,3
E01003802,Richmond upon Thames,Sexual Offences,Other Sexual,0,2013,4
E01033081,Hounslow,Violence Against the Person,Offensive Weapon,0,2014,6
E01002254,Havering,Other Notifiable Offences,Going Equipped,0,2011,4
E01003994,Southwark,Drugs,Possession Of Drugs,4,2008,3
E01000128,Barnet,Criminal Damage,Criminal Damage To Other Building,0,2013,12
E01004533,Wandsworth,Theft and Handling,Theft/Taking of Pedal Cycle,0,2015,8
E01002121,Harrow,Theft and Handling,Motor Vehicle Interference & Tampering,0,2010,8
E01001314,Ealing,Violence Against the Person,Common Assault,0,2016,1
E01003991,Southwark,Theft and Handling,Theft From Motor Vehicle,3,2012,7
E01003846,Richmond upon Thames,Criminal Damage,Criminal Damage To Motor Vehicle,0,2010,7
E01002991,Kingston upon Thames,Criminal Damage,Other Criminal Damage,0,2013,10
E01002232,Harrow,Criminal Damage,Criminal Damage To Motor Vehicle,0,2016,8
E01001250,Ealing,Theft and Handling,Theft/Taking Of Motor Vehicle,0,2014,11
E01002994,Kingston upon Thames,Drugs,Drug Trafficking,0,2013,1
E01000675,Bromley,Burglary,Burglary in a Dwelling,0,2008,4
E01003410,Merton,Theft and Handling,Theft/Taking of Pedal Cycle,0,2010,12
E01001879,Hammersmith and Fulham,Theft and Handling,Theft/Taking Of Motor Vehicle,0,2012,9
E01033151,Enfield,Violence Against the Person,Assault with Injury,0,2011,7
E01002465,Hillingdon,Criminal Damage,Criminal Damage To Other Building,0,2010,8
E01000009,Barking and Dagenham,Criminal Damage,Criminal Damage To Other Building,0,2014,9
E01000106,Barking and Dagenham,Violence Against the Person,Assault with Injury,2,2008,9
E01002042,Haringey,Drugs,Possession Of Drugs,2,2016,5
E01000734,Bromley,Criminal Damage,Criminal Damage To Dwelling,3,2009,7
E01003068,Lambeth,Theft and Handling,Other Theft Person,1,2015,9
E01001016,Croydon,Criminal Damage,Criminal Damage To Dwelling,0,2009,11
E01001933,Hammersmith and Fulham,Theft and Handling,Theft/Taking Of Motor Vehicle,0,2011,8
E01001893,Hammersmith and Fulham,Theft and Handling,Theft From Motor Vehicle,2,2010,8
E01033730,Greenwich,Theft and Handling,Other Theft,12,2012,9
E01000275,Barnet,Other Notifiable Offences,Other Notifiable,0,2009,3
E01000613,Brent,Theft and Handling,Theft From Motor Vehicle,0,2016,10
E01004068,Southwark,Burglary,Burglary in a Dwelling,1,2011,2
E01000769,Bromley,Theft and Handling,Motor Vehicle Interference & Tampering,0,2012,11
E01002771,Islington,Robbery,Business Property,0,2011,4
E01002360,Havering,Violence Against the Person,Wounding/GBH,0,2009,12
E01001824,Hackney,Violence Against the Person,Assault with Injury,0,2009,6
E01001598,Greenwich,Criminal Damage,Criminal Damage To Other Building,0,2016,10
E01000375,Bexley,Violence Against the Person,Common Assault,0,2014,9
E01002122,Harrow,Burglary,Burglary in Other Buildings,0,2012,2
E01004185,Sutton,Robbery,Personal Property,4,2011,8
E01001374,Ealing,Criminal Damage,Criminal Damage To Motor Vehicle,0,2011,11
E01003701,Redbridge,Criminal Damage,Criminal Damage To Dwelling,0,2015,1
E01000352,Bexley,Theft and Handling,Motor Vehicle Interference & Tampering,0,2014,6
E01003099,Lambeth,Criminal Damage,Criminal Damage To Motor Vehicle,0,2016,2
E01000513,Brent,Burglary,Burglary in Other Buildings,0,2010,1
E01003611,Newham,Robbery,Business Property,0,2008,5
E01000380,Bexley,Robbery,Personal Property,0,2008,7
E01000056,Barking and Dagenham,Theft and Handling,Theft/Taking of Pedal Cycle,1,2013,7
E01001449,Enfield,Criminal Damage,Criminal Damage To Dwelling,0,2009,5
E01003137,Lambeth,Robbery,Business Property,0,2013,5
E01002944,Kingston upon Thames,Burglary,Burglary in Other Buildings,0,2012,9
E01001142,Croydon,Burglary,Burglary in Other Buildings,0,2014,10
E01003797,Richmond upon Thames,Burglary,Burglary in Other Buildings,0,2009,5
E01002888,Kensington and Chelsea,Violence Against the Person,Other violence,0,2009,2
E01001842,Hackney,Theft and Handling,Other Theft,1,2016,6
E01001744,Hackney,Robbery,Business Property,0,2014,8
E01004073,Southwark,Criminal Damage,Criminal Damage To Other Building,1,2012,1
E01000293,Barnet,Robbery,Personal Property,0,2014,1
E01033589,Redbridge,Criminal Damage,Criminal Damage To Motor Vehicle,1,2013,11
E01002514,Hillingdon,Violence Against the Person,Offensive Weapon,1,2015,1
E01000923,Camden,Theft and Handling,Other Theft,0,2014,8
E01001277,Ealing,Criminal Damage,Criminal Damage To Other Building,0,2012,12
E01000892,Camden,Drugs,Possession Of Drugs,1,2008,11
E01003453,Merton,Violence Against the Person,Other violence,0,2012,10
E01001130,Croydon,Theft and Handling,Theft From Motor Vehicle,0,2011,4
E01000347,Bexley,Other Notifiable Offences,Other Notifiable,0,2016,2
E01003384,Merton,Violence Against the Person,Common Assault,1,2016,5
E01002993,Kingston upon Thames,Violence Against the Person,Other violence,0,2011,5
E01002473,Hillingdon,Theft and Handling,Theft/Taking of Pedal Cycle,0,2009,1
E01003629,Newham,Drugs,Drug Trafficking,0,2010,5
E01003609,Newham,Theft and Handling,Theft/Taking of Pedal Cycle,0,2008,12
E01000835,Bromley,Theft and Handling,Motor Vehicle Interference & Tampering,0,2016,5
E01004318,Tower Hamlets,Violence Against the Person,Assault with Injury,0,2011,1
E01004434,Waltham Forest,Theft and Handling,Theft From Motor Vehicle,3,2011,11
E01000488,Brent,Burglary,Burglary in Other Buildings,0,2010,7
E01000138,Barnet,Violence Against the Person,Harassment,1,2011,6
E01001053,Croydon,Theft and Handling,Other Theft Person,0,2009,12
E01003277,Lewisham,Criminal Damage,Criminal Damage To Dwelling,1,2014,9
E01004055,Southwark,Theft and Handling,Theft/Taking Of Motor Vehicle,0,2012,9
E01003770,Redbridge,Theft and Handling,Theft/Taking of Pedal Cycle,0,2014,7
E01000731,Bromley,Violence Against the Person,Wounding/GBH,1,2015,3
E01003023,Lambeth,Drugs,Drug Trafficking,1,2015,1
E01033597,Westminster,Violence Against the Person,Wounding/GBH,0,2014,8
E01004346,Waltham Forest,Theft and Handling,Handling Stolen Goods,0,2008,9
E01001237,Ealing,Theft and Handling,Theft From Motor Vehicle,3,2011,2
E01002945,Kingston upon Thames,Criminal Damage,Criminal Damage To Dwelling,0,2016,9
E01001904,Hammersmith and Fulham,Other Notifiable Offences,Other Notifiable,0,2013,2
E01003110,Lambeth,Burglary,Burglary in a Dwelling,0,2010,7
E01001187,Croydon,Violence Against the Person,Assault with Injury,1,2014,5
E01003009,Kingston upon Thames,Theft and Handling,Other Theft Person,0,2013,8
E01002468,Hillingdon,Theft and Handling,Other Theft,0,2012,6
E01000118,Barnet,Robbery,Business Property,0,2009,11
E01003391,Merton,Drugs,Drug Trafficking,0,2012,12
E01000307,Barnet,Other Notifiable Offences,Other Notifiable,0,2014,3
E01003418,Merton,Drugs,Possession Of Drugs,0,2015,1
E01002353,Havering,Robbery,Personal Property,1,2015,2
E01004451,Waltham Forest,Violence Against the Person,Offensive Weapon,0,2013,11
E01001669,Greenwich,Robbery,Personal Property,2,2014,12
E01002305,Havering,Robbery,Personal Property,0,2015,6
E01000108,Barking and Dagenham,Theft and Handling,Motor Vehicle Interference & Tampering,0,2009,4
E01000132,Barnet,Robbery,Personal Property,0,2010,2
E01000490,Brent,Theft and Handling,Theft From Shops,0,2010,1
E01004211,Tower Hamlets,Burglary,Burglary in a Dwelling,2,2011,6
E01001366,Ealing,Robbery,Business Property,0,2008,11
E01002518,Hillingdon,Robbery,Personal Property,1,2008,11
E01000476,Brent,Criminal Damage,Criminal Damage To Motor Vehicle,0,2013,4
E01000923,Camden,Theft and Handling,Theft/Taking of Pedal Cycle,0,2014,5
E01000206,Barnet,Criminal Damage,Criminal Damage To Dwelling,0,2012,12
E01003011,Kingston upon Thames,Theft and Handling,Other Theft Person,0,2016,12
E01003043,Lambeth,Theft and Handling,Theft/Taking of Pedal Cycle,1,2014,5
E01002320,Havering,Robbery,Personal Property,0,2012,8
E01002842,Kensington and Chelsea,Robbery,Personal Property,0,2016,2
E01001850,Hackney,Robbery,Personal Property,0,2014,5
E01002471,Hillingdon,Criminal Damage,Criminal Damage To Dwelling,0,2011,8
E01002275,Havering,Theft and Handling,Other Theft,0,2010,9
E01033733,Greenwich,Criminal Damage,Criminal Damage To Dwelling,0,2008,5
E01001263,Ealing,Violence Against the Person,Assault with Injury,1,2015,7
E01001887,Hammersmith and Fulham,Violence Against the Person,Common Assault,1,2009,8
E01000645,Bromley,Criminal Damage,Criminal Damage To Dwelling,0,2009,3
E01001523,Enfield,Theft and Handling,Theft From Shops,0,2012,4
E01002854,Kensington and Chelsea,Burglary,Burglary in Other Buildings,0,2012,10
E01000303,Barnet,Burglary,Burglary in Other Buildings,0,2009,3
E01002225,Harrow,Drugs,Possession Of Drugs,0,2012,7
E01004084,Sutton,Violence Against the Person,Other violence,0,2011,4
E01000056,Barking and Dagenham,Violence Against the Person,Offensive Weapon,0,2011,3
E01004617,Wandsworth,Fraud or Forgery,Counted per Victim,0,2012,3
E01001221,Ealing,Criminal Damage,Other Criminal Damage,3,2016,9
E01004374,Waltham Forest,Theft and Handling,Theft/Taking of Pedal Cycle,0,2014,8
E01002515,Hillingdon,Fraud or Forgery,Other Fraud & Forgery,0,2009,3
E01004548,Wandsworth,Criminal Damage,Other Criminal Damage,0,2010,9
E01003419,Merton,Other Notifiable Offences,Other Notifiable,0,2016,12
E01001872,Hammersmith and Fulham,Violence Against the Person,Common Assault,1,2009,12
E01004212,Tower Hamlets,Theft and Handling,Other Theft,0,2012,8
E01004632,Wandsworth,Violence Against the Person,Assault with Injury,0,2010,10
E01001264,Ealing,Violence Against the Person,Assault with Injury,0,2013,10
E01000144,Barnet,Theft and Handling,Theft/Taking Of Motor Vehicle,0,2011,9
E01000770,Bromley,Criminal Damage,Criminal Damage To Other Building,0,2012,2
E01004569,Wandsworth,Theft and Handling,Theft From Shops,2,2012,9
E01002830,Kensington and Chelsea,Criminal Damage,Criminal Damage To Other Building,0,2010,5
E01002737,Islington,Theft and Handling,Theft/Taking of Pedal Cycle,0,2016,3
E01000737,Bromley,Violence Against the Person,Wounding/GBH,0,2013,6
E01002538,Hillingdon,Theft and Handling,Handling Stolen Goods,0,2008,12
E01000178,Barnet,Drugs,Drug Trafficking,0,2009,10
E01033608,Westminster,Burglary,Burglary in a Dwelling,7,2015,1
E01002906,Kensington and Chelsea,Violence Against the Person,Harassment,4,2015,3
E01004007,Southwark,Theft and Handling,Theft/Taking Of Motor Vehicle,0,2008,6
E01001448,Enfield,Burglary,Burglary in a Dwelling,2,2010,9
E01002306,Havering,Robbery,Business Property,0,2011,7
E01001170,Croydon,Theft and Handling,Handling Stolen Goods,0,2016,2
E01000886,Camden,Robbery,Business Property,0,2008,12
E01003725,Redbridge,Violence Against the Person,Other violence,0,2015,1
E01002845,Kensington and Chelsea,Violence Against the Person,Other violence,0,2009,5
E01000866,Camden,Criminal Damage,Other Criminal Damage,0,2013,7
E01003271,Lewisham,Other Notifiable Offences,Other Notifiable,0,2013,5
E01002417,Hillingdon,Theft and Handling,Theft/Taking Of Motor Vehicle,0,2008,8
E01002525,Hillingdon,Criminal Damage,Criminal Damage To Motor Vehicle,0,2011,9
E01004353,Waltham Forest,Theft and Handling,Theft/Taking of Pedal Cycle,1,2009,11
E01003427,Merton,Criminal Damage,Criminal Damage To Dwelling,1,2010,10
E01001727,Hackney,Violence Against the Person,Other violence,0,2014,6
E01000602,Brent,Criminal Damage,Other Criminal Damage,0,2016,11
E01001374,Ealing,Drugs,Possession Of Drugs,1,2014,9
E01003484,Newham,Theft and Handling,Other Theft Person,0,2015,9
E01000726,Bromley,Other Notifiable Offences,Other Notifiable,0,2010,9
E01033713,Hackney,Theft and Handling,Other Theft,1,2012,9
E01003064,Lambeth,Robbery,Personal Property,0,2013,6
E01000940,Camden,Theft and Handling,Other Theft Person,2,2016,11
E01003107,Lambeth,Drugs,Drug Trafficking,0,2014,6
E01004439,Waltham Forest,Robbery,Personal Property,2,2012,11
E01004280,Tower Hamlets,Violence Against the Person,Other violence,0,2014,7
E01002377,Havering,Other Notifiable Offences,Other Notifiable,0,2011,5
E01002829,Kensington and Chelsea,Burglary,Burglary in Other Buildings,0,2008,8
E01000820,Bromley,Theft and Handling,Handling Stolen Goods,0,2013,12
E01001919,Hammersmith and Fulham,Theft and Handling,Theft From Motor Vehicle,2,2010,8
E01003970,Southwark,Theft and Handling,Motor Vehicle Interference & Tampering,0,2010,2
E01001805,Hackney,Criminal Damage,Criminal Damage To Motor Vehicle,1,2015,7
E01004699,Westminster,Theft and Handling,Theft/Taking of Pedal Cycle,0,2015,2
E01002465,Hillingdon,Theft and Handling,Other Theft Person,0,2010,6
E01001897,Hammersmith and Fulham,Theft and Handling,Handling Stolen Goods,0,2014,7
E01000209,Barnet,Other Notifiable Offences,Other Notifiable,0,2014,5
E01002573,Hounslow,Burglary,Burglary in a Dwelling,0,2008,9
