E01001364,Ealing,Violence Against the Person,Harassment,0,2014,5
E01000790,Bromley,Drugs,Possession Of Drugs,4,2011,3
E01001140,Croydon,Violence Against the Person,Assault with Injury,1,2016,10
E01033207,Lambeth,Theft and Handling,Theft/Taking Of Motor Vehicle,0,2008,2
E01004677,Westminster,Theft and Handling,Motor Vehicle Interference & Tampering,0,2012,4
E01002836,Kensington and Chelsea,Violence Against the Person,Common Assault,1,2011,1
E01002990,Kingston upon Thames,Theft and Handling,Other Theft Person,0,2008,7
E01003617,Newham,Criminal Damage,Other Criminal Damage,4,2012,1
E01003065,Lambeth,Theft and Handling,Other Theft,2,2012,7
E01000083,Barking and Dagenham,Theft and Handling,Theft/Taking Of Motor Vehicle,1,2016,7
E01000505,Brent,Theft and Handling,Theft/Taking Of Motor Vehicle,0,2009,9
E01000675,Bromley,Drugs,Possession Of Drugs,4,2012,3
E01000049,Barking and Dagenham,Theft and Handling,Other Theft Person,0,2010,1
E01000124,Barnet,Theft and Handling,Other Theft,2,2009,10
E01002249,Havering,Violence Against the Person,Harassment,0,2013,10
E01000067,Barking and Dagenham,Criminal Damage,Other Criminal Damage,0,2016,8
E01004385,Waltham Forest,Robbery,Business Property,0,2013,7
E01000221,Barnet,Theft and Handling,Motor Vehicle Interference & Tampering,0,2011,3
E01001620,Greenwich,Theft and Handling,Other Theft,1,2014,5
E01003896,Richmond upon Thames,Theft and Handling,Handling Stolen Goods,0,2016,7
E01004188,Sutton,Other Notifiable Offences,Other Notifiable,1,2016,9
E01002461,Hillingdon,Drugs,Drug Trafficking,0,2014,4
E01000084,Barking and Dagenham,Burglary,Burglary in a Dwelling,1,2012,3
E01000669,Bromley,Violence Against the Person,Wounding/GBH,1,2013,8
E01001430,Enfield,Criminal Damage,Criminal Damage To Motor Vehicle,0,2015,2
E01001488,Enfield,Robbery,Personal Property,0,2015,8
E01000169,Barnet,Drugs,Drug Trafficking,0,2015,12
E01000224,Barnet,Theft and Handling,Other Theft Person,0,2013,5
E01001023,Croydon,Theft and Handling,Motor Vehicle Interference & Tampering,0,2016,12
E01004046,Southwark,Criminal Damage,Other Criminal Damage,0,2015,2
E01000490,Brent,Robbery,Business Property,0,2014,1
E01001549,Enfield,Robbery,Personal Property,0,2010,3
E01004632,Wandsworth,Theft and Handling,Theft/Taking Of Motor Vehicle,0,2014,10
E01002366,Havering,Violence Against the Person,Other violence,0,2009,5
E01001940,Hammersmith and Fulham,Drugs,Possession Of Drugs,4,2008,10
E01000526,Brent,Criminal Damage,Criminal Damage To Other Building,0,2010,2
E01002790,Islington,Criminal Damage,Other Criminal Damage,0,2008,2
E01000764,Bromley,Criminal Damage,Criminal Damage To Dwelling,1,2012,11
E01003762,Redbridge,Violence Against the Person,Assault with Injury,0,2011,2
E01003186,Lambeth,Robbery,Personal Property,1,2009,1
E01002055,Haringey,Criminal Damage,Criminal Damage To Other Building,0,2014,10
E01000856,Camden,Violence Against the Person,Offensive Weapon,0,2010,1
E01002842,Kensington and Chelsea,Theft and Handling,Theft/Taking of Pedal Cycle,0,2010,1
E01003148,Lambeth,Theft and Handling,Theft From Shops,0,2013,7
E01003673,Redbridge,Criminal Damage,Criminal Damage To Other Building,0,2009,5
E01003810,Richmond upon Thames,Violence Against the Person,Other violence,0,2009,8
E01003152,Lambeth,Criminal Damage,Other Criminal Damage,0,2014,5
E01002177,Harrow,Theft and Handling,Theft/Taking Of Motor Vehicle,0,2011,7
E01002028,Haringey,Robbery,Personal Property,0,2009,5
E01003825,Richmond upon Thames,Violence Against the Person,Assault with Injury,0,2012,12
E01001645,Greenwich,Theft and Handling,Other Theft Person,0,2008,5
E01003325,Lewisham,Violence Against the Person,Other violence,1,2008,8
E01001292,Ealing,Drugs,Other Drugs,0,2009,7
E01002806,Islington,Burglary,Burglary in Other Buildings,0,2012,5
E01004653,Westminster,Criminal Damage,Other Criminal Damage,0,2015,7
E01002979,Kingston upon Thames,Violence Against the Person,Harassment,1,2016,4
E01000581,Brent,Criminal Damage,Criminal Damage To Other Building,0,2011,2
E01001082,Croydon,Criminal Damage,Criminal Damage To Dwelling,0,2009,7
E01033742,Greenwich,Theft and Handling,Other Theft,0,2016,12
E01003157,Lambeth,Theft and Handling,Other Theft Person,0,2012,11
E01002379,Havering,Violence Against the Person,Wounding/GBH,0,2008,11
E01004096,Sutton,Theft and Handling,Theft From Shops,0,2015,8
E01003697,Redbridge,Violence Against the Person,Assault with Injury,1,2009,9
E01004587,Wandsworth,Violence Against the Person,Wounding/GBH,0,2012,10
E01003229,Lewisham,Theft and Handling,Theft From Shops,2,2008,12
E01004007,Southwark,Theft and Handling,Theft From Shops,0,2012,7
E01001062,Croydon,Sexual Offences,Rape,0,2013,5
E01001224,Ealing,Burglary,Burglary in a Dwelling,4,2014,8
E01033486,Islington,Violence Against the Person,Offensive Weapon,1,2013,11
E01033725,Hillingdon,Theft and Handling,Theft/Taking Of Motor Vehicle,0,2008,9
E01004402,Waltham Forest,Criminal Damage,Criminal Damage To Motor Vehicle,0,2016,10
E01004342,Waltham Forest,Burglary,Burglary in a Dwelling,2,2012,1
E01003041,Lambeth,Robbery,Personal Property,1,2010,3
E01004661,Westminster,Other Notifiable Offences,Other Notifiable,2,2016,2
E01000775,Bromley,Theft and Handling,Theft/Taking of Pedal Cycle,0,2012,8
E01002682,Hounslow,Theft and Handling,Theft/Taking of Pedal Cycle,1,2012,10
E01002027,Haringey,Violence Against the Person,Common Assault,1,2016,12
E01001535,Enfield,Criminal Damage,Other Criminal Damage,0,2013,5
E01002301,Havering,Robbery,Business Property,0,2009,3
E01003070,Lambeth,Violence Against the Person,Harassment,1,2014,8
E01001321,Ealing,Robbery,Business Property,0,2011,1
E01033133,Wandsworth,Theft and Handling,Other Theft Person,0,2009,7
E01004539,Wandsworth,Violence Against the Person,Common Assault,4,2015,1
E01033584,Newham,Criminal Damage,Criminal Damage To Other Building,0,2010,10
E01002235,Harrow,Robbery,Personal Property,0,2009,9
E01003259,Lewisham,Criminal Damage,Criminal Damage To Dwelling,0,2009,6
E01001238,Ealing,Drugs,Drug Trafficking,0,2008,11
E01001582,Greenwich,Violence Against the Person,Common Assault,2,2015,7
E01002617,Hounslow,Theft and Handling,Theft From Motor Vehicle,1,2010,12
E01003380,Merton,Theft and Handling,Motor Vehicle Interference & Tampering,0,2011,5
E01003886,Richmond upon Thames,Violence Against the Person,Harassment,0,2012,3
E01003925,Southwark,Violence Against the Person,Common Assault,0,2009,5
E01003624,Newham,Theft and Handling,Theft From Motor Vehicle,2,2009,10
E01003352,Lewisham,Robbery,Personal Property,0,2014,3
E01000446,Bexley,Theft and Handling,Other Theft,0,2016,5
E01000001,City of London,Burglary,Burglary in Other Buildings,0,2010,11
E01003715,Redbridge,Drugs,Drug Trafficking,0,2012,2
E01000365,Bexley,Criminal Damage,Criminal Damage To Motor Vehicle,0,2014,5
E01001520,Enfield,Drugs,Possession Of Drugs,1,2014,1
E01001744,Hackney,Theft and Handling,Theft From Motor Vehicle,0,2014,7
E01004611,Wandsworth,Violence Against the Person,Assault with Injury,0,2012,9
E01033324,Lewisham,Theft and Handling,Motor Vehicle Interference & Tampering,0,2013,11
E01004242,Tower Hamlets,Violence Against the Person,Other violence,0,2011,12
E01004761,Westminster,Criminal Damage,Criminal Damage To Other Building,1,2016,9
E01003547,Newham,Violence Against the Person,Harassment,2,2009,8
E01000713,Bromley,Burglary,Burglary in a Dwelling,0,2011,5
E01000511,Brent,Other Notifiable Offences,Going Equipped,0,2013,10
E01033743,Greenwich,Robbery,Personal Property,0,2009,6
E01003652,Redbridge,Violence Against the Person,Offensive Weapon,0,2010,10
E01003528,Newham,Criminal Damage,Criminal Damage To Other Building,0,2009,8
E01003518,Newham,Burglary,Burglary in Other Buildings,0,2013,9
E01002747,Islington,Robbery,Business Property,0,2012,5
E01000127,Barnet,Fraud or Forgery,Other Fraud & Forgery,0,2010,8
E01001514,Enfield,Theft and Handling,Other Theft Person,0,2013,8
E01003376,Merton,Theft and Handling,Theft/Taking of Pedal Cycle,0,2016,9
E01000152,Barnet,Violence Against the Person,Other violence,0,2011,5
E01003991,Southwark,Criminal Damage,Criminal Damage To Other Building,0,2012,6
E01002589,Hounslow,Violence Against the Person,Other violence,0,2011,9
E01000970,Camden,Theft and Handling,Theft From Motor Vehicle,0,2012,10
E01032783,Tower Hamlets,Theft and Handling,Theft/Taking Of Motor Vehicle,0,2012,7
E01002686,Hounslow,Robbery,Personal Property,0,2009,1
E01002971,Kingston upon Thames,Violence Against the Person,Offensive Weapon,0,2012,3
E01004743,Westminster,Criminal Damage,Criminal Damage To Other Building,0,2012,10
E01002227,Harrow,Theft and Handling,Theft From Motor Vehicle,3,2009,9
E01033086,Haringey,Theft and Handling,Theft/Taking Of Motor Vehicle,0,2014,11
E01001244,Ealing,Theft and Handling,Handling Stolen Goods,0,2014,7
E01003114,Lambeth,Drugs,Possession Of Drugs,0,2012,4
E01002040,Haringey,Theft and Handling,Other Theft Person,0,2016,6
E01002772,Islington,Criminal Damage,Criminal Damage To Other Building,0,2010,3
E01002171,Harrow,Criminal Damage,Criminal Damage To Other Building,0,2011,3
E01004438,Waltham Forest,Theft and Handling,Handling Stolen Goods,0,2008,4
E01001541,Enfield,Theft and Handling,Theft/Taking Of Motor Vehicle,0,2012,11
E01000808,Bromley,Burglary,Burglary in a Dwelling,1,2014,10
E01000268,Barnet,Theft and Handling,Theft/Taking of Pedal Cycle,0,2013,10
E01003008,Kingston upon Thames,Theft and Handling,Theft/Taking of Pedal Cycle,0,2011,5
E01001218,Ealing,Burglary,Burglary in a Dwelling,0,2014,1
E01002992,Kingston upon Thames,Drugs,Possession Of Drugs,3,2011,11
E01002594,Hounslow,Robbery,Personal Property,0,2011,3
E01000252,Barnet,Violence Against the Person,Offensive Weapon,0,2016,12
E01004496,Wandsworth,Other Notifiable Offences,Going Equipped,1,2009,2
E01004221,Tower Hamlets,Theft and Handling,Theft/Taking Of Motor Vehicle,1,2015,12
E01000835,Bromley,Other Notifiable Offences,Going Equipped,0,2008,12
E01000513,Brent,Criminal Damage,Criminal Damage To Motor Vehicle,0,2015,3
E01003197,Lewisham,Theft and Handling,Theft/Taking of Pedal Cycle,0,2012,1
E01004581,Wandsworth,Violence Against the Person,Harassment,1,2014,8
E01000414,Bexley,Robbery,Personal Property,0,2013,7
E01004083,Sutton,Violence Against the Person,Harassment,0,2015,8
E01032783,Tower Hamlets,Violence Against the Person,Assault with Injury,1,2012,10
E01002158,Harrow,Burglary,Burglary in a Dwelling,1,2013,12
E01003594,Newham,Theft and Handling,Other Theft,0,2014,10
E01003102,Lambeth,Violence Against the Person,Offensive Weapon,2,2009,1
E01003648,Redbridge,Theft and Handling,Other Theft Person,0,2009,5
E01003472,Merton,Violence Against the Person,Wounding/GBH,0,2009,9
E01000539,Brent,Violence Against the Person,Wounding/GBH,0,2011,4
E01001832,Hackney,Criminal Damage,Other Criminal Damage,0,2013,8
E01000973,Camden,Theft and Handling,Handling Stolen Goods,0,2008,7
E01000505,Brent,Violence Against the Person,Offensive Weapon,0,2014,9
E01004073,Southwark,Theft and Handling,Other Theft Person,0,2014,7
E01004118,Sutton,Burglary,Burglary in a Dwelling,2,2013,5
E01002420,Hillingdon,Theft and Handling,Theft From Motor Vehicle,0,2015,9
E01001235,Ealing,Drugs,Other Drugs,0,2011,5
E01000587,Brent,Theft and Handling,Theft From Motor Vehicle,1,2016,2
E01002767,Islington,Theft and Handling,Theft/Taking of Pedal Cycle,1,2009,5
E01000262,Barnet,Theft and Handling,Other Theft,1,2016,12
E01002195,Harrow,Criminal Damage,Criminal Damage To Dwelling,0,2011,9
E01000272,Barnet,Burglary,Burglary in a Dwelling,2,2009,11
E01001937,Hammersmith and Fulham,Violence Against the Person,Common Assault,2,2014,10
E01003128,Lambeth,Theft and Handling,Handling Stolen Goods,0,2010,2
E01000768,Bromley,Burglary,Burglary in Other Buildings,2,2013,10
E01002899,Kensington and Chelsea,Violence Against the Person,Harassment,1,2016,5
E01002633,Hounslow,Theft and Handling,Motor Vehicle Interference & Tampering,0,2010,2
E01002734,Islington,Violence Against the Person,Assault with Injury,2,2016,10
E01001267,Ealing,Violence Against the Person,Wounding/GBH,0,2014,6
E01001449,Enfield,Theft and Handling,Handling Stolen Goods,0,2009,6
E01002533,Hillingdon,Violence Against the Person,Assault with Injury,3,2009,7
E01002316,Havering,Violence Against the Person,Assault with Injury,1,2016,12
E01000691,Bromley,Violence Against the Person,Harassment,0,2011,2
E01003371,Merton,Violence Against the Person,Common Assault,0,2009,5
E01003527,Newham,Violence Against the Person,Other violence,0,2015,10
E01000378,Bexley,Criminal Damage,Other Criminal Damage,0,2008,9
E01003616,Newham,Other Notifiable Offences,Going Equipped,1,2009,1
E01001225,Ealing,Violence Against the Person,Wounding/GBH,2,2009,9
E01000629,Brent,Theft and Handling,Other Theft,0,2016,4
E01004272,Tower Hamlets,Violence Against the Person,Harassment,1,2015,7
E01003227,Lewisham,Violence Against the Person,Other violence,0,2011,11
E01002645,Hounslow,Burglary,Burglary in a Dwelling,0,2014,9
E01003700,Redbridge,Other Notifiable Offences,Going Equipped,0,2011,1
E01004049,Southwark,Criminal Damage,Criminal Damage To Motor Vehicle,0,2014,9
E01004020,Southwark,Theft and Handling,Motor Vehicle Interference & Tampering,0,2009,6
E01004547,Wandsworth,Criminal Damage,Criminal Damage To Motor Vehicle,0,2012,12
E01000685,Bromley,Burglary,Burglary in a Dwelling,1,2008,8
E01002398,Hillingdon,Criminal Damage,Criminal Damage To Other Building,0,2011,8
E01004178,Sutton,Theft and Handling,Motor Vehicle Interference & Tampering,0,2008,10
E01001143,Croydon,Theft and Handling,Theft/Taking Of Motor Vehicle,0,2012,7
E01002881,Kensington and Chelsea,Violence Against the Person,Wounding/GBH,0,2011,3
E01004638,Wandsworth,Theft and Handling,Theft/Taking Of Motor Vehicle,0,2015,5
E01002976,Kingston upon Thames,Violence Against the Person,Offensive Weapon,0,2010,12
E01004032,Southwark,Theft and Handling,Motor Vehicle Interference & Tampering,0,2008,4
E01003351,Lewisham,Violence Against the Person,Wounding/GBH,2,2015,12
E01002218,Harrow,Criminal Damage,Criminal Damage To Motor Vehicle,0,2008,1
E01004354,Waltham Forest,Robbery,Personal Property,0,2014,7
E01003889,Richmond upon Thames,Criminal Damage,Criminal Damage To Dwelling,0,2014,4
E01033594,Westminster,Other Notifiable Offences,Other Notifiable,0,2012,4
E01002841,Kensington and Chelsea,Theft and Handling,Other Theft,1,2014,10
E01001434,Enfield,Violence Against the Person,Other violence,0,2011,5
E01003314,Lewisham,Criminal Damage,Criminal Damage To Other Building,0,2009,3
E01002959,Kingston upon Thames,Violence Against the Person,Other violence,0,2015,11
E01002021,Haringey,Criminal Damage,Criminal Damage To Motor Vehicle,0,2016,5
E01002383,Havering,Violence Against the Person,Wounding/GBH,0,2014,10
E01002263,Havering,Violence Against the Person,Harassment,0,2013,8
E01033724,Hillingdon,Theft and Handling,Theft/Taking of Pedal Cycle,0,2009,1
E01000774,Bromley,Robbery,Personal Property,0,2011,2
E01003686,Redbridge,Violence Against the Person,Harassment,0,2010,4
E01003574,Newham,Other Notifiable Offences,Going Equipped,0,2010,10
E01001374,Ealing,Violence Against the Person,Harassment,0,2014,1
E01001330,Ealing,Theft and Handling,Theft From Motor Vehicle,0,2015,10
E01002209,Harrow,Drugs,Possession Of Drugs,0,2015,2
E01003590,Newham,Violence Against the Person,Offensive Weapon,0,2013,5
E01002017,Haringey,Theft and Handling,Theft From Motor Vehicle,2,2009,9
E01000335,Bexley,Violence Against the Person,Harassment,3,2015,10
E01001876,Hammersmith and Fulham,Violence Against the Person,Other violence,0,2013,1
E01003938,Southwark,Criminal Damage,Criminal Damage To Other Building,0,2013,7
E01003424,Merton,Other Notifiable Offences,Going Equipped,0,2008,7
E01001234,Ealing,Robbery,Business Property,0,2014,10
E01000729,Bromley,Theft and Handling,Handling Stolen Goods,0,2015,1
E01004520,Wandsworth,Criminal Damage,Criminal Damage To Dwelling,1,2015,2
E01002718,Islington,Violence Against the Person,Other violence,0,2014,3
E01001499,Enfield,Robbery,Personal Property,0,2008,9
E01001999,Haringey,Criminal Damage,Other Criminal Damage,1,2008,12
E01003611,Newham,Theft and Handling,Theft From Motor Vehicle,1,2012,3
E01004660,Westminster,Violence Against the Person,Offensive Weapon,0,2012,7
E01002695,Islington,Theft and Handling,Handling Stolen Goods,0,2016,8
E01003556,Newham,Robbery,Business Property,0,2014,3
E01001268,Ealing,Violence Against the Person,Offensive Weapon,0,2013,12
E01003439,Merton,Violence Against the Person,Wounding/GBH,0,2009,6
E01000008,Barking and Dagenham,Drugs,Drug Trafficking,0,2011,3
E01004727,Westminster,Criminal Damage,Criminal Damage To Motor Vehicle,0,2010,12
E01003609,Newham,Theft and Handling,Theft/Taking of Pedal Cycle,0,2010,11
E01003686,Redbridge,Violence Against the Person,Murder,0,2010,3
E01004723,Westminster,Fraud or Forgery,Other Fraud & Forgery,0,2011,11
E01003446,Merton,Violence Against the Person,Harassment,0,2009,6
E01002691,Hounslow,Theft and Handling,Theft/Taking Of Motor Vehicle,3,2015,8
E01003536,Newham,Theft and Handling,Handling Stolen Goods,0,2012,10
E01004587,Wandsworth,Theft and Handling,Other Theft,0,2014,12
E01001566,Enfield,Robbery,Business Property,0,2013,4
E01004679,Westminster,Theft and Handling,Theft From Motor Vehicle,0,2013,9
E01000422,Bexley,Violence Against the Person,Assault with Injury,2,2010,4
E01000378,Bexley,Criminal Damage,Other Criminal Damage,0,2009,1
E01003263,Lewisham,Theft and Handling,Other Theft Person,0,2013,8
E01002015,Haringey,Theft and Handling,Handling Stolen Goods,0,2008,2
E01004754,Westminster,Theft and Handling,Motor Vehicle Interference & Tampering,0,2010,12
E01002284,Havering,Other Notifiable Offences,Other Notifiable,0,2013,8
E01003452,Merton,Theft and Handling,Other Theft,1,2012,10
E01002141,Harrow,Violence Against the Person,Common Assault,0,2013,9
E01003131,Lambeth,Theft and Handling,Other Theft,1,2010,9
E01033701,Hackney,Theft and Handling,Other Theft,1,2013,7
E01003611,Newham,Violence Against the Person,Harassment,2,2014,12
E01000738,Bromley,Violence Against the Person,Wounding/GBH,2,2016,2
E01003875,Richmond upon Thames,Burglary,Burglary in a Dwelling,1,2011,5
E01002964,Kingston upon Thames,Theft and Handling,Theft From Motor Vehicle,1,2009,2
E01001191,Croydon,Violence Against the Person,Common Assault,2,2013,9
E01002480,Hillingdon,Violence Against the Person,Wounding/GBH,0,2016,3
E01003360,Merton,Violence Against the Person,Other violence,0,2014,11
E01001909,Hammersmith and Fulham,Fraud or Forgery,Other Fraud & Forgery,0,2012,11
E01003138,Lambeth,Violence Against the Person,Other violence,0,2010,9
E01002181,Harrow,Criminal Damage,Criminal Damage To Motor Vehicle,1,2008,9
E01003946,Southwark,Drugs,Drug Trafficking,0,2013,1
E01003384,Merton,Drugs,Drug Trafficking,0,2008,12
E01002044,Haringey,Theft and Handling,Other Theft,1,2016,3
E01001316,Ealing,Theft and Handling,Other Theft,0,2010,8
E01003287,Lewisham,Violence Against the Person,Harassment,1,2008,12
E01032569,Croydon,Criminal Damage,Criminal Damage To Other Building,0,2013,6
E01002237,Harrow,Other Notifiable Offences,Other Notifiable,0,2009,1
E01003892,Richmond upon Thames,Criminal Damage,Other Criminal Damage,0,2008,4
E01002562,Hounslow,Theft and Handling,Theft/Taking of Pedal Cycle,0,2013,4
E01001958,Hammersmith and Fulham,Violence Against the Person,Assault with Injury,3,2011,6
E01001844,Hackney,Drugs,Possession Of Drugs,0,2012,9
E01003543,Newham,Theft and Handling,Handling Stolen Goods,0,2009,8
E01000552,Brent,Theft and Handling,Motor Vehicle Interference & Tampering,0,2013,3
E01000802,Bromley,Theft and Handling,Other Theft,0,2014,1
E01004205,Tower Hamlets,Violence Against the Person,Other violence,0,2013,12
E01004452,Waltham Forest,Other Notifiable Offences,Other Notifiable,0,2013,7
E01003879,Richmond upon Thames,Criminal Damage,Criminal Damage To Dwelling,0,2009,10
E01004707,Westminster,Theft and Handling,Theft From Motor Vehicle,0,2009,12
E01003272,Lewisham,Fraud or Forgery,Counted per Victim,0,2011,3
E01002286,Havering,Violence Against the Person,Other violence,0,2016,9
E01003494,Newham,Theft and Handling,Motor Vehicle Interference & Tampering,0,2013,6
E01004119,Sutton,Robbery,Business Property,0,2009,6
E01004259,Tower Hamlets,Violence Against the Person,Offensive Weapon,0,2010,5
E01000558,Brent,Drugs,Drug Trafficking,0,2016,7
E01000297,Barnet,Violence Against the Person,Other violence,0,2010,6
E01000659,Bromley,Theft and Handling,Theft From Motor Vehicle,0,2009,12
E01001784,Hackney,Theft and Handling,Theft From Motor Vehicle,0,2011,12
E01000909,Camden,Theft and Handling,Other Theft Person,0,2014,9
E01002249,Havering,Theft and Handling,Other Theft,1,2009,3
E01004054,Southwark,Robbery,Business Property,0,2015,2
E01002064,Haringey,Violence Against the Person,Common Assault,2,2015,1
E01002894,Kensington and Chelsea,Robbery,Business Property,0,2011,8
E01000138,Barnet,Burglary,Burglary in Other Buildings,0,2013,2
E01000972,Camden,Robbery,Personal Property,0,2015,10
E01000739,Bromley,Robbery,Personal Property,0,2009,4
E01000624,Brent,Drugs,Drug Trafficking,0,2015,11
E01001863,Hammersmith and Fulham,Drugs,Possession Of Drugs,0,2010,11
E01001459,Enfield,Theft and Handling,Theft/Taking of Pedal Cycle,0,2014,7
E01004568,Wandsworth,Violence Against the Person,Other violence,0,2013,3
E01002055,Haringey,Criminal Damage,Criminal Damage To Other Building,0,2014,2
E01004557,Wandsworth,Drugs,Possession Of Drugs,0,2016,3
E01004736,Westminster,Theft and Handling,Other Theft,118,2011,9
E01003466,Merton,Criminal Damage,Criminal Damage To Dwelling,1,2011,6
E01002119,Harrow,Violence Against the Person,Murder,0,2013,11
E01002163,Harrow,Robbery,Business Property,0,2012,11
E01002141,Harrow,Burglary,Burglary in a Dwelling,1,2011,6
E01001183,Croydon,Theft and Handling,Other Theft,3,2015,1
E01000067,Barking and Dagenham,Robbery,Personal Property,0,2008,3
E01003176,Lambeth,Drugs,Drug Trafficking,1,2012,5
E01001267,Ealing,Robbery,Personal Property,2,2012,9
E01003385,Merton,Theft and Handling,Other Theft Person,0,2014,1
E01001163,Croydon,Theft and Handling,Theft/Taking Of Motor Vehicle,2,2011,7
E01004404,Waltham Forest,Other Notifiable Offences,Other Notifiable,0,2010,9
E01000030,Barking and Dagenham,Criminal Damage,Other Criminal Damage,0,2014,11
E01000352,Bexley,Violence Against the Person,Other violence,0,2011,3
E01003453,Merton,Drugs,Possession Of Drugs,3,2009,10
E01002178,Harrow,Violence Against the Person,Assault with Injury,0,2016,7
E01003899,Richmond upon Thames,Theft and Handling,Theft From Motor Vehicle,0,2012,1
E01003458,Merton,Theft and Handling,Theft From Shops,0,2014,1
E01002464,Hillingdon,Burglary,Burglary in Other Buildings,0,2016,6
E01004426,Waltham Forest,Theft and Handling,Theft From Motor Vehicle,0,2013,3
E01000301,Barnet,Violence Against the Person,Harassment,1,2008,4
E01003055,Lambeth,Criminal Damage,Criminal Damage To Other Building,1,2013,2
E01002550,Hillingdon,Criminal Damage,Criminal Damage To Motor Vehicle,2,2011,3
E01033577,Newham,Robbery,Business Property,0,2015,3
E01002770,Islington,Theft and Handling,Theft From Shops,1,2010,12
E01002906,Kensington and Chelsea,Drugs,Possession Of Drugs,1,2008,5
E01001640,Greenwich,Drugs,Possession Of Drugs,2,2013,4
E01000011,Barking and Dagenham,Criminal Damage,Other Criminal Damage,0,2015,7
E01001236,Ealing,Drugs,Possession Of Drugs,0,2014,3
E01003273,Lewisham,Violence Against the Person,Common Assault,1,2009,2
E01001878,Hammersmith and Fulham,Criminal Damage,Other Criminal Damage,0,2008,5
E01002707,Islington,Violence Against the Person,Assault with Injury,0,2016,12
E01004067,Southwark,Criminal Damage,Criminal Damage To Dwelling,1,2008,2
E01000206,Barnet,Theft and Handling,Other Theft Person,0,2015,8
E01001367,Ealing,Violence Against the Person,Assault with Injury,4,2012,10
E01003332,Lewisham,Violence Against the Person,Other violence,0,2008,8
E01002427,Hillingdon,Burglary,Burglary in a Dwelling,2,2009,2
E01001574,Greenwich,Other Notifiable Offences,Other Notifiable,0,2013,2
E01003818,Richmond upon Thames,Theft and Handling,Motor Vehicle Interference & Tampering,1,2016,6
E01002129,Harrow,Violence Against the Person,Murder,0,2009,7
E01003761,Redbridge,Theft and Handling,Theft From Shops,0,2010,6
E01002953,Kingston upon Thames,Drugs,Drug Trafficking,0,2009,8
E01004676,Westminster,Violence Against the Person,Other violence,2,2012,9
E01001862,Hammersmith and Fulham,Theft and Handling,Handling Stolen Goods,0,2012,3
E01033738,Greenwich,Violence Against the Person,Wounding/GBH,1,2012,8
E01004207,Tower Hamlets,Theft and Handling,Other Theft,1,2013,11
E01001488,Enfield,Robbery,Business Property,0,2012,6
E01001154,Croydon,Fraud or Forgery,Counted per Victim,0,2011,10
E01004165,Sutton,Violence Against the Person,Offensive Weapon,0,2013,12
E01004155,Sutton,Criminal Damage,Criminal Damage To Dwelling,0,2016,3
E01002069,Haringey,Theft and Handling,Other Theft Person,1,2014,4
E01001495,Enfield,Theft and Handling,Theft From Motor Vehicle,1,2014,1
E01004454,Waltham Forest,Violence Against the Person,Other violence,0,2010,11
E01000882,Camden,Violence Against the Person,Common Assault,1,2011,11
E01003716,Redbridge,Theft and Handling,Theft From Shops,0,2011,3
E01001407,Enfield,Robbery,Business Property,0,2008,9
E01004390,Waltham Forest,Burglary,Burglary in a Dwelling,0,2015,5
E01002786,Islington,Robbery,Business Property,0,2015,10
E01003858,Richmond upon Thames,Robbery,Personal Property,0,2012,4
E01001519,Enfield,Theft and Handling,Handling Stolen Goods,1,2008,1
E01000530,Brent,Theft and Handling,Other Theft,1,2010,11
E01033488,Islington,Criminal Damage,Other Criminal Damage,0,2008,4
E01003688,Redbridge,Theft and Handling,Theft/Taking Of Motor Vehicle,0,2012,12
E01002795,Islington,Violence Against the Person,Common Assault,1,2009,3
E01000606,Brent,Violence Against the Person,Other violence,0,2009,1
E01003846,Richmond upon Thames,Theft and Handling,Theft/Taking Of Motor Vehicle,0,2014,12
E01001319,Ealing,Violence Against the Person,Offensive Weapon,0,2012,1
E01004445,Waltham Forest,Theft and Handling,Other Theft Person,0,2014,1
E01004765,Westminster,Criminal Damage,Criminal Damage To Dwelling,0,2012,10
E01003338,Lewisham,Violence Against the Person,Wounding/GBH,0,2009,2
E01001298,Ealing,Violence Against the Person,Harassment,3,2009,3
E01003404,Merton,Theft and Handling,Theft From Shops,0,2016,6
E01004288,Tower Hamlets,Violence Against the Person,Assault with Injury,1,2009,2
E01002651,Hounslow,Theft and Handling,Handling Stolen Goods,0,2014,8
E01001398,Enfield,Robbery,Personal Property,0,2010,10
E01003551,Newham,Other Notifiable Offences,Going Equipped,0,2010,4
E01003347,Lewisham,Violence Against the Person,Assault with Injury,4,2011,10
E01004482,Wandsworth,Violence Against the Person,Assault with Injury,0,2011,11
E01003652,Redbridge,Criminal Damage,Criminal Damage To Motor Vehicle,0,2015,12
E01001631,Greenwich,Drugs,Drug Trafficking,0,2014,1
E01001018,Croydon,Drugs,Drug Trafficking,0,2008,5
E01000928,Camden,Violence Against the Person,Other violence,0,2012,11
E01003657,Redbridge,Theft and Handling,Handling Stolen Goods,0,2014,10
E01003583,Newham,Drugs,Drug Trafficking,0,2010,6
E01001577,Greenwich,Criminal Damage,Criminal Damage To Motor Vehicle,1,2008,2
E01001170,Croydon,Other Notifiable Offences,Other Notifiable,0,2008,6
E01001497,Enfield,Burglary,Burglary in Other Buildings,0,2012,7
E01001747,Hackney,Violence Against the Person,Assault with Injury,1,2015,2
E01000763,Bromley,Violence Against the Person,Common Assault,2,2012,11
E01004508,Wandsworth,Other Notifiable Offences,Going Equipped,0,2009,5
E01004760,Westminster,Theft and Handling,Theft From Motor Vehicle,0,2013,12
E01002963,Kingston upon Thames,Burglary,Burglary in Other Buildings,0,2009,5
E01000517,Brent,Violence Against the Person,Other violence,0,2008,8
E01004525,Wandsworth,Theft and Handling,Theft From Motor Vehicle,2,2016,5
E01000050,Barking and Dagenham,Theft and Handling,Other Theft Person,0,2011,4
E01003571,Newham,Violence Against the Person,Assault with Injury,0,2012,9
E01003088,Lambeth,Theft and Handling,Theft From Motor Vehicle,2,2014,1
E01000189,Barnet,Criminal Damage,Criminal Damage To Other Building,0,2011,8
E01000486,Brent,Theft and Handling,Other Theft,0,2010,4
E01002501,Hillingdon,Violence Against the Person,Common Assault,1,2016,2
E01002724,Islington,Burglary,Burglary in a Dwelling,1,2015,6
E01000962,Camden,Violence Against the Person,Assault with Injury,0,2011,2
E01002792,Islington,Violence Against the Person,Wounding/GBH,0,2014,12
E01000197,Barnet,Theft and Handling,Theft From Shops,0,2013,8
E01000448,Bexley,Violence Against the Person,Harassment,0,2009,11
E01003921,Southwark,Violence Against the Person,Wounding/GBH,2,2015,7
E01000671,Bromley,Violence Against the Person,Harassment,0,2015,10
E01003174,Lambeth,Sexual Offences,Other Sexual,0,2009,8
E01000771,Bromley,Theft and Handling,Other Theft Person,0,2010,9
E01000243,Barnet,Theft and Handling,Theft/Taking of Pedal Cycle,0,2012,7
E01004207,Tower Hamlets,Robbery,Business Property,0,2010,9
E01003767,Redbridge,Drugs,Drug Trafficking,0,2013,3
E01000641,Brent,Theft and Handling,Other Theft Person,0,2013,10
E01000749,Bromley,Theft and Handling,Theft/Taking Of Motor Vehicle,0,2009,1
E01001568,Enfield,Burglary,Burglary in Other Buildings,0,2014,3
E01000175,Barnet,Theft and Handling,Motor Vehicle Interference & Tampering,0,2013,2
E01002124,Harrow,Other Notifiable Offences,Going Equipped,0,2012,5
E01002367,Havering,Violence Against the Person,Common Assault,1,2010,7
E01002501,Hillingdon,Theft and Handling,Theft/Taking of Pedal Cycle,0,2015,1
E01004314,Tower Hamlets,Violence Against the Person,Common Assault,0,2011,11
E01000369,Bexley,Criminal Damage,Criminal Damage To Dwelling,0,2014,12
E01001788,Hackney,Violence Against the Person,Offensive Weapon,0,2015,9
E01004331,Waltham Forest,Burglary,Burglary in Other Buildings,0,2015,9
E01004226,Tower Hamlets,Burglary,Burglary in a Dwelling,1,2013,12
E01001000,Croydon,Theft and Handling,Theft/Taking of Pedal Cycle,0,2011,11
E01001947,Hammersmith and Fulham,Theft and Handling,Motor Vehicle Interference & Tampering,0,2008,8
E01003567,Newham,Criminal Damage,Other Criminal Damage,2,2008,4
E01001190,Croydon,Violence Against the Person,Other violence,0,2008,9
E01003578,Newham,Violence Against the Person,Harassment,0,2009,3
E01004293,Tower Hamlets,Theft and Handling,Theft/Taking of Pedal Cycle,0,2015,12
E01000336,Bexley,Drugs,Other Drugs,0,2012,8
E01000853,Camden,Theft and Handling,Handling Stolen Goods,0,2008,7
E01003903,Richmond upon Thames,Theft and Handling,Theft/Taking of Pedal Cycle,0,2010,1
E01033486,Islington,Burglary,Burglary in Other Buildings,0,2010,5
E01002197,Harrow,Theft and Handling,Theft From Motor Vehicle,0,2013,1
E01003281,Lewisham,Criminal Damage,Criminal Damage To Motor Vehicle,0,2016,9
E01000789,Bromley,Robbery,Business Property,0,2008,4
E01004694,Westminster,Other Notifiable Offences,Other Notifiable,0,2015,11
E01002005,Haringey,Criminal Damage,Criminal Damage To Dwelling,0,2008,11
E01033737,Greenwich,Drugs,Possession Of Drugs,0,2010,2
E01000801,Bromley,Criminal Damage,Criminal Damage To Motor Vehicle,1,2014,10
E01003978,Southwark,Theft and Handling,Motor Vehicle Interference & Tampering,0,2014,12
E01002588,Hounslow,Theft and Handling,Other Theft Person,0,2011,6
E01000313,Barnet,Burglary,Burglary in a Dwelling,1,2014,5
E01002882,Kensington and Chelsea,Violence Against the Person,Common Assault,3,2014,12
E01033597,Westminster,Violence Against the Person,Offensive Weapon,0,2009,11
E01004401,Waltham Forest,Violence Against the Person,Harassment,1,2012,9
E01003409,Merton,Theft and Handling,Other Theft,0,2013,3
E01002889,Kensington and Chelsea,Criminal Damage,Other Criminal Damage,0,2012,4
E01004197,Tower Hamlets,Drugs,Drug Trafficking,0,2013,2
E01000532,Brent,Other Notifiable Offences,Going Equipped,0,2016,9
E01002523,Hillingdon,Other Notifiable Offences,Other Notifiable,0,2013,10
E01000734,Bromley,Violence Against the Person,Wounding/GBH,0,2011,4
E01003771,Redbridge,Criminal Damage,Criminal Damage To Dwelling,1,2012,9
E01033099,Wandsworth,Violence Against the Person,Harassment,0,2009,5
E01000451,Bexley,Criminal Damage,Other Criminal Damage,0,2011,9
E01033706,Hackney,Violence Against the Person,Wounding/GBH,0,2009,11
E01002639,Hounslow,Violence Against the Person,Offensive Weapon,0,2013,4
E01002563,Hounslow,Violence Against the Person,Other violence,0,2011,4
E01002088,Haringey,Criminal Damage,Criminal Damage To Other Building,0,2009,7
E01004257,Tower Hamlets,Theft and Handling,Theft From Motor Vehicle,0,2011,5
E01001468,Enfield,Violence Against the Person,Wounding/GBH,1,2014,7
E01003159,Lambeth,Theft and Handling,Motor Vehicle Interference & Tampering,0,2009,11
E01000886,Camden,Theft and Handling,Handling Stolen Goods,0,2012,3
E01000299,Barnet,Burglary,Burglary in a Dwelling,0,2015,3
E01003792,Redbridge,Criminal Damage,Other Criminal Damage,0,2013,9
E01000738,Bromley,Violence Against the Person,Common Assault,1,2009,11
E01002366,Havering,Theft and Handling,Other Theft,1,2009,1
E01002446,Hillingdon,Violence Against the Person,Harassment,0,2014,11
E01004517,Wandsworth,Theft and Handling,Theft/Taking Of Motor Vehicle,0,2015,6
E01032767,Tower Hamlets,Drugs,Possession Of Drugs,0,2009,1
E01004421,Waltham Forest,Other Notifiable Offences,Going Equipped,0,2014,3
E01001586,Greenwich,Theft and Handling,Other Theft,1,2011,10
E01001898,Hammersmith and Fulham,Burglary,Burglary in a Dwelling,0,2010,10
E01001676,Greenwich,Other Notifiable Offences,Other Notifiable,0,2008,2
E01003738,Redbridge,Violence Against the Person,Harassment,1,2008,2
E01001025,Croydon,Robbery,Business Property,0,2010,4
E01000633,Brent,Criminal Damage,Criminal Damage To Other Building,1,2014,7
E01002991,Kingston upon Thames,Violence Against the Person,Assault with Injury,0,2015,3
E01001582,Greenwich,Other Notifiable Offences,Other Notifiable,0,2009,9
E01003669,Redbridge,Criminal Damage,Criminal Damage To Motor Vehicle,1,2016,5
E01033729,Greenwich,Theft and Handling,Other Theft,1,2016,10
E01000043,Barking and Dagenham,Theft and Handling,Other Theft Person,0,2009,2
E01000532,Brent,Theft and Handling,Theft/Taking Of Motor Vehicle,0,2014,8
E01001305,Ealing,Violence Against the Person,Harassment,0,2014,4
E01004270,Tower Hamlets,Criminal Damage,Other Criminal Damage,2,2015,9
E01004109,Sutton,Robbery,Personal Property,0,2015,1
E01002744,Islington,Burglary,Burglary in Other Buildings,0,2014,4
E01000443,Bexley,Violence Against the Person,Other violence,0,2011,3
E01003004,Kingston upon Thames,Robbery,Business Property,0,2015,12
E01000601,Brent,Violence Against the Person,Assault with Injury,0,2013,1
E01003821,Richmond upon Thames,Robbery,Business Property,0,2012,9
E01002299,Havering,Theft and Handling,Theft/Taking Of Motor Vehicle,0,2010,9
E01002921,Kingston upon Thames,Theft and Handling,Theft/Taking Of Motor Vehicle,0,2013,11
E01003343,Lewisham,Violence Against the Person,Murder,0,2015,11
E01004211,Tower Hamlets,Robbery,Personal Property,1,2008,2
E01004270,Tower Hamlets,Criminal Damage,Criminal Damage To Motor Vehicle,4,2008,4
E01001398,Enfield,Drugs,Possession Of Drugs,0,2008,4
E01001123,Croydon,Theft and Handling,Other Theft,0,2013,2
E01003639,Redbridge,Violence Against the Person,Other violence,0,2014,6
E01004754,Westminster,Robbery,Business Property,0,2013,10
E01001700,Greenwich,Theft and Handling,Other Theft,1,2015,9
E01001717,Hackney,Robbery,Personal Property,0,2013,10
E01000661,Bromley,Theft and Handling,Other Theft Person,0,2010,5
E01001148,Croydon,Violence Against the Person,Other violence,0,2013,1
E01000643,Brent,Violence Against the Person,Common Assault,2,2010,8
E01033486,Islington,Theft and Handling,Theft From Shops,0,2016,10
E01000238,Barnet,Criminal Damage,Other Criminal Damage,0,2010,3
E01000579,Brent,Criminal Damage,Other Criminal Damage,0,2009,2
E01003292,Lewisham,Violence Against the Person,Assault with Injury,0,2009,3
E01000774,Bromley,Criminal Damage,Criminal Damage To Other Building,0,2015,2
E01004674,Westminster,Burglary,Burglary in Other Buildings,0,2010,9
E01001135,Croydon,Theft and Handling,Theft/Taking of Pedal Cycle,0,2013,5
E01032566,Bexley,Violence Against the Person,Wounding/GBH,0,2012,1
E01003493,Newham,Burglary,Burglary in a Dwelling,0,2015,9
E01000684,Bromley,Violence Against the Person,Offensive Weapon,0,2009,8
E01001449,Enfield,Theft and Handling,Theft From Shops,0,2008,10
E01003164,Lambeth,Theft and Handling,Handling Stolen Goods,0,2013,1
E01004085,Sutton,Criminal Damage,Criminal Damage To Dwelling,0,2010,1
E01001254,Ealing,Criminal Damage,Criminal Damage To Other Building,0,2014,9
E01000281,Barnet,Theft and Handling,Theft/Taking of Pedal Cycle,0,2014,9
E01003646,Redbridge,Robbery,Personal Property,0,2010,8
E01003235,Lewisham,Violence Against the Person,Common Assault,1,2016,7
E01000330,Bexley,Criminal Damage,Criminal Damage To Dwelling,1,2014,3
E01003932,Southwark,Violence Against the Person,Wounding/GBH,1,2013,8
E01000683,Bromley,Criminal Damage,Criminal Damage To Other Building,0,2010,10
E01000736,Bromley,Theft and Handling,Theft/Taking Of Motor Vehicle,0,2016,3
E01002374,Havering,Theft and Handling,Theft From Motor Vehicle,0,2009,11
E01003570,Newham,Violence Against the Person,Wounding/GBH,0,2012,11
E01001844,Hackney,Violence Against the Person,Other violence,0,2011,8
E01000291,Barnet,Theft and Handling,Other Theft Person,0,2016,7
E01001049,Croydon,Theft and Handling,Theft From Shops,0,2012,1
E01002683,Hounslow,Theft and Handling,Theft From Shops,0,2016,3
E01002365,Havering,Drugs,Possession Of Drugs,0,2010,5
E01001615,Greenwich,Violence Against the Person,Common Assault,1,2008,10
E01002348,Havering,Criminal Damage,Other Criminal Damage,0,2013,7
E01001165,Croydon,Theft and Handling,Other Theft Person,0,2014,9
E01000683,Bromley,Violence Against the Person,Harassment,0,2015,10
E01003045,Lambeth,Theft and Handling,Theft/Taking Of Motor Vehicle,0,2010,7
E01002707,Islington,Violence Against the Person,Harassment,1,2010,5
E01003654,Redbridge,Criminal Damage,Other Criminal Damage,0,2013,10
E01003639,Redbridge,Violence Against the Person,Other violence,0,2016,12
E01000985,Croydon,Criminal Damage,Criminal Damage To Other Building,0,2015,1
E01002404,Hillingdon,Theft and Handling,Theft From Shops,1,2016,7
E01002461,Hillingdon,Drugs,Drug Trafficking,0,2014,11
E01003582,Newham,Violence Against the Person,Wounding/GBH,0,2011,9
E01002938,Kingston upon Thames,Burglary,Burglary in Other Buildings,0,2009,1
E01003938,Southwark,Other Notifiable Offences,Other Notifiable,0,2016,7
E01003072,Lambeth,Violence Against the Person,Offensive Weapon,0,2013,7
E01033133,Wandsworth,Theft and Handling,Other Theft,0,2011,4
E01003993,Southwark,Violence Against the Person,Assault with Injury,0,2008,1
E01001172,Croydon,Other Notifiable Offences,Going Equipped,0,2015,2
E01000851,Camden,Theft and Handling,Theft/Taking Of Motor Vehicle,1,2009,3
E01002789,Islington,Theft and Handling,Motor Vehicle Interference & Tampering,0,2012,3
E01004506,Wandsworth,Theft and Handling,Theft From Shops,0,2012,7
E01001746,Hackney,Violence Against the Person,Harassment,4,2016,7
E01004300,Tower Hamlets,Violence Against the Person,Common Assault,1,2008,8
E01002955,Kingston upon Thames,Theft and Handling,Theft From Shops,0,2008,6
E01004228,Tower Hamlets,Theft and Handling,Theft/Taking Of Motor Vehicle,0,2009,11
E01003176,Lambeth,Violence Against the Person,Harassment,0,2013,1
E01000908,Camden,Robbery,Business Property,0,2012,2
E01001898,Hammersmith and Fulham,Criminal Damage,Other Criminal Damage,1,2013,6
E01002856,Kensington and Chelsea,Violence Against the Person,Assault with Injury,0,2011,10
E01002783,Islington,Theft and Handling,Theft/Taking Of Motor Vehicle,0,2008,1
E01004675,Westminster,Criminal Damage,Other Criminal Damage,0,2008,8
E01004470,Waltham Forest,Violence Against the Person,Murder,0,2013,5
E01004362,Waltham Forest,Theft and Handling,Handling Stolen Goods,0,2015,9
E01001816,Hackney,Theft and Handling,Motor Vehicle Interference & Tampering,0,2016,8
E01001820,Hackney,Theft and Handling,Other Theft,0,2010,4
E01003727,Redbridge,Robbery,Business Property,0,2013,8
E01002015,Haringey,Theft and Handling,Theft/Taking Of Motor Vehicle,0,2010,5
E01003216,Lewisham,Robbery,Personal Property,0,2010,9
E01003812,Richmond upon Thames,Violence Against the Person,Harassment,0,2009,10
E01004315,Tower Hamlets,Violence Against the Person,Other violence,0,2010,2
E01002955,Kingston upon Thames,Burglary,Burglary in Other Buildings,0,2012,7
E01002998,Kingston upon Thames,Drugs,Drug Trafficking,0,2009,5
E01001020,Croydon,Violence Against the Person,Offensive Weapon,0,2008,1
E01004176,Sutton,Violence Against the Person,Offensive Weapon,1,2015,1
E01000755,Bromley,Theft and Handling,Handling Stolen Goods,0,2014,3
E01003909,Richmond upon Thames,Criminal Damage,Other Criminal Damage,0,2012,2
E01002477,Hillingdon,Theft and Handling,Theft/Taking of Pedal Cycle,0,2013,8
E01000352,Bexley,Robbery,Personal Property,0,2012,11
E01033713,Hackney,Violence Against the Person,Common Assault,2,2015,12
E01002055,Haringey,Burglary,Burglary in Other Buildings,0,2013,5
E01003474,Merton,Criminal Damage,Criminal Damage To Motor Vehicle,0,2015,10
E01000125,Barnet,Criminal Damage,Criminal Damage To Motor Vehicle,0,2016,8
E01003453,Merton,Violence Against the Person,Harassment,1,2013,6
E01001308,Ealing,Criminal Damage,Other Criminal Damage,1,2016,12
E01004250,Tower Hamlets,Violence Against the Person,Assault with Injury,2,2010,10
E01001807,Hackney,Other Notifiable Offences,Other Notifiable,0,2009,8
E01002796,Islington,Other Notifiable Offences,Going Equipped,0,2015,11
E01003324,Lewisham,Fraud or Forgery,Counted per Victim,0,2010,9
E01000050,Barking and Dagenham,Theft and Handling,Theft From Shops,0,2016,1
E01003465,Merton,Criminal Damage,Other Criminal Damage,0,2013,5
E01002250,Havering,Criminal Damage,Criminal Damage To Dwelling,0,2012,3
E01001510,Enfield,Theft and Handling,Theft From Shops,0,2010,7
E01003418,Merton,Violence Against the Person,Other violence,0,2015,4
E01003176,Lambeth,Burglary,Burglary in a Dwelling,2,2014,4
E01000084,Barking and Dagenham,Criminal Damage,Criminal Damage To Dwelling,0,2011,1
E01004736,Westminster,Violence Against the Person,Offensive Weapon,0,2011,5
E01000134,Barnet,Violence Against the Person,Common Assault,0,2015,12
E01001920,Hammersmith and Fulham,Criminal Damage,Criminal Damage To Dwelling,0,2011,8
E01003662,Redbridge,Burglary,Burglary in Other Buildings,0,2015,12
E01001558,Enfield,Violence Against the Person,Harassment,4,2013,6
E01004063,Southwark,Theft and Handling,Theft From Motor Vehicle,0,2008,1
E01004242,Tower Hamlets,Theft and Handling,Other Theft Person,1,2016,7
E01001346,Ealing,Violence Against the Person,Offensive Weapon,0,2015,9
E01000268,Barnet,Theft and Handling,Theft/Taking Of Motor Vehicle,1,2009,6
E01000953,Camden,Violence Against the Person,Offensive Weapon,0,2015,5
E01002585,Hounslow,Burglary,Burglary in a Dwelling,1,2012,7
E01003246,Lewisham,Theft and Handling,Theft/Taking Of Motor Vehicle,0,2010,9
E01000056,Barking and Dagenham,Drugs,Possession Of Drugs,0,2012,9
E01003368,Merton,Theft and Handling,Theft/Taking of Pedal Cycle,0,2011,6
E01004366,Waltham Forest,Criminal Damage,Criminal Damage To Motor Vehicle,0,2009,2
E01001871,Hammersmith and Fulham,Violence Against the Person,Assault with Injury,0,2008,8
E01001575,Greenwich,Theft and Handling,Motor Vehicle Interference & Tampering,0,2012,4
E01001405,Enfield,Criminal Damage,Other Criminal Damage,0,2010,11
E01001953,Hammersmith and Fulham,Drugs,Drug Trafficking,0,2009,2
E01000925,Camden,Theft and Handling,Theft From Motor Vehicle,0,2012,8
E01002852,Kensington and Chelsea,Other Notifiable Offences,Other Notifiable,1,2008,10
E01001795,Hackney,Violence Against the Person,Harassment,0,2008,7
E01001503,Enfield,Violence Against the Person,Wounding/GBH,0,2016,1
E01001922,Hammersmith and Fulham,Burglary,Burglary in Other Buildings,1,2010,9
E01002751,Islington,Criminal Damage,Other Criminal Damage,0,2016,8
E01004649,Westminster,Fraud or Forgery,Counted per Victim,0,2015,9
E01002942,Kingston upon Thames,Burglary,Burglary in a Dwelling,1,2012,11
E01001878,Hammersmith and Fulham,Drugs,Drug Trafficking,0,2010,2
E01032580,Barking and Dagenham,Criminal Damage,Criminal Damage To Other Building,0,2016,2
E01002504,Hillingdon,Burglary,Burglary in a Dwelling,1,2010,11
E01002643,Hounslow,Theft and Handling,Theft From Motor Vehicle,0,2008,3
E01003942,Southwark,Theft and Handling,Theft/Taking of Pedal Cycle,0,2016,2
E01002667,Hounslow,Robbery,Personal Property,0,2015,12
E01000125,Barnet,Criminal Damage,Criminal Damage To Motor Vehicle,0,2015,5
E01001329,Ealing,Criminal Damage,Other Criminal Damage,0,2010,11
E01001367,Ealing,Theft and Handling,Theft/Taking Of Motor Vehicle,0,2014,9
E01002963,Kingston upon Thames,Drugs,Drug Trafficking,0,2015,4
E01001219,Ealing,Theft and Handling,Motor Vehicle Interference & Tampering,0,2013,11
E01003245,Lewisham,Criminal Damage,Criminal Damage To Dwelling,1,2014,5
E01001495,Enfield,Drugs,Possession Of Drugs,0,2011,7
E01000025,Barking and Dagenham,Criminal Damage,Other Criminal Damage,0,2011,10
E01002040,Haringey,Violence Against the Person,Assault with Injury,0,2011,12
E01003304,Lewisham,Criminal Damage,Criminal Damage To Other Building,1,2014,7
E01004137,Sutton,Other Notifiable Offences,Going Equipped,0,2015,7
E01001789,Hackney,Drugs,Possession Of Drugs,1,2009,2
E01003108,Lambeth,Theft and Handling,Theft/Taking of Pedal Cycle,0,2012,2
E01001542,Enfield,Violence Against the Person,Wounding/GBH,0,2012,2
E01000656,Bromley,Criminal Damage,Criminal Damage To Other Building,0,2008,2
E01002342,Havering,Robbery,Personal Property,3,2012,10
E01004084,Sutton,Theft and Handling,Motor Vehicle Interference & Tampering,0,2010,2
E01001054,Croydon,Criminal Damage,Criminal Damage To Motor Vehicle,3,2008,4
E01003182,Lambeth,Drugs,Possession Of Drugs,0,2011,8
E01002646,Hounslow,Violence Against the Person,Other violence,0,2014,10
E01002228,Harrow,Criminal Damage,Criminal Damage To Motor Vehicle,0,2011,11
E01003096,Lambeth,Criminal Damage,Other Criminal Damage,1,2008,2
E01003520,Newham,Violence Against the Person,Other violence,0,2014,12
E01000536,Brent,Drugs,Possession Of Drugs,0,2015,4
E01004591,Wandsworth,Criminal Damage,Criminal Damage To Other Building,0,2012,4
E01000788,Bromley,Theft and Handling,Theft/Taking Of Motor Vehicle,0,2012,5
E01000363,Bexley,Theft and Handling,Theft/Taking Of Motor Vehicle,1,2013,5
E01002119,Harrow,Robbery,Personal Property,1,2009,11
E01002620,Hounslow,Violence Against the Person,Common Assault,1,2014,9
E01004111,Sutton,Theft and Handling,Theft/Taking of Pedal Cycle,0,2011,10
E01003479,Newham,Criminal Damage,Criminal Damage To Motor Vehicle,0,2015,3
E01002711,Islington,Violence Against the Person,Wounding/GBH,3,2016,9
E01003740,Redbridge,Criminal Damage,Criminal Damage To Motor Vehicle,0,2015,10
E01000612,Brent,Theft and Handling,Other Theft,1,2010,6
E01000516,Brent,Burglary,Burglary in a Dwelling,0,2014,2
E01003313,Lewisham,Theft and Handling,Theft/Taking Of Motor Vehicle,0,2014,3
E01001278,Ealing,Violence Against the Person,Wounding/GBH,0,2013,12
E01001041,Croydon,Theft and Handling,Motor Vehicle Interference & Tampering,0,2009,2
E01002529,Hillingdon,Drugs,Drug Trafficking,0,2011,3
E01001666,Greenwich,Violence Against the Person,Wounding/GBH,1,2016,5
E01004293,Tower Hamlets,Theft and Handling,Other Theft,18,2014,7
E01002256,Havering,Theft and Handling,Motor Vehicle Interference & Tampering,0,2010,3
E01002339,Havering,Robbery,Personal Property,0,2015,1
E01002131,Harrow,Criminal Damage,Criminal Damage To Dwelling,0,2013,4
E01001261,Ealing,Drugs,Possession Of Drugs,2,2014,2
E01002380,Havering,Other Notifiable Offences,Other Notifiable,0,2010,10
E01004123,Sutton,Theft and Handling,Theft/Taking Of Motor Vehicle,0,2008,6
E01002043,Haringey,Theft and Handling,Other Theft Person,0,2011,6
E01003511,Newham,Criminal Damage,Criminal Damage To Other Building,0,2012,5
E01002058,Haringey,Burglary,Burglary in a Dwelling,0,2009,2
E01033457,Brent,Criminal Damage,Criminal Damage To Other Building,0,2008,8
E01000319,Barnet,Robbery,Personal Property,0,2014,6
E01001360,Ealing,Robbery,Personal Property,0,2014,3
E01000873,Camden,Theft and Handling,Other Theft,1,2012,7
E01002308,Havering,Burglary,Burglary in Other Buildings,2,2008,6
E01033700,Hackney,Theft and Handling,Theft From Motor Vehicle,0,2011,8
E01000251,Barnet,Burglary,Burglary in a Dwelling,0,2013,5
E01004307,Tower Hamlets,Drugs,Other Drugs,0,2008,10
E01000801,Bromley,Theft and Handling,Theft/Taking of Pedal Cycle,0,2014,9
E01004610,Wandsworth,Theft and Handling,Theft/Taking of Pedal Cycle,1,2009,12
E01001681,Greenwich,Theft and Handling,Other Theft,0,2015,10
E01003154,Lambeth,Violence Against the Person,Common Assault,1,2013,5
E01002193,Harrow,Violence Against the Person,Offensive Weapon,0,2014,4
E01004135,Sutton,Burglary,Burglary in Other Buildings,1,2010,9
E01003624,Newham,Criminal Damage,Criminal Damage To Dwelling,0,2015,10
E01003798,Richmond upon Thames,Theft and Handling,Theft/Taking Of Motor Vehicle,1,2011,12
E01004024,Southwark,Robbery,Business Property,0,2011,12
E01000370,Bexley,Drugs,Possession Of Drugs,0,2013,5
E01000861,Camden,Criminal Damage,Other Criminal Damage,1,2015,6
E01002187,Harrow,Drugs,Other Drugs,0,2012,3
E01001211,Ealing,Violence Against the Person,Assault with Injury,0,2014,12
E01002442,Hillingdon,Burglary,Burglary in Other Buildings,0,2011,12
E01002043,Haringey,Theft and Handling,Motor Vehicle Interference & Tampering,0,2016,8
E01000357,Bexley,Violence Against the Person,Other violence,0,2014,2
E01004675,Westminster,Theft and Handling,Other Theft,1,2009,1
E01000765,Bromley,Theft and Handling,Theft/Taking Of Motor Vehicle,2,2012,1
E01003137,Lambeth,Theft and Handling,Motor Vehicle Interference & Tampering,0,2009,1
E01002926,Kingston upon Thames,Theft and Handling,Other Theft,0,2008,10
E01033489,Islington,Other Notifiable Offences,Other Notifiable,2,2012,3
E01003068,Lambeth,Criminal Damage,Criminal Damage To Dwelling,1,2013,11
E01004458,Waltham Forest,Drugs,Possession Of Drugs,0,2010,9
E01000355,Bexley,Theft and Handling,Theft/Taking of Pedal Cycle,0,2012,9
E01001394,Enfield,Burglary,Burglary in a Dwelling,0,2011,8
E01002328,Havering,Criminal Damage,Other Criminal Damage,0,2011,2
E01000552,Brent,Violence Against the Person,Common Assault,3,2013,4
E01000991,Croydon,Theft and Handling,Theft/Taking of Pedal Cycle,0,2013,6
E01004381,Waltham Forest,Robbery,Personal Property,0,2009,6
E01001365,Ealing,Theft and Handling,Other Theft,0,2013,2
E01003383,Merton,Drugs,Other Drugs,0,2008,7
E01001006,Croydon,Theft and Handling,Other Theft Person,0,2015,6
E01003745,Redbridge,Theft and Handling,Theft From Motor Vehicle,1,2011,6
E01003575,Newham,Burglary,Burglary in a Dwelling,1,2016,8
E01003963,Southwark,Theft and Handling,Other Theft Person,1,2009,11
E01003215,Lewisham,Burglary,Burglary in Other Buildings,1,2010,8
E01001598,Greenwich,Violence Against the Person,Wounding/GBH,0,2012,1
E01004130,Sutton,Criminal Damage,Criminal Damage To Motor Vehicle,0,2014,11
E01004100,Sutton,Robbery,Business Property,0,2014,6
E01002702,Islington,Theft and Handling,Theft/Taking Of Motor Vehicle,1,2010,10
E01002649,Hounslow,Other Notifiable Offences,Other Notifiable,0,2010,3
E01004688,Westminster,Violence Against the Person,Harassment,1,2015,3
E01001667,Greenwich,Theft and Handling,Theft From Shops,6,2011,10
E01001281,Ealing,Violence Against the Person,Offensive Weapon,0,2011,11
E01002722,Islington,Violence Against the Person,Harassment,1,2013,11
E01003606,Newham,Criminal Damage,Other Criminal Damage,0,2015,1
E01001427,Enfield,Robbery,Personal Property,1,2014,3
E01000603,Brent,Theft and Handling,Other Theft,1,2011,7
E01003608,Newham,Violence Against the Person,Common Assault,0,2015,1
E01004723,Westminster,Criminal Damage,Criminal Damage To Other Building,0,2010,8
E01001183,Croydon,Theft and Handling,Motor Vehicle Interference & Tampering,0,2015,4
E01001134,Croydon,Violence Against the Person,Common Assault,1,2013,6
E01000974,Camden,Criminal Damage,Criminal Damage To Dwelling,1,2010,9
E01000017,Barking and Dagenham,Theft and Handling,Theft/Taking Of Motor Vehicle,0,2015,11
E01003542,Newham,Robbery,Personal Property,0,2011,3
E01002534,Hillingdon,Violence Against the Person,Assault with Injury,1,2009,5
E01004072,Southwark,Criminal Damage,Criminal Damage To Other Building,0,2011,7
E01001029,Croydon,Criminal Damage,Criminal Damage To Other Building,0,2010,9
E01003923,Southwark,Drugs,Other Drugs,0,2013,9
E01033740,Greenwich,Violence Against the Person,Common Assault,0,2014,4
E01032720,Southwark,Violence Against the Person,Assault with Injury,5,2016,5
E01000240,Barnet,Drugs,Drug Trafficking,0,2010,2
E01000957,Camden,Robbery,Business Property,0,2009,6
E01033730,Greenwich,Theft and Handling,Other Theft Person,1,2011,9
E01032722,Southwark,Criminal Damage,Other Criminal Damage,0,2012,5
E01000705,Bromley,Other Notifiable Offences,Going Equipped,0,2013,12
E01002298,Havering,Other Notifiable Offences,Other Notifiable,0,2011,4
E01000747,Bromley,Criminal Damage,Criminal Damage To Other Building,0,2014,8
E01002293,Havering,Burglary,Burglary in Other Buildings,3,2008,7
E01001414,Enfield,Theft and Handling,Handling Stolen Goods,0,2009,10
E01004212,Tower Hamlets,Criminal Damage,Criminal Damage To Dwelling,0,2012,3
E01033424,Brent,Robbery,Personal Property,0,2013,9
E01000548,Brent,Theft and Handling,Theft From Motor Vehicle,1,2013,11
E01003674,Redbridge,Violence Against the Person,Common Assault,2,2008,5
E01000284,Barnet,Theft and Handling,Theft/Taking Of Motor Vehicle,0,2016,9
E01000518,Brent,Theft and Handling,Motor Vehicle Interference & Tampering,0,2016,8
E01002454,Hillingdon,Burglary,Burglary in a Dwelling,0,2008,5
E01000475,Brent,Theft and Handling,Motor Vehicle Interference & Tampering,0,2013,12
E01003816,Richmond upon Thames,Theft and Handling,Other Theft Person,0,2013,10
E01002592,Hounslow,Theft and Handling,Motor Vehicle Interference & Tampering,0,2015,5
E01003760,Redbridge,Fraud or Forgery,Counted per Victim,0,2011,1
E01032782,Tower Hamlets,Violence Against the Person,Assault with Injury,0,2014,11
E01003393,Merton,Burglary,Burglary in Other Buildings,2,2009,5
E01002700,Islington,Drugs,Drug Trafficking,0,2011,10
E01002982,Kingston upon Thames,Theft and Handling,Motor Vehicle Interference & Tampering,0,2010,4
E01000337,Bexley,Drugs,Drug Trafficking,0,2012,6
E01001385,Ealing,Drugs,Possession Of Drugs,0,2013,6
E01000467,Bexley,Violence Against the Person,Offensive Weapon,0,2008,6
E01001135,Croydon,Drugs,Possession Of Drugs,2,2009,10
E01000960,Camden,Violence Against the Person,Harassment,0,2009,8
E01001760,Hackney,Drugs,Drug Trafficking,0,2012,6
E01003887,Richmond upon Thames,Theft and Handling,Other Theft Person,0,2016,1
E01001106,Croydon,Theft and Handling,Theft/Taking Of Motor Vehicle,0,2009,5
E01004464,Waltham Forest,Violence Against the Person,Other violence,0,2016,1
E01004285,Tower Hamlets,Theft and Handling,Theft/Taking of Pedal Cycle,0,2016,10
E01003324,Lewisham,Violence Against the Person,Murder,0,2008,11
E01004370,Waltham Forest,Theft and Handling,Other Theft Person,0,2009,6
E01003484,Newham,Theft and Handling,Theft/Taking of Pedal Cycle,0,2009,10
E01002284,Havering,Drugs,Possession Of Drugs,1,2016,6
E01002670,Hounslow,Criminal Damage,Criminal Damage To Other Building,0,2008,12
E01003804,Richmond upon Thames,Burglary,Burglary in a Dwelling,1,2015,2
E01000119,Barnet,Violence Against the Person,Wounding/GBH,0,2011,9
E01003379,Merton,Theft and Handling,Other Theft Person,0,2012,11
E01001535,Enfield,Theft and Handling,Theft From Motor Vehicle,0,2015,4
E01003779,Redbridge,Burglary,Burglary in a Dwelling,1,2010,5
E01003050,Lambeth,Criminal Damage,Other Criminal Damage,0,2013,9
E01004714,Westminster,Other Notifiable Offences,Other Notifiable,1,2011,9
E01003173,Lambeth,Burglary,Burglary in Other Buildings,0,2009,2
E01003464,Merton,Drugs,Possession Of Drugs,1,2012,6
E01003598,Newham,Theft and Handling,Theft/Taking Of Motor Vehicle,2,2011,11
E01004762,Westminster,Burglary,Burglary in a Dwelling,2,2008,9
E01003250,Lewisham,Theft and Handling,Theft From Shops,0,2012,3
E01002939,Kingston upon Thames,Other Notifiable Offences,Other Notifiable,0,2013,1
E01004457,Waltham Forest,Criminal Damage,Criminal Damage To Motor Vehicle,2,2009,4
E01001906,Hammersmith and Fulham,Violence Against the Person,Other violence,0,2016,8
E01033583,Newham,Drugs,Other Drugs,0,2016,9
E01000074,Barking and Dagenham,Other Notifiable Offences,Going Equipped,0,2008,4
E01001918,Hammersmith and Fulham,Criminal Damage,Criminal Damage To Motor Vehicle,0,2016,8
E01001545,Enfield,Other Notifiable Offences,Other Notifiable,0,2015,2
E01002239,Harrow,Theft and Handling,Other Theft Person,0,2009,10
E01004203,Tower Hamlets,Other Notifiable Offences,Going Equipped,0,2010,5
E01003461,Merton,Criminal Damage,Criminal Damage To Other Building,0,2014,7
E01004095,Sutton,Other Notifiable Offences,Other Notifiable,0,2010,9
E01000254,Barnet,Theft and Handling,Theft From Shops,0,2012,2
E01000425,Bexley,Theft and Handling,Other Theft,1,2010,8
E01032581,Redbridge,Drugs,Possession Of Drugs,0,2010,9
E01002023,Haringey,Theft and Handling,Other Theft,1,2011,10
E01004259,Tower Hamlets,Burglary,Burglary in a Dwelling,0,2009,1
E01002261,Havering,Theft and Handling,Theft/Taking of Pedal Cycle,0,2008,3
E01001502,Enfield,Other Notifiable Offences,Going Equipped,0,2014,2
E01001043,Croydon,Theft and Handling,Other Theft,21,2016,4
E01002920,Kingston upon Thames,Theft and Handling,Motor Vehicle Interference & Tampering,0,2013,6
E01004109,Sutton,Theft and Handling,Other Theft Person,0,2011,12
E01001507,Enfield,Drugs,Possession Of Drugs,0,2014,10
E01000088,Barking and Dagenham,Robbery,Personal Property,1,2011,3
E01003217,Lewisham,Theft and Handling,Theft From Motor Vehicle,0,2014,7
E01001061,Croydon,Theft and Handling,Theft/Taking of Pedal Cycle,0,2011,10
E01003124,Lambeth,Drugs,Other Drugs,0,2015,8
E01003810,Richmond upon Thames,Criminal Damage,Criminal Damage To Motor Vehicle,0,2008,10
E01003049,Lambeth,Theft and Handling,Other Theft Person,0,2010,1
E01003761,Redbridge,Violence Against the Person,Murder,0,2016,5
E01004524,Wandsworth,Theft and Handling,Theft/Taking of Pedal Cycle,0,2014,1
E01002526,Hillingdon,Criminal Damage,Other Criminal Damage,2,2016,8
E01000786,Bromley,Theft and Handling,Theft/Taking of Pedal Cycle,0,2013,10
E01002503,Hillingdon,Violence Against the Person,Harassment,1,2009,7
E01004314,Tower Hamlets,Other Notifiable Offences,Other Notifiable,0,2008,2
E01002486,Hillingdon,Other Notifiable Offences,Going Equipped,0,2015,10
E01003576,Newham,Criminal Damage,Criminal Damage To Motor Vehicle,1,2008,7
E01000178,Barnet,Theft and Handling,Theft From Motor Vehicle,0,2015,4
E01000312,Barnet,Criminal Damage,Criminal Damage To Motor Vehicle,0,2010,9
E01002840,Kensington and Chelsea,Theft and Handling,Motor Vehicle Interference & Tampering,0,2011,4
E01002380,Havering,Other Notifiable Offences,Going Equipped,0,2008,12
E01001544,Enfield,Theft and Handling,Theft/Taking Of Motor Vehicle,0,2014,12
E01003145,Lambeth,Criminal Damage,Criminal Damage To Motor Vehicle,2,2014,4
E01001674,Greenwich,Violence Against the Person,Wounding/GBH,0,2010,11
E01002849,Kensington and Chelsea,Other Notifiable Offences,Other Notifiable,1,2013,4
E01001623,Greenwich,Theft and Handling,Handling Stolen Goods,0,2015,6
E01003273,Lewisham,Violence Against the Person,Other violence,0,2015,4
E01001497,Enfield,Drugs,Other Drugs,0,2014,11
E01000257,Barnet,Theft and Handling,Other Theft Person,0,2008,12
E01000188,Barnet,Drugs,Drug Trafficking,0,2016,3
E01003173,Lambeth,Violence Against the Person,Wounding/GBH,0,2012,8
E01001674,Greenwich,Criminal Damage,Other Criminal Damage,0,2013,11
E01001704,Greenwich,Theft and Handling,Theft From Motor Vehicle,0,2015,5
E01002034,Haringey,Violence Against the Person,Assault with Injury,6,2015,1
E01001166,Croydon,Drugs,Possession Of Drugs,2,2013,7
E01004121,Sutton,Theft and Handling,Handling Stolen Goods,0,2012,11
E01002228,Harrow,Violence Against the Person,Assault with Injury,0,2014,7
E01002361,Havering,Theft and Handling,Other Theft,8,2011,10
E01003545,Newham,Theft and Handling,Theft/Taking Of Motor Vehicle,1,2014,10
E01001787,Hackney,Drugs,Drug Trafficking,0,2008,1
E01004508,Wandsworth,Criminal Damage,Criminal Damage To Motor Vehicle,3,2014,3
E01004340,Waltham Forest,Violence Against the Person,Other violence,0,2016,5
E01002615,Hounslow,Robbery,Business Property,0,2010,2
E01003651,Redbridge,Criminal Damage,Other Criminal Damage,0,2012,12
E01001832,Hackney,Violence Against the Person,Wounding/GBH,1,2015,7
E01000071,Barking and Dagenham,Robbery,Personal Property,3,2009,5
E01001571,Greenwich,Violence Against the Person,Harassment,1,2011,4
E01002918,Kingston upon Thames,Violence Against the Person,Common Assault,0,2008,11
E01000693,Bromley,Other Notifiable Offences,Other Notifiable,0,2014,4
E01003151,Lambeth,Robbery,Personal Property,0,2016,9
E01004217,Tower Hamlets,Drugs,Other Drugs,0,2014,1
E01000937,Camden,Robbery,Personal Property,0,2012,3
E01002068,Haringey,Violence Against the Person,Offensive Weapon,1,2012,6
E01003230,Lewisham,Criminal Damage,Criminal Damage To Dwelling,1,2016,2
E01002768,Islington,Drugs,Possession Of Drugs,1,2014,11
E01002138,Harrow,Drugs,Drug Trafficking,0,2014,8
E01002006,Haringey,Theft and Handling,Theft From Motor Vehicle,0,2010,12
E01004508,Wandsworth,Burglary,Burglary in Other Buildings,1,2011,1
E01001547,Enfield,Violence Against the Person,Harassment,1,2012,10
E01000097,Barking and Dagenham,Violence Against the Person,Other violence,0,2014,3
E01003618,Newham,Burglary,Burglary in Other Buildings,1,2012,12
E01004472,Wandsworth,Robbery,Personal Property,0,2015,3
E01002412,Hillingdon,Violence Against the Person,Wounding/GBH,0,2008,4
E01001784,Hackney,Theft and Handling,Motor Vehicle Interference & Tampering,0,2016,8
E01001758,Hackney,Robbery,Business Property,0,2012,8
E01000485,Brent,Theft and Handling,Other Theft,0,2013,12
E01002219,Harrow,Sexual Offences,Rape,0,2012,2
E01002374,Havering,Drugs,Possession Of Drugs,0,2014,4
E01001755,Hackney,Robbery,Business Property,0,2013,8
E01003077,Lambeth,Robbery,Business Property,0,2016,10
E01003422,Merton,Violence Against the Person,Assault with Injury,0,2013,6
E01002063,Haringey,Criminal Damage,Criminal Damage To Motor Vehicle,0,2015,2
E01002000,Haringey,Other Notifiable Offences,Other Notifiable,0,2008,1
E01001675,Greenwich,Theft and Handling,Theft From Motor Vehicle,0,2013,9
E01000951,Camden,Theft and Handling,Theft From Motor Vehicle,0,2015,10
E01000770,Bromley,Violence Against the Person,Offensive Weapon,0,2013,3
E01003795,Redbridge,Theft and Handling,Theft From Shops,0,2010,11
E01003886,Richmond upon Thames,Robbery,Personal Property,0,2014,2
E01001347,Ealing,Violence Against the Person,Harassment,3,2016,10
E01002383,Havering,Theft and Handling,Theft From Motor Vehicle,0,2012,9
E01002016,Haringey,Criminal Damage,Criminal Damage To Dwelling,0,2010,10
E01001693,Greenwich,Other Notifiable Offences,Other Notifiable,0,2011,1
E01004204,Tower Hamlets,Theft and Handling,Motor Vehicle Interference & Tampering,0,2009,5
E01004247,Tower Hamlets,Burglary,Burglary in a Dwelling,1,2015,1
E01004715,Westminster,Fraud or Forgery,Other Fraud & Forgery,0,2009,6
E01001285,Ealing,Theft and Handling,Motor Vehicle Interference & Tampering,1,2016,1
E01003105,Lambeth,Burglary,Burglary in Other Buildings,4,2010,8
E01001177,Croydon,Other Notifiable Offences,Other Notifiable,0,2010,12
E01000986,Croydon,Theft and Handling,Theft/Taking of Pedal Cycle,1,2013,9
E01002816,Kensington and Chelsea,Criminal Damage,Other Criminal Damage,0,2012,4
E01001419,Enfield,Theft and Handling,Theft/Taking Of Motor Vehicle,1,2008,11
E01000763,Bromley,Violence Against the Person,Offensive Weapon,0,2008,3
E01003525,Newham,Theft and Handling,Other Theft Person,4,2013,11
E01000276,Barnet,Burglary,Burglary in a Dwelling,2,2008,4
E01003008,Kingston upon Thames,Criminal Damage,Other Criminal Damage,0,2013,11
E01000604,Brent,Burglary,Burglary in a Dwelling,1,2009,5
E01003450,Merton,Criminal Damage,Criminal Damage To Other Building,0,2011,4
E01002964,Kingston upon Thames,Violence Against the Person,Murder,0,2013,10
E01000203,Barnet,Violence Against the Person,Common Assault,2,2013,10
E01001708,Greenwich,Theft and Handling,Theft From Motor Vehicle,0,2013,6
E01003689,Redbridge,Burglary,Burglary in a Dwelling,0,2010,11
E01001876,Hammersmith and Fulham,Drugs,Other Drugs,0,2012,5
E01003068,Lambeth,Violence Against the Person,Harassment,0,2013,11
E01000698,Bromley,Theft and Handling,Theft/Taking of Pedal Cycle,0,2014,11
E01002789,Islington,Other Notifiable Offences,Other Notifiable,0,2015,9
E01001606,Greenwich,Criminal Damage,Criminal Damage To Other Building,0,2011,8
E01003936,Southwark,Violence Against the Person,Harassment,0,2008,11
E01002796,Islington,Burglary,Burglary in a Dwelling,0,2008,2
E01003643,Redbridge,Violence Against the Person,Wounding/GBH,0,2008,11
E01004696,Westminster,Violence Against the Person,Harassment,1,2016,11
E01002005,Haringey,Theft and Handling,Other Theft,0,2014,2
E01003515,Newham,Sexual Offences,Rape,0,2015,8
E01003408,Merton,Violence Against the Person,Assault with Injury,0,2013,6
E01002649,Hounslow,Theft and Handling,Theft From Motor Vehicle,1,2010,8
E01002408,Hillingdon,Burglary,Burglary in Other Buildings,0,2015,5
E01003755,Redbridge,Theft and Handling,Theft/Taking Of Motor Vehicle,1,2011,3
E01001249,Ealing,Drugs,Drug Trafficking,0,2011,7
E01003173,Lambeth,Theft and Handling,Motor Vehicle Interference & Tampering,0,2015,1
E01002570,Hounslow,Burglary,Burglary in Other Buildings,1,2008,11
E01003212,Lewisham,Violence Against the Person,Offensive Weapon,0,2014,3
E01000919,Camden,Robbery,Personal Property,6,2009,1
E01000684,Bromley,Theft and Handling,Theft/Taking of Pedal Cycle,0,2011,10
E01003065,Lambeth,Robbery,Personal Property,1,2009,10
E01000010,Barking and Dagenham,Fraud or Forgery,Counted per Victim,0,2012,12
E01004012,Southwark,Robbery,Business Property,0,2014,1
E01003203,Lewisham,Burglary,Burglary in a Dwelling,1,2015,5
E01004544,Wandsworth,Violence Against the Person,Assault with Injury,0,2015,4
E01003486,Newham,Drugs,Other Drugs,0,2009,11
E01000824,Bromley,Violence Against the Person,Assault with Injury,0,2014,1
E01002056,Haringey,Theft and Handling,Theft From Motor Vehicle,2,2010,5
E01001469,Enfield,Burglary,Burglary in Other Buildings,0,2015,11
E01003955,Southwark,Burglary,Burglary in Other Buildings,0,2015,3
E01001196,Ealing,Theft and Handling,Other Theft Person,0,2015,5
E01003645,Redbridge,Criminal Damage,Criminal Damage To Dwelling,1,2015,12
E01001638,Greenwich,Violence Against the Person,Common Assault,0,2013,1
E01002066,Haringey,Theft and Handling,Theft/Taking Of Motor Vehicle,2,2011,3
E01001854,Hammersmith and Fulham,Violence Against the Person,Assault with Injury,0,2011,9
E01000805,Bromley,Violence Against the Person,Harassment,0,2014,9
E01004048,Southwark,Robbery,Personal Property,0,2010,3
E01003210,Lewisham,Theft and Handling,Theft From Shops,1,2016,1
E01000003,City of London,Violence Against the Person,Common Assault,0,2011,12
E01004420,Waltham Forest,Robbery,Business Property,0,2013,12
E01002026,Haringey,Violence Against the Person,Wounding/GBH,1,2008,9
E01003546,Newham,Robbery,Business Property,0,2016,3
E01003988,Southwark,Violence Against the Person,Offensive Weapon,0,2016,2
E01003184,Lambeth,Drugs,Drug Trafficking,0,2008,12
E01000154,Barnet,Criminal Damage,Criminal Damage To Dwelling,0,2016,12
E01003101,Lambeth,Violence Against the Person,Wounding/GBH,1,2013,4
E01002315,Havering,Other Notifiable Offences,Other Notifiable,0,2013,5
E01002834,Kensington and Chelsea,Theft and Handling,Theft/Taking Of Motor Vehicle,1,2008,6
E01033568,Kingston upon Thames,Theft and Handling,Motor Vehicle Interference & Tampering,0,2014,12
E01002459,Hillingdon,Robbery,Business Property,0,2015,3
E01004495,Wandsworth,Violence Against the Person,Offensive Weapon,0,2008,11
E01001545,Enfield,Other Notifiable Offences,Going Equipped,0,2011,12
E01002838,Kensington and Chelsea,Violence Against the Person,Wounding/GBH,0,2011,3
E01001587,Greenwich,Criminal Damage,Other Criminal Damage,0,2010,4
E01000141,Barnet,Other Notifiable Offences,Other Notifiable,2,2014,2
E01000029,Barking and Dagenham,Fraud or Forgery,Counted per Victim,0,2010,12
E01000378,Bexley,Theft and Handling,Theft From Shops,3,2013,8
E01003092,Lambeth,Criminal Damage,Criminal Damage To Dwelling,0,2008,9
E01001479,Enfield,Theft and Handling,Handling Stolen Goods,0,2008,2
E01004440,Waltham Forest,Criminal Damage,Criminal Damage To Dwelling,0,2015,11
E01002206,Harrow,Violence Against the Person,Wounding/GBH,0,2010,1
E01003415,Merton,Theft and Handling,Motor Vehicle Interference & Tampering,0,2012,11
E01001450,Enfield,Drugs,Drug Trafficking,0,2014,9
E01003258,Lewisham,Theft and Handling,Motor Vehicle Interference & Tampering,0,2012,5
E01001624,Greenwich,Other Notifiable Offences,Going Equipped,0,2014,2
E01003364,Merton,Criminal Damage,Criminal Damage To Dwelling,0,2010,12
E01000433,Bexley,Violence Against the Person,Offensive Weapon,0,2009,4
E01000512,Brent,Other Notifiable Offences,Other Notifiable,0,2012,12
E01002327,Havering,Burglary,Burglary in Other Buildings,0,2016,9
E01000151,Barnet,Violence Against the Person,Common Assault,0,2010,9
