E01001989,Haringey,Violence Against the Person,Assault with Injury,1,2013,7
E01003694,Redbridge,Burglary,Burglary in Other Buildings,1,2014,11
E01004744,Westminster,Theft and Handling,Theft/Taking Of Motor Vehicle,0,2012,3
E01000193,Barnet,Violence Against the Person,Harassment,4,2014,7
E01000359,Bexley,Theft and Handling,Motor Vehicle Interference & Tampering,0,2009,11
E01004292,Tower Hamlets,Violence Against the Person,Assault with Injury,0,2016,12
E01003715,Redbridge,Fraud or Forgery,Other Fraud & Forgery,0,2014,4
E01001138,Croydon,Theft and Handling,Theft/Taking Of Motor Vehicle,2,2016,8
E01002831,Kensington and Chelsea,Criminal Damage,Criminal Damage To Motor Vehicle,2,2009,10
E01000264,Barnet,Violence Against the Person,Harassment,3,2015,7
E01000677,Bromley,Violence Against the Person,Assault with Injury,0,2010,9
E01002314,Havering,Theft and Handling,Theft From Shops,0,2016,8
E01000213,Barnet,Theft and Handling,Theft/Taking of Pedal Cycle,0,2008,12
E01001428,Enfield,Drugs,Possession Of Drugs,1,2009,10
E01001362,Ealing,Criminal Damage,Criminal Damage To Other Building,1,2012,8
E01001324,Ealing,Theft and Handling,Theft/Taking of Pedal Cycle,0,2015,3
E01000585,Brent,Violence Against the Person,Other violence,2,2014,10
E01000055,Barking and Dagenham,Theft and Handling,Motor Vehicle Interference & Tampering,0,2015,8
E01000710,Bromley,Theft and Handling,Theft/Taking Of Motor Vehicle,0,2014,4
E01033575,Newham,Violence Against the Person,Offensive Weapon,0,2014,11
E01002435,Hillingdon,Drugs,Other Drugs,0,2015,5
E01003855,Richmond upon Thames,Drugs,Drug Trafficking,0,2012,7
E01001551,Enfield,Violence Against the Person,Murder,0,2013,2
E01003660,Redbridge,Theft and Handling,Other Theft Person,0,2012,10
E01002921,Kingston upon Thames,Theft and Handling,Handling Stolen Goods,0,2013,12
E01003681,Redbridge,Theft and Handling,Handling Stolen Goods,0,2015,8
E01002930,Kingston upon Thames,Violence Against the Person,Murder,0,2008,6
E01001920,Hammersmith and Fulham,Other Notifiable Offences,Going Equipped,1,2011,9
E01004537,Wandsworth,Drugs,Possession Of Drugs,2,2011,11
E01002970,Kingston upon Thames,Criminal Damage,Criminal Damage To Motor Vehicle,0,2010,2
E01000502,Brent,Violence Against the Person,Other violence,1,2014,6
E01002996,Kingston upon Thames,Theft and Handling,Other Theft Person,0,2010,12
E01001219,Ealing,Criminal Damage,Criminal Damage To Other Building,0,2015,12
E01003327,Lewisham,Other Notifiable Offences,Other Notifiable,0,2016,6
E01002900,Kensington and Chelsea,Theft and Handling,Theft/Taking Of Motor Vehicle,1,2010,8
E01000256,Barnet,Theft and Handling,Theft/Taking Of Motor Vehicle,0,2012,4
E01004435,Waltham Forest,Theft and Handling,Motor Vehicle Interference & Tampering,0,2013,9
E01004755,Westminster,Other Notifiable Offences,Other Notifiable,0,2014,2
E01004247,Tower Hamlets,Criminal Damage,Other Criminal Damage,1,2014,10
E01000011,Barking and Dagenham,Burglary,Burglary in Other Buildings,2,2012,5
E01004522,Wandsworth,Criminal Damage,Criminal Damage To Other Building,0,2016,2
E01004455,Waltham Forest,Theft and Handling,Theft/Taking of Pedal Cycle,0,2012,8
E01002822,Kensington and Chelsea,Sexual Offences,Rape,0,2010,10
E01002055,Haringey,Violence Against the Person,Offensive Weapon,0,2008,2
E01003320,Lewisham,Criminal Damage,Criminal Damage To Other Building,0,2015,7
E01002064,Haringey,Criminal Damage,Other Criminal Damage,0,2015,5
E01003291,Lewisham,Violence Against the Person,Wounding/GBH,0,2009,2
E01003638,Redbridge,Other Notifiable Offences,Other Notifiable,0,2014,11
E01000475,Brent,Other Notifiable Offences,Other Notifiable,0,2016,9
E01002831,Kensington and Chelsea,Criminal Damage,Criminal Damage To Other Building,0,2010,7
E01002776,Islington,Theft and Handling,Theft From Motor Vehicle,0,2015,12
E01003010,Kingston upon Thames,Robbery,Business Property,0,2010,6
E01002046,Haringey,Criminal Damage,Criminal Damage To Other Building,0,2012,11
E01004060,Southwark,Theft and Handling,Theft/Taking Of Motor Vehicle,0,2009,11
E01001954,Hammersmith and Fulham,Theft and Handling,Theft/Taking of Pedal Cycle,1,2010,10
E01000234,Barnet,Criminal Damage,Criminal Damage To Dwelling,0,2011,4
E01003541,Newham,Robbery,Personal Property,0,2016,1
E01004233,Tower Hamlets,Theft and Handling,Theft/Taking of Pedal Cycle,0,2013,4
E01000079,Barking and Dagenham,Theft and Handling,Handling Stolen Goods,0,2014,9
E01001649,Greenwich,Theft and Handling,Theft/Taking of Pedal Cycle,0,2013,12
E01002743,Islington,Other Notifiable Offences,Going Equipped,0,2013,7
E01001048,Croydon,Burglary,Burglary in a Dwelling,0,2016,12
E01000337,Bexley,Robbery,Business Property,0,2015,10
E01004633,Wandsworth,Theft and Handling,Theft From Motor Vehicle,0,2016,1
E01000497,Brent,Drugs,Possession Of Drugs,5,2011,7
E01004339,Waltham Forest,Theft and Handling,Theft/Taking Of Motor Vehicle,0,2015,6
E01001426,Enfield,Violence Against the Person,Harassment,0,2014,9
E01000240,Barnet,Theft and Handling,Other Theft,1,2008,9
E01001138,Croydon,Theft and Handling,Theft/Taking Of Motor Vehicle,1,2016,6
E01001307,Ealing,Violence Against the Person,Other violence,0,2016,9
E01003311,Lewisham,Criminal Damage,Criminal Damage To Other Building,0,2012,12
E01033150,Enfield,Criminal Damage,Criminal Damage To Dwelling,1,2012,10
E01004218,Tower Hamlets,Theft and Handling,Theft/Taking Of Motor Vehicle,0,2008,11
E01002251,Havering,Criminal Damage,Other Criminal Damage,1,2010,11
E01004212,Tower Hamlets,Theft and Handling,Theft From Motor Vehicle,0,2016,7
E01000890,Camden,Criminal Damage,Criminal Damage To Other Building,0,2011,6
E01033597,Westminster,Violence Against the Person,Wounding/GBH,0,2012,6
E01000039,Barking and Dagenham,Theft and Handling,Theft From Motor Vehicle,0,2009,11
E01001688,Greenwich,Violence Against the Person,Wounding/GBH,1,2016,5
E01000609,Brent,Theft and Handling,Other Theft,1,2011,10
E01033150,Enfield,Drugs,Drug Trafficking,0,2010,10
E01004762,Westminster,Violence Against the Person,Offensive Weapon,0,2015,7
E01002992,Kingston upon Thames,Violence Against the Person,Other violence,0,2013,2
E01003068,Lambeth,Other Notifiable Offences,Other Notifiable,0,2016,2
E01004566,Wandsworth,Violence Against the Person,Common Assault,2,2010,10
E01001804,Hackney,Burglary,Burglary in a Dwelling,0,2008,5
E01002462,Hillingdon,Criminal Damage,Criminal Damage To Motor Vehicle,0,2016,1
E01003338,Lewisham,Other Notifiable Offences,Going Equipped,0,2010,2
E01004602,Wandsworth,Theft and Handling,Theft/Taking of Pedal Cycle,0,2014,4
E01001754,Hackney,Violence Against the Person,Assault with Injury,2,2009,3
E01002699,Islington,Violence Against the Person,Offensive Weapon,0,2016,8
E01003900,Richmond upon Thames,Theft and Handling,Motor Vehicle Interference & Tampering,0,2009,9
E01002859,Kensington and Chelsea,Criminal Damage,Criminal Damage To Motor Vehicle,0,2015,11
E01003132,Lambeth,Robbery,Personal Property,0,2016,11
E01004119,Sutton,Robbery,Personal Property,0,2010,6
E01001009,Croydon,Robbery,Business Property,1,2012,4
E01003445,Merton,Criminal Damage,Criminal Damage To Other Building,0,2015,3
E01000450,Bexley,Drugs,Drug Trafficking,0,2014,4
E01004747,Westminster,Other Notifiable Offences,Other Notifiable,0,2013,12
E01004468,Waltham Forest,Theft and Handling,Theft From Motor Vehicle,5,2011,12
E01002332,Havering,Criminal Damage,Criminal Damage To Other Building,0,2013,5
E01003100,Lambeth,Theft and Handling,Motor Vehicle Interference & Tampering,0,2015,10
E01003197,Lewisham,Violence Against the Person,Other violence,0,2015,8
E01003526,Newham,Robbery,Personal Property,2,2013,12
E01002002,Haringey,Violence Against the Person,Common Assault,0,2016,1
E01001683,Greenwich,Theft and Handling,Motor Vehicle Interference & Tampering,0,2016,12
E01002964,Kingston upon Thames,Theft and Handling,Theft/Taking Of Motor Vehicle,0,2011,11
E01033569,Kingston upon Thames,Criminal Damage,Criminal Damage To Other Building,1,2016,8
E01002473,Hillingdon,Theft and Handling,Handling Stolen Goods,0,2010,5
E01001354,Ealing,Burglary,Burglary in a Dwelling,3,2009,11
E01002542,Hillingdon,Theft and Handling,Theft/Taking Of Motor Vehicle,1,2013,7
E01002393,Hillingdon,Theft and Handling,Handling Stolen Goods,0,2016,6
E01003389,Merton,Theft and Handling,Other Theft,1,2015,1
E01002841,Kensington and Chelsea,Other Notifiable Offences,Going Equipped,0,2008,6
E01003764,Redbridge,Other Notifiable Offences,Other Notifiable,0,2011,2
E01003298,Lewisham,Drugs,Drug Trafficking,0,2015,2
E01001875,Hammersmith and Fulham,Theft and Handling,Other Theft,0,2015,4
E01000342,Bexley,Theft and Handling,Motor Vehicle Interference & Tampering,0,2016,1
E01004467,Waltham Forest,Theft and Handling,Other Theft Person,1,2013,8
E01002469,Hillingdon,Violence Against the Person,Wounding/GBH,0,2015,8
E01000926,Camden,Criminal Damage,Criminal Damage To Other Building,0,2015,4
E01003082,Lambeth,Theft and Handling,Motor Vehicle Interference & Tampering,1,2016,6
E01001225,Ealing,Robbery,Business Property,0,2016,12
E01001199,Ealing,Theft and Handling,Handling Stolen Goods,0,2014,3
E01002394,Hillingdon,Theft and Handling,Theft From Motor Vehicle,1,2013,1
E01000106,Barking and Dagenham,Burglary,Burglary in a Dwelling,0,2010,2
E01002764,Islington,Theft and Handling,Theft From Motor Vehicle,1,2008,1
E01000229,Barnet,Theft and Handling,Theft/Taking Of Motor Vehicle,1,2010,7
E01000166,Barnet,Burglary,Burglary in a Dwelling,0,2012,2
E01001126,Croydon,Violence Against the Person,Harassment,0,2013,8
E01004004,Southwark,Theft and Handling,Theft From Motor Vehicle,3,2016,2
E01001196,Ealing,Robbery,Personal Property,2,2011,7
E01001650,Greenwich,Violence Against the Person,Other violence,3,2013,4
E01004044,Southwark,Criminal Damage,Criminal Damage To Dwelling,1,2015,11
E01003657,Redbridge,Robbery,Personal Property,1,2008,2
E01004462,Waltham Forest,Violence Against the Person,Common Assault,0,2011,7
E01002781,Islington,Sexual Offences,Other Sexual,0,2011,8
E01003593,Newham,Violence Against the Person,Offensive Weapon,0,2013,1
E01004640,Wandsworth,Robbery,Business Property,0,2011,3
E01000024,Barking and Dagenham,Theft and Handling,Theft/Taking Of Motor Vehicle,0,2009,6
E01002224,Harrow,Violence Against the Person,Other violence,4,2010,10
E01001456,Enfield,Drugs,Possession Of Drugs,0,2016,10
E01002182,Harrow,Burglary,Burglary in a Dwelling,0,2014,12
E01001191,Croydon,Drugs,Possession Of Drugs,0,2010,4
E01001045,Croydon,Theft and Handling,Other Theft,12,2008,8
E01001522,Enfield,Other Notifiable Offences,Other Notifiable,0,2012,1
E01003653,Redbridge,Burglary,Burglary in a Dwelling,1,2009,11
E01001309,Ealing,Theft and Handling,Handling Stolen Goods,0,2016,9
E01033325,Lewisham,Burglary,Burglary in a Dwelling,1,2013,6
E01004608,Wandsworth,Theft and Handling,Motor Vehicle Interference & Tampering,0,2012,2
E01000467,Bexley,Criminal Damage,Criminal Damage To Motor Vehicle,4,2009,1
E01001988,Haringey,Theft and Handling,Other Theft,0,2009,5
E01033576,Newham,Violence Against the Person,Other violence,0,2015,6
E01004745,Westminster,Violence Against the Person,Assault with Injury,0,2015,2
E01004345,Waltham Forest,Violence Against the Person,Offensive Weapon,0,2011,10
E01001014,Croydon,Sexual Offences,Other Sexual,0,2011,1
E01004203,Tower Hamlets,Burglary,Burglary in Other Buildings,1,2012,7
E01001648,Greenwich,Theft and Handling,Motor Vehicle Interference & Tampering,0,2008,2
E01032574,Enfield,Violence Against the Person,Wounding/GBH,0,2011,5
E01000651,Bromley,Violence Against the Person,Other violence,0,2015,7
E01000610,Brent,Theft and Handling,Theft/Taking Of Motor Vehicle,0,2011,3
E01000029,Barking and Dagenham,Theft and Handling,Other Theft,2,2011,1
E01004002,Southwark,Criminal Damage,Criminal Damage To Dwelling,1,2010,4
E01002491,Hillingdon,Violence Against the Person,Common Assault,1,2008,1
E01001714,Hackney,Violence Against the Person,Other violence,0,2014,6
E01000302,Barnet,Drugs,Drug Trafficking,0,2014,6
E01003634,Newham,Other Notifiable Offences,Going Equipped,0,2012,11
E01000016,Barking and Dagenham,Theft and Handling,Theft From Shops,0,2011,12
E01000072,Barking and Dagenham,Criminal Damage,Other Criminal Damage,0,2015,4
E01001269,Ealing,Violence Against the Person,Wounding/GBH,0,2012,4
E01002364,Havering,Drugs,Drug Trafficking,0,2016,2
E01002578,Hounslow,Burglary,Burglary in Other Buildings,1,2015,3
E01002507,Hillingdon,Fraud or Forgery,Counted per Victim,0,2014,12
E01000064,Barking and Dagenham,Drugs,Possession Of Drugs,0,2010,4
E01004063,Southwark,Theft and Handling,Motor Vehicle Interference & Tampering,0,2011,10
E01000184,Barnet,Violence Against the Person,Common Assault,0,2010,5
E01002912,Kensington and Chelsea,Theft and Handling,Handling Stolen Goods,0,2010,1
E01002114,Harrow,Violence Against the Person,Offensive Weapon,0,2013,9
E01002320,Havering,Theft and Handling,Other Theft,0,2016,8
E01001528,Enfield,Criminal Damage,Other Criminal Damage,0,2012,12
E01002372,Havering,Violence Against the Person,Wounding/GBH,0,2011,7
E01003527,Newham,Violence Against the Person,Wounding/GBH,1,2014,12
E01001682,Greenwich,Robbery,Business Property,0,2008,3
E01003907,Richmond upon Thames,Violence Against the Person,Harassment,2,2010,8
E01003279,Lewisham,Theft and Handling,Other Theft,0,2015,12
E01001848,Hackney,Theft and Handling,Theft From Motor Vehicle,0,2015,2
E01004492,Wandsworth,Violence Against the Person,Murder,0,2013,8
E01002461,Hillingdon,Criminal Damage,Other Criminal Damage,0,2009,5
E01002794,Islington,Burglary,Burglary in a Dwelling,0,2013,5
E01003245,Lewisham,Violence Against the Person,Wounding/GBH,1,2008,9
E01002421,Hillingdon,Criminal Damage,Criminal Damage To Motor Vehicle,0,2015,9
E01004692,Westminster,Other Notifiable Offences,Other Notifiable,0,2016,11
E01003013,Lambeth,Theft and Handling,Theft/Taking of Pedal Cycle,4,2015,3
E01004614,Wandsworth,Theft and Handling,Motor Vehicle Interference & Tampering,0,2010,12
E01004419,Waltham Forest,Theft and Handling,Other Theft,0,2014,2
E01003861,Richmond upon Thames,Other Notifiable Offences,Going Equipped,0,2009,1
E01003374,Merton,Theft and Handling,Theft/Taking of Pedal Cycle,1,2016,2
E01004738,Westminster,Drugs,Possession Of Drugs,0,2011,9
E01002450,Hillingdon,Theft and Handling,Theft/Taking of Pedal Cycle,0,2008,2
E01004700,Westminster,Robbery,Personal Property,0,2012,2
E01003291,Lewisham,Violence Against the Person,Harassment,2,2011,7
E01000638,Brent,Violence Against the Person,Offensive Weapon,0,2010,11
E01000012,Barking and Dagenham,Burglary,Burglary in a Dwelling,2,2016,3
E01001412,Enfield,Violence Against the Person,Assault with Injury,0,2016,7
E01004245,Tower Hamlets,Violence Against the Person,Harassment,2,2016,6
E01000457,Bexley,Robbery,Business Property,0,2011,10
E01003615,Newham,Violence Against the Person,Wounding/GBH,0,2012,4
E01002565,Hounslow,Burglary,Burglary in a Dwelling,0,2015,7
E01002760,Islington,Other Notifiable Offences,Other Notifiable,0,2014,8
E01000544,Brent,Other Notifiable Offences,Other Notifiable,0,2009,5
E01003564,Newham,Burglary,Burglary in a Dwelling,0,2010,1
E01002272,Havering,Burglary,Burglary in a Dwelling,1,2010,10
E01001576,Greenwich,Theft and Handling,Theft/Taking Of Motor Vehicle,1,2011,12
E01004217,Tower Hamlets,Burglary,Burglary in Other Buildings,0,2010,8
E01003463,Merton,Violence Against the Person,Wounding/GBH,0,2013,10
E01001677,Greenwich,Other Notifiable Offences,Other Notifiable,3,2009,8
E01033724,Hillingdon,Theft and Handling,Other Theft Person,1,2012,4
E01000524,Brent,Criminal Damage,Criminal Damage To Dwelling,1,2015,3
E01004710,Westminster,Theft and Handling,Other Theft Person,0,2015,8
E01004137,Sutton,Criminal Damage,Other Criminal Damage,0,2012,10
E01001071,Croydon,Other Notifiable Offences,Other Notifiable,0,2011,12
E01002282,Havering,Theft and Handling,Other Theft Person,0,2011,3
E01003893,Richmond upon Thames,Theft and Handling,Theft From Motor Vehicle,0,2008,12
E01001060,Croydon,Theft and Handling,Theft From Shops,0,2016,1
E01001015,Croydon,Robbery,Personal Property,0,2015,3
E01002271,Havering,Theft and Handling,Theft/Taking Of Motor Vehicle,0,2009,6
E01002091,Haringey,Violence Against the Person,Other violence,0,2008,11
E01001410,Enfield,Other Notifiable Offences,Other Notifiable,0,2013,1
E01004583,Wandsworth,Violence Against the Person,Assault with Injury,1,2013,1
E01002404,Hillingdon,Criminal Damage,Other Criminal Damage,1,2011,12
E01001987,Haringey,Criminal Damage,Criminal Damage To Other Building,0,2010,7
E01003666,Redbridge,Violence Against the Person,Harassment,1,2013,1
E01003027,Lambeth,Violence Against the Person,Offensive Weapon,0,2009,10
E01004140,Sutton,Theft and Handling,Handling Stolen Goods,0,2012,7
E01000268,Barnet,Drugs,Drug Trafficking,0,2014,10
E01033591,Redbridge,Other Notifiable Offences,Other Notifiable,1,2014,11
E01001621,Greenwich,Theft and Handling,Theft/Taking of Pedal Cycle,0,2014,12
E01001832,Hackney,Criminal Damage,Criminal Damage To Motor Vehicle,0,2010,8
E01001314,Ealing,Theft and Handling,Other Theft,1,2010,2
E01003523,Newham,Theft and Handling,Theft/Taking Of Motor Vehicle,0,2010,12
E01003627,Newham,Violence Against the Person,Other violence,0,2014,4
E01002709,Islington,Robbery,Personal Property,0,2016,8
E01002143,Harrow,Theft and Handling,Theft From Motor Vehicle,1,2011,2
E01004509,Wandsworth,Sexual Offences,Rape,0,2013,6
E01000870,Camden,Criminal Damage,Other Criminal Damage,1,2016,5
E01003270,Lewisham,Violence Against the Person,Wounding/GBH,0,2013,5
E01002226,Harrow,Violence Against the Person,Wounding/GBH,0,2011,11
E01001345,Ealing,Theft and Handling,Theft From Shops,0,2010,1
E01002669,Hounslow,Theft and Handling,Other Theft,0,2010,5
E01003270,Lewisham,Violence Against the Person,Other violence,0,2008,2
E01003881,Richmond upon Thames,Criminal Damage,Criminal Damage To Dwelling,0,2010,1
E01002528,Hillingdon,Violence Against the Person,Harassment,3,2014,5
E01002340,Havering,Violence Against the Person,Other violence,0,2011,9
E01003551,Newham,Other Notifiable Offences,Other Notifiable,0,2008,11
E01001690,Greenwich,Robbery,Personal Property,0,2013,1
E01004393,Waltham Forest,Robbery,Business Property,0,2013,10
E01001543,Enfield,Violence Against the Person,Wounding/GBH,0,2009,10
E01002302,Havering,Theft and Handling,Handling Stolen Goods,0,2008,11
E01002284,Havering,Violence Against the Person,Offensive Weapon,0,2009,3
E01002533,Hillingdon,Drugs,Possession Of Drugs,0,2012,11
E01002708,Islington,Violence Against the Person,Offensive Weapon,0,2016,7
E01002917,Kingston upon Thames,Theft and Handling,Motor Vehicle Interference & Tampering,0,2009,9
E01001366,Ealing,Robbery,Business Property,0,2010,5
E01033745,Greenwich,Violence Against the Person,Common Assault,0,2016,4
E01004521,Wandsworth,Theft and Handling,Motor Vehicle Interference & Tampering,0,2008,10
E01002729,Islington,Other Notifiable Offences,Other Notifiable,0,2016,7
E01001658,Greenwich,Violence Against the Person,Harassment,1,2015,2
E01002616,Hounslow,Violence Against the Person,Other violence,1,2008,11
E01004465,Waltham Forest,Theft and Handling,Theft From Motor Vehicle,1,2012,8
E01002882,Kensington and Chelsea,Other Notifiable Offences,Other Notifiable,0,2015,4
E01000590,Brent,Theft and Handling,Handling Stolen Goods,0,2012,5
E01002824,Kensington and Chelsea,Criminal Damage,Other Criminal Damage,0,2012,12
E01002439,Hillingdon,Burglary,Burglary in a Dwelling,0,2016,5
E01002087,Haringey,Drugs,Possession Of Drugs,3,2012,2
E01001883,Hammersmith and Fulham,Theft and Handling,Theft/Taking Of Motor Vehicle,0,2016,2
E01002516,Hillingdon,Drugs,Possession Of Drugs,0,2015,5
E01003074,Lambeth,Criminal Damage,Criminal Damage To Other Building,0,2010,7
E01004225,Tower Hamlets,Violence Against the Person,Assault with Injury,2,2012,3
E01002488,Hillingdon,Theft and Handling,Other Theft,1,2014,3
E01002933,Kingston upon Thames,Other Notifiable Offences,Going Equipped,0,2014,6
E01003155,Lambeth,Other Notifiable Offences,Going Equipped,0,2010,3
E01002093,Haringey,Criminal Damage,Criminal Damage To Motor Vehicle,0,2016,11
E01004304,Tower Hamlets,Theft and Handling,Theft From Shops,1,2012,7
E01000238,Barnet,Theft and Handling,Theft/Taking of Pedal Cycle,2,2016,8
E01001261,Ealing,Drugs,Other Drugs,0,2014,2
E01001792,Hackney,Violence Against the Person,Offensive Weapon,0,2014,7
E01002867,Kensington and Chelsea,Theft and Handling,Motor Vehicle Interference & Tampering,0,2011,3
E01001314,Ealing,Theft and Handling,Motor Vehicle Interference & Tampering,0,2008,3
E01001181,Croydon,Violence Against the Person,Common Assault,2,2012,10
E01004316,Tower Hamlets,Robbery,Business Property,0,2010,7
E01000922,Camden,Violence Against the Person,Common Assault,1,2008,3
E01002389,Havering,Drugs,Drug Trafficking,0,2009,3
E01001398,Enfield,Burglary,Burglary in a Dwelling,1,2015,9
E01003215,Lewisham,Burglary,Burglary in a Dwelling,2,2012,2
E01003209,Lewisham,Theft and Handling,Theft/Taking Of Motor Vehicle,2,2016,2
E01003844,Richmond upon Thames,Theft and Handling,Theft/Taking Of Motor Vehicle,0,2014,5
E01004623,Wandsworth,Violence Against the Person,Harassment,1,2008,4
E01000999,Croydon,Theft and Handling,Other Theft,0,2016,5
E01003525,Newham,Violence Against the Person,Other violence,0,2012,8
E01000328,Bexley,Theft and Handling,Theft From Shops,0,2016,8
E01002641,Hounslow,Drugs,Possession Of Drugs,3,2014,7
E01002797,Islington,Drugs,Possession Of Drugs,1,2013,6
E01004491,Wandsworth,Violence Against the Person,Offensive Weapon,0,2011,4
E01000646,Bromley,Theft and Handling,Handling Stolen Goods,0,2016,9
E01003653,Redbridge,Burglary,Burglary in a Dwelling,0,2013,3
E01001540,Enfield,Robbery,Business Property,0,2010,7
E01001696,Greenwich,Criminal Damage,Other Criminal Damage,1,2013,9
E01001783,Hackney,Theft and Handling,Other Theft,0,2013,2
E01000453,Bexley,Criminal Damage,Criminal Damage To Dwelling,1,2014,10
E01001977,Haringey,Theft and Handling,Other Theft,2,2014,11
E01002907,Kensington and Chelsea,Violence Against the Person,Assault with Injury,0,2010,7
E01003369,Merton,Drugs,Possession Of Drugs,1,2010,4
E01002706,Islington,Theft and Handling,Theft/Taking of Pedal Cycle,4,2010,8
E01004112,Sutton,Other Notifiable Offences,Other Notifiable,0,2012,8
E01002011,Haringey,Burglary,Burglary in Other Buildings,0,2011,1
E01003448,Merton,Theft and Handling,Theft From Shops,0,2012,2
E01001680,Greenwich,Theft and Handling,Motor Vehicle Interference & Tampering,0,2009,7
E01000596,Brent,Theft and Handling,Theft/Taking of Pedal Cycle,0,2013,5
E01004677,Westminster,Violence Against the Person,Common Assault,0,2016,6
E01001460,Enfield,Theft and Handling,Theft From Motor Vehicle,1,2012,8
E01003068,Lambeth,Burglary,Burglary in Other Buildings,0,2014,2
E01004159,Sutton,Burglary,Burglary in a Dwelling,0,2014,11
E01003564,Newham,Theft and Handling,Other Theft,0,2016,1
E01001180,Croydon,Theft and Handling,Theft/Taking of Pedal Cycle,2,2009,3
E01001343,Ealing,Theft and Handling,Theft/Taking of Pedal Cycle,0,2012,10
E01000702,Bromley,Theft and Handling,Motor Vehicle Interference & Tampering,0,2008,4
E01032719,Southwark,Violence Against the Person,Assault with Injury,1,2016,9
E01004343,Waltham Forest,Robbery,Business Property,0,2012,10
E01000429,Bexley,Theft and Handling,Handling Stolen Goods,0,2010,7
E01004065,Southwark,Theft and Handling,Other Theft,2,2012,3
E01000704,Bromley,Burglary,Burglary in Other Buildings,0,2009,8
E01003356,Merton,Criminal Damage,Criminal Damage To Motor Vehicle,0,2015,6
E01002927,Kingston upon Thames,Criminal Damage,Criminal Damage To Dwelling,0,2014,3
E01001926,Hammersmith and Fulham,Other Notifiable Offences,Going Equipped,0,2009,5
E01002992,Kingston upon Thames,Criminal Damage,Other Criminal Damage,0,2016,2
E01004128,Sutton,Theft and Handling,Theft From Motor Vehicle,0,2015,6
E01000045,Barking and Dagenham,Criminal Damage,Criminal Damage To Dwelling,0,2008,3
E01001032,Croydon,Robbery,Business Property,0,2015,12
E01004644,Wandsworth,Theft and Handling,Motor Vehicle Interference & Tampering,0,2012,8
E01000758,Bromley,Violence Against the Person,Wounding/GBH,0,2016,9
E01002506,Hillingdon,Fraud or Forgery,Other Fraud & Forgery,0,2008,12
E01004586,Wandsworth,Criminal Damage,Criminal Damage To Other Building,0,2011,9
E01000379,Bexley,Violence Against the Person,Other violence,0,2014,4
E01001717,Hackney,Criminal Damage,Criminal Damage To Other Building,1,2009,2
E01003222,Lewisham,Theft and Handling,Other Theft,0,2010,12
E01000603,Brent,Theft and Handling,Motor Vehicle Interference & Tampering,0,2011,7
E01001587,Greenwich,Burglary,Burglary in Other Buildings,1,2009,4
E01003309,Lewisham,Drugs,Possession Of Drugs,1,2012,2
E01003911,Southwark,Fraud or Forgery,Other Fraud & Forgery,0,2016,12
E01001878,Hammersmith and Fulham,Burglary,Burglary in Other Buildings,0,2014,7
E01000869,Camden,Violence Against the Person,Offensive Weapon,0,2016,10
E01002687,Hounslow,Violence Against the Person,Offensive Weapon,0,2008,4
E01000512,Brent,Criminal Damage,Criminal Damage To Other Building,1,2011,12
E01003751,Redbridge,Violence Against the Person,Wounding/GBH,0,2013,3
E01000773,Bromley,Theft and Handling,Theft/Taking of Pedal Cycle,0,2016,4
E01004119,Sutton,Criminal Damage,Criminal Damage To Dwelling,0,2012,1
E01000809,Bromley,Violence Against the Person,Assault with Injury,0,2008,7
E01001453,Enfield,Violence Against the Person,Wounding/GBH,0,2016,1
E01001215,Ealing,Violence Against the Person,Harassment,0,2013,11
E01004749,Westminster,Criminal Damage,Criminal Damage To Dwelling,1,2013,9
E01003038,Lambeth,Violence Against the Person,Wounding/GBH,0,2008,11
E01002783,Islington,Theft and Handling,Other Theft Person,0,2008,8
E01033463,Brent,Burglary,Burglary in Other Buildings,0,2012,1
E01001116,Croydon,Fraud or Forgery,Counted per Victim,0,2012,2
E01002093,Haringey,Theft and Handling,Theft From Motor Vehicle,1,2012,10
E01004298,Tower Hamlets,Violence Against the Person,Other violence,0,2010,5
E01004194,Sutton,Burglary,Burglary in Other Buildings,0,2014,3
E01000989,Croydon,Robbery,Personal Property,0,2011,7
E01033712,Hackney,Drugs,Possession Of Drugs,0,2009,3
E01004470,Waltham Forest,Theft and Handling,Theft From Shops,1,2016,5
E01004001,Southwark,Theft and Handling,Theft/Taking of Pedal Cycle,0,2011,11
E01004675,Westminster,Theft and Handling,Other Theft Person,0,2015,8
E01002699,Islington,Violence Against the Person,Wounding/GBH,0,2016,7
E01001928,Hammersmith and Fulham,Theft and Handling,Handling Stolen Goods,0,2012,7
E01003549,Newham,Criminal Damage,Criminal Damage To Motor Vehicle,1,2012,2
E01002167,Harrow,Violence Against the Person,Wounding/GBH,0,2013,2
E01002226,Harrow,Violence Against the Person,Wounding/GBH,1,2013,3
E01004243,Tower Hamlets,Theft and Handling,Handling Stolen Goods,0,2015,7
E01002815,Kensington and Chelsea,Theft and Handling,Theft/Taking of Pedal Cycle,0,2015,7
E01002333,Havering,Theft and Handling,Motor Vehicle Interference & Tampering,0,2016,10
E01033325,Lewisham,Theft and Handling,Theft From Shops,0,2009,8
E01004401,Waltham Forest,Other Notifiable Offences,Other Notifiable,1,2012,11
E01002182,Harrow,Drugs,Possession Of Drugs,0,2014,8
E01003638,Redbridge,Violence Against the Person,Other violence,0,2013,2
E01004679,Westminster,Robbery,Business Property,0,2012,8
E01002364,Havering,Fraud or Forgery,Counted per Victim,0,2016,12
E01001477,Enfield,Sexual Offences,Rape,0,2013,11
E01000704,Bromley,Sexual Offences,Other Sexual,0,2012,6
E01002159,Harrow,Criminal Damage,Criminal Damage To Dwelling,0,2016,5
E01000799,Bromley,Violence Against the Person,Common Assault,3,2014,3
E01000008,Barking and Dagenham,Theft and Handling,Theft/Taking Of Motor Vehicle,2,2011,9
E01001151,Croydon,Criminal Damage,Criminal Damage To Motor Vehicle,0,2015,5
E01003182,Lambeth,Criminal Damage,Criminal Damage To Other Building,0,2011,4
E01004735,Westminster,Theft and Handling,Motor Vehicle Interference & Tampering,0,2013,2
E01000719,Bromley,Theft and Handling,Motor Vehicle Interference & Tampering,1,2010,8
E01002297,Havering,Violence Against the Person,Other violence,3,2012,5
E01032574,Enfield,Theft and Handling,Theft/Taking of Pedal Cycle,2,2015,5
E01001928,Hammersmith and Fulham,Theft and Handling,Other Theft,1,2014,2
E01001435,Enfield,Theft and Handling,Theft/Taking of Pedal Cycle,0,2009,3
E01001224,Ealing,Burglary,Burglary in a Dwelling,1,2014,2
E01000428,Bexley,Robbery,Personal Property,0,2016,6
E01003920,Southwark,Theft and Handling,Other Theft Person,0,2014,12
E01001174,Croydon,Criminal Damage,Criminal Damage To Other Building,0,2012,11
E01000319,Barnet,Theft and Handling,Theft/Taking of Pedal Cycle,0,2013,8
E01001440,Enfield,Burglary,Burglary in a Dwelling,2,2015,9
E01001100,Croydon,Theft and Handling,Other Theft Person,0,2013,8
E01001133,Croydon,Criminal Damage,Criminal Damage To Motor Vehicle,1,2012,5
E01001650,Greenwich,Criminal Damage,Criminal Damage To Other Building,0,2014,6
E01033581,Newham,Theft and Handling,Other Theft,0,2010,3
E01003672,Redbridge,Drugs,Drug Trafficking,0,2012,12
E01003092,Lambeth,Criminal Damage,Other Criminal Damage,1,2015,5
E01001519,Enfield,Theft and Handling,Other Theft,10,2015,3
E01000873,Camden,Theft and Handling,Motor Vehicle Interference & Tampering,0,2016,1
E01003040,Lambeth,Criminal Damage,Other Criminal Damage,0,2016,7
E01000366,Bexley,Theft and Handling,Theft/Taking of Pedal Cycle,0,2008,6
E01004221,Tower Hamlets,Violence Against the Person,Harassment,0,2011,8
E01002249,Havering,Drugs,Possession Of Drugs,1,2015,11
E01004406,Waltham Forest,Robbery,Personal Property,1,2011,7
E01004273,Tower Hamlets,Violence Against the Person,Common Assault,0,2013,7
E01004580,Wandsworth,Theft and Handling,Theft From Motor Vehicle,1,2008,12
E01004605,Wandsworth,Violence Against the Person,Assault with Injury,0,2012,5
E01001342,Ealing,Other Notifiable Offences,Other Notifiable,0,2013,3
E01001995,Haringey,Theft and Handling,Theft/Taking of Pedal Cycle,0,2014,7
E01003332,Lewisham,Drugs,Drug Trafficking,0,2012,6
E01000380,Bexley,Criminal Damage,Criminal Damage To Other Building,0,2009,1
E01002292,Havering,Robbery,Business Property,0,2015,4
E01004605,Wandsworth,Violence Against the Person,Common Assault,0,2014,8
E01002131,Harrow,Violence Against the Person,Other violence,0,2008,1
E01003368,Merton,Violence Against the Person,Wounding/GBH,0,2011,4
E01002606,Hounslow,Theft and Handling,Theft/Taking of Pedal Cycle,0,2016,12
E01002683,Hounslow,Burglary,Burglary in Other Buildings,1,2011,4
E01003132,Lambeth,Criminal Damage,Criminal Damage To Motor Vehicle,2,2011,4
E01002314,Havering,Other Notifiable Offences,Other Notifiable,1,2015,3
E01002777,Islington,Theft and Handling,Handling Stolen Goods,0,2009,2
E01001845,Hackney,Drugs,Other Drugs,0,2016,7
E01004693,Westminster,Violence Against the Person,Common Assault,0,2011,2
E01003171,Lambeth,Theft and Handling,Motor Vehicle Interference & Tampering,0,2008,3
E01001588,Greenwich,Criminal Damage,Criminal Damage To Motor Vehicle,0,2010,9
E01001373,Ealing,Fraud or Forgery,Other Fraud & Forgery,0,2016,11
E01004050,Southwark,Other Notifiable Offences,Other Notifiable,0,2011,3
E01000077,Barking and Dagenham,Criminal Damage,Criminal Damage To Motor Vehicle,0,2011,7
E01002475,Hillingdon,Violence Against the Person,Other violence,0,2014,6
E01000376,Bexley,Violence Against the Person,Other violence,0,2014,12
E01000877,Camden,Theft and Handling,Theft From Shops,0,2012,3
E01003213,Lewisham,Burglary,Burglary in a Dwelling,0,2008,3
E01003441,Merton,Criminal Damage,Criminal Damage To Dwelling,0,2010,3
E01000085,Barking and Dagenham,Violence Against the Person,Wounding/GBH,0,2013,12
E01004556,Wandsworth,Theft and Handling,Motor Vehicle Interference & Tampering,0,2012,1
E01003834,Richmond upon Thames,Criminal Damage,Criminal Damage To Motor Vehicle,0,2009,4
E01001776,Hackney,Violence Against the Person,Common Assault,0,2014,3
E01004432,Waltham Forest,Criminal Damage,Other Criminal Damage,0,2010,5
E01002490,Hillingdon,Violence Against the Person,Wounding/GBH,1,2016,6
E01004335,Waltham Forest,Violence Against the Person,Harassment,2,2013,10
E01000952,Camden,Violence Against the Person,Assault with Injury,0,2009,5
E01000972,Camden,Drugs,Possession Of Drugs,0,2015,7
E01002242,Harrow,Theft and Handling,Theft/Taking of Pedal Cycle,0,2015,8
E01000953,Camden,Violence Against the Person,Other violence,1,2009,6
E01000363,Bexley,Criminal Damage,Other Criminal Damage,0,2014,5
E01003512,Newham,Criminal Damage,Criminal Damage To Other Building,0,2012,1
E01003243,Lewisham,Burglary,Burglary in a Dwelling,0,2014,12
E01003964,Southwark,Drugs,Drug Trafficking,0,2008,7
E01003181,Lambeth,Criminal Damage,Other Criminal Damage,0,2009,3
E01001920,Hammersmith and Fulham,Theft and Handling,Motor Vehicle Interference & Tampering,0,2015,11
E01002542,Hillingdon,Theft and Handling,Handling Stolen Goods,0,2009,2
E01004557,Wandsworth,Violence Against the Person,Assault with Injury,0,2014,7
E01003455,Merton,Burglary,Burglary in a Dwelling,0,2012,3
E01001457,Enfield,Robbery,Business Property,0,2010,11
E01001965,Haringey,Violence Against the Person,Harassment,1,2015,11
E01003188,Lambeth,Theft and Handling,Theft/Taking of Pedal Cycle,0,2016,12
E01004752,Westminster,Violence Against the Person,Common Assault,1,2013,3
E01000157,Barnet,Violence Against the Person,Assault with Injury,1,2010,2
E01002947,Kingston upon Thames,Theft and Handling,Other Theft,0,2014,12
E01000595,Brent,Theft and Handling,Other Theft Person,1,2012,3
E01003561,Newham,Violence Against the Person,Assault with Injury,1,2013,1
E01002916,Kingston upon Thames,Theft and Handling,Other Theft Person,0,2010,8
E01002360,Havering,Theft and Handling,Theft From Shops,0,2008,5
E01004562,Wandsworth,Robbery,Business Property,0,2016,12
E01002076,Haringey,Violence Against the Person,Assault with Injury,1,2011,9
E01002095,Haringey,Theft and Handling,Theft From Motor Vehicle,4,2012,4
E01003697,Redbridge,Criminal Damage,Criminal Damage To Dwelling,0,2011,1
E01004394,Waltham Forest,Theft and Handling,Other Theft Person,1,2008,4
E01001530,Enfield,Violence Against the Person,Other violence,0,2013,7
E01002864,Kensington and Chelsea,Drugs,Other Drugs,0,2009,6
E01004275,Tower Hamlets,Drugs,Possession Of Drugs,0,2008,6
E01002381,Havering,Theft and Handling,Other Theft,0,2012,1
E01002367,Havering,Burglary,Burglary in Other Buildings,0,2016,9
E01001640,Greenwich,Violence Against the Person,Wounding/GBH,1,2012,9
E01000454,Bexley,Theft and Handling,Theft/Taking Of Motor Vehicle,0,2012,3
E01003951,Southwark,Burglary,Burglary in a Dwelling,2,2008,10
E01004401,Waltham Forest,Burglary,Burglary in a Dwelling,2,2015,4
E01002301,Havering,Theft and Handling,Theft From Shops,0,2014,9
E01002188,Harrow,Theft and Handling,Theft From Motor Vehicle,2,2013,8
E01004173,Sutton,Other Notifiable Offences,Going Equipped,0,2015,6
E01003841,Richmond upon Thames,Theft and Handling,Theft From Shops,0,2016,12
E01001007,Croydon,Violence Against the Person,Harassment,2,2015,1
E01000199,Barnet,Criminal Damage,Criminal Damage To Motor Vehicle,0,2013,3
E01001084,Croydon,Theft and Handling,Other Theft Person,0,2011,2
E01001787,Hackney,Drugs,Other Drugs,0,2010,4
E01001168,Croydon,Criminal Damage,Other Criminal Damage,2,2009,8
E01000722,Bromley,Theft and Handling,Handling Stolen Goods,0,2014,6
E01000591,Brent,Violence Against the Person,Other violence,0,2011,7
E01000725,Bromley,Robbery,Business Property,0,2016,2
E01001734,Hackney,Robbery,Personal Property,0,2010,6
E01003845,Richmond upon Thames,Violence Against the Person,Harassment,0,2011,4
E01004650,Westminster,Other Notifiable Offences,Other Notifiable,0,2016,9
E01003977,Southwark,Violence Against the Person,Harassment,5,2009,6
E01001164,Croydon,Other Notifiable Offences,Other Notifiable,0,2010,1
E01002633,Hounslow,Burglary,Burglary in Other Buildings,0,2016,1
E01002160,Harrow,Theft and Handling,Theft From Shops,3,2016,12
E01003192,Lewisham,Burglary,Burglary in Other Buildings,0,2011,4
E01000450,Bexley,Theft and Handling,Other Theft,0,2013,12
E01000259,Barnet,Violence Against the Person,Murder,0,2016,8
E01003887,Richmond upon Thames,Theft and Handling,Theft From Motor Vehicle,1,2016,3
E01002769,Islington,Robbery,Business Property,0,2010,4
E01002954,Kingston upon Thames,Theft and Handling,Theft/Taking of Pedal Cycle,2,2012,12
E01001517,Enfield,Robbery,Business Property,0,2014,9
E01002954,Kingston upon Thames,Other Notifiable Offences,Other Notifiable,0,2016,1
E01000978,Croydon,Violence Against the Person,Wounding/GBH,0,2010,12
E01033580,Newham,Violence Against the Person,Other violence,0,2011,10
E01002406,Hillingdon,Other Notifiable Offences,Other Notifiable,0,2008,8
E01004710,Westminster,Theft and Handling,Theft/Taking Of Motor Vehicle,0,2012,4
E01001909,Hammersmith and Fulham,Violence Against the Person,Assault with Injury,2,2016,6
E01000319,Barnet,Criminal Damage,Other Criminal Damage,0,2011,7
E01004066,Southwark,Fraud or Forgery,Other Fraud & Forgery,0,2011,3
E01002843,Kensington and Chelsea,Criminal Damage,Other Criminal Damage,0,2008,2
E01000373,Bexley,Theft and Handling,Theft/Taking Of Motor Vehicle,0,2016,7
E01000616,Brent,Robbery,Business Property,0,2010,7
E01003074,Lambeth,Criminal Damage,Criminal Damage To Other Building,0,2011,2
E01001032,Croydon,Violence Against the Person,Common Assault,0,2009,10
E01000756,Bromley,Drugs,Possession Of Drugs,0,2009,1
E01002868,Kensington and Chelsea,Drugs,Drug Trafficking,0,2008,12
E01000773,Bromley,Burglary,Burglary in Other Buildings,1,2010,4
E01004594,Wandsworth,Burglary,Burglary in a Dwelling,0,2015,3
E01004362,Waltham Forest,Other Notifiable Offences,Other Notifiable,0,2016,3
E01002004,Haringey,Theft and Handling,Theft From Motor Vehicle,0,2009,6
E01000886,Camden,Theft and Handling,Theft/Taking Of Motor Vehicle,1,2014,7
E01003520,Newham,Fraud or Forgery,Other Fraud & Forgery,0,2011,8
E01000590,Brent,Theft and Handling,Theft/Taking of Pedal Cycle,0,2016,2
E01001899,Hammersmith and Fulham,Robbery,Personal Property,0,2008,12
E01002578,Hounslow,Burglary,Burglary in a Dwelling,0,2009,9
E01002201,Harrow,Theft and Handling,Theft From Motor Vehicle,3,2016,9
E01000407,Bexley,Theft and Handling,Theft/Taking Of Motor Vehicle,1,2010,11
E01003428,Merton,Theft and Handling,Theft/Taking Of Motor Vehicle,0,2012,8
E01001515,Enfield,Theft and Handling,Motor Vehicle Interference & Tampering,0,2016,1
E01001199,Ealing,Criminal Damage,Criminal Damage To Motor Vehicle,0,2015,12
E01004021,Southwark,Drugs,Drug Trafficking,0,2008,5
E01001528,Enfield,Drugs,Other Drugs,0,2015,8
E01002002,Haringey,Sexual Offences,Other Sexual,1,2008,1
E01001160,Croydon,Violence Against the Person,Assault with Injury,0,2008,11
E01000066,Barking and Dagenham,Criminal Damage,Criminal Damage To Dwelling,0,2014,7
E01002554,Hillingdon,Robbery,Business Property,0,2008,9
E01001281,Ealing,Violence Against the Person,Wounding/GBH,0,2010,7
E01000692,Bromley,Theft and Handling,Theft/Taking Of Motor Vehicle,1,2008,3
E01001960,Hammersmith and Fulham,Violence Against the Person,Wounding/GBH,0,2008,2
E01002292,Havering,Other Notifiable Offences,Other Notifiable,0,2016,4
E01000723,Bromley,Theft and Handling,Handling Stolen Goods,0,2014,6
E01004285,Tower Hamlets,Theft and Handling,Handling Stolen Goods,0,2010,10
E01001548,Enfield,Fraud or Forgery,Other Fraud & Forgery,0,2015,10
E01004171,Sutton,Robbery,Business Property,0,2016,8
E01001728,Hackney,Theft and Handling,Theft From Motor Vehicle,0,2011,1
E01003657,Redbridge,Theft and Handling,Theft/Taking of Pedal Cycle,0,2014,5
E01001741,Hackney,Theft and Handling,Motor Vehicle Interference & Tampering,0,2010,5
E01001629,Greenwich,Criminal Damage,Criminal Damage To Dwelling,1,2012,8
E01002161,Harrow,Theft and Handling,Other Theft,2,2012,4
E01002497,Hillingdon,Burglary,Burglary in a Dwelling,4,2008,1
E01001683,Greenwich,Theft and Handling,Theft/Taking of Pedal Cycle,0,2012,11
E01002630,Hounslow,Theft and Handling,Theft From Shops,0,2016,8
E01001261,Ealing,Theft and Handling,Motor Vehicle Interference & Tampering,0,2014,5
E01000371,Bexley,Burglary,Burglary in Other Buildings,0,2011,3
E01001184,Croydon,Violence Against the Person,Other violence,0,2008,2
E01002828,Kensington and Chelsea,Burglary,Burglary in a Dwelling,0,2008,10
E01002424,Hillingdon,Violence Against the Person,Assault with Injury,1,2012,6
E01002443,Hillingdon,Violence Against the Person,Other violence,0,2011,1
E01000314,Barnet,Violence Against the Person,Harassment,0,2010,2
E01002835,Kensington and Chelsea,Violence Against the Person,Wounding/GBH,0,2011,5
E01033320,Lewisham,Other Notifiable Offences,Other Notifiable,1,2014,6
E01001285,Ealing,Violence Against the Person,Harassment,1,2016,5
E01003941,Southwark,Robbery,Personal Property,1,2013,6
E01001059,Croydon,Violence Against the Person,Harassment,3,2016,4
E01003783,Redbridge,Fraud or Forgery,Counted per Victim,0,2012,12
E01001281,Ealing,Theft and Handling,Theft From Motor Vehicle,1,2014,7
E01000534,Brent,Violence Against the Person,Offensive Weapon,0,2011,9
E01003126,Lambeth,Violence Against the Person,Other violence,0,2015,1
E01032584,Southwark,Theft and Handling,Other Theft Person,0,2010,12
E01004582,Wandsworth,Theft and Handling,Handling Stolen Goods,0,2016,12
E01001172,Croydon,Theft and Handling,Other Theft,10,2009,7
E01003067,Lambeth,Theft and Handling,Motor Vehicle Interference & Tampering,1,2012,8
E01001983,Haringey,Other Notifiable Offences,Other Notifiable,0,2008,6
E01033730,Greenwich,Theft and Handling,Theft/Taking Of Motor Vehicle,1,2012,12
E01000313,Barnet,Burglary,Burglary in a Dwelling,0,2014,4
E01004054,Southwark,Violence Against the Person,Common Assault,2,2008,10
E01001632,Greenwich,Violence Against the Person,Offensive Weapon,0,2009,11
E01004738,Westminster,Theft and Handling,Theft From Shops,0,2014,12
E01000940,Camden,Theft and Handling,Other Theft Person,0,2014,10
E01004134,Sutton,Drugs,Drug Trafficking,0,2016,7
E01001412,Enfield,Drugs,Drug Trafficking,0,2009,4
E01001565,Enfield,Criminal Damage,Other Criminal Damage,0,2009,2
E01001601,Greenwich,Violence Against the Person,Assault with Injury,1,2015,7
E01000192,Barnet,Theft and Handling,Other Theft Person,0,2011,6
E01002053,Haringey,Drugs,Drug Trafficking,0,2015,9
E01004158,Sutton,Burglary,Burglary in a Dwelling,1,2016,12
E01000140,Barnet,Sexual Offences,Other Sexual,0,2010,11
E01001514,Enfield,Other Notifiable Offences,Other Notifiable,0,2015,1
E01002883,Kensington and Chelsea,Violence Against the Person,Common Assault,1,2016,7
E01000894,Camden,Robbery,Business Property,0,2013,1
E01003317,Lewisham,Violence Against the Person,Harassment,1,2010,11
E01003323,Lewisham,Criminal Damage,Criminal Damage To Motor Vehicle,0,2015,2
E01001632,Greenwich,Violence Against the Person,Harassment,1,2011,11
E01002613,Hounslow,Violence Against the Person,Offensive Weapon,0,2008,10
E01003891,Richmond upon Thames,Violence Against the Person,Assault with Injury,1,2008,11
E01004075,Southwark,Robbery,Business Property,0,2013,7
E01003632,Newham,Drugs,Possession Of Drugs,0,2013,12
E01003971,Southwark,Drugs,Drug Trafficking,0,2016,3
E01003896,Richmond upon Thames,Other Notifiable Offences,Other Notifiable,1,2008,6
E01000861,Camden,Burglary,Burglary in a Dwelling,1,2010,10
E01000866,Camden,Theft and Handling,Other Theft,1,2011,11
E01002267,Havering,Violence Against the Person,Wounding/GBH,1,2010,5
E01003963,Southwark,Criminal Damage,Criminal Damage To Dwelling,1,2015,1
E01004046,Southwark,Violence Against the Person,Offensive Weapon,0,2008,1
E01003657,Redbridge,Violence Against the Person,Offensive Weapon,0,2014,10
E01002807,Islington,Violence Against the Person,Assault with Injury,2,2013,3
E01003323,Lewisham,Drugs,Drug Trafficking,0,2009,7
E01002489,Hillingdon,Violence Against the Person,Wounding/GBH,0,2010,11
E01004516,Wandsworth,Drugs,Possession Of Drugs,0,2009,2
E01000249,Barnet,Violence Against the Person,Offensive Weapon,0,2009,7
E01001667,Greenwich,Drugs,Other Drugs,0,2014,11
E01003694,Redbridge,Theft and Handling,Other Theft Person,0,2013,3
E01001292,Ealing,Robbery,Personal Property,1,2009,7
E01000176,Barnet,Robbery,Personal Property,0,2016,12
E01004149,Sutton,Criminal Damage,Criminal Damage To Motor Vehicle,1,2011,5
E01004583,Wandsworth,Violence Against the Person,Assault with Injury,1,2013,7
E01002637,Hounslow,Drugs,Drug Trafficking,0,2010,8
E01001543,Enfield,Criminal Damage,Criminal Damage To Other Building,0,2016,4
E01003711,Redbridge,Violence Against the Person,Offensive Weapon,1,2013,3
E01000248,Barnet,Other Notifiable Offences,Going Equipped,0,2012,11
E01001415,Enfield,Violence Against the Person,Other violence,0,2015,7
E01001974,Haringey,Theft and Handling,Motor Vehicle Interference & Tampering,0,2016,8
E01000431,Bexley,Theft and Handling,Theft From Motor Vehicle,4,2009,6
E01002994,Kingston upon Thames,Criminal Damage,Other Criminal Damage,0,2014,7
E01003943,Southwark,Burglary,Burglary in a Dwelling,0,2008,7
E01004760,Westminster,Violence Against the Person,Harassment,0,2013,8
E01003754,Redbridge,Violence Against the Person,Common Assault,0,2010,6
E01003764,Redbridge,Criminal Damage,Other Criminal Damage,1,2014,6
E01003456,Merton,Burglary,Burglary in Other Buildings,3,2013,3
E01001726,Hackney,Other Notifiable Offences,Going Equipped,0,2010,3
E01002097,Haringey,Theft and Handling,Motor Vehicle Interference & Tampering,0,2013,9
E01002743,Islington,Violence Against the Person,Wounding/GBH,0,2012,1
E01004264,Tower Hamlets,Burglary,Burglary in a Dwelling,3,2012,6
E01002606,Hounslow,Theft and Handling,Theft From Shops,0,2014,6
E01002795,Islington,Drugs,Other Drugs,0,2011,11
E01002466,Hillingdon,Drugs,Possession Of Drugs,0,2014,8
E01000928,Camden,Burglary,Burglary in a Dwelling,1,2015,12
E01000429,Bexley,Robbery,Business Property,0,2009,6
E01000738,Bromley,Theft and Handling,Handling Stolen Goods,0,2010,4
E01004338,Waltham Forest,Criminal Damage,Criminal Damage To Other Building,0,2011,11
E01002034,Haringey,Theft and Handling,Theft/Taking of Pedal Cycle,0,2009,5
E01002015,Haringey,Drugs,Drug Trafficking,0,2013,2
E01004508,Wandsworth,Criminal Damage,Criminal Damage To Motor Vehicle,2,2014,5
E01003149,Lambeth,Drugs,Possession Of Drugs,1,2014,3
E01004208,Tower Hamlets,Burglary,Burglary in a Dwelling,0,2014,3
E01003875,Richmond upon Thames,Criminal Damage,Criminal Damage To Other Building,0,2015,9
E01001157,Croydon,Violence Against the Person,Offensive Weapon,0,2011,9
E01004608,Wandsworth,Theft and Handling,Theft/Taking of Pedal Cycle,2,2012,8
E01000454,Bexley,Criminal Damage,Other Criminal Damage,0,2015,1
E01004107,Sutton,Criminal Damage,Criminal Damage To Motor Vehicle,0,2008,10
E01004193,Sutton,Violence Against the Person,Common Assault,0,2015,5
E01003990,Southwark,Theft and Handling,Motor Vehicle Interference & Tampering,0,2011,9
E01002310,Havering,Robbery,Business Property,0,2010,12
E01004723,Westminster,Theft and Handling,Motor Vehicle Interference & Tampering,0,2008,1
E01004201,Tower Hamlets,Robbery,Business Property,0,2013,9
E01000081,Barking and Dagenham,Burglary,Burglary in Other Buildings,1,2008,2
E01004681,Westminster,Theft and Handling,Theft From Motor Vehicle,0,2009,9
E01000396,Bexley,Burglary,Burglary in a Dwelling,2,2016,2
E01003049,Lambeth,Drugs,Drug Trafficking,0,2015,7
E01002417,Hillingdon,Theft and Handling,Motor Vehicle Interference & Tampering,0,2013,2
E01033700,Hackney,Robbery,Personal Property,0,2010,10
E01003645,Redbridge,Theft and Handling,Theft From Motor Vehicle,0,2013,2
E01002409,Hillingdon,Burglary,Burglary in Other Buildings,0,2014,9
E01001980,Haringey,Violence Against the Person,Harassment,0,2011,10
E01003352,Lewisham,Violence Against the Person,Other violence,0,2012,6
E01003255,Lewisham,Theft and Handling,Theft/Taking of Pedal Cycle,0,2011,12
E01003098,Lambeth,Drugs,Other Drugs,0,2008,9
E01000733,Bromley,Theft and Handling,Theft/Taking Of Motor Vehicle,1,2015,1
E01033737,Greenwich,Robbery,Personal Property,0,2010,10
E01003824,Richmond upon Thames,Theft and Handling,Theft From Shops,0,2011,2
E01003792,Redbridge,Violence Against the Person,Harassment,0,2015,11
E01001329,Ealing,Criminal Damage,Criminal Damage To Motor Vehicle,0,2014,6
E01000575,Brent,Violence Against the Person,Offensive Weapon,0,2010,5
E01000094,Barking and Dagenham,Violence Against the Person,Other violence,0,2012,11
E01001750,Hackney,Violence Against the Person,Harassment,3,2011,10
E01003106,Lambeth,Theft and Handling,Motor Vehicle Interference & Tampering,0,2008,11
E01001349,Ealing,Theft and Handling,Motor Vehicle Interference & Tampering,1,2014,12
E01002019,Haringey,Theft and Handling,Other Theft Person,1,2013,1
E01000617,Brent,Criminal Damage,Other Criminal Damage,0,2015,7
E01004455,Waltham Forest,Theft and Handling,Other Theft,3,2008,1
E01004674,Westminster,Burglary,Burglary in Other Buildings,0,2014,4
E01004148,Sutton,Violence Against the Person,Common Assault,4,2010,5
E01000071,Barking and Dagenham,Criminal Damage,Criminal Damage To Other Building,0,2009,3
E01003707,Redbridge,Theft and Handling,Theft From Shops,0,2010,2
E01002859,Kensington and Chelsea,Violence Against the Person,Wounding/GBH,0,2014,4
E01002291,Havering,Robbery,Personal Property,0,2012,3
E01000445,Bexley,Theft and Handling,Theft From Motor Vehicle,2,2012,2
E01004725,Westminster,Robbery,Personal Property,0,2008,8
E01003194,Lewisham,Drugs,Other Drugs,0,2015,10
E01001971,Haringey,Criminal Damage,Criminal Damage To Dwelling,2,2008,6
E01002826,Kensington and Chelsea,Violence Against the Person,Offensive Weapon,0,2014,11
E01001409,Enfield,Drugs,Drug Trafficking,1,2012,3
E01004288,Tower Hamlets,Drugs,Other Drugs,0,2008,4
E01001250,Ealing,Criminal Damage,Criminal Damage To Dwelling,1,2012,9
E01033741,Greenwich,Theft and Handling,Motor Vehicle Interference & Tampering,0,2013,1
E01003417,Merton,Violence Against the Person,Wounding/GBH,0,2009,2
E01000103,Barking and Dagenham,Robbery,Personal Property,1,2014,4
E01002912,Kensington and Chelsea,Other Notifiable Offences,Other Notifiable,0,2016,10
E01001300,Ealing,Theft and Handling,Theft/Taking of Pedal Cycle,0,2015,9
E01001932,Hammersmith and Fulham,Criminal Damage,Criminal Damage To Motor Vehicle,6,2016,6
E01002268,Havering,Criminal Damage,Other Criminal Damage,0,2010,10
E01000883,Camden,Theft and Handling,Theft From Motor Vehicle,0,2010,1
E01002039,Haringey,Theft and Handling,Other Theft,0,2009,9
E01000226,Barnet,Violence Against the Person,Harassment,2,2010,3
E01002859,Kensington and Chelsea,Violence Against the Person,Common Assault,0,2013,1
E01003278,Lewisham,Theft and Handling,Other Theft Person,0,2010,7
E01001941,Hammersmith and Fulham,Fraud or Forgery,Other Fraud & Forgery,0,2015,7
E01033732,Greenwich,Drugs,Possession Of Drugs,0,2009,10
E01003107,Lambeth,Criminal Damage,Criminal Damage To Motor Vehicle,0,2010,5
E01002564,Hounslow,Theft and Handling,Theft From Motor Vehicle,0,2014,7
E01003060,Lambeth,Theft and Handling,Theft/Taking Of Motor Vehicle,0,2009,5
E01000067,Barking and Dagenham,Drugs,Possession Of Drugs,0,2014,9
E01004169,Sutton,Criminal Damage,Criminal Damage To Motor Vehicle,0,2016,7
E01004035,Southwark,Burglary,Burglary in Other Buildings,0,2015,1
E01002068,Haringey,Violence Against the Person,Other violence,0,2010,6
E01002371,Havering,Robbery,Business Property,0,2008,3
E01000435,Bexley,Criminal Damage,Criminal Damage To Other Building,0,2010,5
E01002315,Havering,Criminal Damage,Criminal Damage To Other Building,0,2016,6
E01004573,Wandsworth,Theft and Handling,Other Theft,1,2016,6
E01000434,Bexley,Violence Against the Person,Harassment,1,2015,11
E01033208,Lambeth,Criminal Damage,Criminal Damage To Other Building,0,2008,1
E01001116,Croydon,Violence Against the Person,Assault with Injury,0,2013,5
E01004100,Sutton,Other Notifiable Offences,Other Notifiable,0,2014,1
E01003734,Redbridge,Drugs,Drug Trafficking,0,2010,12
E01001349,Ealing,Violence Against the Person,Murder,0,2012,4
E01001317,Ealing,Other Notifiable Offences,Going Equipped,0,2011,11
E01004410,Waltham Forest,Robbery,Business Property,0,2010,2
E01001351,Ealing,Fraud or Forgery,Counted per Victim,0,2010,1
E01003038,Lambeth,Drugs,Possession Of Drugs,1,2012,1
E01033148,Enfield,Robbery,Personal Property,0,2016,6
E01004636,Wandsworth,Criminal Damage,Criminal Damage To Motor Vehicle,0,2014,6
E01000972,Camden,Violence Against the Person,Other violence,0,2015,6
E01002504,Hillingdon,Criminal Damage,Criminal Damage To Dwelling,0,2012,1
E01032563,Bromley,Violence Against the Person,Common Assault,0,2010,9
E01004381,Waltham Forest,Theft and Handling,Theft From Motor Vehicle,1,2014,9
E01003056,Lambeth,Theft and Handling,Handling Stolen Goods,0,2010,2
E01002718,Islington,Drugs,Drug Trafficking,0,2011,3
E01003105,Lambeth,Violence Against the Person,Common Assault,0,2010,3
E01004649,Westminster,Theft and Handling,Motor Vehicle Interference & Tampering,0,2010,3
E01004600,Wandsworth,Theft and Handling,Theft From Shops,17,2013,8
E01003887,Richmond upon Thames,Criminal Damage,Criminal Damage To Other Building,0,2009,3
E01002411,Hillingdon,Drugs,Drug Trafficking,0,2013,11
E01001840,Hackney,Theft and Handling,Theft From Motor Vehicle,1,2008,2
E01004397,Waltham Forest,Violence Against the Person,Wounding/GBH,0,2011,2
E01001415,Enfield,Other Notifiable Offences,Other Notifiable,1,2015,2
E01001866,Hammersmith and Fulham,Sexual Offences,Other Sexual,0,2011,2
E01004306,Tower Hamlets,Other Notifiable Offences,Other Notifiable,0,2012,5
E01033325,Lewisham,Violence Against the Person,Harassment,0,2012,11
E01003745,Redbridge,Theft and Handling,Theft From Motor Vehicle,0,2010,3
E01003942,Southwark,Violence Against the Person,Wounding/GBH,0,2013,11
E01000128,Barnet,Theft and Handling,Handling Stolen Goods,0,2012,12
E01004620,Wandsworth,Criminal Damage,Criminal Damage To Motor Vehicle,0,2015,10
E01003953,Southwark,Theft and Handling,Theft/Taking Of Motor Vehicle,0,2015,4
E01004158,Sutton,Drugs,Possession Of Drugs,0,2015,4
E01004294,Tower Hamlets,Other Notifiable Offences,Other Notifiable,0,2015,2
E01001237,Ealing,Theft and Handling,Theft/Taking of Pedal Cycle,0,2013,10
E01003977,Southwark,Other Notifiable Offences,Other Notifiable,0,2014,5
E01003035,Lambeth,Drugs,Other Drugs,0,2011,11
E01001166,Croydon,Theft and Handling,Theft/Taking of Pedal Cycle,0,2016,6
E01003666,Redbridge,Theft and Handling,Other Theft Person,0,2012,6
E01002595,Hounslow,Burglary,Burglary in a Dwelling,0,2013,5
E01000946,Camden,Drugs,Drug Trafficking,1,2011,5
E01032744,Ealing,Violence Against the Person,Offensive Weapon,0,2008,1
E01000984,Croydon,Other Notifiable Offences,Other Notifiable,0,2014,12
E01001463,Enfield,Drugs,Other Drugs,0,2015,9
E01001577,Greenwich,Violence Against the Person,Harassment,0,2015,6
E01000157,Barnet,Theft and Handling,Theft From Motor Vehicle,0,2013,12
E01001837,Hackney,Violence Against the Person,Wounding/GBH,0,2011,9
E01000600,Brent,Drugs,Possession Of Drugs,7,2008,1
E01001423,Enfield,Theft and Handling,Other Theft,0,2013,6
E01003593,Newham,Robbery,Business Property,0,2009,11
E01003781,Redbridge,Drugs,Possession Of Drugs,1,2013,5
E01003639,Redbridge,Burglary,Burglary in Other Buildings,3,2009,6
E01003941,Southwark,Violence Against the Person,Offensive Weapon,0,2008,6
E01004309,Tower Hamlets,Theft and Handling,Theft/Taking of Pedal Cycle,0,2009,4
E01000958,Camden,Theft and Handling,Theft From Motor Vehicle,0,2010,7
E01000166,Barnet,Violence Against the Person,Other violence,1,2016,9
E01004738,Westminster,Theft and Handling,Handling Stolen Goods,0,2008,10
E01002884,Kensington and Chelsea,Theft and Handling,Theft From Shops,2,2015,8
E01003332,Lewisham,Robbery,Personal Property,0,2010,9
E01001741,Hackney,Violence Against the Person,Offensive Weapon,0,2013,10
E01002435,Hillingdon,Theft and Handling,Theft From Motor Vehicle,1,2014,1
E01002305,Havering,Burglary,Burglary in a Dwelling,0,2015,5
E01004344,Waltham Forest,Other Notifiable Offences,Going Equipped,0,2015,8
E01000104,Barking and Dagenham,Fraud or Forgery,Other Fraud & Forgery,0,2014,1
E01001563,Enfield,Violence Against the Person,Other violence,0,2009,7
E01002799,Islington,Theft and Handling,Handling Stolen Goods,1,2008,1
E01002766,Islington,Theft and Handling,Other Theft Person,1,2009,10
E01000309,Barnet,Violence Against the Person,Assault with Injury,0,2011,3
E01002800,Islington,Burglary,Burglary in Other Buildings,0,2008,10
E01004600,Wandsworth,Theft and Handling,Theft From Motor Vehicle,1,2010,6
E01001600,Greenwich,Robbery,Business Property,1,2009,10
E01033608,Westminster,Theft and Handling,Theft From Motor Vehicle,0,2014,2
E01004312,Tower Hamlets,Robbery,Personal Property,0,2013,8
E01001596,Greenwich,Theft and Handling,Handling Stolen Goods,0,2012,9
E01001234,Ealing,Drugs,Possession Of Drugs,2,2015,8
E01002425,Hillingdon,Criminal Damage,Criminal Damage To Motor Vehicle,0,2016,6
E01001732,Hackney,Robbery,Business Property,0,2009,8
E01004486,Wandsworth,Burglary,Burglary in a Dwelling,1,2016,5
E01004199,Tower Hamlets,Criminal Damage,Other Criminal Damage,0,2008,6
E01033148,Enfield,Drugs,Drug Trafficking,0,2014,9
E01001334,Ealing,Criminal Damage,Criminal Damage To Motor Vehicle,0,2010,2
E01000286,Barnet,Other Notifiable Offences,Other Notifiable,0,2013,10
E01003245,Lewisham,Criminal Damage,Other Criminal Damage,1,2015,10
E01000823,Bromley,Criminal Damage,Criminal Damage To Other Building,0,2011,10
E01001142,Croydon,Robbery,Personal Property,0,2015,1
E01001136,Croydon,Violence Against the Person,Murder,0,2016,7
E01000400,Bexley,Criminal Damage,Criminal Damage To Dwelling,2,2009,4
E01004576,Wandsworth,Violence Against the Person,Assault with Injury,0,2016,8
E01000314,Barnet,Criminal Damage,Other Criminal Damage,0,2009,9
E01000481,Brent,Burglary,Burglary in Other Buildings,0,2012,1
E01003482,Newham,Violence Against the Person,Murder,0,2013,6
E01003321,Lewisham,Fraud or Forgery,Other Fraud & Forgery,0,2015,9
E01004041,Southwark,Criminal Damage,Criminal Damage To Other Building,0,2015,1
E01002177,Harrow,Robbery,Business Property,0,2010,10
E01002091,Haringey,Other Notifiable Offences,Other Notifiable,0,2011,7
E01003337,Lewisham,Violence Against the Person,Assault with Injury,2,2015,6
E01001168,Croydon,Theft and Handling,Theft/Taking Of Motor Vehicle,0,2008,8
E01000936,Camden,Other Notifiable Offences,Going Equipped,0,2008,9
E01002798,Islington,Violence Against the Person,Other violence,0,2016,5
E01002355,Havering,Burglary,Burglary in a Dwelling,1,2016,12
E01001986,Haringey,Criminal Damage,Other Criminal Damage,0,2014,4
E01000433,Bexley,Burglary,Burglary in a Dwelling,0,2015,10
E01002725,Islington,Criminal Damage,Criminal Damage To Motor Vehicle,1,2012,12
E01002526,Hillingdon,Violence Against the Person,Offensive Weapon,0,2008,6
E01002209,Harrow,Criminal Damage,Other Criminal Damage,0,2012,5
E01002369,Havering,Violence Against the Person,Wounding/GBH,0,2013,1
E01001610,Greenwich,Burglary,Burglary in Other Buildings,0,2013,6
E01002079,Haringey,Drugs,Drug Trafficking,0,2008,2
E01004348,Waltham Forest,Drugs,Drug Trafficking,0,2011,1
E01001605,Greenwich,Other Notifiable Offences,Other Notifiable,0,2012,10
E01003594,Newham,Criminal Damage,Other Criminal Damage,0,2013,8
E01003734,Redbridge,Drugs,Possession Of Drugs,1,2012,7
E01002516,Hillingdon,Theft and Handling,Theft From Shops,0,2013,5
E01002149,Harrow,Theft and Handling,Theft From Motor Vehicle,2,2015,4
E01002764,Islington,Violence Against the Person,Offensive Weapon,0,2016,2
E01000557,Brent,Burglary,Burglary in Other Buildings,0,2014,1
E01001829,Hackney,Theft and Handling,Theft/Taking of Pedal Cycle,0,2012,6
E01003648,Redbridge,Theft and Handling,Theft/Taking of Pedal Cycle,0,2008,6
E01001237,Ealing,Other Notifiable Offences,Other Notifiable,0,2012,1
E01000067,Barking and Dagenham,Other Notifiable Offences,Going Equipped,0,2014,11
E01001499,Enfield,Burglary,Burglary in a Dwelling,2,2011,3
E01001004,Croydon,Burglary,Burglary in a Dwelling,2,2008,5
E01000870,Camden,Criminal Damage,Other Criminal Damage,0,2008,12
E01003697,Redbridge,Theft and Handling,Theft/Taking Of Motor Vehicle,1,2015,10
E01001966,Haringey,Burglary,Burglary in a Dwelling,1,2013,11
E01002863,Kensington and Chelsea,Drugs,Drug Trafficking,0,2016,8
E01003132,Lambeth,Violence Against the Person,Common Assault,0,2013,11
E01001696,Greenwich,Drugs,Drug Trafficking,0,2011,8
E01000091,Barking and Dagenham,Burglary,Burglary in a Dwelling,1,2008,11
E01003876,Richmond upon Thames,Burglary,Burglary in Other Buildings,4,2013,4
E01002790,Islington,Burglary,Burglary in a Dwelling,1,2008,2
E01000538,Brent,Criminal Damage,Criminal Damage To Other Building,0,2013,8
E01002047,Haringey,Drugs,Possession Of Drugs,0,2016,6
E01004432,Waltham Forest,Criminal Damage,Other Criminal Damage,1,2009,8
E01004687,Westminster,Theft and Handling,Other Theft Person,0,2009,9
E01001024,Croydon,Theft and Handling,Theft From Motor Vehicle,2,2016,12
E01001927,Hammersmith and Fulham,Violence Against the Person,Harassment,0,2015,3
E01033100,Wandsworth,Theft and Handling,Motor Vehicle Interference & Tampering,0,2012,8
E01003792,Redbridge,Violence Against the Person,Harassment,0,2014,6
E01003031,Lambeth,Theft and Handling,Other Theft Person,0,2012,3
E01004519,Wandsworth,Violence Against the Person,Other violence,0,2010,3
E01003580,Newham,Other Notifiable Offences,Other Notifiable,0,2015,3
E01000219,Barnet,Theft and Handling,Other Theft Person,1,2014,6
E01001961,Hammersmith and Fulham,Other Notifiable Offences,Other Notifiable,1,2009,4
E01003798,Richmond upon Thames,Robbery,Business Property,0,2012,1
E01003858,Richmond upon Thames,Criminal Damage,Criminal Damage To Motor Vehicle,0,2011,11
E01000384,Bexley,Robbery,Personal Property,0,2013,11
E01000979,Croydon,Criminal Damage,Criminal Damage To Motor Vehicle,0,2015,12
E01001975,Haringey,Drugs,Possession Of Drugs,1,2015,4
E01002359,Havering,Violence Against the Person,Offensive Weapon,0,2013,4
E01001799,Hackney,Theft and Handling,Motor Vehicle Interference & Tampering,0,2008,7
E01000286,Barnet,Violence Against the Person,Wounding/GBH,0,2008,9
E01001017,Croydon,Theft and Handling,Motor Vehicle Interference & Tampering,0,2013,3
E01003111,Lambeth,Drugs,Drug Trafficking,0,2011,8
E01000337,Bexley,Violence Against the Person,Wounding/GBH,0,2014,11
E01002988,Kingston upon Thames,Violence Against the Person,Wounding/GBH,0,2015,2
E01001712,Greenwich,Violence Against the Person,Other violence,0,2013,11
E01003726,Redbridge,Theft and Handling,Theft From Shops,0,2015,2
E01003327,Lewisham,Criminal Damage,Criminal Damage To Dwelling,0,2009,8
E01003887,Richmond upon Thames,Theft and Handling,Handling Stolen Goods,0,2012,2
E01000031,Barking and Dagenham,Theft and Handling,Other Theft,1,2010,6
E01003155,Lambeth,Violence Against the Person,Offensive Weapon,0,2009,9
E01002023,Haringey,Violence Against the Person,Other violence,0,2009,8
E01004722,Westminster,Theft and Handling,Theft/Taking of Pedal Cycle,0,2012,3
E01004627,Wandsworth,Criminal Damage,Criminal Damage To Other Building,0,2016,10
E01003176,Lambeth,Theft and Handling,Theft From Motor Vehicle,0,2008,11
E01000203,Barnet,Theft and Handling,Theft From Motor Vehicle,2,2008,1
E01004319,Tower Hamlets,Theft and Handling,Theft From Shops,1,2013,7
E01002043,Haringey,Theft and Handling,Theft From Motor Vehicle,0,2012,7
E01003663,Redbridge,Other Notifiable Offences,Going Equipped,0,2016,9
E01003917,Southwark,Criminal Damage,Criminal Damage To Other Building,1,2011,10
E01002358,Havering,Criminal Damage,Other Criminal Damage,0,2011,1
E01003955,Southwark,Criminal Damage,Criminal Damage To Dwelling,0,2011,9
E01001510,Enfield,Theft and Handling,Theft From Motor Vehicle,1,2009,3
E01003737,Redbridge,Robbery,Business Property,0,2011,7
E01004315,Tower Hamlets,Robbery,Business Property,0,2014,3
E01004538,Wandsworth,Criminal Damage,Criminal Damage To Motor Vehicle,0,2008,9
E01000498,Brent,Criminal Damage,Criminal Damage To Motor Vehicle,0,2008,7
E01004461,Waltham Forest,Theft and Handling,Other Theft Person,1,2013,7
E01000618,Brent,Drugs,Drug Trafficking,0,2010,7
E01004096,Sutton,Theft and Handling,Motor Vehicle Interference & Tampering,0,2009,3
E01003651,Redbridge,Violence Against the Person,Wounding/GBH,0,2016,1
E01000516,Brent,Other Notifiable Offences,Other Notifiable,0,2012,11
E01002867,Kensington and Chelsea,Drugs,Drug Trafficking,0,2012,9
E01002884,Kensington and Chelsea,Criminal Damage,Criminal Damage To Motor Vehicle,1,2016,12
E01003975,Southwark,Other Notifiable Offences,Going Equipped,0,2015,10
E01003895,Richmond upon Thames,Other Notifiable Offences,Going Equipped,0,2015,9
E01003230,Lewisham,Violence Against the Person,Harassment,1,2008,12
E01033602,Westminster,Violence Against the Person,Wounding/GBH,0,2008,3
E01003596,Newham,Theft and Handling,Handling Stolen Goods,0,2010,8
E01002869,Kensington and Chelsea,Theft and Handling,Other Theft Person,0,2016,8
E01000050,Barking and Dagenham,Violence Against the Person,Offensive Weapon,0,2014,2
E01003077,Lambeth,Violence Against the Person,Common Assault,1,2011,4
E01003168,Lambeth,Violence Against the Person,Common Assault,2,2016,12
E01004013,Southwark,Violence Against the Person,Common Assault,0,2016,9
E01001131,Croydon,Theft and Handling,Theft/Taking of Pedal Cycle,0,2013,2
E01000927,Camden,Theft and Handling,Theft From Motor Vehicle,3,2012,2
E01000820,Bromley,Theft and Handling,Theft/Taking of Pedal Cycle,0,2009,8
E01004243,Tower Hamlets,Theft and Handling,Theft/Taking of Pedal Cycle,0,2010,4
E01002016,Haringey,Criminal Damage,Criminal Damage To Other Building,0,2011,11
E01033706,Hackney,Theft and Handling,Other Theft,0,2010,3
E01004203,Tower Hamlets,Other Notifiable Offences,Going Equipped,0,2010,8
E01001298,Ealing,Theft and Handling,Theft From Shops,0,2009,4
E01002864,Kensington and Chelsea,Theft and Handling,Motor Vehicle Interference & Tampering,0,2010,9
E01004745,Westminster,Theft and Handling,Handling Stolen Goods,0,2015,12
E01000867,Camden,Burglary,Burglary in Other Buildings,0,2016,2
E01003483,Newham,Violence Against the Person,Harassment,0,2012,2
E01004191,Sutton,Violence Against the Person,Wounding/GBH,0,2016,5
E01002022,Haringey,Violence Against the Person,Other violence,0,2014,3
E01033593,Westminster,Violence Against the Person,Other violence,0,2013,12
E01002379,Havering,Burglary,Burglary in a Dwelling,3,2012,4
E01004546,Wandsworth,Criminal Damage,Criminal Damage To Dwelling,0,2012,8
E01001205,Ealing,Burglary,Burglary in Other Buildings,0,2011,8
E01000615,Brent,Violence Against the Person,Wounding/GBH,0,2011,8
E01000354,Bexley,Drugs,Other Drugs,0,2012,1
E01002305,Havering,Other Notifiable Offences,Other Notifiable,0,2008,3
E01003400,Merton,Theft and Handling,Theft From Motor Vehicle,0,2010,9
E01003483,Newham,Robbery,Personal Property,0,2011,5
E01004583,Wandsworth,Fraud or Forgery,Counted per Victim,0,2009,12
E01003605,Newham,Theft and Handling,Handling Stolen Goods,0,2014,6
E01001551,Enfield,Drugs,Drug Trafficking,0,2012,5
E01003091,Lambeth,Theft and Handling,Theft/Taking Of Motor Vehicle,0,2008,2
E01001556,Enfield,Other Notifiable Offences,Other Notifiable,0,2014,12
E01002078,Haringey,Violence Against the Person,Murder,0,2010,2
E01000666,Bromley,Theft and Handling,Theft/Taking Of Motor Vehicle,0,2015,9
E01001711,Greenwich,Violence Against the Person,Wounding/GBH,0,2010,11
E01003041,Lambeth,Violence Against the Person,Offensive Weapon,0,2013,7
E01002475,Hillingdon,Violence Against the Person,Harassment,0,2014,9
E01000007,Barking and Dagenham,Drugs,Drug Trafficking,0,2010,9
E01000341,Bexley,Theft and Handling,Theft From Motor Vehicle,0,2010,7
E01004678,Westminster,Criminal Damage,Criminal Damage To Dwelling,1,2009,11
E01003410,Merton,Burglary,Burglary in Other Buildings,0,2015,8
E01004104,Sutton,Theft and Handling,Theft/Taking Of Motor Vehicle,0,2014,11
E01001856,Hammersmith and Fulham,Violence Against the Person,Common Assault,0,2009,1
E01002061,Haringey,Violence Against the Person,Other violence,0,2009,12
E01000311,Barnet,Drugs,Drug Trafficking,0,2011,2
E01001714,Hackney,Theft and Handling,Other Theft Person,2,2009,4
E01004099,Sutton,Violence Against the Person,Harassment,1,2012,5
E01002472,Hillingdon,Violence Against the Person,Wounding/GBH,1,2016,7
E01000610,Brent,Violence Against the Person,Offensive Weapon,0,2016,5
E01002797,Islington,Violence Against the Person,Assault with Injury,1,2014,7
E01004186,Sutton,Criminal Damage,Other Criminal Damage,0,2013,6
E01001053,Croydon,Other Notifiable Offences,Other Notifiable,0,2012,8
E01001478,Enfield,Theft and Handling,Theft From Shops,0,2013,5
E01004001,Southwark,Criminal Damage,Other Criminal Damage,0,2011,5
E01000562,Brent,Other Notifiable Offences,Going Equipped,0,2011,11
E01001296,Ealing,Drugs,Drug Trafficking,0,2016,3
E01002633,Hounslow,Criminal Damage,Criminal Damage To Dwelling,1,2011,1
E01001239,Ealing,Violence Against the Person,Other violence,0,2014,6
E01003096,Lambeth,Burglary,Burglary in Other Buildings,0,2016,7
E01003235,Lewisham,Theft and Handling,Theft/Taking of Pedal Cycle,0,2013,1
E01000631,Brent,Other Notifiable Offences,Other Notifiable,0,2013,4
E01002036,Haringey,Violence Against the Person,Offensive Weapon,0,2009,10
E01001005,Croydon,Drugs,Possession Of Drugs,0,2010,2
E01001852,Hammersmith and Fulham,Theft and Handling,Handling Stolen Goods,0,2010,6
E01004017,Southwark,Theft and Handling,Theft From Motor Vehicle,0,2013,4
E01002989,Kingston upon Thames,Theft and Handling,Theft From Motor Vehicle,0,2009,5
E01001725,Hackney,Other Notifiable Offences,Going Equipped,0,2013,3
E01000504,Brent,Other Notifiable Offences,Going Equipped,0,2011,10
E01002346,Havering,Burglary,Burglary in a Dwelling,0,2010,5
E01001850,Hackney,Theft and Handling,Theft From Motor Vehicle,1,2014,7
E01004562,Wandsworth,Other Notifiable Offences,Other Notifiable,0,2008,1
E01001631,Greenwich,Other Notifiable Offences,Other Notifiable,0,2014,5
E01004660,Westminster,Theft and Handling,Theft From Shops,1,2014,3
