E01002480,Hillingdon,Theft and Handling,Other Theft,0,2013,10
E01003366,Merton,Burglary,Burglary in Other Buildings,0,2008,11
E01003600,Newham,Criminal Damage,Criminal Damage To Dwelling,0,2014,8
E01001709,Greenwich,Other Notifiable Offences,Other Notifiable,0,2014,1
E01004178,Sutton,Theft and Handling,Other Theft Person,0,2008,12
E01002333,Havering,Violence Against the Person,Offensive Weapon,0,2015,3
E01003240,Lewisham,Violence Against the Person,Murder,0,2014,5
E01003674,Redbridge,Criminal Damage,Criminal Damage To Other Building,0,2012,5
E01003385,Merton,Violence Against the Person,Assault with Injury,0,2010,5
E01000072,Barking and Dagenham,Theft and Handling,Other Theft,2,2016,3
E01001095,Croydon,Violence Against the Person,Assault with Injury,1,2011,5
E01004420,Waltham Forest,Other Notifiable Offences,Going Equipped,0,2010,6
E01003572,Newham,Theft and Handling,Theft From Shops,0,2009,1
E01002608,Hounslow,Drugs,Other Drugs,0,2010,11
E01001398,Enfield,Burglary,Burglary in a Dwelling,1,2013,1
E01002365,Havering,Theft and Handling,Other Theft Person,0,2016,1
E01000964,Camden,Other Notifiable Offences,Going Equipped,0,2015,3
E01000107,Barking and Dagenham,Drugs,Drug Trafficking,0,2015,8
E01002594,Hounslow,Violence Against the Person,Offensive Weapon,0,2011,1
E01001664,Greenwich,Violence Against the Person,Offensive Weapon,0,2013,12
E01002579,Hounslow,Theft and Handling,Other Theft Person,0,2012,1
E01001895,Hammersmith and Fulham,Violence Against the Person,Other violence,0,2009,11
E01000885,Camden,Violence Against the Person,Assault with Injury,0,2013,10
E01003885,Richmond upon Thames,Violence Against the Person,Common Assault,0,2016,4
E01000903,Camden,Robbery,Personal Property,0,2014,5
E01001138,Croydon,Theft and Handling,Motor Vehicle Interference & Tampering,0,2008,6
E01003954,Southwark,Theft and Handling,Other Theft Person,0,2009,5
E01003080,Lambeth,Drugs,Drug Trafficking,0,2008,7
E01001433,Enfield,Criminal Damage,Other Criminal Damage,0,2012,8
E01004218,Tower Hamlets,Drugs,Drug Trafficking,0,2016,11
E01032581,Redbridge,Burglary,Burglary in a Dwelling,0,2008,9
E01004003,Southwark,Criminal Damage,Criminal Damage To Motor Vehicle,1,2015,2
E01002449,Hillingdon,Criminal Damage,Criminal Damage To Motor Vehicle,0,2015,10
E01004458,Waltham Forest,Drugs,Drug Trafficking,0,2014,7
E01000337,Bexley,Violence Against the Person,Common Assault,0,2014,3
E01003261,Lewisham,Burglary,Burglary in a Dwelling,0,2011,2
E01002499,Hillingdon,Theft and Handling,Theft From Motor Vehicle,0,2015,8
E01002716,Islington,Theft and Handling,Theft From Motor Vehicle,1,2013,1
E01003327,Lewisham,Criminal Damage,Criminal Damage To Motor Vehicle,2,2009,10
E01001393,Enfield,Criminal Damage,Criminal Damage To Other Building,0,2013,11
E01003492,Newham,Theft and Handling,Theft/Taking of Pedal Cycle,0,2011,7
E01002834,Kensington and Chelsea,Theft and Handling,Theft/Taking Of Motor Vehicle,1,2016,11
E01002491,Hillingdon,Theft and Handling,Theft/Taking Of Motor Vehicle,0,2015,11
E01001292,Ealing,Drugs,Drug Trafficking,0,2009,3
E01000921,Camden,Drugs,Possession Of Drugs,2,2009,3
E01004153,Sutton,Drugs,Possession Of Drugs,0,2012,1
E01000321,Barnet,Violence Against the Person,Common Assault,0,2011,4
E01001167,Croydon,Violence Against the Person,Other violence,0,2015,2
E01001618,Greenwich,Drugs,Drug Trafficking,0,2009,12
E01033030,Hounslow,Theft and Handling,Handling Stolen Goods,0,2010,2
E01001450,Enfield,Theft and Handling,Other Theft Person,1,2014,8
E01000055,Barking and Dagenham,Violence Against the Person,Other violence,0,2009,7
E01033593,Westminster,Violence Against the Person,Assault with Injury,0,2009,3
E01004277,Tower Hamlets,Theft and Handling,Other Theft Person,0,2009,3
E01003835,Richmond upon Thames,Theft and Handling,Theft/Taking of Pedal Cycle,1,2015,4
E01003643,Redbridge,Criminal Damage,Criminal Damage To Motor Vehicle,0,2009,1
E01001025,Croydon,Robbery,Personal Property,0,2009,4
E01004233,Tower Hamlets,Violence Against the Person,Assault with Injury,0,2009,7
E01002805,Islington,Theft and Handling,Theft From Motor Vehicle,2,2008,5
E01033583,Newham,Drugs,Drug Trafficking,0,2008,12
E01002579,Hounslow,Theft and Handling,Theft/Taking Of Motor Vehicle,0,2013,10
E01001403,Enfield,Violence Against the Person,Assault with Injury,2,2008,12
E01004421,Waltham Forest,Drugs,Drug Trafficking,0,2016,1
E01001831,Hackney,Drugs,Other Drugs,0,2011,12
E01003317,Lewisham,Robbery,Business Property,0,2011,9
E01002133,Harrow,Burglary,Burglary in a Dwelling,0,2014,10
E01004115,Sutton,Theft and Handling,Theft/Taking Of Motor Vehicle,1,2015,1
E01003550,Newham,Robbery,Personal Property,1,2012,4
E01001698,Greenwich,Violence Against the Person,Offensive Weapon,1,2016,10
E01003003,Kingston upon Thames,Theft and Handling,Other Theft Person,0,2013,8
E01002833,Kensington and Chelsea,Theft and Handling,Other Theft,5,2013,5
E01004360,Waltham Forest,Theft and Handling,Motor Vehicle Interference & Tampering,0,2013,5
E01000698,Bromley,Violence Against the Person,Common Assault,0,2013,3
E01001415,Enfield,Fraud or Forgery,Other Fraud & Forgery,0,2013,5
E01003869,Richmond upon Thames,Violence Against the Person,Harassment,1,2013,5
E01003810,Richmond upon Thames,Theft and Handling,Other Theft,2,2008,6
E01000866,Camden,Theft and Handling,Handling Stolen Goods,0,2013,6
E01000642,Brent,Criminal Damage,Criminal Damage To Motor Vehicle,0,2011,9
E01004547,Wandsworth,Criminal Damage,Criminal Damage To Dwelling,1,2008,4
E01000220,Barnet,Violence Against the Person,Assault with Injury,2,2010,11
E01004511,Wandsworth,Drugs,Drug Trafficking,0,2013,8
E01002662,Hounslow,Theft and Handling,Theft From Motor Vehicle,0,2011,12
E01000663,Bromley,Criminal Damage,Criminal Damage To Dwelling,0,2011,1
E01000915,Camden,Violence Against the Person,Other violence,0,2015,4
E01000383,Bexley,Theft and Handling,Theft/Taking Of Motor Vehicle,0,2011,11
E01004715,Westminster,Theft and Handling,Motor Vehicle Interference & Tampering,0,2015,12
E01000122,Barnet,Criminal Damage,Criminal Damage To Dwelling,0,2009,3
E01001348,Ealing,Criminal Damage,Other Criminal Damage,0,2013,12
E01001415,Enfield,Criminal Damage,Other Criminal Damage,1,2008,1
E01001335,Ealing,Violence Against the Person,Common Assault,0,2008,4
E01004479,Wandsworth,Robbery,Business Property,0,2009,4
E01001133,Croydon,Drugs,Possession Of Drugs,0,2011,9
E01033743,Greenwich,Theft and Handling,Other Theft Person,0,2012,10
E01001794,Hackney,Sexual Offences,Other Sexual,0,2010,6
E01004351,Waltham Forest,Other Notifiable Offences,Going Equipped,0,2014,4
E01003198,Lewisham,Criminal Damage,Criminal Damage To Dwelling,0,2014,4
E01004124,Sutton,Robbery,Business Property,0,2008,6
E01001202,Ealing,Violence Against the Person,Offensive Weapon,1,2015,11
E01004211,Tower Hamlets,Theft and Handling,Theft/Taking of Pedal Cycle,2,2008,9
E01000066,Barking and Dagenham,Drugs,Possession Of Drugs,1,2010,3
E01000225,Barnet,Robbery,Business Property,0,2009,12
E01003597,Newham,Theft and Handling,Handling Stolen Goods,0,2010,7
E01000173,Barnet,Other Notifiable Offences,Other Notifiable,0,2009,10
E01000325,Bexley,Criminal Damage,Criminal Damage To Motor Vehicle,0,2016,4
E01002354,Havering,Theft and Handling,Theft From Shops,0,2013,9
E01001991,Haringey,Burglary,Burglary in a Dwelling,2,2016,7
E01003139,Lambeth,Theft and Handling,Other Theft,0,2013,1
E01002508,Hillingdon,Burglary,Burglary in a Dwelling,0,2015,3
E01001664,Greenwich,Drugs,Possession Of Drugs,0,2012,2
E01004681,Westminster,Violence Against the Person,Common Assault,0,2015,8
E01003492,Newham,Theft and Handling,Other Theft,0,2010,10
E01000893,Camden,Violence Against the Person,Common Assault,0,2009,4
E01004545,Wandsworth,Violence Against the Person,Assault with Injury,1,2011,1
E01002149,Harrow,Theft and Handling,Motor Vehicle Interference & Tampering,0,2009,9
E01002369,Havering,Robbery,Personal Property,0,2015,3
E01003245,Lewisham,Criminal Damage,Criminal Damage To Motor Vehicle,1,2014,10
E01003709,Redbridge,Criminal Damage,Other Criminal Damage,0,2012,2
E01000342,Bexley,Drugs,Drug Trafficking,0,2010,11
E01001496,Enfield,Drugs,Possession Of Drugs,0,2013,10
E01001149,Croydon,Drugs,Possession Of Drugs,0,2010,12
E01000594,Brent,Drugs,Drug Trafficking,0,2009,5
E01000833,Bromley,Fraud or Forgery,Counted per Victim,0,2012,8
E01003404,Merton,Drugs,Possession Of Drugs,0,2015,1
E01001767,Hackney,Violence Against the Person,Murder,0,2008,1
E01000378,Bexley,Drugs,Possession Of Drugs,2,2010,1
E01000872,Camden,Theft and Handling,Theft/Taking Of Motor Vehicle,0,2014,8
E01004744,Westminster,Drugs,Possession Of Drugs,1,2016,7
E01000336,Bexley,Theft and Handling,Motor Vehicle Interference & Tampering,0,2013,2
E01002973,Kingston upon Thames,Violence Against the Person,Wounding/GBH,0,2014,5
E01004245,Tower Hamlets,Violence Against the Person,Common Assault,2,2008,4
E01004062,Southwark,Violence Against the Person,Wounding/GBH,4,2008,12
E01002781,Islington,Violence Against the Person,Assault with Injury,2,2015,3
E01002883,Kensington and Chelsea,Criminal Damage,Criminal Damage To Other Building,0,2012,5
E01001493,Enfield,Theft and Handling,Other Theft Person,0,2014,9
E01001837,Hackney,Theft and Handling,Other Theft Person,0,2011,5
E01003280,Lewisham,Criminal Damage,Criminal Damage To Dwelling,2,2009,5
E01004439,Waltham Forest,Other Notifiable Offences,Going Equipped,0,2009,7
E01004605,Wandsworth,Violence Against the Person,Common Assault,0,2014,11
E01002909,Kensington and Chelsea,Violence Against the Person,Other violence,0,2013,12
E01000541,Brent,Robbery,Business Property,0,2016,11
E01003825,Richmond upon Thames,Violence Against the Person,Assault with Injury,0,2010,7
E01002668,Hounslow,Fraud or Forgery,Counted per Victim,0,2013,11
E01002878,Kensington and Chelsea,Sexual Offences,Other Sexual,0,2016,9
E01004022,Southwark,Theft and Handling,Theft/Taking Of Motor Vehicle,1,2010,4
E01001825,Hackney,Theft and Handling,Other Theft Person,0,2012,7
E01004509,Wandsworth,Fraud or Forgery,Counted per Victim,0,2016,11
E01000534,Brent,Theft and Handling,Handling Stolen Goods,0,2010,4
E01002550,Hillingdon,Violence Against the Person,Assault with Injury,1,2010,5
E01001607,Greenwich,Violence Against the Person,Harassment,0,2011,5
E01003845,Richmond upon Thames,Robbery,Personal Property,0,2014,6
E01001250,Ealing,Drugs,Drug Trafficking,2,2016,8
E01001961,Hammersmith and Fulham,Theft and Handling,Other Theft Person,0,2008,4
E01002527,Hillingdon,Criminal Damage,Criminal Damage To Other Building,0,2010,6
E01004198,Tower Hamlets,Violence Against the Person,Harassment,2,2015,9
E01004633,Wandsworth,Theft and Handling,Theft/Taking of Pedal Cycle,0,2012,8
E01000915,Camden,Burglary,Burglary in a Dwelling,0,2011,2
E01003482,Newham,Theft and Handling,Theft From Motor Vehicle,11,2010,2
E01004006,Southwark,Robbery,Personal Property,0,2010,8
E01003702,Redbridge,Robbery,Business Property,0,2015,4
E01003987,Southwark,Violence Against the Person,Other violence,0,2011,10
E01003676,Redbridge,Criminal Damage,Criminal Damage To Other Building,0,2012,7
E01002080,Haringey,Violence Against the Person,Offensive Weapon,0,2008,7
E01002848,Kensington and Chelsea,Sexual Offences,Rape,0,2016,6
E01004595,Wandsworth,Drugs,Possession Of Drugs,0,2015,8
E01002493,Hillingdon,Burglary,Burglary in a Dwelling,0,2011,3
E01001551,Enfield,Robbery,Personal Property,0,2015,10
E01002589,Hounslow,Criminal Damage,Criminal Damage To Motor Vehicle,1,2010,6
E01002736,Islington,Theft and Handling,Theft From Shops,0,2009,3
E01001075,Croydon,Theft and Handling,Theft From Motor Vehicle,0,2008,11
E01001312,Ealing,Violence Against the Person,Harassment,0,2015,1
E01002703,Islington,Criminal Damage,Other Criminal Damage,1,2013,4
E01000635,Brent,Theft and Handling,Theft From Motor Vehicle,2,2009,9
E01002706,Islington,Theft and Handling,Other Theft Person,2,2009,10
E01033489,Islington,Theft and Handling,Theft/Taking Of Motor Vehicle,0,2009,3
E01001474,Enfield,Theft and Handling,Theft From Shops,0,2014,10
E01002988,Kingston upon Thames,Fraud or Forgery,Counted per Victim,0,2012,2
E01004119,Sutton,Burglary,Burglary in Other Buildings,0,2010,11
E01002896,Kensington and Chelsea,Theft and Handling,Theft/Taking Of Motor Vehicle,0,2009,5
E01001209,Ealing,Robbery,Business Property,0,2011,2
E01000976,Croydon,Other Notifiable Offences,Other Notifiable,0,2010,1
E01033587,Barking and Dagenham,Theft and Handling,Theft/Taking of Pedal Cycle,0,2010,5
E01003284,Lewisham,Theft and Handling,Motor Vehicle Interference & Tampering,0,2013,11
E01004725,Westminster,Drugs,Drug Trafficking,0,2011,9
E01004752,Westminster,Fraud or Forgery,Other Fraud & Forgery,0,2016,2
E01004352,Waltham Forest,Criminal Damage,Criminal Damage To Other Building,1,2016,5
E01002465,Hillingdon,Violence Against the Person,Common Assault,0,2010,10
E01003572,Newham,Theft and Handling,Theft/Taking Of Motor Vehicle,0,2016,7
E01002505,Hillingdon,Other Notifiable Offences,Going Equipped,0,2008,10
E01002261,Havering,Violence Against the Person,Wounding/GBH,0,2008,1
E01004403,Waltham Forest,Criminal Damage,Criminal Damage To Dwelling,1,2014,6
E01001227,Ealing,Burglary,Burglary in Other Buildings,0,2012,7
E01001949,Hammersmith and Fulham,Drugs,Drug Trafficking,0,2016,10
E01001119,Croydon,Robbery,Business Property,0,2016,4
E01000086,Barking and Dagenham,Violence Against the Person,Assault with Injury,1,2010,8
E01003319,Lewisham,Theft and Handling,Other Theft Person,0,2012,9
E01002452,Hillingdon,Violence Against the Person,Wounding/GBH,0,2013,4
E01003927,Southwark,Other Notifiable Offences,Going Equipped,0,2010,10
E01002096,Haringey,Burglary,Burglary in Other Buildings,0,2009,4
E01004264,Tower Hamlets,Other Notifiable Offences,Other Notifiable,0,2013,2
E01004335,Waltham Forest,Criminal Damage,Criminal Damage To Motor Vehicle,0,2015,9
E01000109,Barking and Dagenham,Criminal Damage,Criminal Damage To Dwelling,1,2013,12
E01003020,Lambeth,Violence Against the Person,Wounding/GBH,3,2013,6
E01004708,Westminster,Theft and Handling,Other Theft Person,0,2012,1
E01001890,Hammersmith and Fulham,Criminal Damage,Criminal Damage To Dwelling,0,2011,12
E01000108,Barking and Dagenham,Drugs,Possession Of Drugs,2,2012,10
E01003795,Redbridge,Other Notifiable Offences,Other Notifiable,1,2015,11
E01000739,Bromley,Other Notifiable Offences,Other Notifiable,1,2016,5
E01002990,Kingston upon Thames,Violence Against the Person,Wounding/GBH,0,2008,11
E01004157,Sutton,Theft and Handling,Theft From Motor Vehicle,2,2012,8
E01000433,Bexley,Burglary,Burglary in a Dwelling,0,2012,8
E01001127,Croydon,Theft and Handling,Theft/Taking of Pedal Cycle,0,2016,10
E01004506,Wandsworth,Violence Against the Person,Assault with Injury,0,2014,5
E01004719,Westminster,Violence Against the Person,Harassment,2,2008,8
E01004081,Sutton,Violence Against the Person,Harassment,1,2015,8
E01002222,Harrow,Violence Against the Person,Murder,0,2010,6
E01004739,Westminster,Robbery,Personal Property,0,2010,12
E01004699,Westminster,Burglary,Burglary in Other Buildings,1,2011,12
E01002627,Hounslow,Criminal Damage,Criminal Damage To Dwelling,0,2015,1
E01002809,Islington,Criminal Damage,Criminal Damage To Other Building,0,2015,1
E01000224,Barnet,Violence Against the Person,Harassment,0,2013,8
E01002779,Islington,Theft and Handling,Handling Stolen Goods,0,2009,7
E01033587,Barking and Dagenham,Criminal Damage,Other Criminal Damage,0,2008,9
E01003203,Lewisham,Violence Against the Person,Murder,0,2015,4
E01001511,Enfield,Drugs,Other Drugs,0,2013,2
E01000707,Bromley,Theft and Handling,Motor Vehicle Interference & Tampering,1,2008,3
E01003548,Newham,Violence Against the Person,Offensive Weapon,0,2012,9
E01003352,Lewisham,Theft and Handling,Motor Vehicle Interference & Tampering,0,2015,11
E01003295,Lewisham,Theft and Handling,Theft From Shops,0,2008,9
E01002530,Hillingdon,Theft and Handling,Motor Vehicle Interference & Tampering,1,2014,5
E01032778,Tower Hamlets,Theft and Handling,Motor Vehicle Interference & Tampering,1,2014,8
E01002554,Hillingdon,Theft and Handling,Theft From Shops,4,2011,6
E01003697,Redbridge,Burglary,Burglary in a Dwelling,1,2009,8
E01004322,Tower Hamlets,Theft and Handling,Theft From Shops,0,2012,5
E01000247,Barnet,Burglary,Burglary in a Dwelling,0,2016,6
E01000244,Barnet,Drugs,Possession Of Drugs,2,2008,11
E01002429,Hillingdon,Violence Against the Person,Wounding/GBH,0,2008,8
E01003275,Lewisham,Drugs,Possession Of Drugs,2,2013,6
E01003699,Redbridge,Burglary,Burglary in Other Buildings,0,2011,8
E01002234,Harrow,Other Notifiable Offences,Other Notifiable,0,2012,2
E01004703,Westminster,Theft and Handling,Theft From Motor Vehicle,2,2013,8
E01000992,Croydon,Theft and Handling,Theft/Taking of Pedal Cycle,0,2016,2
E01003786,Redbridge,Violence Against the Person,Offensive Weapon,0,2011,12
E01002520,Hillingdon,Violence Against the Person,Offensive Weapon,0,2014,7
E01000665,Bromley,Theft and Handling,Theft/Taking Of Motor Vehicle,0,2008,7
E01004349,Waltham Forest,Other Notifiable Offences,Other Notifiable,0,2008,12
E01001223,Ealing,Violence Against the Person,Common Assault,0,2009,8
E01001353,Ealing,Violence Against the Person,Wounding/GBH,0,2016,4
E01004034,Southwark,Theft and Handling,Other Theft,1,2013,2
E01000019,Barking and Dagenham,Theft and Handling,Other Theft,0,2015,5
E01003551,Newham,Burglary,Burglary in Other Buildings,0,2015,9
E01000471,Brent,Burglary,Burglary in a Dwelling,0,2014,5
E01000601,Brent,Theft and Handling,Theft From Shops,6,2013,10
E01002598,Hounslow,Theft and Handling,Motor Vehicle Interference & Tampering,0,2009,5
E01001732,Hackney,Violence Against the Person,Assault with Injury,1,2011,9
E01000781,Bromley,Theft and Handling,Theft From Shops,1,2016,3
E01001277,Ealing,Criminal Damage,Criminal Damage To Other Building,0,2015,5
E01003285,Lewisham,Violence Against the Person,Wounding/GBH,0,2010,11
E01004204,Tower Hamlets,Violence Against the Person,Common Assault,3,2014,8
E01003191,Lewisham,Theft and Handling,Theft/Taking Of Motor Vehicle,3,2010,11
E01000897,Camden,Violence Against the Person,Assault with Injury,1,2011,6
E01002223,Harrow,Criminal Damage,Criminal Damage To Motor Vehicle,0,2008,9
E01002398,Hillingdon,Theft and Handling,Motor Vehicle Interference & Tampering,0,2013,7
E01001113,Croydon,Robbery,Business Property,0,2014,6
E01033082,Hounslow,Violence Against the Person,Assault with Injury,2,2015,9
E01003084,Lambeth,Other Notifiable Offences,Other Notifiable,0,2009,9
E01004228,Tower Hamlets,Theft and Handling,Other Theft Person,1,2015,4
E01003826,Richmond upon Thames,Criminal Damage,Criminal Damage To Other Building,0,2008,8
E01003913,Southwark,Robbery,Business Property,0,2015,9
E01000775,Bromley,Violence Against the Person,Offensive Weapon,0,2008,7
E01002082,Haringey,Violence Against the Person,Other violence,0,2016,11
E01000456,Bexley,Violence Against the Person,Assault with Injury,0,2010,12
E01001596,Greenwich,Burglary,Burglary in Other Buildings,2,2011,12
E01003649,Redbridge,Criminal Damage,Other Criminal Damage,0,2013,9
E01003491,Newham,Criminal Damage,Criminal Damage To Motor Vehicle,1,2016,5
E01003741,Redbridge,Robbery,Personal Property,2,2009,4
E01002070,Haringey,Criminal Damage,Criminal Damage To Dwelling,0,2011,7
E01002776,Islington,Theft and Handling,Theft From Shops,0,2016,8
E01001439,Enfield,Burglary,Burglary in a Dwelling,3,2009,1
E01002902,Kensington and Chelsea,Violence Against the Person,Assault with Injury,0,2012,6
E01003225,Lewisham,Violence Against the Person,Assault with Injury,0,2011,8
E01002159,Harrow,Other Notifiable Offences,Other Notifiable,0,2014,4
E01004695,Westminster,Theft and Handling,Handling Stolen Goods,0,2016,9
E01002304,Havering,Theft and Handling,Theft/Taking Of Motor Vehicle,0,2015,1
E01000191,Barnet,Theft and Handling,Other Theft Person,0,2015,6
E01004530,Wandsworth,Violence Against the Person,Wounding/GBH,0,2012,9
E01001806,Hackney,Criminal Damage,Criminal Damage To Motor Vehicle,0,2010,11
E01001183,Croydon,Robbery,Personal Property,3,2014,2
E01004253,Tower Hamlets,Robbery,Personal Property,1,2016,4
E01003411,Merton,Theft and Handling,Other Theft,1,2014,10
E01000947,Camden,Burglary,Burglary in a Dwelling,1,2008,11
E01001738,Hackney,Theft and Handling,Theft From Motor Vehicle,0,2010,7
E01000330,Bexley,Theft and Handling,Theft/Taking of Pedal Cycle,0,2010,8
E01003881,Richmond upon Thames,Criminal Damage,Criminal Damage To Motor Vehicle,0,2008,11
E01001947,Hammersmith and Fulham,Theft and Handling,Motor Vehicle Interference & Tampering,0,2012,2
E01004225,Tower Hamlets,Violence Against the Person,Other violence,0,2010,1
E01001194,Croydon,Theft and Handling,Handling Stolen Goods,0,2016,10
E01000236,Barnet,Criminal Damage,Other Criminal Damage,1,2013,5
E01003164,Lambeth,Criminal Damage,Other Criminal Damage,2,2015,2
E01000298,Barnet,Theft and Handling,Other Theft,3,2008,11
E01004187,Sutton,Theft and Handling,Theft From Motor Vehicle,1,2011,9
E01002734,Islington,Burglary,Burglary in Other Buildings,1,2009,7
E01004748,Westminster,Criminal Damage,Other Criminal Damage,1,2014,8
E01001184,Croydon,Burglary,Burglary in a Dwelling,0,2013,12
E01003485,Newham,Robbery,Business Property,0,2013,11
E01004621,Wandsworth,Drugs,Possession Of Drugs,0,2011,6
E01001399,Enfield,Theft and Handling,Other Theft,0,2013,11
E01001249,Ealing,Theft and Handling,Other Theft Person,0,2016,3
E01033455,Brent,Theft and Handling,Motor Vehicle Interference & Tampering,0,2014,12
E01004523,Wandsworth,Burglary,Burglary in Other Buildings,1,2014,11
E01000626,Brent,Theft and Handling,Other Theft,2,2008,5
E01003446,Merton,Violence Against the Person,Assault with Injury,1,2013,1
E01001332,Ealing,Drugs,Possession Of Drugs,3,2013,2
E01001540,Enfield,Violence Against the Person,Common Assault,1,2010,2
E01003639,Redbridge,Theft and Handling,Theft From Motor Vehicle,4,2008,6
E01002897,Kensington and Chelsea,Drugs,Drug Trafficking,0,2008,5
E01003509,Newham,Violence Against the Person,Common Assault,1,2016,10
E01002837,Kensington and Chelsea,Criminal Damage,Criminal Damage To Other Building,0,2010,10
E01004385,Waltham Forest,Criminal Damage,Criminal Damage To Dwelling,0,2015,9
E01033731,Greenwich,Violence Against the Person,Other violence,0,2011,10
E01004384,Waltham Forest,Drugs,Possession Of Drugs,1,2009,8
E01000464,Bexley,Theft and Handling,Other Theft,0,2013,1
E01003999,Southwark,Criminal Damage,Criminal Damage To Motor Vehicle,1,2013,12
E01002260,Havering,Violence Against the Person,Common Assault,0,2009,3
E01004330,Waltham Forest,Theft and Handling,Motor Vehicle Interference & Tampering,0,2014,4
E01002301,Havering,Violence Against the Person,Other violence,0,2016,2
E01001179,Croydon,Drugs,Possession Of Drugs,0,2015,9
E01003372,Merton,Other Notifiable Offences,Other Notifiable,0,2009,12
E01004529,Wandsworth,Drugs,Possession Of Drugs,0,2012,11
E01000059,Barking and Dagenham,Violence Against the Person,Offensive Weapon,0,2013,9
E01003052,Lambeth,Criminal Damage,Criminal Damage To Dwelling,2,2016,4
E01002232,Harrow,Criminal Damage,Criminal Damage To Motor Vehicle,1,2012,10
E01003375,Merton,Violence Against the Person,Common Assault,1,2008,9
E01003353,Lewisham,Theft and Handling,Other Theft,1,2010,4
E01001540,Enfield,Burglary,Burglary in Other Buildings,1,2015,8
E01001808,Hackney,Drugs,Other Drugs,0,2013,1
E01003739,Redbridge,Violence Against the Person,Offensive Weapon,0,2012,8
E01002599,Hounslow,Burglary,Burglary in Other Buildings,1,2008,5
E01001206,Ealing,Theft and Handling,Theft/Taking of Pedal Cycle,0,2009,10
E01000798,Bromley,Criminal Damage,Criminal Damage To Motor Vehicle,1,2015,2
E01003619,Newham,Theft and Handling,Theft/Taking Of Motor Vehicle,0,2008,10
E01003833,Richmond upon Thames,Criminal Damage,Criminal Damage To Dwelling,0,2013,4
E01000292,Barnet,Theft and Handling,Theft From Shops,0,2011,1
E01004448,Waltham Forest,Fraud or Forgery,Counted per Victim,0,2010,5
E01003193,Lewisham,Theft and Handling,Theft/Taking of Pedal Cycle,0,2015,11
E01003761,Redbridge,Violence Against the Person,Common Assault,0,2016,7
E01004682,Westminster,Robbery,Personal Property,0,2016,7
E01001215,Ealing,Burglary,Burglary in Other Buildings,1,2014,9
E01003394,Merton,Violence Against the Person,Wounding/GBH,0,2011,5
E01003981,Southwark,Criminal Damage,Criminal Damage To Other Building,0,2009,11
E01003227,Lewisham,Criminal Damage,Other Criminal Damage,0,2010,1
E01003986,Southwark,Violence Against the Person,Wounding/GBH,1,2009,2
E01001823,Hackney,Theft and Handling,Handling Stolen Goods,0,2010,9
E01003282,Lewisham,Criminal Damage,Criminal Damage To Dwelling,2,2015,8
E01003507,Newham,Violence Against the Person,Wounding/GBH,1,2009,9
E01002238,Harrow,Theft and Handling,Motor Vehicle Interference & Tampering,0,2013,2
E01001371,Ealing,Theft and Handling,Theft/Taking of Pedal Cycle,0,2009,1
E01000362,Bexley,Other Notifiable Offences,Other Notifiable,0,2016,5
E01001546,Enfield,Theft and Handling,Motor Vehicle Interference & Tampering,0,2013,1
E01001181,Croydon,Sexual Offences,Rape,0,2011,9
E01000248,Barnet,Burglary,Burglary in Other Buildings,0,2008,10
E01004750,Westminster,Burglary,Burglary in a Dwelling,0,2009,11
E01001808,Hackney,Criminal Damage,Other Criminal Damage,0,2013,7
E01002933,Kingston upon Thames,Robbery,Personal Property,0,2008,3
E01000688,Bromley,Violence Against the Person,Harassment,0,2008,7
E01004229,Tower Hamlets,Violence Against the Person,Offensive Weapon,0,2014,12
E01004204,Tower Hamlets,Theft and Handling,Other Theft Person,0,2012,5
E01002069,Haringey,Fraud or Forgery,Other Fraud & Forgery,0,2009,8
E01004391,Waltham Forest,Other Notifiable Offences,Other Notifiable,0,2010,2
E01003587,Newham,Violence Against the Person,Offensive Weapon,0,2011,9
E01003712,Redbridge,Criminal Damage,Criminal Damage To Dwelling,0,2009,9
E01000478,Brent,Other Notifiable Offences,Other Notifiable,0,2016,10
E01002121,Harrow,Robbery,Personal Property,0,2009,2
E01004761,Westminster,Criminal Damage,Criminal Damage To Motor Vehicle,1,2015,1
E01004365,Waltham Forest,Drugs,Drug Trafficking,0,2015,11
E01002179,Harrow,Burglary,Burglary in a Dwelling,1,2011,10
E01003002,Kingston upon Thames,Violence Against the Person,Offensive Weapon,0,2008,7
E01002025,Haringey,Criminal Damage,Other Criminal Damage,0,2016,5
E01003133,Lambeth,Drugs,Drug Trafficking,0,2008,4
E01004322,Tower Hamlets,Theft and Handling,Handling Stolen Goods,0,2014,10
E01000403,Bexley,Theft and Handling,Motor Vehicle Interference & Tampering,0,2015,5
E01002240,Harrow,Theft and Handling,Theft From Shops,0,2014,5
E01000298,Barnet,Violence Against the Person,Offensive Weapon,0,2011,8
E01001373,Ealing,Violence Against the Person,Common Assault,0,2011,3
E01002031,Haringey,Theft and Handling,Other Theft,12,2016,9
E01003014,Lambeth,Criminal Damage,Criminal Damage To Dwelling,0,2012,11
E01003006,Kingston upon Thames,Theft and Handling,Other Theft Person,0,2011,9
E01004122,Sutton,Criminal Damage,Criminal Damage To Other Building,0,2011,8
E01003013,Lambeth,Criminal Damage,Criminal Damage To Other Building,0,2011,8
E01000534,Brent,Violence Against the Person,Harassment,1,2011,10
E01000373,Bexley,Other Notifiable Offences,Going Equipped,0,2015,5
E01001814,Hackney,Violence Against the Person,Harassment,0,2014,11
E01033324,Lewisham,Drugs,Other Drugs,0,2009,2
E01001887,Hammersmith and Fulham,Theft and Handling,Other Theft,1,2008,5
E01004533,Wandsworth,Criminal Damage,Criminal Damage To Motor Vehicle,1,2012,7
E01000289,Barnet,Theft and Handling,Other Theft,1,2016,7
E01001440,Enfield,Robbery,Personal Property,0,2011,12
E01001755,Hackney,Violence Against the Person,Harassment,1,2012,10
E01003724,Redbridge,Robbery,Business Property,0,2014,3
E01004426,Waltham Forest,Violence Against the Person,Other violence,0,2016,8
E01001887,Hammersmith and Fulham,Drugs,Possession Of Drugs,0,2008,5
E01001506,Enfield,Theft and Handling,Theft From Shops,0,2016,6
E01004017,Southwark,Violence Against the Person,Offensive Weapon,0,2009,2
E01003656,Redbridge,Burglary,Burglary in Other Buildings,0,2010,5
E01000266,Barnet,Theft and Handling,Theft From Shops,0,2012,10
E01000207,Barnet,Other Notifiable Offences,Other Notifiable,0,2012,4
E01002566,Hounslow,Violence Against the Person,Common Assault,0,2009,7
E01003468,Merton,Drugs,Drug Trafficking,0,2013,6
E01004070,Southwark,Violence Against the Person,Assault with Injury,1,2009,5
E01002944,Kingston upon Thames,Burglary,Burglary in Other Buildings,0,2008,8
E01003269,Lewisham,Drugs,Possession Of Drugs,0,2012,8
E01004382,Waltham Forest,Violence Against the Person,Other violence,0,2010,10
E01004399,Waltham Forest,Criminal Damage,Criminal Damage To Other Building,0,2010,6
E01004094,Sutton,Other Notifiable Offences,Other Notifiable,0,2015,5
E01003872,Richmond upon Thames,Theft and Handling,Theft From Motor Vehicle,0,2008,7
E01001091,Croydon,Drugs,Drug Trafficking,0,2011,8
E01001311,Ealing,Violence Against the Person,Wounding/GBH,1,2016,9
E01001533,Enfield,Violence Against the Person,Assault with Injury,0,2014,7
E01004480,Wandsworth,Theft and Handling,Theft From Motor Vehicle,2,2011,7
E01003930,Southwark,Violence Against the Person,Offensive Weapon,0,2013,1
E01002139,Harrow,Violence Against the Person,Common Assault,0,2015,10
E01000090,Barking and Dagenham,Criminal Damage,Other Criminal Damage,0,2010,10
E01002737,Islington,Other Notifiable Offences,Other Notifiable,1,2013,2
E01003573,Newham,Criminal Damage,Criminal Damage To Motor Vehicle,0,2010,7
E01000608,Brent,Criminal Damage,Other Criminal Damage,1,2012,5
E01002072,Haringey,Other Notifiable Offences,Going Equipped,0,2014,9
E01003201,Lewisham,Violence Against the Person,Assault with Injury,2,2010,2
E01004139,Sutton,Theft and Handling,Theft/Taking of Pedal Cycle,0,2012,7
E01001768,Hackney,Criminal Damage,Criminal Damage To Dwelling,0,2010,12
E01001579,Greenwich,Theft and Handling,Other Theft Person,0,2009,6
E01002479,Hillingdon,Theft and Handling,Other Theft Person,0,2011,11
E01033341,Lewisham,Violence Against the Person,Other violence,2,2016,11
E01000863,Camden,Drugs,Possession Of Drugs,54,2008,4
E01002149,Harrow,Theft and Handling,Other Theft,0,2015,1
E01002734,Islington,Theft and Handling,Theft/Taking Of Motor Vehicle,1,2008,8
E01003479,Newham,Robbery,Personal Property,0,2014,10
E01004530,Wandsworth,Violence Against the Person,Other violence,0,2014,7
E01002376,Havering,Violence Against the Person,Other violence,0,2014,8
E01004392,Waltham Forest,Criminal Damage,Criminal Damage To Motor Vehicle,1,2012,11
E01033424,Brent,Theft and Handling,Theft/Taking Of Motor Vehicle,0,2011,1
E01003744,Redbridge,Criminal Damage,Criminal Damage To Dwelling,1,2013,5
E01004471,Waltham Forest,Violence Against the Person,Offensive Weapon,0,2013,9
E01001343,Ealing,Violence Against the Person,Offensive Weapon,0,2008,4
E01002413,Hillingdon,Violence Against the Person,Common Assault,0,2015,8
E01001520,Enfield,Burglary,Burglary in Other Buildings,0,2015,4
E01003649,Redbridge,Violence Against the Person,Offensive Weapon,0,2010,8
E01003164,Lambeth,Theft and Handling,Theft From Shops,0,2012,6
E01003873,Richmond upon Thames,Violence Against the Person,Assault with Injury,1,2009,12
E01004658,Westminster,Robbery,Business Property,0,2009,1
E01004695,Westminster,Theft and Handling,Theft/Taking of Pedal Cycle,2,2009,7
E01003939,Southwark,Theft and Handling,Theft From Shops,0,2010,1
E01000112,Barking and Dagenham,Violence Against the Person,Offensive Weapon,0,2011,11
E01004684,Westminster,Criminal Damage,Criminal Damage To Motor Vehicle,0,2015,11
E01001298,Ealing,Violence Against the Person,Common Assault,2,2013,1
E01000007,Barking and Dagenham,Theft and Handling,Motor Vehicle Interference & Tampering,0,2010,5
E01000682,Bromley,Drugs,Possession Of Drugs,0,2015,8
E01000115,Barnet,Other Notifiable Offences,Other Notifiable,0,2010,2
E01002960,Kingston upon Thames,Violence Against the Person,Other violence,0,2012,3
E01001657,Greenwich,Theft and Handling,Other Theft,2,2008,4
E01002724,Islington,Criminal Damage,Criminal Damage To Motor Vehicle,0,2015,11
E01003224,Lewisham,Theft and Handling,Handling Stolen Goods,0,2009,12
E01003114,Lambeth,Violence Against the Person,Offensive Weapon,0,2008,2
E01000530,Brent,Theft and Handling,Other Theft Person,0,2011,2
E01002596,Hounslow,Theft and Handling,Theft/Taking of Pedal Cycle,0,2016,4
E01004535,Wandsworth,Robbery,Personal Property,0,2014,10
E01000962,Camden,Robbery,Business Property,0,2016,11
E01003127,Lambeth,Theft and Handling,Theft From Motor Vehicle,1,2013,3
E01032720,Southwark,Violence Against the Person,Offensive Weapon,0,2013,7
E01000755,Bromley,Violence Against the Person,Wounding/GBH,0,2008,5
E01002004,Haringey,Burglary,Burglary in Other Buildings,0,2012,4
E01003181,Lambeth,Violence Against the Person,Assault with Injury,1,2008,9
E01000143,Barnet,Violence Against the Person,Common Assault,1,2013,6
E01002926,Kingston upon Thames,Violence Against the Person,Offensive Weapon,0,2013,10
E01003151,Lambeth,Robbery,Business Property,0,2010,11
E01000844,Camden,Theft and Handling,Theft/Taking Of Motor Vehicle,0,2014,5
E01001210,Ealing,Drugs,Drug Trafficking,0,2009,6
E01001254,Ealing,Theft and Handling,Theft/Taking of Pedal Cycle,1,2013,8
E01003744,Redbridge,Criminal Damage,Criminal Damage To Other Building,0,2014,5
E01002563,Hounslow,Robbery,Personal Property,0,2012,10
E01002081,Haringey,Fraud or Forgery,Other Fraud & Forgery,0,2009,12
E01003709,Redbridge,Criminal Damage,Criminal Damage To Other Building,0,2013,11
E01001441,Enfield,Theft and Handling,Theft From Shops,1,2009,5
E01001272,Ealing,Drugs,Possession Of Drugs,1,2012,7
E01003142,Lambeth,Theft and Handling,Other Theft Person,0,2011,5
E01002103,Haringey,Robbery,Personal Property,0,2010,9
E01003628,Newham,Drugs,Possession Of Drugs,0,2013,6
E01001840,Hackney,Violence Against the Person,Other violence,0,2012,6
E01001642,Greenwich,Drugs,Possession Of Drugs,9,2013,7
E01003384,Merton,Violence Against the Person,Wounding/GBH,0,2011,6
E01004038,Southwark,Theft and Handling,Handling Stolen Goods,0,2008,2
E01004744,Westminster,Drugs,Possession Of Drugs,0,2015,1
E01000317,Barnet,Robbery,Personal Property,0,2016,10
E01033491,Islington,Violence Against the Person,Offensive Weapon,0,2012,5
E01004284,Tower Hamlets,Burglary,Burglary in Other Buildings,3,2015,3
E01000118,Barnet,Criminal Damage,Criminal Damage To Motor Vehicle,0,2014,12
E01002098,Haringey,Theft and Handling,Other Theft Person,1,2012,5
E01001791,Hackney,Other Notifiable Offences,Going Equipped,0,2011,9
E01000393,Bexley,Criminal Damage,Criminal Damage To Other Building,0,2009,9
E01002973,Kingston upon Thames,Theft and Handling,Theft/Taking of Pedal Cycle,0,2008,10
E01001617,Greenwich,Other Notifiable Offences,Other Notifiable,0,2015,12
E01003337,Lewisham,Violence Against the Person,Offensive Weapon,0,2008,12
E01001730,Hackney,Drugs,Other Drugs,0,2009,12
E01003315,Lewisham,Criminal Damage,Criminal Damage To Motor Vehicle,0,2011,2
E01004359,Waltham Forest,Violence Against the Person,Common Assault,2,2009,8
E01002078,Haringey,Criminal Damage,Criminal Damage To Dwelling,0,2011,11
E01000208,Barnet,Violence Against the Person,Other violence,0,2010,8
E01001438,Enfield,Burglary,Burglary in a Dwelling,0,2012,10
E01002138,Harrow,Theft and Handling,Theft From Motor Vehicle,0,2012,11
E01002265,Havering,Theft and Handling,Theft From Shops,1,2012,6
E01000457,Bexley,Robbery,Business Property,0,2014,7
E01002268,Havering,Criminal Damage,Criminal Damage To Dwelling,0,2008,9
E01001446,Enfield,Violence Against the Person,Offensive Weapon,0,2016,3
E01004030,Southwark,Drugs,Other Drugs,0,2013,7
E01003699,Redbridge,Drugs,Possession Of Drugs,0,2016,9
E01001773,Hackney,Theft and Handling,Other Theft Person,0,2013,1
E01004534,Wandsworth,Violence Against the Person,Offensive Weapon,0,2016,3
E01001972,Haringey,Theft and Handling,Handling Stolen Goods,0,2012,6
E01000439,Bexley,Criminal Damage,Other Criminal Damage,0,2014,8
E01000983,Croydon,Theft and Handling,Theft From Motor Vehicle,0,2008,3
E01002893,Kensington and Chelsea,Drugs,Drug Trafficking,0,2008,11
E01002530,Hillingdon,Burglary,Burglary in Other Buildings,0,2015,12
E01001351,Ealing,Theft and Handling,Other Theft,5,2010,1
E01003490,Newham,Criminal Damage,Criminal Damage To Dwelling,0,2015,7
E01000239,Barnet,Theft and Handling,Handling Stolen Goods,0,2011,3
E01003297,Lewisham,Violence Against the Person,Murder,0,2015,5
E01004763,Westminster,Violence Against the Person,Offensive Weapon,0,2016,4
E01003727,Redbridge,Criminal Damage,Other Criminal Damage,2,2015,7
E01000999,Croydon,Burglary,Burglary in Other Buildings,0,2011,8
E01004509,Wandsworth,Theft and Handling,Theft From Shops,2,2013,8
E01004051,Southwark,Robbery,Personal Property,0,2015,2
E01000779,Bromley,Violence Against the Person,Common Assault,0,2015,11
E01002509,Hillingdon,Violence Against the Person,Offensive Weapon,0,2015,8
E01000545,Brent,Violence Against the Person,Common Assault,3,2016,3
E01003315,Lewisham,Theft and Handling,Theft From Motor Vehicle,1,2010,9
E01004330,Waltham Forest,Theft and Handling,Other Theft Person,0,2012,2
E01000894,Camden,Violence Against the Person,Harassment,0,2009,2
E01001382,Ealing,Burglary,Burglary in Other Buildings,0,2014,9
E01000394,Bexley,Other Notifiable Offences,Other Notifiable,0,2008,8
E01002157,Harrow,Theft and Handling,Other Theft Person,0,2011,1
E01002772,Islington,Violence Against the Person,Assault with Injury,1,2012,5
E01000186,Barnet,Theft and Handling,Theft From Motor Vehicle,0,2008,5
E01000702,Bromley,Theft and Handling,Handling Stolen Goods,0,2016,12
E01000708,Bromley,Violence Against the Person,Offensive Weapon,0,2010,9
E01000720,Bromley,Violence Against the Person,Murder,0,2010,7
E01004064,Southwark,Violence Against the Person,Other violence,0,2015,4
E01002661,Hounslow,Violence Against the Person,Wounding/GBH,0,2014,8
E01002592,Hounslow,Fraud or Forgery,Counted per Victim,0,2015,3
E01001809,Hackney,Violence Against the Person,Harassment,0,2015,2
E01002941,Kingston upon Thames,Burglary,Burglary in Other Buildings,3,2012,4
E01003087,Lambeth,Violence Against the Person,Common Assault,1,2012,12
E01001017,Croydon,Robbery,Personal Property,0,2011,12
E01003252,Lewisham,Drugs,Possession Of Drugs,0,2010,4
E01001228,Ealing,Violence Against the Person,Offensive Weapon,0,2013,1
E01003891,Richmond upon Thames,Criminal Damage,Other Criminal Damage,2,2010,4
E01000719,Bromley,Criminal Damage,Criminal Damage To Other Building,2,2011,10
E01003226,Lewisham,Theft and Handling,Theft From Motor Vehicle,2,2012,9
E01004136,Sutton,Criminal Damage,Criminal Damage To Other Building,0,2016,12
E01002119,Harrow,Theft and Handling,Theft From Motor Vehicle,2,2014,3
E01001888,Hammersmith and Fulham,Theft and Handling,Handling Stolen Goods,0,2008,8
E01000231,Barnet,Violence Against the Person,Other violence,0,2010,2
E01001839,Hackney,Violence Against the Person,Common Assault,2,2012,4
E01002720,Islington,Robbery,Business Property,0,2016,10
E01000254,Barnet,Drugs,Possession Of Drugs,0,2015,11
E01002653,Hounslow,Burglary,Burglary in a Dwelling,5,2011,12
E01033605,Westminster,Burglary,Burglary in a Dwelling,0,2009,5
E01002674,Hounslow,Criminal Damage,Other Criminal Damage,0,2012,4
E01003048,Lambeth,Theft and Handling,Theft From Shops,0,2014,1
E01001465,Enfield,Theft and Handling,Theft From Motor Vehicle,0,2009,1
E01002283,Havering,Theft and Handling,Motor Vehicle Interference & Tampering,0,2012,2
E01000340,Bexley,Theft and Handling,Other Theft Person,0,2013,2
E01001944,Hammersmith and Fulham,Theft and Handling,Theft From Shops,0,2011,9
E01001545,Enfield,Sexual Offences,Other Sexual,0,2012,8
E01032574,Enfield,Robbery,Business Property,0,2013,3
E01000032,Barking and Dagenham,Theft and Handling,Theft/Taking of Pedal Cycle,0,2012,6
E01004275,Tower Hamlets,Criminal Damage,Other Criminal Damage,0,2009,9
E01001275,Ealing,Violence Against the Person,Harassment,0,2008,12
E01000364,Bexley,Theft and Handling,Other Theft,0,2013,5
E01002339,Havering,Theft and Handling,Theft/Taking of Pedal Cycle,0,2012,8
E01003022,Lambeth,Robbery,Personal Property,0,2009,6
E01002090,Haringey,Theft and Handling,Theft From Motor Vehicle,0,2011,8
E01003977,Southwark,Violence Against the Person,Harassment,1,2014,1
E01002328,Havering,Violence Against the Person,Assault with Injury,1,2008,4
E01003254,Lewisham,Theft and Handling,Theft From Motor Vehicle,2,2008,5
E01001046,Croydon,Burglary,Burglary in Other Buildings,0,2014,5
E01000805,Bromley,Criminal Damage,Other Criminal Damage,1,2013,8
E01002310,Havering,Theft and Handling,Other Theft Person,0,2008,10
E01002351,Havering,Criminal Damage,Other Criminal Damage,0,2012,3
E01001708,Greenwich,Other Notifiable Offences,Other Notifiable,0,2016,10
E01000507,Brent,Violence Against the Person,Common Assault,0,2011,2
E01000455,Bexley,Violence Against the Person,Offensive Weapon,0,2010,2
E01001449,Enfield,Violence Against the Person,Common Assault,0,2015,3
E01003438,Merton,Criminal Damage,Criminal Damage To Other Building,0,2013,12
E01003088,Lambeth,Robbery,Personal Property,2,2012,6
E01000965,Camden,Other Notifiable Offences,Going Equipped,0,2015,3
E01000172,Barnet,Theft and Handling,Handling Stolen Goods,0,2008,7
E01000385,Bexley,Criminal Damage,Criminal Damage To Dwelling,1,2010,7
E01003092,Lambeth,Violence Against the Person,Other violence,0,2008,4
E01000023,Barking and Dagenham,Criminal Damage,Other Criminal Damage,1,2009,4
E01033485,Brent,Theft and Handling,Other Theft,3,2016,4
E01004273,Tower Hamlets,Other Notifiable Offences,Other Notifiable,0,2011,2
E01000394,Bexley,Criminal Damage,Criminal Damage To Other Building,0,2009,8
E01004211,Tower Hamlets,Violence Against the Person,Wounding/GBH,1,2014,3
E01000141,Barnet,Violence Against the Person,Wounding/GBH,1,2009,3
E01002624,Hounslow,Drugs,Drug Trafficking,0,2012,1
E01001299,Ealing,Burglary,Burglary in Other Buildings,0,2014,3
E01003815,Richmond upon Thames,Drugs,Possession Of Drugs,0,2016,12
E01033488,Islington,Burglary,Burglary in Other Buildings,0,2010,12
E01003896,Richmond upon Thames,Criminal Damage,Other Criminal Damage,1,2011,9
E01033608,Westminster,Violence Against the Person,Other violence,0,2016,3
E01003894,Richmond upon Thames,Other Notifiable Offences,Other Notifiable,0,2008,12
E01002096,Haringey,Criminal Damage,Other Criminal Damage,0,2010,3
E01033101,Wandsworth,Criminal Damage,Criminal Damage To Motor Vehicle,0,2015,10
E01000740,Bromley,Criminal Damage,Criminal Damage To Other Building,2,2014,4
E01000655,Bromley,Theft and Handling,Handling Stolen Goods,0,2014,12
E01002911,Kensington and Chelsea,Other Notifiable Offences,Other Notifiable,0,2012,11
E01000139,Barnet,Robbery,Business Property,0,2012,8
E01002420,Hillingdon,Theft and Handling,Other Theft Person,0,2010,12
E01002171,Harrow,Criminal Damage,Criminal Damage To Dwelling,0,2013,1
E01000578,Brent,Other Notifiable Offences,Going Equipped,0,2013,11
E01000291,Barnet,Criminal Damage,Criminal Damage To Dwelling,0,2011,6
E01000812,Bromley,Other Notifiable Offences,Other Notifiable,0,2010,6
E01032567,Greenwich,Theft and Handling,Handling Stolen Goods,0,2012,9
E01002887,Kensington and Chelsea,Violence Against the Person,Other violence,0,2011,5
E01001287,Ealing,Theft and Handling,Other Theft,1,2011,9
E01001677,Greenwich,Theft and Handling,Handling Stolen Goods,1,2013,11
E01000853,Camden,Robbery,Business Property,1,2008,6
E01002261,Havering,Robbery,Personal Property,0,2014,11
E01004662,Westminster,Criminal Damage,Criminal Damage To Dwelling,1,2013,5
E01002241,Harrow,Theft and Handling,Other Theft,0,2011,2
E01003495,Newham,Theft and Handling,Theft/Taking of Pedal Cycle,0,2010,10
E01000616,Brent,Violence Against the Person,Harassment,0,2011,5
E01002197,Harrow,Theft and Handling,Theft/Taking of Pedal Cycle,0,2014,12
E01003760,Redbridge,Drugs,Possession Of Drugs,1,2014,4
E01001535,Enfield,Sexual Offences,Other Sexual,0,2011,8
E01003469,Merton,Criminal Damage,Criminal Damage To Dwelling,0,2016,6
E01002559,Hounslow,Robbery,Personal Property,0,2016,7
E01003143,Lambeth,Sexual Offences,Other Sexual,0,2009,5
E01000367,Bexley,Theft and Handling,Motor Vehicle Interference & Tampering,0,2008,1
E01002992,Kingston upon Thames,Criminal Damage,Criminal Damage To Motor Vehicle,0,2010,7
E01002032,Haringey,Violence Against the Person,Harassment,1,2015,12
E01004568,Wandsworth,Burglary,Burglary in a Dwelling,1,2009,5
E01004601,Wandsworth,Criminal Damage,Criminal Damage To Other Building,0,2012,2
E01001291,Ealing,Robbery,Business Property,0,2014,4
E01033597,Westminster,Drugs,Possession Of Drugs,1,2012,10
E01002041,Haringey,Violence Against the Person,Assault with Injury,0,2011,6
E01003886,Richmond upon Thames,Theft and Handling,Handling Stolen Goods,0,2016,4
E01003901,Richmond upon Thames,Theft and Handling,Theft From Motor Vehicle,0,2013,12
E01002053,Haringey,Other Notifiable Offences,Other Notifiable,0,2015,8
E01002354,Havering,Theft and Handling,Theft From Shops,0,2015,3
E01003392,Merton,Theft and Handling,Other Theft Person,1,2009,5
E01004305,Tower Hamlets,Violence Against the Person,Harassment,0,2008,9
E01003726,Redbridge,Theft and Handling,Handling Stolen Goods,0,2012,7
E01000779,Bromley,Theft and Handling,Other Theft Person,0,2015,1
E01001423,Enfield,Criminal Damage,Criminal Damage To Other Building,0,2012,2
E01004185,Sutton,Fraud or Forgery,Other Fraud & Forgery,0,2014,11
E01001304,Ealing,Theft and Handling,Theft/Taking Of Motor Vehicle,0,2015,4
E01002497,Hillingdon,Other Notifiable Offences,Going Equipped,0,2016,12
E01001968,Haringey,Criminal Damage,Criminal Damage To Other Building,0,2009,9
E01002823,Kensington and Chelsea,Theft and Handling,Theft/Taking Of Motor Vehicle,0,2011,8
E01001328,Ealing,Theft and Handling,Handling Stolen Goods,0,2015,8
E01002395,Hillingdon,Theft and Handling,Other Theft,0,2016,2
E01004741,Westminster,Criminal Damage,Criminal Damage To Dwelling,0,2008,1
E01002923,Kingston upon Thames,Burglary,Burglary in a Dwelling,3,2009,6
E01003021,Lambeth,Criminal Damage,Criminal Damage To Other Building,0,2013,7
E01000789,Bromley,Drugs,Possession Of Drugs,2,2009,1
E01002843,Kensington and Chelsea,Violence Against the Person,Wounding/GBH,0,2012,5
E01001156,Croydon,Criminal Damage,Criminal Damage To Other Building,0,2015,6
E01001029,Croydon,Theft and Handling,Theft From Motor Vehicle,0,2014,8
E01002566,Hounslow,Burglary,Burglary in Other Buildings,0,2014,9
E01002962,Kingston upon Thames,Violence Against the Person,Other violence,0,2009,4
E01002279,Havering,Burglary,Burglary in Other Buildings,0,2009,8
E01004031,Southwark,Violence Against the Person,Harassment,2,2014,9
E01000641,Brent,Criminal Damage,Criminal Damage To Dwelling,0,2015,9
E01004447,Waltham Forest,Theft and Handling,Theft/Taking Of Motor Vehicle,0,2015,4
E01000325,Bexley,Other Notifiable Offences,Other Notifiable,0,2016,3
E01004607,Wandsworth,Burglary,Burglary in a Dwelling,0,2013,4
E01002142,Harrow,Theft and Handling,Handling Stolen Goods,0,2016,1
E01032739,City of London,Criminal Damage,Criminal Damage To Other Building,0,2010,5
E01001407,Enfield,Criminal Damage,Criminal Damage To Other Building,0,2008,2
E01003938,Southwark,Criminal Damage,Criminal Damage To Dwelling,0,2013,4
E01000179,Barnet,Criminal Damage,Other Criminal Damage,1,2016,10
E01004409,Waltham Forest,Violence Against the Person,Other violence,0,2009,9
E01001638,Greenwich,Theft and Handling,Theft/Taking of Pedal Cycle,0,2015,12
E01003930,Southwark,Theft and Handling,Theft From Shops,0,2008,5
E01003734,Redbridge,Violence Against the Person,Wounding/GBH,1,2014,10
E01004697,Westminster,Criminal Damage,Criminal Damage To Dwelling,0,2016,3
E01000257,Barnet,Theft and Handling,Theft From Motor Vehicle,1,2010,4
E01003246,Lewisham,Violence Against the Person,Common Assault,1,2009,12
E01002514,Hillingdon,Burglary,Burglary in Other Buildings,0,2012,10
E01001514,Enfield,Theft and Handling,Motor Vehicle Interference & Tampering,0,2011,7
E01001174,Croydon,Violence Against the Person,Offensive Weapon,0,2008,6
E01001385,Ealing,Theft and Handling,Other Theft,0,2010,3
E01004309,Tower Hamlets,Fraud or Forgery,Counted per Victim,0,2015,6
E01004102,Sutton,Theft and Handling,Theft From Motor Vehicle,4,2013,8
E01004397,Waltham Forest,Violence Against the Person,Assault with Injury,6,2013,12
E01002197,Harrow,Criminal Damage,Other Criminal Damage,0,2014,11
E01001259,Ealing,Other Notifiable Offences,Going Equipped,0,2013,6
E01000627,Brent,Theft and Handling,Other Theft Person,0,2010,3
E01003516,Newham,Other Notifiable Offences,Other Notifiable,0,2016,6
E01003857,Richmond upon Thames,Theft and Handling,Theft/Taking Of Motor Vehicle,2,2012,4
E01003943,Southwark,Burglary,Burglary in Other Buildings,0,2008,10
E01003391,Merton,Violence Against the Person,Offensive Weapon,0,2008,5
E01000963,Camden,Criminal Damage,Criminal Damage To Motor Vehicle,0,2008,4
E01001560,Enfield,Theft and Handling,Theft/Taking Of Motor Vehicle,1,2010,7
E01004557,Wandsworth,Theft and Handling,Other Theft Person,0,2008,4
E01004152,Sutton,Other Notifiable Offences,Going Equipped,0,2015,3
E01004081,Sutton,Violence Against the Person,Harassment,1,2016,5
E01002868,Kensington and Chelsea,Violence Against the Person,Other violence,0,2014,5
E01003199,Lewisham,Theft and Handling,Theft/Taking Of Motor Vehicle,1,2014,6
E01002585,Hounslow,Violence Against the Person,Other violence,1,2016,10
E01004044,Southwark,Theft and Handling,Handling Stolen Goods,0,2010,1
E01002540,Hillingdon,Violence Against the Person,Wounding/GBH,1,2013,9
E01032580,Barking and Dagenham,Criminal Damage,Criminal Damage To Dwelling,1,2016,9
E01003311,Lewisham,Other Notifiable Offences,Going Equipped,1,2011,2
E01003701,Redbridge,Drugs,Drug Trafficking,0,2009,12
E01002190,Harrow,Violence Against the Person,Common Assault,1,2012,1
E01004112,Sutton,Burglary,Burglary in a Dwelling,1,2016,6
E01002684,Hounslow,Violence Against the Person,Offensive Weapon,0,2015,9
E01003001,Kingston upon Thames,Theft and Handling,Theft/Taking Of Motor Vehicle,0,2013,11
E01003286,Lewisham,Theft and Handling,Theft/Taking Of Motor Vehicle,0,2014,6
E01000404,Bexley,Criminal Damage,Criminal Damage To Other Building,0,2008,10
E01002917,Kingston upon Thames,Theft and Handling,Theft/Taking of Pedal Cycle,0,2009,4
E01004075,Southwark,Other Notifiable Offences,Going Equipped,0,2011,9
E01003405,Merton,Theft and Handling,Theft From Motor Vehicle,1,2013,10
E01002726,Islington,Violence Against the Person,Common Assault,2,2008,12
E01002435,Hillingdon,Criminal Damage,Other Criminal Damage,0,2011,10
E01001234,Ealing,Drugs,Possession Of Drugs,2,2013,10
E01003466,Merton,Criminal Damage,Criminal Damage To Dwelling,0,2010,11
E01003734,Redbridge,Violence Against the Person,Murder,0,2009,2
E01000930,Camden,Drugs,Drug Trafficking,0,2014,5
E01004629,Wandsworth,Burglary,Burglary in Other Buildings,0,2008,5
E01001262,Ealing,Violence Against the Person,Harassment,0,2016,8
E01001990,Haringey,Drugs,Other Drugs,0,2008,4
E01003869,Richmond upon Thames,Violence Against the Person,Assault with Injury,0,2014,1
E01000075,Barking and Dagenham,Burglary,Burglary in a Dwelling,0,2011,4
E01004039,Southwark,Theft and Handling,Motor Vehicle Interference & Tampering,0,2010,1
E01002366,Havering,Theft and Handling,Theft/Taking of Pedal Cycle,0,2008,4
E01002992,Kingston upon Thames,Violence Against the Person,Other violence,0,2010,1
E01001408,Enfield,Violence Against the Person,Common Assault,0,2012,10
E01000441,Bexley,Criminal Damage,Other Criminal Damage,2,2016,10
E01004315,Tower Hamlets,Theft and Handling,Theft/Taking of Pedal Cycle,1,2012,12
E01001007,Croydon,Criminal Damage,Criminal Damage To Dwelling,0,2009,10
E01003692,Redbridge,Theft and Handling,Theft From Motor Vehicle,1,2016,6
E01003209,Lewisham,Violence Against the Person,Common Assault,0,2008,9
E01000559,Brent,Violence Against the Person,Offensive Weapon,0,2010,7
E01004406,Waltham Forest,Other Notifiable Offences,Going Equipped,0,2012,8
E01004163,Sutton,Theft and Handling,Motor Vehicle Interference & Tampering,2,2012,10
E01003963,Southwark,Theft and Handling,Handling Stolen Goods,0,2016,11
E01001259,Ealing,Violence Against the Person,Murder,0,2009,4
E01033463,Brent,Violence Against the Person,Wounding/GBH,0,2010,4
E01001239,Ealing,Violence Against the Person,Harassment,0,2013,11
E01000395,Bexley,Burglary,Burglary in a Dwelling,1,2013,10
E01003117,Lambeth,Drugs,Possession Of Drugs,0,2011,2
E01003995,Southwark,Theft and Handling,Theft/Taking Of Motor Vehicle,0,2014,4
E01000704,Bromley,Violence Against the Person,Wounding/GBH,0,2015,1
E01001924,Hammersmith and Fulham,Theft and Handling,Theft From Shops,1,2012,7
E01002859,Kensington and Chelsea,Robbery,Business Property,0,2009,12
E01003170,Lambeth,Criminal Damage,Criminal Damage To Motor Vehicle,0,2014,6
E01002813,Kensington and Chelsea,Criminal Damage,Other Criminal Damage,1,2012,4
E01001212,Ealing,Drugs,Drug Trafficking,0,2011,4
E01001161,Croydon,Violence Against the Person,Wounding/GBH,0,2013,4
E01001794,Hackney,Theft and Handling,Theft From Shops,0,2016,1
E01002511,Hillingdon,Theft and Handling,Motor Vehicle Interference & Tampering,0,2016,3
E01002639,Hounslow,Theft and Handling,Theft From Motor Vehicle,3,2010,10
E01002266,Havering,Criminal Damage,Criminal Damage To Dwelling,0,2011,7
E01004192,Sutton,Theft and Handling,Theft From Motor Vehicle,1,2009,7
E01000453,Bexley,Violence Against the Person,Offensive Weapon,0,2009,8
E01001640,Greenwich,Robbery,Business Property,1,2009,12
E01004309,Tower Hamlets,Sexual Offences,Other Sexual,0,2013,4
E01033704,Hackney,Robbery,Business Property,1,2011,11
E01004050,Southwark,Theft and Handling,Motor Vehicle Interference & Tampering,0,2009,6
E01002487,Hillingdon,Burglary,Burglary in a Dwelling,1,2016,7
E01000740,Bromley,Theft and Handling,Theft From Shops,1,2014,11
E01001789,Hackney,Other Notifiable Offences,Going Equipped,0,2008,9
E01002742,Islington,Drugs,Possession Of Drugs,0,2014,2
E01002070,Haringey,Burglary,Burglary in a Dwelling,1,2009,6
E01002911,Kensington and Chelsea,Violence Against the Person,Wounding/GBH,1,2014,12
E01002312,Havering,Drugs,Drug Trafficking,0,2011,3
E01004292,Tower Hamlets,Theft and Handling,Theft/Taking of Pedal Cycle,0,2016,5
E01000315,Barnet,Theft and Handling,Other Theft,4,2016,12
E01002112,Harrow,Burglary,Burglary in Other Buildings,0,2011,6
E01032743,Ealing,Criminal Damage,Criminal Damage To Dwelling,0,2009,9
E01000159,Barnet,Robbery,Personal Property,0,2014,2
E01002926,Kingston upon Thames,Burglary,Burglary in Other Buildings,0,2011,2
E01001794,Hackney,Theft and Handling,Theft/Taking Of Motor Vehicle,0,2011,6
E01002249,Havering,Violence Against the Person,Other violence,0,2014,5
E01003367,Merton,Violence Against the Person,Offensive Weapon,0,2015,10
E01001459,Enfield,Violence Against the Person,Offensive Weapon,0,2012,8
E01000854,Camden,Violence Against the Person,Assault with Injury,1,2009,9
E01003266,Lewisham,Criminal Damage,Criminal Damage To Motor Vehicle,2,2016,7
E01003650,Redbridge,Violence Against the Person,Assault with Injury,0,2011,1
E01002913,Kensington and Chelsea,Other Notifiable Offences,Other Notifiable,0,2011,11
E01002400,Hillingdon,Violence Against the Person,Other violence,0,2013,5
E01002079,Haringey,Robbery,Business Property,0,2014,7
E01032775,Tower Hamlets,Violence Against the Person,Wounding/GBH,0,2015,8
E01003112,Lambeth,Drugs,Drug Trafficking,0,2015,7
E01004101,Sutton,Violence Against the Person,Offensive Weapon,0,2016,12
E01002989,Kingston upon Thames,Theft and Handling,Motor Vehicle Interference & Tampering,0,2008,4
E01002964,Kingston upon Thames,Drugs,Possession Of Drugs,5,2016,9
E01001119,Croydon,Other Notifiable Offences,Other Notifiable,0,2014,2
E01001068,Croydon,Criminal Damage,Criminal Damage To Motor Vehicle,1,2010,12
E01000402,Bexley,Violence Against the Person,Common Assault,0,2008,2
E01002834,Kensington and Chelsea,Drugs,Possession Of Drugs,1,2013,3
E01000644,Brent,Sexual Offences,Rape,0,2011,4
E01000038,Barking and Dagenham,Violence Against the Person,Assault with Injury,0,2012,9
E01000713,Bromley,Violence Against the Person,Common Assault,0,2012,4
E01002267,Havering,Theft and Handling,Theft/Taking Of Motor Vehicle,1,2015,3
E01002029,Haringey,Burglary,Burglary in Other Buildings,4,2011,7
E01003054,Lambeth,Other Notifiable Offences,Going Equipped,0,2010,10
E01003542,Newham,Violence Against the Person,Murder,0,2016,6
E01002535,Hillingdon,Other Notifiable Offences,Going Equipped,0,2016,9
E01000981,Croydon,Criminal Damage,Other Criminal Damage,1,2011,7
E01003497,Newham,Sexual Offences,Other Sexual,0,2015,5
E01000298,Barnet,Robbery,Personal Property,1,2010,3
E01004151,Sutton,Violence Against the Person,Harassment,1,2008,2
E01004404,Waltham Forest,Burglary,Burglary in a Dwelling,0,2013,1
E01002894,Kensington and Chelsea,Violence Against the Person,Wounding/GBH,0,2014,10
E01004266,Tower Hamlets,Theft and Handling,Motor Vehicle Interference & Tampering,0,2009,11
E01002000,Haringey,Theft and Handling,Other Theft,1,2016,11
E01001880,Hammersmith and Fulham,Criminal Damage,Criminal Damage To Other Building,0,2015,1
E01003755,Redbridge,Violence Against the Person,Common Assault,0,2008,8
E01004552,Wandsworth,Theft and Handling,Other Theft Person,4,2016,4
E01000593,Brent,Robbery,Personal Property,0,2009,4
E01003744,Redbridge,Theft and Handling,Theft From Motor Vehicle,1,2014,10
E01000673,Bromley,Criminal Damage,Criminal Damage To Dwelling,0,2011,5
E01001653,Greenwich,Violence Against the Person,Other violence,0,2009,4
E01004203,Tower Hamlets,Drugs,Possession Of Drugs,2,2011,9
E01000890,Camden,Drugs,Other Drugs,0,2011,2
E01003875,Richmond upon Thames,Other Notifiable Offences,Other Notifiable,0,2012,12
E01001983,Haringey,Other Notifiable Offences,Going Equipped,0,2014,1
E01004746,Westminster,Drugs,Possession Of Drugs,0,2012,11
E01001651,Greenwich,Criminal Damage,Other Criminal Damage,0,2011,3
E01001026,Croydon,Drugs,Possession Of Drugs,1,2013,12
E01001257,Ealing,Violence Against the Person,Assault with Injury,1,2008,2
E01002840,Kensington and Chelsea,Criminal Damage,Criminal Damage To Other Building,0,2014,5
E01002996,Kingston upon Thames,Violence Against the Person,Other violence,0,2015,8
E01001748,Hackney,Theft and Handling,Theft From Shops,10,2008,10
E01000002,City of London,Theft and Handling,Theft From Motor Vehicle,0,2016,11
E01000199,Barnet,Violence Against the Person,Assault with Injury,1,2010,4
E01002057,Haringey,Violence Against the Person,Wounding/GBH,0,2010,10
E01001946,Hammersmith and Fulham,Theft and Handling,Theft From Shops,0,2016,10
E01004089,Sutton,Violence Against the Person,Harassment,2,2015,2
E01000504,Brent,Theft and Handling,Other Theft,1,2011,7
E01003575,Newham,Robbery,Business Property,0,2009,8
E01003457,Merton,Violence Against the Person,Common Assault,0,2015,9
E01033577,Newham,Criminal Damage,Other Criminal Damage,0,2013,5
E01003325,Lewisham,Theft and Handling,Handling Stolen Goods,0,2014,6
E01000407,Bexley,Criminal Damage,Criminal Damage To Dwelling,0,2013,2
E01001272,Ealing,Fraud or Forgery,Counted per Victim,0,2008,3
E01004674,Westminster,Violence Against the Person,Other violence,0,2011,5
E01003823,Richmond upon Thames,Criminal Damage,Criminal Damage To Other Building,0,2009,2
E01001536,Enfield,Burglary,Burglary in Other Buildings,2,2016,1
E01001327,Ealing,Drugs,Drug Trafficking,0,2013,10
E01004366,Waltham Forest,Drugs,Drug Trafficking,0,2008,5
E01003766,Redbridge,Drugs,Possession Of Drugs,2,2008,11
E01003334,Lewisham,Burglary,Burglary in Other Buildings,0,2013,11
E01002397,Hillingdon,Robbery,Personal Property,3,2010,9
E01000591,Brent,Theft and Handling,Handling Stolen Goods,0,2013,6
E01003568,Newham,Criminal Damage,Criminal Damage To Dwelling,1,2012,10
E01000319,Barnet,Theft and Handling,Theft/Taking of Pedal Cycle,0,2015,11
E01001130,Croydon,Other Notifiable Offences,Other Notifiable,0,2010,1
E01004057,Southwark,Robbery,Personal Property,0,2009,3
E01001773,Hackney,Violence Against the Person,Harassment,0,2010,7
E01003941,Southwark,Violence Against the Person,Harassment,2,2015,8
E01002217,Harrow,Theft and Handling,Other Theft Person,0,2008,6
E01002454,Hillingdon,Criminal Damage,Criminal Damage To Dwelling,0,2010,9
E01001699,Greenwich,Theft and Handling,Theft From Motor Vehicle,2,2009,7
E01002841,Kensington and Chelsea,Theft and Handling,Theft/Taking Of Motor Vehicle,0,2008,8
E01002566,Hounslow,Drugs,Possession Of Drugs,0,2016,4
E01033699,Hackney,Violence Against the Person,Harassment,3,2016,12
E01001715,Hackney,Drugs,Drug Trafficking,0,2015,10
E01000181,Barnet,Burglary,Burglary in Other Buildings,0,2011,5
E01004703,Westminster,Theft and Handling,Handling Stolen Goods,0,2012,12
E01002894,Kensington and Chelsea,Violence Against the Person,Wounding/GBH,0,2010,2
E01002687,Hounslow,Theft and Handling,Theft/Taking of Pedal Cycle,1,2009,4
E01001020,Croydon,Violence Against the Person,Offensive Weapon,0,2016,10
E01002646,Hounslow,Violence Against the Person,Common Assault,1,2011,10
E01001919,Hammersmith and Fulham,Violence Against the Person,Offensive Weapon,0,2012,5
E01004313,Tower Hamlets,Fraud or Forgery,Counted per Victim,0,2013,4
E01033000,Hounslow,Robbery,Personal Property,0,2014,8
E01004128,Sutton,Violence Against the Person,Wounding/GBH,0,2011,11
E01033579,Newham,Violence Against the Person,Harassment,0,2014,2
E01000006,Barking and Dagenham,Robbery,Personal Property,1,2009,1
E01000626,Brent,Other Notifiable Offences,Other Notifiable,1,2010,4
E01003808,Richmond upon Thames,Criminal Damage,Criminal Damage To Dwelling,0,2011,3
E01000643,Brent,Other Notifiable Offences,Other Notifiable,1,2014,6
E01004084,Sutton,Theft and Handling,Theft From Shops,0,2009,6
E01004261,Tower Hamlets,Violence Against the Person,Assault with Injury,8,2010,5
E01001835,Hackney,Violence Against the Person,Offensive Weapon,0,2015,6
E01000208,Barnet,Violence Against the Person,Assault with Injury,1,2012,3
E01002105,Haringey,Violence Against the Person,Wounding/GBH,2,2008,2
E01003827,Richmond upon Thames,Criminal Damage,Criminal Damage To Dwelling,0,2014,8
E01001686,Greenwich,Theft and Handling,Other Theft Person,0,2011,3
E01000793,Bromley,Theft and Handling,Theft/Taking of Pedal Cycle,0,2010,4
E01004694,Westminster,Robbery,Personal Property,0,2009,6
E01003023,Lambeth,Robbery,Personal Property,1,2013,12
E01000482,Brent,Fraud or Forgery,Other Fraud & Forgery,0,2014,4
E01001482,Enfield,Theft and Handling,Other Theft,2,2016,9
E01000379,Bexley,Theft and Handling,Other Theft,0,2016,3
E01004388,Waltham Forest,Criminal Damage,Criminal Damage To Dwelling,0,2011,7
E01002238,Harrow,Criminal Damage,Criminal Damage To Dwelling,1,2012,1
E01001334,Ealing,Theft and Handling,Handling Stolen Goods,0,2008,8
E01000158,Barnet,Theft and Handling,Theft From Motor Vehicle,2,2010,1
E01004275,Tower Hamlets,Drugs,Drug Trafficking,0,2013,8
E01004566,Wandsworth,Violence Against the Person,Assault with Injury,0,2015,11
E01003014,Lambeth,Sexual Offences,Rape,0,2011,9
E01002608,Hounslow,Theft and Handling,Theft From Shops,1,2016,6
E01033724,Hillingdon,Criminal Damage,Criminal Damage To Motor Vehicle,0,2013,3
E01002413,Hillingdon,Violence Against the Person,Assault with Injury,0,2011,9
E01002797,Islington,Burglary,Burglary in a Dwelling,0,2013,10
E01001724,Hackney,Criminal Damage,Other Criminal Damage,1,2015,5
E01003186,Lambeth,Other Notifiable Offences,Going Equipped,0,2012,4
E01001927,Hammersmith and Fulham,Violence Against the Person,Common Assault,0,2008,1
E01001325,Ealing,Criminal Damage,Criminal Damage To Motor Vehicle,2,2011,10
E01002899,Kensington and Chelsea,Theft and Handling,Other Theft Person,0,2014,1
E01001777,Hackney,Theft and Handling,Handling Stolen Goods,0,2009,7
E01003496,Newham,Other Notifiable Offences,Other Notifiable,0,2011,1
E01001824,Hackney,Criminal Damage,Criminal Damage To Motor Vehicle,1,2012,7
E01000584,Brent,Violence Against the Person,Common Assault,0,2011,5
E01004356,Waltham Forest,Robbery,Business Property,0,2013,7
E01003387,Merton,Other Notifiable Offences,Other Notifiable,0,2010,9
E01002637,Hounslow,Theft and Handling,Other Theft,5,2008,11
E01000180,Barnet,Drugs,Drug Trafficking,0,2014,3
E01000911,Camden,Violence Against the Person,Assault with Injury,1,2008,10
E01002542,Hillingdon,Theft and Handling,Theft From Shops,0,2012,10
E01033491,Islington,Robbery,Personal Property,1,2013,1
E01004201,Tower Hamlets,Drugs,Other Drugs,0,2015,11
E01003951,Southwark,Violence Against the Person,Offensive Weapon,0,2014,4
E01003607,Newham,Criminal Damage,Criminal Damage To Motor Vehicle,0,2011,9
E01003848,Richmond upon Thames,Burglary,Burglary in Other Buildings,0,2011,7
E01003265,Lewisham,Burglary,Burglary in Other Buildings,0,2016,10
E01002806,Islington,Theft and Handling,Theft From Motor Vehicle,3,2015,1
E01002733,Islington,Other Notifiable Offences,Going Equipped,1,2014,3
E01003841,Richmond upon Thames,Violence Against the Person,Wounding/GBH,0,2014,1
E01000896,Camden,Drugs,Possession Of Drugs,0,2016,9
E01001813,Hackney,Burglary,Burglary in a Dwelling,0,2016,11
E01003583,Newham,Other Notifiable Offences,Going Equipped,0,2016,6
E01003400,Merton,Drugs,Other Drugs,0,2016,1
E01002668,Hounslow,Drugs,Possession Of Drugs,1,2010,8
E01000956,Camden,Violence Against the Person,Wounding/GBH,0,2009,4
E01003656,Redbridge,Criminal Damage,Criminal Damage To Other Building,1,2008,8
E01000467,Bexley,Burglary,Burglary in Other Buildings,0,2014,1
E01001659,Greenwich,Drugs,Drug Trafficking,0,2015,4
E01003951,Southwark,Theft and Handling,Theft From Shops,0,2015,11
E01004016,Southwark,Theft and Handling,Other Theft,3,2015,7
E01003803,Richmond upon Thames,Theft and Handling,Other Theft,0,2009,11
E01001620,Greenwich,Theft and Handling,Theft/Taking of Pedal Cycle,0,2010,2
E01003833,Richmond upon Thames,Theft and Handling,Motor Vehicle Interference & Tampering,0,2016,11
E01002553,Hillingdon,Theft and Handling,Theft From Motor Vehicle,1,2015,5
E01003641,Redbridge,Violence Against the Person,Common Assault,0,2014,3
E01002112,Harrow,Violence Against the Person,Harassment,0,2009,7
E01003260,Lewisham,Burglary,Burglary in a Dwelling,2,2014,5
E01001640,Greenwich,Other Notifiable Offences,Other Notifiable,0,2012,3
E01003565,Newham,Criminal Damage,Criminal Damage To Motor Vehicle,0,2016,5
E01002939,Kingston upon Thames,Theft and Handling,Handling Stolen Goods,0,2010,5
E01002441,Hillingdon,Other Notifiable Offences,Other Notifiable,0,2011,1
E01003689,Redbridge,Violence Against the Person,Harassment,3,2015,4
E01000828,Bromley,Theft and Handling,Theft/Taking Of Motor Vehicle,0,2015,8
E01000868,Camden,Violence Against the Person,Common Assault,0,2014,4
E01004762,Westminster,Criminal Damage,Criminal Damage To Dwelling,0,2015,12
E01000199,Barnet,Other Notifiable Offences,Other Notifiable,0,2010,11
E01000307,Barnet,Theft and Handling,Motor Vehicle Interference & Tampering,0,2014,2
E01000704,Bromley,Theft and Handling,Other Theft Person,0,2009,7
E01001785,Hackney,Drugs,Possession Of Drugs,0,2013,5
E01004412,Waltham Forest,Theft and Handling,Theft/Taking of Pedal Cycle,0,2008,3
E01002571,Hounslow,Criminal Damage,Other Criminal Damage,0,2012,3
E01002586,Hounslow,Violence Against the Person,Other violence,0,2009,1
E01002588,Hounslow,Robbery,Personal Property,0,2014,4
E01004245,Tower Hamlets,Burglary,Burglary in a Dwelling,0,2014,7
E01000289,Barnet,Violence Against the Person,Wounding/GBH,0,2013,5
E01000412,Bexley,Criminal Damage,Criminal Damage To Other Building,0,2014,6
E01001307,Ealing,Theft and Handling,Theft/Taking Of Motor Vehicle,2,2010,5
E01001243,Ealing,Robbery,Business Property,0,2009,8
E01004624,Wandsworth,Theft and Handling,Theft From Motor Vehicle,0,2012,8
E01000839,Bromley,Burglary,Burglary in Other Buildings,1,2013,12
E01000522,Brent,Burglary,Burglary in a Dwelling,1,2009,8
E01004600,Wandsworth,Robbery,Personal Property,1,2012,9
E01004445,Waltham Forest,Theft and Handling,Theft From Shops,0,2014,10
E01002350,Havering,Other Notifiable Offences,Other Notifiable,0,2015,12
E01002663,Hounslow,Violence Against the Person,Assault with Injury,0,2013,1
E01033698,Hackney,Theft and Handling,Theft/Taking of Pedal Cycle,0,2014,6
E01001592,Greenwich,Fraud or Forgery,Counted per Victim,0,2013,3
E01000463,Bexley,Theft and Handling,Theft From Motor Vehicle,0,2012,6
E01001994,Haringey,Criminal Damage,Criminal Damage To Motor Vehicle,1,2011,3
E01000849,Camden,Criminal Damage,Criminal Damage To Dwelling,0,2013,1
E01000007,Barking and Dagenham,Drugs,Other Drugs,0,2008,3
E01001149,Croydon,Theft and Handling,Other Theft,0,2014,3
E01003575,Newham,Criminal Damage,Criminal Damage To Motor Vehicle,1,2010,8
E01000327,Bexley,Violence Against the Person,Offensive Weapon,0,2009,11
E01000184,Barnet,Violence Against the Person,Offensive Weapon,0,2012,12
E01002471,Hillingdon,Violence Against the Person,Other violence,0,2011,2
E01004056,Southwark,Theft and Handling,Theft/Taking Of Motor Vehicle,0,2009,10
E01003407,Merton,Burglary,Burglary in a Dwelling,1,2015,8
E01033736,Greenwich,Theft and Handling,Handling Stolen Goods,0,2009,8
E01001527,Enfield,Violence Against the Person,Offensive Weapon,0,2011,12
E01002745,Islington,Robbery,Personal Property,1,2014,1
E01004158,Sutton,Theft and Handling,Motor Vehicle Interference & Tampering,0,2013,7
E01003516,Newham,Violence Against the Person,Assault with Injury,2,2010,2
E01003844,Richmond upon Thames,Criminal Damage,Criminal Damage To Other Building,0,2012,8
E01001754,Hackney,Violence Against the Person,Assault with Injury,1,2008,3
E01000242,Barnet,Violence Against the Person,Other violence,0,2015,11
