E01032764,Tower Hamlets,Violence Against the Person,Harassment,2,2015,10
E01000261,Barnet,Theft and Handling,Other Theft Person,0,2011,8
E01000279,Barnet,Theft and Handling,Theft/Taking of Pedal Cycle,0,2015,6
E01002182,Harrow,Theft and Handling,Theft From Shops,0,2008,1
E01004406,Waltham Forest,Theft and Handling,Other Theft,0,2010,2
E01033703,Hackney,Theft and Handling,Theft From Motor Vehicle,0,2009,11
E01001339,Ealing,Theft and Handling,Handling Stolen Goods,0,2009,7
E01000558,Brent,Fraud or Forgery,Counted per Victim,0,2010,3
E01000173,Barnet,Robbery,Personal Property,0,2008,4
E01004221,Tower Hamlets,Drugs,Possession Of Drugs,0,2009,9
E01002721,Islington,Robbery,Business Property,0,2008,12
E01032742,Havering,Drugs,Drug Trafficking,0,2011,10
E01000730,Bromley,Theft and Handling,Other Theft,1,2009,9
E01000552,Brent,Theft and Handling,Other Theft Person,0,2010,7
E01003585,Newham,Theft and Handling,Theft/Taking of Pedal Cycle,0,2010,6
E01000195,Barnet,Theft and Handling,Theft/Taking of Pedal Cycle,0,2008,3
E01002858,Kensington and Chelsea,Theft and Handling,Handling Stolen Goods,0,2010,10
E01001393,Enfield,Criminal Damage,Criminal Damage To Dwelling,0,2010,10
E01001528,Enfield,Drugs,Possession Of Drugs,0,2013,2
E01000234,Barnet,Theft and Handling,Theft From Motor Vehicle,1,2013,2
E01000669,Bromley,Theft and Handling,Theft/Taking of Pedal Cycle,0,2015,8
E01000603,Brent,Theft and Handling,Other Theft,1,2016,5
E01001751,Hackney,Robbery,Business Property,0,2008,11
E01003990,Southwark,Burglary,Burglary in Other Buildings,0,2015,1
E01002804,Islington,Drugs,Drug Trafficking,1,2016,7
E01004124,Sutton,Drugs,Drug Trafficking,0,2015,6
E01001847,Hackney,Robbery,Business Property,2,2009,2
E01002872,Kensington and Chelsea,Other Notifiable Offences,Going Equipped,0,2014,11
E01003146,Lambeth,Drugs,Possession Of Drugs,0,2016,12
E01002076,Haringey,Violence Against the Person,Harassment,2,2012,8
E01002566,Hounslow,Theft and Handling,Handling Stolen Goods,0,2016,2
E01004058,Southwark,Theft and Handling,Other Theft Person,0,2012,1
E01001665,Greenwich,Theft and Handling,Handling Stolen Goods,0,2016,3
E01004550,Wandsworth,Sexual Offences,Rape,0,2016,9
E01003396,Merton,Criminal Damage,Other Criminal Damage,0,2016,8
E01033734,Greenwich,Theft and Handling,Theft/Taking Of Motor Vehicle,1,2013,9
E01004098,Sutton,Drugs,Possession Of Drugs,1,2012,12
E01003213,Lewisham,Violence Against the Person,Harassment,2,2011,5
E01001346,Ealing,Criminal Damage,Other Criminal Damage,0,2016,9
E01002362,Havering,Violence Against the Person,Harassment,0,2016,2
E01002568,Hounslow,Robbery,Personal Property,1,2008,2
E01001586,Greenwich,Violence Against the Person,Assault with Injury,0,2012,11
E01001244,Ealing,Theft and Handling,Motor Vehicle Interference & Tampering,1,2014,8
E01003207,Lewisham,Burglary,Burglary in a Dwelling,2,2010,9
E01004654,Westminster,Violence Against the Person,Other violence,1,2015,2
E01004089,Sutton,Violence Against the Person,Harassment,4,2013,9
E01000808,Bromley,Violence Against the Person,Common Assault,0,2015,3
E01001939,Hammersmith and Fulham,Other Notifiable Offences,Other Notifiable,0,2016,11
E01003498,Newham,Theft and Handling,Handling Stolen Goods,0,2012,7
E01004274,Tower Hamlets,Robbery,Business Property,0,2015,5
E01002146,Harrow,Criminal Damage,Criminal Damage To Motor Vehicle,0,2011,2
E01001657,Greenwich,Violence Against the Person,Other violence,0,2015,5
E01000960,Camden,Violence Against the Person,Common Assault,1,2013,1
E01003987,Southwark,Other Notifiable Offences,Other Notifiable,0,2014,12
E01003817,Richmond upon Thames,Violence Against the Person,Wounding/GBH,0,2012,12
E01003781,Redbridge,Theft and Handling,Theft From Motor Vehicle,4,2010,10
E01000091,Barking and Dagenham,Criminal Damage,Other Criminal Damage,1,2008,9
E01003368,Merton,Drugs,Other Drugs,0,2013,7
E01004189,Sutton,Other Notifiable Offences,Going Equipped,0,2014,9
E01002619,Hounslow,Drugs,Drug Trafficking,0,2015,7
E01000701,Bromley,Theft and Handling,Theft/Taking of Pedal Cycle,0,2012,10
E01002713,Islington,Theft and Handling,Other Theft Person,0,2009,3
E01003498,Newham,Criminal Damage,Other Criminal Damage,1,2011,6
E01004181,Sutton,Drugs,Possession Of Drugs,0,2012,7
E01002446,Hillingdon,Robbery,Personal Property,0,2013,12
E01001417,Enfield,Violence Against the Person,Wounding/GBH,0,2012,10
E01003274,Lewisham,Burglary,Burglary in Other Buildings,0,2016,8
E01003133,Lambeth,Violence Against the Person,Murder,0,2009,6
E01001162,Croydon,Violence Against the Person,Other violence,0,2016,12
E01000684,Bromley,Theft and Handling,Theft From Shops,0,2010,10
E01001599,Greenwich,Fraud or Forgery,Other Fraud & Forgery,0,2009,9
E01033086,Haringey,Criminal Damage,Criminal Damage To Dwelling,0,2010,1
E01003426,Merton,Theft and Handling,Other Theft Person,0,2016,3
E01001134,Croydon,Theft and Handling,Theft From Shops,0,2015,1
E01003101,Lambeth,Robbery,Business Property,0,2015,12
E01002394,Hillingdon,Violence Against the Person,Other violence,0,2014,4
E01004670,Westminster,Violence Against the Person,Common Assault,1,2015,3
E01032764,Tower Hamlets,Drugs,Drug Trafficking,0,2010,7
E01003360,Merton,Violence Against the Person,Offensive Weapon,0,2010,11
E01000171,Barnet,Violence Against the Person,Offensive Weapon,0,2009,7
E01004330,Waltham Forest,Theft and Handling,Theft From Motor Vehicle,0,2015,2
E01000784,Bromley,Theft and Handling,Theft/Taking of Pedal Cycle,0,2010,12
E01004508,Wandsworth,Violence Against the Person,Common Assault,0,2013,6
E01001904,Hammersmith and Fulham,Criminal Damage,Criminal Damage To Other Building,0,2015,3
E01001447,Enfield,Other Notifiable Offences,Going Equipped,0,2011,5
E01000271,Barnet,Violence Against the Person,Common Assault,0,2012,3
E01002751,Islington,Violence Against the Person,Harassment,1,2015,11
E01000977,Croydon,Criminal Damage,Criminal Damage To Motor Vehicle,0,2011,11
E01000675,Bromley,Theft and Handling,Theft/Taking Of Motor Vehicle,0,2013,7
E01001154,Croydon,Violence Against the Person,Other violence,0,2010,6
E01000721,Bromley,Criminal Damage,Criminal Damage To Dwelling,1,2014,2
E01000189,Barnet,Criminal Damage,Criminal Damage To Dwelling,1,2008,10
E01001142,Croydon,Theft and Handling,Theft/Taking of Pedal Cycle,0,2015,10
E01001028,Croydon,Theft and Handling,Motor Vehicle Interference & Tampering,0,2016,12
E01003718,Redbridge,Theft and Handling,Theft From Motor Vehicle,1,2009,1
E01003559,Newham,Theft and Handling,Theft From Shops,0,2009,4
E01003971,Southwark,Criminal Damage,Other Criminal Damage,0,2016,7
E01001224,Ealing,Theft and Handling,Other Theft,1,2014,8
E01000084,Barking and Dagenham,Theft and Handling,Motor Vehicle Interference & Tampering,0,2008,7
E01000721,Bromley,Theft and Handling,Theft/Taking of Pedal Cycle,0,2014,12
E01001779,Hackney,Theft and Handling,Handling Stolen Goods,0,2009,11
E01002749,Islington,Burglary,Burglary in Other Buildings,0,2015,1
E01000114,Barking and Dagenham,Violence Against the Person,Wounding/GBH,0,2013,3
E01004107,Sutton,Theft and Handling,Theft/Taking Of Motor Vehicle,0,2016,1
E01000115,Barnet,Theft and Handling,Theft/Taking Of Motor Vehicle,0,2010,7
E01001284,Ealing,Criminal Damage,Other Criminal Damage,0,2013,10
E01000360,Bexley,Violence Against the Person,Assault with Injury,5,2014,10
E01000170,Barnet,Theft and Handling,Theft/Taking of Pedal Cycle,0,2011,10
E01003221,Lewisham,Drugs,Other Drugs,0,2012,8
E01001847,Hackney,Robbery,Business Property,0,2016,4
E01000995,Croydon,Theft and Handling,Theft From Shops,0,2008,5
E01001368,Ealing,Violence Against the Person,Offensive Weapon,0,2016,7
E01002292,Havering,Theft and Handling,Theft/Taking of Pedal Cycle,0,2010,6
E01002334,Havering,Theft and Handling,Theft/Taking of Pedal Cycle,0,2008,5
E01032765,Tower Hamlets,Violence Against the Person,Harassment,0,2011,8
E01000629,Brent,Drugs,Drug Trafficking,0,2012,2
E01003240,Lewisham,Criminal Damage,Criminal Damage To Dwelling,0,2012,6
E01000066,Barking and Dagenham,Theft and Handling,Handling Stolen Goods,0,2010,1
E01001808,Hackney,Theft and Handling,Motor Vehicle Interference & Tampering,0,2011,3
E01002325,Havering,Burglary,Burglary in a Dwelling,0,2014,2
E01002253,Havering,Criminal Damage,Criminal Damage To Motor Vehicle,0,2016,8
E01001146,Croydon,Robbery,Personal Property,0,2008,9
E01033587,Barking and Dagenham,Burglary,Burglary in Other Buildings,2,2012,5
E01033699,Hackney,Other Notifiable Offences,Other Notifiable,0,2011,5
E01004611,Wandsworth,Theft and Handling,Motor Vehicle Interference & Tampering,0,2012,10
E01002467,Hillingdon,Criminal Damage,Criminal Damage To Motor Vehicle,0,2012,9
E01000654,Bromley,Criminal Damage,Other Criminal Damage,0,2016,2
E01003513,Newham,Criminal Damage,Criminal Damage To Dwelling,0,2013,10
E01003395,Merton,Drugs,Other Drugs,0,2010,8
E01000964,Camden,Burglary,Burglary in Other Buildings,0,2008,10
E01001087,Croydon,Criminal Damage,Other Criminal Damage,1,2013,12
E01003032,Lambeth,Robbery,Business Property,2,2010,5
E01000876,Camden,Sexual Offences,Other Sexual,0,2008,7
E01003164,Lambeth,Theft and Handling,Motor Vehicle Interference & Tampering,0,2011,9
E01000424,Bexley,Violence Against the Person,Assault with Injury,0,2011,4
E01002546,Hillingdon,Robbery,Personal Property,0,2013,3
E01004566,Wandsworth,Criminal Damage,Criminal Damage To Other Building,0,2014,7
E01004719,Westminster,Theft and Handling,Other Theft Person,1,2009,12
E01000449,Bexley,Theft and Handling,Theft/Taking of Pedal Cycle,0,2011,6
E01001018,Croydon,Drugs,Possession Of Drugs,0,2009,10
E01004512,Wandsworth,Theft and Handling,Other Theft Person,0,2013,2
E01002643,Hounslow,Other Notifiable Offences,Other Notifiable,0,2009,10
E01002203,Harrow,Criminal Damage,Criminal Damage To Dwelling,0,2015,5
E01004303,Tower Hamlets,Theft and Handling,Theft/Taking of Pedal Cycle,0,2012,10
E01000088,Barking and Dagenham,Theft and Handling,Theft From Shops,0,2011,7
E01000165,Barnet,Criminal Damage,Other Criminal Damage,0,2012,5
E01001222,Ealing,Violence Against the Person,Other violence,0,2016,6
E01000185,Barnet,Violence Against the Person,Assault with Injury,0,2010,11
E01003034,Lambeth,Other Notifiable Offences,Other Notifiable,1,2014,10
E01004536,Wandsworth,Robbery,Business Property,0,2015,11
E01004621,Wandsworth,Theft and Handling,Theft/Taking of Pedal Cycle,0,2015,3
E01003593,Newham,Robbery,Personal Property,0,2008,7
E01000694,Bromley,Theft and Handling,Motor Vehicle Interference & Tampering,0,2015,9
E01000354,Bexley,Robbery,Business Property,0,2010,3
E01003158,Lambeth,Robbery,Personal Property,1,2010,2
E01004215,Tower Hamlets,Theft and Handling,Theft/Taking of Pedal Cycle,2,2009,3
E01002769,Islington,Other Notifiable Offences,Other Notifiable,0,2012,10
E01003599,Newham,Theft and Handling,Theft/Taking Of Motor Vehicle,0,2010,7
E01032739,City of London,Theft and Handling,Theft/Taking Of Motor Vehicle,0,2015,12
E01001085,Croydon,Theft and Handling,Other Theft,1,2011,8
E01004735,Westminster,Robbery,Personal Property,1,2011,9
E01004343,Waltham Forest,Burglary,Burglary in a Dwelling,1,2008,2
E01001425,Enfield,Robbery,Personal Property,2,2010,7
E01000865,Camden,Drugs,Drug Trafficking,0,2014,1
E01003346,Lewisham,Theft and Handling,Theft/Taking Of Motor Vehicle,0,2015,12
E01003212,Lewisham,Other Notifiable Offences,Other Notifiable,1,2013,12
E01002321,Havering,Theft and Handling,Other Theft,4,2010,8
E01003511,Newham,Criminal Damage,Criminal Damage To Motor Vehicle,0,2013,5
E01002736,Islington,Criminal Damage,Criminal Damage To Other Building,0,2011,6
E01002770,Islington,Theft and Handling,Theft/Taking Of Motor Vehicle,0,2008,4
E01001138,Croydon,Violence Against the Person,Offensive Weapon,0,2012,9
E01004090,Sutton,Theft and Handling,Theft From Shops,0,2009,4
E01004753,Westminster,Criminal Damage,Criminal Damage To Motor Vehicle,0,2011,3
E01003760,Redbridge,Criminal Damage,Other Criminal Damage,0,2012,1
E01004222,Tower Hamlets,Fraud or Forgery,Other Fraud & Forgery,0,2009,5
E01004267,Tower Hamlets,Other Notifiable Offences,Other Notifiable,0,2010,1
E01004413,Waltham Forest,Violence Against the Person,Common Assault,0,2012,1
E01003282,Lewisham,Violence Against the Person,Common Assault,1,2010,2
E01004379,Waltham Forest,Criminal Damage,Other Criminal Damage,0,2008,6
E01003860,Richmond upon Thames,Criminal Damage,Other Criminal Damage,0,2014,7
E01002751,Islington,Violence Against the Person,Assault with Injury,0,2011,1
E01004204,Tower Hamlets,Violence Against the Person,Common Assault,2,2011,1
E01003857,Richmond upon Thames,Criminal Damage,Criminal Damage To Dwelling,2,2010,2
E01002341,Havering,Criminal Damage,Other Criminal Damage,0,2011,12
E01000312,Barnet,Theft and Handling,Handling Stolen Goods,0,2011,2
E01000430,Bexley,Drugs,Possession Of Drugs,0,2016,11
E01001579,Greenwich,Theft and Handling,Theft/Taking of Pedal Cycle,0,2008,6
E01003063,Lambeth,Criminal Damage,Criminal Damage To Dwelling,1,2016,4
E01002708,Islington,Theft and Handling,Theft/Taking of Pedal Cycle,1,2012,11
E01004641,Wandsworth,Burglary,Burglary in a Dwelling,0,2009,9
E01004404,Waltham Forest,Robbery,Business Property,0,2012,10
E01002917,Kingston upon Thames,Violence Against the Person,Harassment,0,2009,7
E01001652,Greenwich,Violence Against the Person,Wounding/GBH,0,2008,10
E01000373,Bexley,Criminal Damage,Criminal Damage To Other Building,0,2008,4
E01001881,Hammersmith and Fulham,Theft and Handling,Handling Stolen Goods,0,2016,4
E01001551,Enfield,Robbery,Business Property,1,2012,6
E01003546,Newham,Violence Against the Person,Murder,0,2009,7
E01003955,Southwark,Theft and Handling,Theft From Shops,0,2013,8
E01000834,Bromley,Criminal Damage,Criminal Damage To Other Building,0,2013,6
E01003502,Newham,Violence Against the Person,Offensive Weapon,0,2015,11
E01002063,Haringey,Drugs,Possession Of Drugs,0,2014,8
E01000096,Barking and Dagenham,Theft and Handling,Theft/Taking of Pedal Cycle,1,2015,7
E01002075,Haringey,Criminal Damage,Other Criminal Damage,0,2008,7
E01003032,Lambeth,Theft and Handling,Other Theft,3,2013,11
E01004064,Southwark,Robbery,Personal Property,1,2016,12
E01004239,Tower Hamlets,Violence Against the Person,Other violence,0,2015,7
E01002248,Havering,Violence Against the Person,Wounding/GBH,0,2008,12
E01032720,Southwark,Criminal Damage,Criminal Damage To Other Building,0,2014,8
E01003362,Merton,Burglary,Burglary in Other Buildings,1,2014,1
E01000969,Camden,Burglary,Burglary in Other Buildings,2,2014,11
E01002333,Havering,Violence Against the Person,Other violence,0,2016,4
E01001686,Greenwich,Burglary,Burglary in a Dwelling,2,2009,6
E01001167,Croydon,Theft and Handling,Other Theft Person,1,2013,9
E01003075,Lambeth,Theft and Handling,Theft/Taking of Pedal Cycle,0,2011,9
E01004225,Tower Hamlets,Drugs,Drug Trafficking,0,2014,7
E01003357,Merton,Criminal Damage,Criminal Damage To Dwelling,1,2012,1
E01001114,Croydon,Burglary,Burglary in Other Buildings,2,2011,8
E01003348,Lewisham,Criminal Damage,Criminal Damage To Dwelling,0,2012,7
E01002395,Hillingdon,Violence Against the Person,Other violence,0,2012,9
E01002446,Hillingdon,Violence Against the Person,Common Assault,1,2011,6
E01001409,Enfield,Theft and Handling,Handling Stolen Goods,0,2013,12
E01000669,Bromley,Theft and Handling,Motor Vehicle Interference & Tampering,0,2012,1
E01000749,Bromley,Robbery,Personal Property,0,2016,6
E01000876,Camden,Theft and Handling,Theft From Motor Vehicle,0,2014,9
E01003506,Newham,Criminal Damage,Criminal Damage To Motor Vehicle,0,2016,3
E01002282,Havering,Criminal Damage,Criminal Damage To Dwelling,2,2015,2
E01000446,Bexley,Theft and Handling,Other Theft,0,2013,3
E01003540,Newham,Theft and Handling,Theft/Taking Of Motor Vehicle,0,2009,7
E01003940,Southwark,Criminal Damage,Criminal Damage To Dwelling,0,2008,3
E01001518,Enfield,Burglary,Burglary in a Dwelling,1,2013,10
E01002321,Havering,Violence Against the Person,Other violence,0,2010,5
E01033489,Islington,Theft and Handling,Theft/Taking Of Motor Vehicle,2,2015,6
E01033600,Westminster,Criminal Damage,Other Criminal Damage,0,2009,2
E01004160,Sutton,Violence Against the Person,Harassment,2,2014,8
E01003778,Redbridge,Violence Against the Person,Common Assault,0,2010,10
E01003740,Redbridge,Theft and Handling,Motor Vehicle Interference & Tampering,0,2013,2
E01001890,Hammersmith and Fulham,Violence Against the Person,Assault with Injury,3,2014,7
E01000897,Camden,Violence Against the Person,Other violence,0,2009,7
E01004491,Wandsworth,Theft and Handling,Other Theft,0,2015,2
E01001669,Greenwich,Criminal Damage,Criminal Damage To Motor Vehicle,1,2012,5
E01003716,Redbridge,Theft and Handling,Theft/Taking Of Motor Vehicle,2,2010,10
E01002736,Islington,Violence Against the Person,Assault with Injury,0,2012,10
E01002832,Kensington and Chelsea,Theft and Handling,Theft From Motor Vehicle,0,2012,2
E01004286,Tower Hamlets,Violence Against the Person,Wounding/GBH,0,2009,3
E01001848,Hackney,Burglary,Burglary in Other Buildings,0,2012,10
E01000099,Barking and Dagenham,Theft and Handling,Theft From Motor Vehicle,1,2008,2
E01004155,Sutton,Violence Against the Person,Harassment,0,2013,6
E01001992,Haringey,Criminal Damage,Other Criminal Damage,0,2009,4
E01001065,Croydon,Theft and Handling,Theft From Shops,3,2016,4
E01001737,Hackney,Theft and Handling,Theft/Taking Of Motor Vehicle,0,2011,12
E01000928,Camden,Violence Against the Person,Other violence,3,2013,11
E01001188,Croydon,Violence Against the Person,Common Assault,1,2016,12
E01000669,Bromley,Theft and Handling,Motor Vehicle Interference & Tampering,0,2008,7
E01004167,Sutton,Theft and Handling,Theft From Shops,0,2012,4
E01003623,Newham,Criminal Damage,Other Criminal Damage,0,2015,11
E01000452,Bexley,Criminal Damage,Criminal Damage To Dwelling,0,2010,4
E01001734,Hackney,Criminal Damage,Criminal Damage To Dwelling,1,2015,10
E01003453,Merton,Burglary,Burglary in a Dwelling,1,2010,1
E01001750,Hackney,Violence Against the Person,Common Assault,2,2011,2
E01000016,Barking and Dagenham,Theft and Handling,Other Theft,0,2010,9
E01000288,Barnet,Criminal Damage,Criminal Damage To Dwelling,0,2009,3
E01002592,Hounslow,Robbery,Business Property,0,2011,7
E01000589,Brent,Theft and Handling,Theft From Motor Vehicle,1,2015,7
E01001776,Hackney,Violence Against the Person,Murder,0,2010,2
E01003759,Redbridge,Violence Against the Person,Other violence,0,2012,11
E01002211,Harrow,Burglary,Burglary in a Dwelling,1,2010,7
E01004584,Wandsworth,Violence Against the Person,Other violence,3,2016,10
E01004526,Wandsworth,Theft and Handling,Theft From Shops,3,2013,10
E01004516,Wandsworth,Theft and Handling,Theft/Taking Of Motor Vehicle,0,2015,6
E01002933,Kingston upon Thames,Criminal Damage,Other Criminal Damage,0,2015,4
E01004555,Wandsworth,Theft and Handling,Theft/Taking Of Motor Vehicle,1,2008,2
E01001459,Enfield,Robbery,Personal Property,0,2013,11
E01001852,Hammersmith and Fulham,Theft and Handling,Other Theft Person,0,2014,10
E01003514,Newham,Burglary,Burglary in a Dwelling,1,2013,7
E01001069,Croydon,Criminal Damage,Criminal Damage To Dwelling,0,2016,9
E01000388,Bexley,Theft and Handling,Motor Vehicle Interference & Tampering,0,2011,6
E01003640,Redbridge,Other Notifiable Offences,Other Notifiable,0,2014,3
E01004008,Southwark,Drugs,Other Drugs,0,2016,1
E01004568,Wandsworth,Violence Against the Person,Offensive Weapon,0,2014,3
E01003888,Richmond upon Thames,Robbery,Personal Property,0,2015,12
E01003394,Merton,Criminal Damage,Criminal Damage To Motor Vehicle,2,2009,6
E01001699,Greenwich,Robbery,Business Property,0,2008,7
E01002921,Kingston upon Thames,Violence Against the Person,Harassment,0,2014,2
E01032513,Westminster,Criminal Damage,Criminal Damage To Dwelling,0,2011,3
E01000766,Bromley,Theft and Handling,Other Theft Person,0,2016,6
E01002815,Kensington and Chelsea,Violence Against the Person,Offensive Weapon,0,2012,7
E01003183,Lambeth,Theft and Handling,Motor Vehicle Interference & Tampering,0,2010,4
E01000154,Barnet,Violence Against the Person,Assault with Injury,0,2010,11
E01004380,Waltham Forest,Robbery,Business Property,0,2015,2
E01003532,Newham,Violence Against the Person,Offensive Weapon,0,2015,10
E01003654,Redbridge,Robbery,Personal Property,0,2012,1
E01003606,Newham,Robbery,Personal Property,0,2012,2
E01000820,Bromley,Robbery,Personal Property,0,2015,5
E01001245,Ealing,Other Notifiable Offences,Going Equipped,0,2010,1
E01001521,Enfield,Fraud or Forgery,Other Fraud & Forgery,0,2013,6
E01003215,Lewisham,Theft and Handling,Theft From Motor Vehicle,2,2015,7
E01004004,Southwark,Theft and Handling,Theft/Taking Of Motor Vehicle,0,2014,11
E01003156,Lambeth,Theft and Handling,Handling Stolen Goods,0,2009,5
E01003760,Redbridge,Criminal Damage,Other Criminal Damage,0,2009,7
E01001133,Croydon,Violence Against the Person,Offensive Weapon,0,2016,8
E01003740,Redbridge,Drugs,Possession Of Drugs,0,2010,9
E01001314,Ealing,Drugs,Drug Trafficking,0,2010,11
E01000793,Bromley,Drugs,Possession Of Drugs,0,2012,3
E01001539,Enfield,Criminal Damage,Criminal Damage To Dwelling,0,2016,9
E01002974,Kingston upon Thames,Criminal Damage,Criminal Damage To Other Building,0,2011,11
E01002110,Harrow,Theft and Handling,Handling Stolen Goods,0,2010,4
E01000917,Camden,Theft and Handling,Other Theft Person,1,2009,4
E01004765,Westminster,Theft and Handling,Other Theft,67,2013,10
E01003978,Southwark,Criminal Damage,Criminal Damage To Dwelling,0,2012,4
E01002336,Havering,Burglary,Burglary in a Dwelling,4,2011,11
E01001874,Hammersmith and Fulham,Theft and Handling,Other Theft,5,2013,12
E01001591,Greenwich,Fraud or Forgery,Other Fraud & Forgery,0,2010,5
E01002613,Hounslow,Other Notifiable Offences,Going Equipped,0,2013,12
E01002096,Haringey,Violence Against the Person,Offensive Weapon,0,2009,11
E01001241,Ealing,Robbery,Business Property,0,2010,9
E01002394,Hillingdon,Criminal Damage,Other Criminal Damage,1,2008,11
E01000655,Bromley,Violence Against the Person,Other violence,2,2009,2
E01003349,Lewisham,Theft and Handling,Theft/Taking Of Motor Vehicle,1,2010,3
E01003943,Southwark,Criminal Damage,Other Criminal Damage,0,2009,1
E01003347,Lewisham,Fraud or Forgery,Other Fraud & Forgery,0,2012,5
E01003830,Richmond upon Thames,Drugs,Possession Of Drugs,0,2016,1
E01001360,Ealing,Violence Against the Person,Offensive Weapon,0,2010,2
E01002058,Haringey,Drugs,Drug Trafficking,0,2010,3
E01002926,Kingston upon Thames,Violence Against the Person,Assault with Injury,1,2015,12
E01004322,Tower Hamlets,Violence Against the Person,Offensive Weapon,0,2009,8
E01033601,Westminster,Other Notifiable Offences,Other Notifiable,0,2009,6
E01002072,Haringey,Theft and Handling,Theft From Shops,0,2010,8
E01001814,Hackney,Violence Against the Person,Other violence,0,2011,4
E01002289,Havering,Sexual Offences,Other Sexual,0,2009,5
E01003167,Lambeth,Violence Against the Person,Assault with Injury,0,2015,11
E01003493,Newham,Robbery,Business Property,0,2016,1
E01003470,Merton,Drugs,Drug Trafficking,1,2008,5
E01001932,Hammersmith and Fulham,Theft and Handling,Motor Vehicle Interference & Tampering,0,2009,3
E01000860,Camden,Drugs,Possession Of Drugs,0,2015,9
E01003284,Lewisham,Violence Against the Person,Wounding/GBH,1,2015,6
E01004475,Wandsworth,Violence Against the Person,Other violence,0,2016,5
E01000241,Barnet,Theft and Handling,Theft/Taking Of Motor Vehicle,0,2012,10
E01033150,Enfield,Violence Against the Person,Harassment,0,2012,9
E01001266,Ealing,Drugs,Possession Of Drugs,0,2015,1
E01003895,Richmond upon Thames,Criminal Damage,Other Criminal Damage,0,2013,8
E01002087,Haringey,Fraud or Forgery,Counted per Victim,0,2015,11
E01001746,Hackney,Theft and Handling,Motor Vehicle Interference & Tampering,0,2015,5
E01003790,Redbridge,Theft and Handling,Motor Vehicle Interference & Tampering,1,2013,7
E01003669,Redbridge,Theft and Handling,Theft From Shops,0,2009,12
E01033585,Newham,Violence Against the Person,Offensive Weapon,0,2014,5
E01000380,Bexley,Theft and Handling,Theft/Taking Of Motor Vehicle,0,2008,3
E01003482,Newham,Fraud or Forgery,Counted per Victim,0,2009,1
E01002908,Kensington and Chelsea,Robbery,Personal Property,0,2015,5
E01004211,Tower Hamlets,Robbery,Business Property,0,2013,12
E01004349,Waltham Forest,Violence Against the Person,Common Assault,0,2009,11
E01001833,Hackney,Fraud or Forgery,Counted per Victim,0,2014,9
E01001351,Ealing,Drugs,Drug Trafficking,0,2012,10
E01001999,Haringey,Theft and Handling,Other Theft,6,2013,5
E01001188,Croydon,Violence Against the Person,Offensive Weapon,0,2013,10
E01002630,Hounslow,Theft and Handling,Theft From Motor Vehicle,1,2013,6
E01000944,Camden,Criminal Damage,Other Criminal Damage,0,2009,2
E01001125,Croydon,Violence Against the Person,Other violence,0,2015,3
E01003978,Southwark,Theft and Handling,Theft From Motor Vehicle,0,2011,2
E01002382,Havering,Drugs,Drug Trafficking,0,2009,8
E01004152,Sutton,Robbery,Personal Property,0,2014,3
E01003778,Redbridge,Theft and Handling,Theft/Taking of Pedal Cycle,1,2011,7
E01001434,Enfield,Theft and Handling,Other Theft,0,2013,9
E01000100,Barking and Dagenham,Criminal Damage,Criminal Damage To Motor Vehicle,0,2014,9
E01001340,Ealing,Violence Against the Person,Common Assault,5,2015,5
E01003637,Newham,Burglary,Burglary in a Dwelling,1,2012,4
E01003573,Newham,Other Notifiable Offences,Other Notifiable,0,2009,5
E01002369,Havering,Violence Against the Person,Assault with Injury,2,2016,3
E01002363,Havering,Violence Against the Person,Wounding/GBH,1,2009,12
E01001036,Croydon,Criminal Damage,Other Criminal Damage,3,2012,1
E01003166,Lambeth,Other Notifiable Offences,Other Notifiable,0,2015,10
E01002049,Haringey,Theft and Handling,Handling Stolen Goods,0,2008,7
E01003073,Lambeth,Violence Against the Person,Wounding/GBH,1,2015,8
E01003455,Merton,Theft and Handling,Theft/Taking Of Motor Vehicle,2,2010,10
E01004512,Wandsworth,Violence Against the Person,Other violence,0,2016,12
E01004582,Wandsworth,Criminal Damage,Criminal Damage To Dwelling,0,2016,9
E01003281,Lewisham,Violence Against the Person,Offensive Weapon,0,2015,9
E01003607,Newham,Theft and Handling,Theft/Taking Of Motor Vehicle,0,2009,10
E01001656,Greenwich,Drugs,Other Drugs,0,2012,7
E01000438,Bexley,Theft and Handling,Other Theft,0,2008,3
E01002314,Havering,Criminal Damage,Criminal Damage To Motor Vehicle,0,2014,5
E01001496,Enfield,Violence Against the Person,Other violence,0,2008,4
E01001968,Haringey,Violence Against the Person,Offensive Weapon,0,2011,12
E01003227,Lewisham,Burglary,Burglary in a Dwelling,0,2009,4
E01000454,Bexley,Criminal Damage,Criminal Damage To Motor Vehicle,0,2016,6
E01001220,Ealing,Burglary,Burglary in a Dwelling,1,2010,9
E01001367,Ealing,Violence Against the Person,Other violence,2,2008,5
E01003835,Richmond upon Thames,Violence Against the Person,Wounding/GBH,1,2014,3
E01004680,Westminster,Criminal Damage,Criminal Damage To Dwelling,0,2015,3
E01002202,Harrow,Fraud or Forgery,Counted per Victim,0,2010,2
E01004659,Westminster,Theft and Handling,Theft/Taking of Pedal Cycle,1,2012,10
E01001634,Greenwich,Sexual Offences,Other Sexual,0,2013,8
E01003849,Richmond upon Thames,Criminal Damage,Other Criminal Damage,0,2008,2
E01002395,Hillingdon,Theft and Handling,Other Theft,0,2011,2
E01000467,Bexley,Violence Against the Person,Wounding/GBH,0,2009,8
E01000161,Barnet,Theft and Handling,Other Theft Person,0,2010,11
E01002277,Havering,Theft and Handling,Theft From Shops,0,2014,11
E01002253,Havering,Other Notifiable Offences,Other Notifiable,0,2014,7
E01004670,Westminster,Theft and Handling,Other Theft,0,2016,12
E01003906,Richmond upon Thames,Theft and Handling,Theft From Motor Vehicle,2,2008,5
E01002860,Kensington and Chelsea,Theft and Handling,Theft From Motor Vehicle,1,2014,12
E01033600,Westminster,Burglary,Burglary in a Dwelling,1,2015,2
E01001160,Croydon,Violence Against the Person,Common Assault,0,2011,10
E01003782,Redbridge,Theft and Handling,Motor Vehicle Interference & Tampering,0,2014,8
E01002713,Islington,Theft and Handling,Theft/Taking Of Motor Vehicle,2,2015,8
E01001517,Enfield,Violence Against the Person,Harassment,1,2012,3
E01001409,Enfield,Violence Against the Person,Harassment,0,2010,5
E01003686,Redbridge,Theft and Handling,Theft From Motor Vehicle,1,2015,8
E01003820,Richmond upon Thames,Theft and Handling,Theft/Taking Of Motor Vehicle,1,2015,10
E01001094,Croydon,Criminal Damage,Criminal Damage To Other Building,0,2015,9
E01001914,Hammersmith and Fulham,Other Notifiable Offences,Other Notifiable,0,2011,1
E01003315,Lewisham,Criminal Damage,Other Criminal Damage,0,2012,12
E01004730,Westminster,Theft and Handling,Theft From Motor Vehicle,1,2014,4
E01004610,Wandsworth,Criminal Damage,Criminal Damage To Dwelling,0,2013,9
E01003967,Southwark,Drugs,Drug Trafficking,0,2010,10
E01002386,Havering,Theft and Handling,Theft/Taking Of Motor Vehicle,1,2015,10
E01003978,Southwark,Theft and Handling,Theft/Taking of Pedal Cycle,1,2016,10
E01003934,Southwark,Drugs,Drug Trafficking,0,2012,5
E01000677,Bromley,Drugs,Possession Of Drugs,0,2012,5
E01004383,Waltham Forest,Theft and Handling,Theft From Shops,0,2011,6
E01003400,Merton,Violence Against the Person,Common Assault,0,2014,2
E01003560,Newham,Theft and Handling,Theft/Taking of Pedal Cycle,0,2014,6
E01001297,Ealing,Theft and Handling,Theft/Taking Of Motor Vehicle,1,2015,11
E01004462,Waltham Forest,Theft and Handling,Motor Vehicle Interference & Tampering,0,2011,7
E01002844,Kensington and Chelsea,Other Notifiable Offences,Other Notifiable,0,2013,4
E01001954,Hammersmith and Fulham,Drugs,Other Drugs,0,2008,10
E01001044,Croydon,Violence Against the Person,Other violence,1,2014,11
E01000270,Barnet,Criminal Damage,Criminal Damage To Motor Vehicle,1,2008,5
E01003998,Southwark,Criminal Damage,Criminal Damage To Other Building,0,2016,11
E01004266,Tower Hamlets,Violence Against the Person,Common Assault,1,2016,7
E01001871,Hammersmith and Fulham,Robbery,Personal Property,0,2008,12
E01000263,Barnet,Theft and Handling,Other Theft,0,2013,1
E01003975,Southwark,Violence Against the Person,Harassment,2,2016,7
E01000475,Brent,Criminal Damage,Criminal Damage To Dwelling,0,2013,3
E01001413,Enfield,Burglary,Burglary in a Dwelling,1,2016,3
E01000456,Bexley,Theft and Handling,Theft From Motor Vehicle,1,2013,8
E01000586,Brent,Theft and Handling,Other Theft,1,2014,4
E01000547,Brent,Theft and Handling,Motor Vehicle Interference & Tampering,0,2008,3
E01000811,Bromley,Violence Against the Person,Assault with Injury,0,2013,11
E01001234,Ealing,Violence Against the Person,Common Assault,1,2010,11
E01004739,Westminster,Violence Against the Person,Wounding/GBH,0,2014,5
E01004236,Tower Hamlets,Theft and Handling,Theft/Taking Of Motor Vehicle,0,2013,5
E01002550,Hillingdon,Violence Against the Person,Assault with Injury,1,2008,5
E01002105,Haringey,Violence Against the Person,Other violence,2,2009,2
E01000757,Bromley,Violence Against the Person,Assault with Injury,0,2013,3
E01003354,Lewisham,Theft and Handling,Other Theft,0,2010,2
E01000592,Brent,Theft and Handling,Theft/Taking of Pedal Cycle,0,2012,6
E01004192,Sutton,Theft and Handling,Other Theft,0,2016,12
E01003148,Lambeth,Robbery,Personal Property,0,2015,10
E01004467,Waltham Forest,Violence Against the Person,Offensive Weapon,0,2009,2
E01000977,Croydon,Drugs,Possession Of Drugs,2,2015,8
E01001533,Enfield,Burglary,Burglary in Other Buildings,0,2010,5
E01002918,Kingston upon Thames,Criminal Damage,Other Criminal Damage,0,2012,11
E01000307,Barnet,Theft and Handling,Other Theft Person,3,2012,9
E01004158,Sutton,Other Notifiable Offences,Other Notifiable,0,2009,11
E01033093,Wandsworth,Violence Against the Person,Assault with Injury,1,2014,1
E01032777,Tower Hamlets,Theft and Handling,Other Theft,0,2010,5
E01004109,Sutton,Criminal Damage,Criminal Damage To Dwelling,0,2014,7
E01003836,Richmond upon Thames,Drugs,Possession Of Drugs,0,2012,4
E01002237,Harrow,Theft and Handling,Theft/Taking of Pedal Cycle,0,2016,8
E01003819,Richmond upon Thames,Fraud or Forgery,Counted per Victim,0,2014,6
E01002011,Haringey,Theft and Handling,Motor Vehicle Interference & Tampering,0,2008,9
E01001226,Ealing,Criminal Damage,Criminal Damage To Dwelling,0,2012,12
E01002469,Hillingdon,Theft and Handling,Other Theft,0,2013,6
E01002952,Kingston upon Thames,Criminal Damage,Criminal Damage To Dwelling,0,2012,9
E01001647,Greenwich,Violence Against the Person,Harassment,0,2016,12
E01002670,Hounslow,Violence Against the Person,Common Assault,0,2012,6
E01002629,Hounslow,Criminal Damage,Criminal Damage To Other Building,0,2009,10
E01003359,Merton,Criminal Damage,Criminal Damage To Motor Vehicle,0,2011,12
E01002515,Hillingdon,Theft and Handling,Handling Stolen Goods,1,2010,3
E01002019,Haringey,Theft and Handling,Motor Vehicle Interference & Tampering,0,2016,4
E01004081,Sutton,Theft and Handling,Theft From Shops,0,2013,6
E01004455,Waltham Forest,Burglary,Burglary in Other Buildings,1,2015,6
E01000003,City of London,Theft and Handling,Other Theft Person,1,2015,6
E01000484,Brent,Drugs,Possession Of Drugs,0,2011,11
E01000670,Bromley,Theft and Handling,Other Theft Person,1,2014,6
E01001243,Ealing,Burglary,Burglary in Other Buildings,0,2015,8
E01001084,Croydon,Violence Against the Person,Assault with Injury,1,2016,10
E01004193,Sutton,Theft and Handling,Theft/Taking of Pedal Cycle,0,2010,2
E01002316,Havering,Criminal Damage,Criminal Damage To Dwelling,1,2008,3
E01001604,Greenwich,Other Notifiable Offences,Other Notifiable,0,2011,5
E01000189,Barnet,Criminal Damage,Criminal Damage To Motor Vehicle,1,2010,6
E01004662,Westminster,Burglary,Burglary in Other Buildings,0,2008,2
E01000667,Bromley,Theft and Handling,Theft/Taking Of Motor Vehicle,0,2015,2
E01004639,Wandsworth,Other Notifiable Offences,Other Notifiable,0,2015,1
E01004384,Waltham Forest,Criminal Damage,Criminal Damage To Other Building,0,2011,12
E01000475,Brent,Drugs,Drug Trafficking,0,2016,6
E01003743,Redbridge,Theft and Handling,Handling Stolen Goods,0,2012,11
E01033602,Westminster,Drugs,Possession Of Drugs,0,2016,12
E01004540,Wandsworth,Theft and Handling,Other Theft Person,1,2014,4
E01002400,Hillingdon,Theft and Handling,Theft From Motor Vehicle,0,2012,1
E01004681,Westminster,Criminal Damage,Criminal Damage To Motor Vehicle,0,2011,12
E01002681,Hounslow,Drugs,Drug Trafficking,0,2013,6
E01000636,Brent,Criminal Damage,Criminal Damage To Motor Vehicle,0,2014,8
E01001291,Ealing,Criminal Damage,Criminal Damage To Motor Vehicle,1,2011,5
E01001503,Enfield,Criminal Damage,Other Criminal Damage,0,2012,1
E01001543,Enfield,Theft and Handling,Handling Stolen Goods,0,2008,10
E01004072,Southwark,Other Notifiable Offences,Going Equipped,0,2011,4
E01002329,Havering,Burglary,Burglary in a Dwelling,1,2013,8
E01000893,Camden,Criminal Damage,Criminal Damage To Other Building,0,2011,8
E01003600,Newham,Theft and Handling,Theft/Taking of Pedal Cycle,0,2010,12
E01001389,Ealing,Violence Against the Person,Offensive Weapon,0,2010,6
E01003622,Newham,Theft and Handling,Handling Stolen Goods,0,2014,3
E01002270,Havering,Violence Against the Person,Wounding/GBH,0,2009,1
E01004381,Waltham Forest,Violence Against the Person,Wounding/GBH,0,2014,3
E01002546,Hillingdon,Theft and Handling,Handling Stolen Goods,0,2011,12
E01002702,Islington,Criminal Damage,Criminal Damage To Dwelling,0,2008,3
E01004077,Sutton,Theft and Handling,Theft/Taking of Pedal Cycle,0,2014,3
E01004028,Southwark,Theft and Handling,Handling Stolen Goods,0,2008,4
E01004072,Southwark,Violence Against the Person,Wounding/GBH,0,2016,2
E01000713,Bromley,Theft and Handling,Theft From Motor Vehicle,0,2009,11
E01002880,Kensington and Chelsea,Violence Against the Person,Harassment,0,2011,8
E01000104,Barking and Dagenham,Theft and Handling,Theft/Taking of Pedal Cycle,0,2010,8
E01004709,Westminster,Theft and Handling,Theft/Taking of Pedal Cycle,0,2014,10
E01001602,Greenwich,Criminal Damage,Criminal Damage To Motor Vehicle,2,2008,1
E01000933,Camden,Violence Against the Person,Offensive Weapon,0,2012,10
E01002369,Havering,Theft and Handling,Other Theft,1,2011,9
E01002336,Havering,Theft and Handling,Handling Stolen Goods,0,2010,6
E01004394,Waltham Forest,Criminal Damage,Criminal Damage To Other Building,0,2010,10
E01000665,Bromley,Theft and Handling,Theft/Taking Of Motor Vehicle,1,2013,1
E01002070,Haringey,Theft and Handling,Theft/Taking Of Motor Vehicle,0,2011,2
E01001674,Greenwich,Robbery,Personal Property,2,2011,5
E01003446,Merton,Theft and Handling,Theft/Taking Of Motor Vehicle,1,2008,2
E01004269,Tower Hamlets,Violence Against the Person,Offensive Weapon,0,2010,11
E01032783,Tower Hamlets,Violence Against the Person,Wounding/GBH,0,2010,11
E01002377,Havering,Theft and Handling,Handling Stolen Goods,0,2012,6
E01004754,Westminster,Drugs,Possession Of Drugs,8,2008,6
E01003702,Redbridge,Violence Against the Person,Common Assault,1,2014,8
E01002801,Islington,Theft and Handling,Other Theft Person,3,2015,11
E01002923,Kingston upon Thames,Theft and Handling,Theft/Taking of Pedal Cycle,0,2014,3
E01004725,Westminster,Theft and Handling,Other Theft Person,0,2013,10
E01000171,Barnet,Criminal Damage,Criminal Damage To Motor Vehicle,1,2012,2
E01000249,Barnet,Theft and Handling,Handling Stolen Goods,0,2009,2
E01002654,Hounslow,Violence Against the Person,Common Assault,0,2012,12
E01000148,Barnet,Burglary,Burglary in a Dwelling,0,2008,6
E01002957,Kingston upon Thames,Theft and Handling,Other Theft,0,2015,2
E01001672,Greenwich,Theft and Handling,Handling Stolen Goods,0,2016,9
E01003555,Newham,Criminal Damage,Other Criminal Damage,0,2016,9
E01001026,Croydon,Violence Against the Person,Wounding/GBH,0,2014,6
E01001742,Hackney,Theft and Handling,Theft/Taking Of Motor Vehicle,0,2015,9
E01004621,Wandsworth,Theft and Handling,Handling Stolen Goods,0,2015,11
E01001705,Greenwich,Criminal Damage,Criminal Damage To Other Building,0,2011,9
E01000406,Bexley,Theft and Handling,Theft From Motor Vehicle,0,2016,3
E01002000,Haringey,Violence Against the Person,Assault with Injury,0,2016,12
E01003852,Richmond upon Thames,Criminal Damage,Other Criminal Damage,1,2014,3
E01002501,Hillingdon,Burglary,Burglary in Other Buildings,1,2015,11
E01003413,Merton,Burglary,Burglary in Other Buildings,1,2011,5
E01002762,Islington,Theft and Handling,Handling Stolen Goods,0,2008,5
E01001890,Hammersmith and Fulham,Violence Against the Person,Common Assault,0,2008,1
E01000528,Brent,Violence Against the Person,Other violence,0,2015,6
E01002287,Havering,Violence Against the Person,Common Assault,0,2014,9
E01003406,Merton,Violence Against the Person,Wounding/GBH,0,2012,8
E01000805,Bromley,Theft and Handling,Theft/Taking of Pedal Cycle,0,2010,3
E01004363,Waltham Forest,Theft and Handling,Handling Stolen Goods,0,2015,9
E01003629,Newham,Fraud or Forgery,Other Fraud & Forgery,0,2015,4
E01000054,Barking and Dagenham,Violence Against the Person,Other violence,0,2010,1
E01001510,Enfield,Drugs,Other Drugs,0,2012,11
E01002224,Harrow,Criminal Damage,Criminal Damage To Dwelling,0,2016,1
E01000455,Bexley,Drugs,Drug Trafficking,0,2013,3
E01004473,Wandsworth,Other Notifiable Offences,Other Notifiable,0,2014,9
E01004622,Wandsworth,Theft and Handling,Other Theft,0,2010,9
E01000033,Barking and Dagenham,Fraud or Forgery,Other Fraud & Forgery,0,2010,4
E01000774,Bromley,Robbery,Business Property,0,2012,5
E01033492,Islington,Violence Against the Person,Offensive Weapon,0,2015,4
E01004695,Westminster,Theft and Handling,Other Theft,22,2013,3
E01000955,Camden,Theft and Handling,Motor Vehicle Interference & Tampering,0,2008,7
E01001228,Ealing,Theft and Handling,Other Theft Person,0,2016,12
E01002792,Islington,Theft and Handling,Theft/Taking of Pedal Cycle,0,2010,12
E01002397,Hillingdon,Violence Against the Person,Wounding/GBH,1,2014,2
E01001535,Enfield,Other Notifiable Offences,Other Notifiable,0,2012,5
E01000013,Barking and Dagenham,Burglary,Burglary in a Dwelling,1,2008,12
E01004196,Sutton,Violence Against the Person,Other violence,0,2015,12
E01003621,Newham,Violence Against the Person,Offensive Weapon,0,2016,8
E01003266,Lewisham,Violence Against the Person,Offensive Weapon,0,2008,3
E01001598,Greenwich,Criminal Damage,Other Criminal Damage,1,2015,4
E01003477,Merton,Theft and Handling,Handling Stolen Goods,0,2008,11
E01002086,Haringey,Criminal Damage,Criminal Damage To Dwelling,0,2011,2
E01001363,Ealing,Criminal Damage,Criminal Damage To Dwelling,0,2009,3
E01003384,Merton,Theft and Handling,Theft/Taking of Pedal Cycle,0,2013,3
E01001853,Hammersmith and Fulham,Robbery,Personal Property,0,2015,8
E01003877,Richmond upon Thames,Violence Against the Person,Common Assault,0,2011,5
E01001688,Greenwich,Theft and Handling,Other Theft,0,2013,11
E01001569,Enfield,Violence Against the Person,Offensive Weapon,0,2009,10
E01004079,Sutton,Theft and Handling,Theft/Taking of Pedal Cycle,0,2009,11
E01000592,Brent,Violence Against the Person,Other violence,0,2010,11
E01004684,Westminster,Violence Against the Person,Other violence,0,2015,9
E01032623,Sutton,Criminal Damage,Criminal Damage To Other Building,0,2015,6
E01000242,Barnet,Theft and Handling,Handling Stolen Goods,0,2013,5
E01000045,Barking and Dagenham,Criminal Damage,Criminal Damage To Other Building,0,2008,8
E01001311,Ealing,Burglary,Burglary in Other Buildings,0,2011,6
E01001895,Hammersmith and Fulham,Theft and Handling,Theft/Taking Of Motor Vehicle,1,2010,3
E01004641,Wandsworth,Theft and Handling,Theft/Taking Of Motor Vehicle,1,2009,10
E01001733,Hackney,Violence Against the Person,Common Assault,0,2014,8
E01004306,Tower Hamlets,Violence Against the Person,Other violence,0,2008,6
E01000968,Camden,Robbery,Business Property,0,2016,7
E01004436,Waltham Forest,Fraud or Forgery,Other Fraud & Forgery,0,2011,2
E01000311,Barnet,Fraud or Forgery,Counted per Victim,0,2016,9
E01003256,Lewisham,Burglary,Burglary in Other Buildings,2,2012,7
E01004618,Wandsworth,Theft and Handling,Theft/Taking of Pedal Cycle,0,2011,8
E01003945,Southwark,Theft and Handling,Theft/Taking of Pedal Cycle,1,2010,4
E01003321,Lewisham,Theft and Handling,Motor Vehicle Interference & Tampering,0,2010,3
E01000038,Barking and Dagenham,Drugs,Possession Of Drugs,0,2013,11
E01003530,Newham,Burglary,Burglary in Other Buildings,1,2008,4
E01000737,Bromley,Violence Against the Person,Assault with Injury,0,2010,7
E01000995,Croydon,Theft and Handling,Theft From Motor Vehicle,1,2016,5
E01004028,Southwark,Violence Against the Person,Wounding/GBH,0,2013,8
E01004606,Wandsworth,Criminal Damage,Criminal Damage To Motor Vehicle,1,2016,11
E01000486,Brent,Burglary,Burglary in Other Buildings,0,2010,5
E01000680,Bromley,Theft and Handling,Theft/Taking of Pedal Cycle,0,2016,10
E01001104,Croydon,Violence Against the Person,Other violence,0,2008,2
E01032772,Tower Hamlets,Violence Against the Person,Wounding/GBH,0,2011,9
E01002514,Hillingdon,Violence Against the Person,Other violence,0,2010,9
E01003387,Merton,Theft and Handling,Motor Vehicle Interference & Tampering,0,2012,7
E01001983,Haringey,Violence Against the Person,Assault with Injury,1,2011,10
E01004612,Wandsworth,Theft and Handling,Theft/Taking of Pedal Cycle,0,2013,10
E01000929,Camden,Theft and Handling,Motor Vehicle Interference & Tampering,0,2016,2
E01004577,Wandsworth,Drugs,Possession Of Drugs,0,2014,8
E01002116,Harrow,Theft and Handling,Other Theft Person,0,2013,6
E01004101,Sutton,Criminal Damage,Criminal Damage To Motor Vehicle,0,2016,9
E01003105,Lambeth,Drugs,Other Drugs,0,2009,5
E01001687,Greenwich,Burglary,Burglary in Other Buildings,2,2009,5
E01003296,Lewisham,Other Notifiable Offences,Going Equipped,0,2016,10
E01003086,Lambeth,Theft and Handling,Motor Vehicle Interference & Tampering,0,2011,3
E01004763,Westminster,Theft and Handling,Theft From Motor Vehicle,4,2016,12
E01004465,Waltham Forest,Other Notifiable Offences,Other Notifiable,0,2008,12
E01003166,Lambeth,Violence Against the Person,Harassment,1,2016,9
E01002787,Islington,Theft and Handling,Other Theft Person,0,2009,7
E01000362,Bexley,Theft and Handling,Handling Stolen Goods,0,2008,6
E01003694,Redbridge,Other Notifiable Offences,Other Notifiable,0,2008,9
E01003374,Merton,Drugs,Other Drugs,0,2010,6
E01004588,Wandsworth,Theft and Handling,Theft/Taking Of Motor Vehicle,0,2010,7
E01001603,Greenwich,Burglary,Burglary in Other Buildings,0,2010,8
E01004166,Sutton,Criminal Damage,Criminal Damage To Motor Vehicle,0,2014,1
E01002692,Hounslow,Criminal Damage,Criminal Damage To Other Building,0,2009,7
E01002194,Harrow,Theft and Handling,Theft From Motor Vehicle,1,2012,9
E01000913,Camden,Criminal Damage,Other Criminal Damage,0,2013,2
E01000046,Barking and Dagenham,Fraud or Forgery,Other Fraud & Forgery,0,2016,12
E01004464,Waltham Forest,Drugs,Other Drugs,0,2011,1
E01003110,Lambeth,Violence Against the Person,Wounding/GBH,0,2008,8
E01002829,Kensington and Chelsea,Violence Against the Person,Assault with Injury,0,2011,12
E01002403,Hillingdon,Violence Against the Person,Harassment,2,2010,5
E01002863,Kensington and Chelsea,Theft and Handling,Other Theft,0,2014,7
E01001103,Croydon,Theft and Handling,Other Theft Person,0,2014,7
E01004118,Sutton,Violence Against the Person,Harassment,0,2009,2
E01003774,Redbridge,Theft and Handling,Theft/Taking Of Motor Vehicle,1,2012,8
E01000053,Barking and Dagenham,Violence Against the Person,Assault with Injury,1,2008,2
E01004252,Tower Hamlets,Drugs,Possession Of Drugs,4,2010,7
E01003773,Redbridge,Theft and Handling,Other Theft,0,2015,9
E01001450,Enfield,Violence Against the Person,Wounding/GBH,0,2013,1
E01001916,Hammersmith and Fulham,Criminal Damage,Criminal Damage To Motor Vehicle,0,2014,7
E01001957,Hammersmith and Fulham,Theft and Handling,Theft From Motor Vehicle,2,2009,8
E01001958,Hammersmith and Fulham,Burglary,Burglary in a Dwelling,1,2011,11
E01001118,Croydon,Fraud or Forgery,Other Fraud & Forgery,0,2016,7
E01001954,Hammersmith and Fulham,Violence Against the Person,Harassment,0,2010,11
E01002322,Havering,Criminal Damage,Criminal Damage To Dwelling,0,2012,2
E01001813,Hackney,Violence Against the Person,Harassment,1,2013,7
E01000413,Bexley,Theft and Handling,Motor Vehicle Interference & Tampering,0,2011,6
E01004130,Sutton,Burglary,Burglary in a Dwelling,1,2016,2
E01003471,Merton,Robbery,Business Property,0,2009,11
E01002564,Hounslow,Criminal Damage,Other Criminal Damage,0,2016,5
E01004507,Wandsworth,Theft and Handling,Motor Vehicle Interference & Tampering,0,2010,12
E01000899,Camden,Theft and Handling,Motor Vehicle Interference & Tampering,0,2008,9
E01003835,Richmond upon Thames,Theft and Handling,Other Theft,0,2010,11
E01003020,Lambeth,Criminal Damage,Criminal Damage To Dwelling,0,2013,8
E01001068,Croydon,Violence Against the Person,Other violence,0,2010,8
E01003237,Lewisham,Robbery,Personal Property,4,2013,10
E01003914,Southwark,Violence Against the Person,Harassment,0,2013,3
E01003149,Lambeth,Theft and Handling,Theft From Motor Vehicle,0,2010,3
E01001903,Hammersmith and Fulham,Violence Against the Person,Harassment,1,2013,5
E01000611,Brent,Violence Against the Person,Common Assault,0,2015,5
E01003983,Southwark,Criminal Damage,Other Criminal Damage,0,2015,3
E01000744,Bromley,Criminal Damage,Other Criminal Damage,2,2008,12
E01003231,Lewisham,Theft and Handling,Handling Stolen Goods,0,2015,9
E01001832,Hackney,Fraud or Forgery,Counted per Victim,0,2010,6
E01003184,Lambeth,Robbery,Personal Property,0,2016,8
E01003804,Richmond upon Thames,Theft and Handling,Theft From Shops,0,2016,10
E01000869,Camden,Criminal Damage,Criminal Damage To Other Building,0,2012,3
E01001909,Hammersmith and Fulham,Violence Against the Person,Offensive Weapon,0,2015,9
E01001071,Croydon,Theft and Handling,Motor Vehicle Interference & Tampering,0,2008,10
E01003161,Lambeth,Theft and Handling,Motor Vehicle Interference & Tampering,0,2011,2
E01003255,Lewisham,Drugs,Possession Of Drugs,1,2013,4
E01001053,Croydon,Theft and Handling,Motor Vehicle Interference & Tampering,0,2015,5
E01003780,Redbridge,Criminal Damage,Criminal Damage To Other Building,0,2013,4
E01002496,Hillingdon,Theft and Handling,Theft/Taking of Pedal Cycle,0,2012,12
E01002040,Haringey,Violence Against the Person,Harassment,1,2013,9
E01003795,Redbridge,Theft and Handling,Theft From Motor Vehicle,4,2013,6
E01004362,Waltham Forest,Fraud or Forgery,Other Fraud & Forgery,0,2012,6
E01002221,Harrow,Other Notifiable Offences,Other Notifiable,0,2012,6
E01003351,Lewisham,Violence Against the Person,Other violence,0,2011,5
E01000155,Barnet,Violence Against the Person,Assault with Injury,0,2013,6
E01003391,Merton,Violence Against the Person,Other violence,0,2015,9
E01003125,Lambeth,Theft and Handling,Theft/Taking of Pedal Cycle,0,2016,2
E01001857,Hammersmith and Fulham,Criminal Damage,Criminal Damage To Other Building,0,2013,9
E01003004,Kingston upon Thames,Theft and Handling,Motor Vehicle Interference & Tampering,0,2012,8
E01004003,Southwark,Robbery,Personal Property,2,2008,8
E01002638,Hounslow,Burglary,Burglary in Other Buildings,0,2010,11
E01000445,Bexley,Theft and Handling,Theft/Taking Of Motor Vehicle,0,2012,11
E01003945,Southwark,Theft and Handling,Other Theft Person,0,2014,4
E01004443,Waltham Forest,Theft and Handling,Motor Vehicle Interference & Tampering,0,2010,11
E01002353,Havering,Burglary,Burglary in Other Buildings,1,2009,12
E01000183,Barnet,Theft and Handling,Theft From Shops,0,2009,3
E01001165,Croydon,Theft and Handling,Handling Stolen Goods,0,2013,1
E01001881,Hammersmith and Fulham,Criminal Damage,Other Criminal Damage,0,2011,10
E01000925,Camden,Burglary,Burglary in a Dwelling,1,2013,12
E01000499,Brent,Theft and Handling,Theft From Shops,0,2008,2
E01033583,Newham,Theft and Handling,Other Theft,51,2013,7
E01002711,Islington,Criminal Damage,Criminal Damage To Other Building,0,2009,2
E01002106,Harrow,Violence Against the Person,Wounding/GBH,0,2009,7
E01003214,Lewisham,Drugs,Other Drugs,0,2015,3
E01000715,Bromley,Robbery,Personal Property,0,2009,7
E01004393,Waltham Forest,Drugs,Possession Of Drugs,1,2011,3
E01001128,Croydon,Robbery,Business Property,0,2011,3
E01001240,Ealing,Theft and Handling,Other Theft Person,1,2012,2
E01000082,Barking and Dagenham,Other Notifiable Offences,Other Notifiable,1,2013,2
E01000612,Brent,Other Notifiable Offences,Other Notifiable,0,2015,4
E01003156,Lambeth,Other Notifiable Offences,Other Notifiable,0,2014,10
E01003502,Newham,Theft and Handling,Handling Stolen Goods,0,2011,10
E01000168,Barnet,Theft and Handling,Other Theft Person,0,2016,1
E01002123,Harrow,Theft and Handling,Handling Stolen Goods,0,2009,10
E01002452,Hillingdon,Violence Against the Person,Wounding/GBH,0,2015,12
E01002718,Islington,Theft and Handling,Theft From Shops,0,2016,4
E01003631,Newham,Theft and Handling,Theft/Taking Of Motor Vehicle,1,2014,2
E01000060,Barking and Dagenham,Criminal Damage,Other Criminal Damage,0,2015,5
E01002074,Haringey,Criminal Damage,Criminal Damage To Motor Vehicle,1,2011,2
E01001417,Enfield,Theft and Handling,Motor Vehicle Interference & Tampering,0,2010,5
E01000910,Camden,Violence Against the Person,Harassment,0,2014,12
E01003058,Lambeth,Violence Against the Person,Assault with Injury,1,2016,3
E01000243,Barnet,Drugs,Drug Trafficking,0,2012,2
E01003783,Redbridge,Violence Against the Person,Other violence,0,2010,9
E01004750,Westminster,Other Notifiable Offences,Other Notifiable,0,2012,1
E01003225,Lewisham,Violence Against the Person,Other violence,0,2010,1
E01003538,Newham,Theft and Handling,Theft/Taking Of Motor Vehicle,0,2012,5
E01003394,Merton,Drugs,Possession Of Drugs,1,2010,8
E01004699,Westminster,Drugs,Other Drugs,0,2011,4
E01001790,Hackney,Violence Against the Person,Wounding/GBH,0,2016,2
E01001340,Ealing,Theft and Handling,Other Theft Person,1,2012,7
E01000695,Bromley,Burglary,Burglary in a Dwelling,0,2011,2
E01001642,Greenwich,Burglary,Burglary in a Dwelling,0,2011,7
E01001190,Croydon,Violence Against the Person,Offensive Weapon,1,2014,3
E01002806,Islington,Other Notifiable Offences,Going Equipped,0,2010,3
E01004166,Sutton,Other Notifiable Offences,Going Equipped,0,2011,10
E01001679,Greenwich,Burglary,Burglary in a Dwelling,1,2015,8
E01003096,Lambeth,Violence Against the Person,Offensive Weapon,0,2014,10
E01001609,Greenwich,Violence Against the Person,Wounding/GBH,0,2012,2
E01004579,Wandsworth,Criminal Damage,Criminal Damage To Other Building,0,2015,8
E01001103,Croydon,Theft and Handling,Other Theft,0,2013,1
E01002826,Kensington and Chelsea,Theft and Handling,Theft From Motor Vehicle,0,2013,7
E01001592,Greenwich,Criminal Damage,Other Criminal Damage,0,2015,11
E01002959,Kingston upon Thames,Violence Against the Person,Wounding/GBH,0,2011,3
E01000250,Barnet,Drugs,Possession Of Drugs,2,2012,4
E01003502,Newham,Theft and Handling,Handling Stolen Goods,0,2011,9
E01001960,Hammersmith and Fulham,Criminal Damage,Criminal Damage To Other Building,0,2014,10
E01003445,Merton,Criminal Damage,Criminal Damage To Dwelling,0,2008,6
E01003019,Lambeth,Robbery,Personal Property,1,2012,4
E01002224,Harrow,Theft and Handling,Theft From Motor Vehicle,1,2015,8
E01002152,Harrow,Theft and Handling,Motor Vehicle Interference & Tampering,0,2016,11
E01003401,Merton,Burglary,Burglary in Other Buildings,0,2014,8
E01001212,Ealing,Burglary,Burglary in a Dwelling,0,2015,1
E01000013,Barking and Dagenham,Violence Against the Person,Common Assault,0,2011,10
E01000593,Brent,Criminal Damage,Criminal Damage To Other Building,0,2015,11
E01001014,Croydon,Theft and Handling,Motor Vehicle Interference & Tampering,0,2012,10
E01003880,Richmond upon Thames,Theft and Handling,Handling Stolen Goods,0,2012,8
E01001357,Ealing,Violence Against the Person,Harassment,0,2010,3
E01002110,Harrow,Burglary,Burglary in a Dwelling,0,2014,3
E01002499,Hillingdon,Theft and Handling,Theft From Motor Vehicle,2,2016,7
E01003618,Newham,Violence Against the Person,Assault with Injury,1,2010,12
E01003247,Lewisham,Theft and Handling,Motor Vehicle Interference & Tampering,0,2012,9
E01002114,Harrow,Drugs,Possession Of Drugs,0,2010,1
E01003445,Merton,Criminal Damage,Criminal Damage To Other Building,0,2010,7
E01003199,Lewisham,Violence Against the Person,Wounding/GBH,1,2016,1
E01003448,Merton,Theft and Handling,Theft/Taking of Pedal Cycle,0,2013,11
E01002401,Hillingdon,Violence Against the Person,Assault with Injury,3,2016,10
E01002914,Kensington and Chelsea,Theft and Handling,Theft/Taking Of Motor Vehicle,1,2013,7
E01001909,Hammersmith and Fulham,Violence Against the Person,Common Assault,0,2010,7
E01033576,Newham,Theft and Handling,Other Theft,0,2011,6
E01003606,Newham,Robbery,Personal Property,1,2009,9
E01002157,Harrow,Theft and Handling,Other Theft,0,2008,10
E01001151,Croydon,Sexual Offences,Rape,0,2009,8
E01003837,Richmond upon Thames,Theft and Handling,Theft/Taking Of Motor Vehicle,0,2010,8
E01002870,Kensington and Chelsea,Theft and Handling,Motor Vehicle Interference & Tampering,1,2016,8
E01003593,Newham,Violence Against the Person,Wounding/GBH,0,2011,11
E01000253,Barnet,Violence Against the Person,Other violence,0,2013,11
E01003943,Southwark,Theft and Handling,Other Theft Person,0,2015,1
E01000799,Bromley,Criminal Damage,Criminal Damage To Motor Vehicle,2,2014,8
E01003916,Southwark,Robbery,Business Property,0,2010,5
E01004353,Waltham Forest,Criminal Damage,Criminal Damage To Dwelling,3,2012,8
E01004236,Tower Hamlets,Theft and Handling,Handling Stolen Goods,0,2013,10
E01033727,Greenwich,Violence Against the Person,Offensive Weapon,0,2013,8
E01002168,Harrow,Theft and Handling,Handling Stolen Goods,0,2012,12
E01004126,Sutton,Criminal Damage,Criminal Damage To Dwelling,0,2010,9
E01000544,Brent,Theft and Handling,Other Theft,1,2008,3
E01002770,Islington,Theft and Handling,Handling Stolen Goods,1,2008,12
E01002789,Islington,Robbery,Personal Property,1,2010,2
E01002374,Havering,Violence Against the Person,Common Assault,1,2014,1
E01001935,Hammersmith and Fulham,Violence Against the Person,Murder,0,2011,11
E01000222,Barnet,Theft and Handling,Theft/Taking of Pedal Cycle,0,2011,1
E01004192,Sutton,Robbery,Personal Property,0,2014,7
E01033592,Redbridge,Violence Against the Person,Murder,0,2010,11
E01004437,Waltham Forest,Violence Against the Person,Wounding/GBH,0,2016,2
E01002862,Kensington and Chelsea,Theft and Handling,Other Theft,0,2015,9
E01004534,Wandsworth,Other Notifiable Offences,Going Equipped,0,2013,3
E01033135,Wandsworth,Drugs,Drug Trafficking,0,2010,1
E01004445,Waltham Forest,Theft and Handling,Theft/Taking of Pedal Cycle,0,2010,2
E01001624,Greenwich,Theft and Handling,Other Theft Person,0,2011,9
E01004754,Westminster,Violence Against the Person,Assault with Injury,2,2008,9
E01002299,Havering,Theft and Handling,Theft/Taking of Pedal Cycle,0,2012,1
E01004660,Westminster,Violence Against the Person,Wounding/GBH,0,2016,11
E01001562,Enfield,Burglary,Burglary in Other Buildings,0,2008,11
E01002283,Havering,Other Notifiable Offences,Other Notifiable,0,2012,12
E01003044,Lambeth,Criminal Damage,Criminal Damage To Other Building,0,2011,7
E01002335,Havering,Violence Against the Person,Assault with Injury,0,2011,2
E01002260,Havering,Criminal Damage,Other Criminal Damage,1,2009,4
E01001448,Enfield,Violence Against the Person,Wounding/GBH,1,2011,8
E01004452,Waltham Forest,Other Notifiable Offences,Going Equipped,0,2014,4
E01004683,Westminster,Violence Against the Person,Common Assault,1,2012,7
E01001357,Ealing,Other Notifiable Offences,Other Notifiable,0,2008,8
E01003210,Lewisham,Robbery,Business Property,0,2016,12
E01000191,Barnet,Violence Against the Person,Wounding/GBH,1,2014,10
E01001034,Croydon,Sexual Offences,Other Sexual,0,2014,1
E01001948,Hammersmith and Fulham,Violence Against the Person,Assault with Injury,0,2013,9
E01000568,Brent,Violence Against the Person,Common Assault,1,2008,11
E01003304,Lewisham,Violence Against the Person,Offensive Weapon,0,2009,6
E01000443,Bexley,Violence Against the Person,Assault with Injury,0,2008,2
E01003739,Redbridge,Theft and Handling,Theft/Taking Of Motor Vehicle,0,2009,9
E01003680,Redbridge,Violence Against the Person,Harassment,1,2016,6
E01002218,Harrow,Criminal Damage,Criminal Damage To Other Building,0,2015,11
E01002655,Hounslow,Burglary,Burglary in a Dwelling,0,2010,10
E01001392,Enfield,Theft and Handling,Motor Vehicle Interference & Tampering,0,2008,6
E01004722,Westminster,Violence Against the Person,Offensive Weapon,0,2013,7
E01000563,Brent,Criminal Damage,Criminal Damage To Dwelling,0,2013,1
E01003115,Lambeth,Criminal Damage,Criminal Damage To Dwelling,0,2013,2
E01004225,Tower Hamlets,Theft and Handling,Theft From Shops,0,2012,9
E01002981,Kingston upon Thames,Theft and Handling,Other Theft,0,2015,1
E01002721,Islington,Theft and Handling,Theft From Motor Vehicle,0,2014,10
E01003177,Lambeth,Theft and Handling,Theft From Shops,0,2012,5
E01002439,Hillingdon,Robbery,Business Property,0,2008,1
E01001492,Enfield,Theft and Handling,Motor Vehicle Interference & Tampering,1,2009,1
E01001070,Croydon,Violence Against the Person,Offensive Weapon,0,2011,11
E01000935,Camden,Drugs,Possession Of Drugs,0,2011,12
E01003690,Redbridge,Violence Against the Person,Harassment,1,2011,12
E01001649,Greenwich,Violence Against the Person,Common Assault,0,2014,3
E01002662,Hounslow,Theft and Handling,Motor Vehicle Interference & Tampering,0,2015,12
E01004726,Westminster,Theft and Handling,Theft From Shops,0,2009,10
E01001359,Ealing,Robbery,Personal Property,0,2014,7
E01002199,Harrow,Burglary,Burglary in a Dwelling,2,2008,3
E01001022,Croydon,Robbery,Personal Property,0,2015,4
E01000174,Barnet,Violence Against the Person,Other violence,0,2012,1
E01004418,Waltham Forest,Robbery,Personal Property,0,2016,4
E01001962,Haringey,Theft and Handling,Other Theft,1,2013,3
E01004522,Wandsworth,Violence Against the Person,Harassment,0,2016,9
E01002374,Havering,Robbery,Business Property,0,2008,6
E01003013,Lambeth,Criminal Damage,Criminal Damage To Motor Vehicle,0,2009,9
E01004415,Waltham Forest,Theft and Handling,Other Theft Person,0,2016,3
E01002129,Harrow,Drugs,Other Drugs,0,2012,6
E01003459,Merton,Theft and Handling,Motor Vehicle Interference & Tampering,0,2009,1
E01003325,Lewisham,Burglary,Burglary in a Dwelling,0,2014,2
E01003130,Lambeth,Theft and Handling,Other Theft Person,0,2011,12
E01003229,Lewisham,Violence Against the Person,Other violence,0,2016,9
E01004628,Wandsworth,Violence Against the Person,Other violence,0,2009,3
E01004753,Westminster,Theft and Handling,Theft/Taking Of Motor Vehicle,0,2008,2
E01002315,Havering,Violence Against the Person,Offensive Weapon,0,2012,11
E01000968,Camden,Drugs,Drug Trafficking,0,2013,9
E01002800,Islington,Violence Against the Person,Wounding/GBH,3,2014,8
E01000565,Brent,Criminal Damage,Criminal Damage To Dwelling,0,2015,3
E01004750,Westminster,Violence Against the Person,Wounding/GBH,0,2010,7
E01000956,Camden,Theft and Handling,Motor Vehicle Interference & Tampering,0,2012,4
E01004090,Sutton,Burglary,Burglary in a Dwelling,0,2013,2
E01000637,Brent,Theft and Handling,Motor Vehicle Interference & Tampering,0,2014,8
E01001436,Enfield,Other Notifiable Offences,Other Notifiable,0,2015,12
E01003999,Southwark,Other Notifiable Offences,Other Notifiable,0,2016,7
E01003150,Lambeth,Theft and Handling,Motor Vehicle Interference & Tampering,0,2013,1
E01002443,Hillingdon,Theft and Handling,Other Theft,4,2016,7
E01000180,Barnet,Violence Against the Person,Harassment,0,2009,9
E01000093,Barking and Dagenham,Violence Against the Person,Offensive Weapon,0,2013,12
E01032563,Bromley,Violence Against the Person,Common Assault,0,2016,10
E01001801,Hackney,Theft and Handling,Other Theft,0,2015,11
E01003302,Lewisham,Burglary,Burglary in a Dwelling,0,2010,8
E01000558,Brent,Burglary,Burglary in a Dwelling,1,2008,10
E01003139,Lambeth,Drugs,Possession Of Drugs,0,2012,12
E01003261,Lewisham,Theft and Handling,Other Theft Person,0,2012,7
E01000558,Brent,Criminal Damage,Criminal Damage To Dwelling,0,2009,1
E01001199,Ealing,Violence Against the Person,Harassment,1,2013,3
E01001370,Ealing,Robbery,Personal Property,5,2010,2
E01003171,Lambeth,Other Notifiable Offences,Other Notifiable,0,2009,9
E01000231,Barnet,Burglary,Burglary in Other Buildings,1,2009,2
E01002672,Hounslow,Theft and Handling,Motor Vehicle Interference & Tampering,0,2013,4
E01000828,Bromley,Violence Against the Person,Wounding/GBH,0,2012,2
E01003080,Lambeth,Drugs,Drug Trafficking,0,2015,9
E01000565,Brent,Violence Against the Person,Offensive Weapon,0,2012,12
E01001512,Enfield,Burglary,Burglary in a Dwelling,0,2015,3
E01003984,Southwark,Burglary,Burglary in a Dwelling,2,2015,8
E01004631,Wandsworth,Criminal Damage,Criminal Damage To Other Building,0,2010,10
E01002155,Harrow,Criminal Damage,Criminal Damage To Other Building,0,2011,6
E01001056,Croydon,Drugs,Other Drugs,0,2013,2
E01001878,Hammersmith and Fulham,Violence Against the Person,Harassment,1,2011,4
E01004264,Tower Hamlets,Burglary,Burglary in a Dwelling,1,2011,8
E01004285,Tower Hamlets,Theft and Handling,Theft From Motor Vehicle,1,2015,3
E01003076,Lambeth,Violence Against the Person,Assault with Injury,0,2008,7
E01003742,Redbridge,Violence Against the Person,Other violence,1,2011,5
E01000140,Barnet,Criminal Damage,Criminal Damage To Dwelling,0,2013,8
E01002642,Hounslow,Violence Against the Person,Wounding/GBH,0,2008,5
E01004072,Southwark,Theft and Handling,Theft/Taking Of Motor Vehicle,0,2015,6
E01000942,Camden,Burglary,Burglary in Other Buildings,1,2008,12
E01004708,Westminster,Theft and Handling,Other Theft Person,0,2014,7
E01001453,Enfield,Criminal Damage,Criminal Damage To Motor Vehicle,0,2015,9
E01003261,Lewisham,Violence Against the Person,Other violence,0,2008,3
E01002027,Haringey,Drugs,Possession Of Drugs,1,2014,2
E01002113,Harrow,Theft and Handling,Motor Vehicle Interference & Tampering,0,2008,10
E01002654,Hounslow,Fraud or Forgery,Other Fraud & Forgery,0,2012,1
E01001006,Croydon,Theft and Handling,Motor Vehicle Interference & Tampering,0,2014,6
E01002356,Havering,Theft and Handling,Theft From Motor Vehicle,2,2008,1
E01003847,Richmond upon Thames,Theft and Handling,Motor Vehicle Interference & Tampering,0,2008,1
E01004139,Sutton,Criminal Damage,Criminal Damage To Dwelling,0,2010,6
E01004142,Sutton,Theft and Handling,Motor Vehicle Interference & Tampering,1,2014,9
E01032513,Westminster,Theft and Handling,Theft From Motor Vehicle,0,2009,2
E01001400,Enfield,Violence Against the Person,Wounding/GBH,0,2014,1
E01003117,Lambeth,Violence Against the Person,Other violence,0,2011,6
E01002395,Hillingdon,Theft and Handling,Theft/Taking of Pedal Cycle,0,2010,8
E01000193,Barnet,Criminal Damage,Criminal Damage To Dwelling,0,2015,5
E01004212,Tower Hamlets,Criminal Damage,Criminal Damage To Dwelling,0,2013,7
E01004359,Waltham Forest,Theft and Handling,Theft From Motor Vehicle,0,2012,6
E01002769,Islington,Violence Against the Person,Common Assault,0,2008,3
E01032722,Southwark,Violence Against the Person,Common Assault,1,2016,11
E01004611,Wandsworth,Drugs,Drug Trafficking,0,2014,8
E01004116,Sutton,Other Notifiable Offences,Other Notifiable,0,2012,6
E01004234,Tower Hamlets,Criminal Damage,Criminal Damage To Other Building,0,2011,1
E01003894,Richmond upon Thames,Theft and Handling,Other Theft Person,0,2009,5
E01002861,Kensington and Chelsea,Violence Against the Person,Assault with Injury,0,2012,9
E01002693,Hounslow,Theft and Handling,Theft From Shops,2,2010,11
E01002076,Haringey,Criminal Damage,Criminal Damage To Dwelling,2,2013,11
E01003215,Lewisham,Theft and Handling,Handling Stolen Goods,0,2009,5
E01000599,Brent,Other Notifiable Offences,Going Equipped,0,2013,9
E01000299,Barnet,Violence Against the Person,Harassment,1,2012,7
E01002613,Hounslow,Theft and Handling,Motor Vehicle Interference & Tampering,0,2011,9
E01003010,Kingston upon Thames,Robbery,Personal Property,0,2008,4
E01000670,Bromley,Drugs,Drug Trafficking,0,2008,7
E01002239,Harrow,Violence Against the Person,Offensive Weapon,0,2013,1
E01000228,Barnet,Violence Against the Person,Assault with Injury,0,2014,12
E01002527,Hillingdon,Theft and Handling,Motor Vehicle Interference & Tampering,1,2010,10
E01000987,Croydon,Other Notifiable Offences,Other Notifiable,0,2010,12
E01032722,Southwark,Other Notifiable Offences,Other Notifiable,2,2014,10
E01001959,Hammersmith and Fulham,Robbery,Personal Property,2,2013,2
E01003419,Merton,Theft and Handling,Other Theft Person,0,2016,5
E01000576,Brent,Burglary,Burglary in a Dwelling,0,2009,11
E01001288,Ealing,Violence Against the Person,Common Assault,0,2016,11
E01002076,Haringey,Drugs,Drug Trafficking,0,2011,4
E01004408,Waltham Forest,Drugs,Drug Trafficking,0,2016,6
E01002353,Havering,Theft and Handling,Other Theft Person,1,2011,4
E01004546,Wandsworth,Theft and Handling,Theft From Motor Vehicle,0,2013,4
E01003253,Lewisham,Sexual Offences,Other Sexual,0,2010,9
E01002132,Harrow,Theft and Handling,Other Theft Person,0,2010,11
E01004128,Sutton,Violence Against the Person,Harassment,1,2013,1
E01004566,Wandsworth,Criminal Damage,Criminal Damage To Dwelling,0,2016,7
E01000651,Bromley,Criminal Damage,Criminal Damage To Motor Vehicle,0,2015,1
E01002461,Hillingdon,Drugs,Possession Of Drugs,1,2015,4
E01003651,Redbridge,Theft and Handling,Theft From Shops,0,2011,7
E01000406,Bexley,Fraud or Forgery,Other Fraud & Forgery,0,2010,5
E01000465,Bexley,Fraud or Forgery,Counted per Victim,0,2011,3
E01004651,Westminster,Theft and Handling,Other Theft Person,0,2011,2
E01003233,Lewisham,Violence Against the Person,Other violence,0,2011,10
E01002144,Harrow,Burglary,Burglary in a Dwelling,0,2009,4
E01001599,Greenwich,Violence Against the Person,Offensive Weapon,0,2011,5
E01002642,Hounslow,Criminal Damage,Other Criminal Damage,0,2016,6
E01000878,Camden,Theft and Handling,Other Theft Person,0,2012,11
E01003973,Southwark,Criminal Damage,Criminal Damage To Motor Vehicle,0,2016,2
E01004419,Waltham Forest,Criminal Damage,Criminal Damage To Dwelling,0,2009,12
E01000546,Brent,Theft and Handling,Theft/Taking Of Motor Vehicle,0,2015,1
E01000775,Bromley,Theft and Handling,Theft/Taking Of Motor Vehicle,0,2011,8
E01002103,Haringey,Violence Against the Person,Common Assault,0,2010,6
E01001143,Croydon,Drugs,Possession Of Drugs,1,2013,7
E01001991,Haringey,Theft and Handling,Theft From Motor Vehicle,10,2009,7
E01003605,Newham,Theft and Handling,Theft/Taking of Pedal Cycle,1,2014,4
E01004528,Wandsworth,Theft and Handling,Theft From Motor Vehicle,1,2010,6
E01001325,Ealing,Other Notifiable Offences,Other Notifiable,0,2009,9
E01001914,Hammersmith and Fulham,Violence Against the Person,Offensive Weapon,0,2015,6
E01001085,Croydon,Theft and Handling,Handling Stolen Goods,0,2009,7
E01000099,Barking and Dagenham,Theft and Handling,Other Theft Person,0,2009,6
E01004413,Waltham Forest,Burglary,Burglary in a Dwelling,1,2011,9
E01001755,Hackney,Criminal Damage,Criminal Damage To Motor Vehicle,0,2013,11
E01002140,Harrow,Theft and Handling,Other Theft Person,0,2011,4
E01000867,Camden,Theft and Handling,Theft/Taking of Pedal Cycle,0,2013,1
E01032720,Southwark,Other Notifiable Offences,Other Notifiable,0,2008,7
E01001913,Hammersmith and Fulham,Drugs,Drug Trafficking,0,2014,4
E01000146,Barnet,Violence Against the Person,Wounding/GBH,1,2016,8
E01003742,Redbridge,Violence Against the Person,Other violence,0,2009,12
E01000644,Brent,Violence Against the Person,Offensive Weapon,0,2014,7
E01002865,Kensington and Chelsea,Violence Against the Person,Offensive Weapon,0,2012,11
E01000657,Bromley,Theft and Handling,Theft/Taking of Pedal Cycle,0,2008,9
E01004581,Wandsworth,Robbery,Business Property,0,2012,8
E01002504,Hillingdon,Violence Against the Person,Assault with Injury,0,2016,3
E01000205,Barnet,Theft and Handling,Handling Stolen Goods,0,2012,2
E01004459,Waltham Forest,Violence Against the Person,Common Assault,0,2010,10
E01003164,Lambeth,Theft and Handling,Handling Stolen Goods,0,2010,8
E01001014,Croydon,Fraud or Forgery,Counted per Victim,0,2014,3
E01004050,Southwark,Burglary,Burglary in a Dwelling,1,2013,10
E01003689,Redbridge,Burglary,Burglary in Other Buildings,6,2009,11
E01004241,Tower Hamlets,Theft and Handling,Theft From Motor Vehicle,2,2010,12
E01032790,Hammersmith and Fulham,Violence Against the Person,Other violence,0,2011,12
E01003531,Newham,Burglary,Burglary in Other Buildings,0,2010,5
E01002273,Havering,Robbery,Personal Property,0,2010,2
E01004617,Wandsworth,Theft and Handling,Theft From Motor Vehicle,0,2009,7
