E01004264,Tower Hamlets,Criminal Damage,Other Criminal Damage,1,2013,6
E01004713,Westminster,Other Notifiable Offences,Going Equipped,0,2014,8
E01002102,Haringey,Theft and Handling,Theft From Motor Vehicle,0,2013,2
E01004696,Westminster,Theft and Handling,Theft From Motor Vehicle,0,2012,6
E01000501,Brent,Criminal Damage,Criminal Damage To Other Building,0,2009,1
E01004376,Waltham Forest,Violence Against the Person,Common Assault,0,2009,5
E01002994,Kingston upon Thames,Violence Against the Person,Harassment,0,2011,9
E01003433,Merton,Violence Against the Person,Other violence,1,2013,6
E01001222,Ealing,Theft and Handling,Theft/Taking of Pedal Cycle,0,2008,10
E01001522,Enfield,Violence Against the Person,Wounding/GBH,0,2011,5
E01002422,Hillingdon,Theft and Handling,Handling Stolen Goods,0,2009,11
E01000489,Brent,Burglary,Burglary in Other Buildings,0,2014,3
E01002078,Haringey,Violence Against the Person,Harassment,2,2010,8
E01002136,Harrow,Theft and Handling,Theft/Taking Of Motor Vehicle,0,2013,2
E01004725,Westminster,Criminal Damage,Criminal Damage To Other Building,0,2011,11
E01033605,Westminster,Criminal Damage,Criminal Damage To Motor Vehicle,0,2010,7
E01002015,Haringey,Violence Against the Person,Assault with Injury,0,2015,5
E01001424,Enfield,Other Notifiable Offences,Other Notifiable,0,2015,3
E01002251,Havering,Drugs,Drug Trafficking,0,2016,3
E01003088,Lambeth,Violence Against the Person,Offensive Weapon,0,2011,10
E01002346,Havering,Other Notifiable Offences,Going Equipped,0,2016,8
E01001851,Hammersmith and Fulham,Other Notifiable Offences,Going Equipped,0,2011,5
E01004316,Tower Hamlets,Theft and Handling,Motor Vehicle Interference & Tampering,0,2015,1
E01002457,Hillingdon,Other Notifiable Offences,Other Notifiable,0,2013,4
E01000973,Camden,Criminal Damage,Criminal Damage To Other Building,1,2009,9
E01001077,Croydon,Theft and Handling,Theft From Motor Vehicle,0,2016,3
E01000875,Camden,Violence Against the Person,Assault with Injury,1,2014,2
E01001618,Greenwich,Drugs,Drug Trafficking,0,2012,4
E01001831,Hackney,Violence Against the Person,Wounding/GBH,1,2014,6
E01003768,Redbridge,Fraud or Forgery,Other Fraud & Forgery,0,2016,2
E01001440,Enfield,Theft and Handling,Other Theft Person,0,2010,6
E01000282,Barnet,Theft and Handling,Theft From Shops,0,2011,1
E01002078,Haringey,Violence Against the Person,Assault with Injury,0,2015,12
E01004497,Wandsworth,Robbery,Personal Property,0,2015,1
E01004726,Westminster,Robbery,Business Property,0,2009,1
E01001364,Ealing,Violence Against the Person,Wounding/GBH,1,2014,12
E01004255,Tower Hamlets,Robbery,Personal Property,1,2015,2
E01001734,Hackney,Criminal Damage,Criminal Damage To Dwelling,1,2011,10
E01004073,Southwark,Criminal Damage,Criminal Damage To Dwelling,1,2014,9
E01000293,Barnet,Theft and Handling,Other Theft,0,2014,1
E01004601,Wandsworth,Theft and Handling,Theft From Motor Vehicle,1,2010,5
E01004011,Southwark,Criminal Damage,Criminal Damage To Other Building,0,2008,1
E01001090,Croydon,Theft and Handling,Theft From Shops,0,2012,11
E01004475,Wandsworth,Criminal Damage,Criminal Damage To Dwelling,0,2012,2
E01003530,Newham,Theft and Handling,Theft From Motor Vehicle,1,2016,5
E01001165,Croydon,Sexual Offences,Rape,0,2011,5
E01004628,Wandsworth,Robbery,Business Property,0,2015,6
E01001371,Ealing,Violence Against the Person,Offensive Weapon,0,2016,9
E01000037,Barking and Dagenham,Violence Against the Person,Other violence,0,2013,7
E01000945,Camden,Theft and Handling,Other Theft,17,2012,12
E01002166,Harrow,Burglary,Burglary in a Dwelling,1,2012,12
E01000173,Barnet,Burglary,Burglary in a Dwelling,3,2009,6
E01000045,Barking and Dagenham,Other Notifiable Offences,Going Equipped,0,2013,9
E01033583,Newham,Criminal Damage,Other Criminal Damage,5,2012,10
E01002526,Hillingdon,Burglary,Burglary in a Dwelling,0,2014,7
E01033485,Brent,Violence Against the Person,Common Assault,0,2010,8
E01001729,Hackney,Robbery,Personal Property,0,2008,8
E01002769,Islington,Violence Against the Person,Assault with Injury,1,2008,2
E01000589,Brent,Theft and Handling,Theft From Motor Vehicle,0,2014,12
E01004176,Sutton,Violence Against the Person,Other violence,0,2013,12
E01000094,Barking and Dagenham,Theft and Handling,Theft/Taking of Pedal Cycle,0,2012,12
E01002863,Kensington and Chelsea,Fraud or Forgery,Counted per Victim,0,2011,4
E01004270,Tower Hamlets,Burglary,Burglary in Other Buildings,0,2016,1
E01004734,Westminster,Criminal Damage,Other Criminal Damage,6,2009,8
E01001140,Croydon,Violence Against the Person,Harassment,0,2009,4
E01001454,Enfield,Fraud or Forgery,Counted per Victim,0,2009,8
E01002045,Haringey,Fraud or Forgery,Counted per Victim,0,2011,9
E01003835,Richmond upon Thames,Other Notifiable Offences,Other Notifiable,0,2015,9
E01002161,Harrow,Theft and Handling,Theft From Shops,0,2009,8
E01002709,Islington,Theft and Handling,Theft From Shops,0,2014,10
E01003903,Richmond upon Thames,Violence Against the Person,Harassment,1,2009,9
E01001522,Enfield,Violence Against the Person,Offensive Weapon,0,2012,9
E01001870,Hammersmith and Fulham,Theft and Handling,Other Theft,1,2010,6
E01000240,Barnet,Robbery,Business Property,0,2014,4
E01002179,Harrow,Theft and Handling,Theft/Taking Of Motor Vehicle,0,2013,9
E01000513,Brent,Robbery,Business Property,0,2012,7
E01000820,Bromley,Robbery,Personal Property,1,2009,5
E01003639,Redbridge,Violence Against the Person,Harassment,1,2014,6
E01001623,Greenwich,Theft and Handling,Theft/Taking of Pedal Cycle,0,2012,12
E01000253,Barnet,Robbery,Personal Property,0,2015,12
E01003561,Newham,Drugs,Drug Trafficking,0,2014,9
E01000065,Barking and Dagenham,Criminal Damage,Criminal Damage To Other Building,0,2008,2
E01004734,Westminster,Criminal Damage,Criminal Damage To Dwelling,1,2012,1
E01004388,Waltham Forest,Theft and Handling,Other Theft,1,2015,3
E01000409,Bexley,Theft and Handling,Handling Stolen Goods,0,2011,1
E01001186,Croydon,Theft and Handling,Theft From Shops,0,2011,1
E01003440,Merton,Criminal Damage,Other Criminal Damage,0,2011,7
E01001583,Greenwich,Violence Against the Person,Other violence,0,2016,11
E01003964,Southwark,Theft and Handling,Handling Stolen Goods,0,2011,12
E01003684,Redbridge,Theft and Handling,Theft/Taking of Pedal Cycle,0,2010,3
E01004699,Westminster,Violence Against the Person,Offensive Weapon,0,2013,8
E01003998,Southwark,Theft and Handling,Handling Stolen Goods,0,2011,12
E01003229,Lewisham,Violence Against the Person,Other violence,0,2012,12
E01001175,Croydon,Theft and Handling,Theft From Motor Vehicle,2,2016,10
E01004601,Wandsworth,Violence Against the Person,Offensive Weapon,0,2016,5
E01001292,Ealing,Drugs,Other Drugs,0,2011,9
E01000082,Barking and Dagenham,Burglary,Burglary in Other Buildings,0,2008,10
E01003954,Southwark,Theft and Handling,Theft/Taking of Pedal Cycle,0,2012,4
E01000919,Camden,Theft and Handling,Theft/Taking Of Motor Vehicle,3,2016,11
E01003853,Richmond upon Thames,Theft and Handling,Other Theft Person,0,2011,2
E01001725,Hackney,Theft and Handling,Theft From Motor Vehicle,0,2015,7
E01000979,Croydon,Violence Against the Person,Other violence,0,2013,11
E01003562,Newham,Theft and Handling,Theft/Taking Of Motor Vehicle,0,2013,5
E01000538,Brent,Theft and Handling,Other Theft,1,2013,1
E01001809,Hackney,Theft and Handling,Motor Vehicle Interference & Tampering,1,2010,4
E01002990,Kingston upon Thames,Criminal Damage,Other Criminal Damage,0,2012,2
E01001223,Ealing,Violence Against the Person,Harassment,0,2011,4
E01004714,Westminster,Violence Against the Person,Wounding/GBH,5,2015,2
E01002986,Kingston upon Thames,Theft and Handling,Other Theft Person,0,2009,8
E01000385,Bexley,Drugs,Possession Of Drugs,1,2012,7
E01000432,Bexley,Violence Against the Person,Assault with Injury,0,2012,2
E01002221,Harrow,Violence Against the Person,Assault with Injury,1,2010,10
E01004353,Waltham Forest,Violence Against the Person,Common Assault,0,2011,12
E01001184,Croydon,Theft and Handling,Theft/Taking of Pedal Cycle,0,2012,5
E01003204,Lewisham,Robbery,Business Property,0,2008,3
E01004530,Wandsworth,Fraud or Forgery,Other Fraud & Forgery,0,2014,1
E01000180,Barnet,Violence Against the Person,Other violence,0,2013,4
E01000297,Barnet,Violence Against the Person,Common Assault,0,2011,6
E01000378,Bexley,Criminal Damage,Criminal Damage To Other Building,0,2013,9
E01001184,Croydon,Theft and Handling,Handling Stolen Goods,0,2016,12
E01001576,Greenwich,Theft and Handling,Other Theft,0,2014,7
E01004701,Westminster,Theft and Handling,Handling Stolen Goods,0,2013,10
E01001784,Hackney,Drugs,Drug Trafficking,0,2009,11
E01000978,Croydon,Violence Against the Person,Common Assault,0,2016,11
E01001682,Greenwich,Violence Against the Person,Assault with Injury,1,2010,3
E01001178,Croydon,Theft and Handling,Handling Stolen Goods,0,2012,3
E01003778,Redbridge,Theft and Handling,Handling Stolen Goods,0,2012,4
E01001554,Enfield,Theft and Handling,Theft From Shops,0,2016,10
E01000933,Camden,Theft and Handling,Theft From Shops,2,2008,4
E01002482,Hillingdon,Robbery,Personal Property,0,2009,2
E01002547,Hillingdon,Criminal Damage,Criminal Damage To Motor Vehicle,0,2016,1
E01003665,Redbridge,Burglary,Burglary in a Dwelling,0,2009,2
E01001001,Croydon,Burglary,Burglary in a Dwelling,0,2014,1
E01004398,Waltham Forest,Violence Against the Person,Other violence,0,2012,8
E01001920,Hammersmith and Fulham,Criminal Damage,Criminal Damage To Dwelling,2,2009,12
E01001348,Ealing,Theft and Handling,Theft From Shops,6,2013,1
E01000906,Camden,Theft and Handling,Theft/Taking of Pedal Cycle,0,2009,3
E01000763,Bromley,Other Notifiable Offences,Other Notifiable,0,2013,5
E01000501,Brent,Fraud or Forgery,Other Fraud & Forgery,0,2012,4
E01002565,Hounslow,Violence Against the Person,Wounding/GBH,0,2014,10
E01004710,Westminster,Theft and Handling,Theft From Shops,1,2012,12
E01004359,Waltham Forest,Drugs,Possession Of Drugs,0,2012,6
E01004597,Wandsworth,Theft and Handling,Motor Vehicle Interference & Tampering,0,2014,3
E01002165,Harrow,Theft and Handling,Theft From Motor Vehicle,1,2010,10
E01004100,Sutton,Theft and Handling,Motor Vehicle Interference & Tampering,0,2010,5
E01033585,Newham,Drugs,Possession Of Drugs,1,2013,5
E01000701,Bromley,Theft and Handling,Other Theft,1,2011,3
E01003415,Merton,Theft and Handling,Handling Stolen Goods,0,2016,11
E01002031,Haringey,Burglary,Burglary in a Dwelling,2,2012,2
E01002837,Kensington and Chelsea,Theft and Handling,Theft From Motor Vehicle,3,2012,10
E01001387,Ealing,Violence Against the Person,Harassment,1,2012,10
E01000095,Barking and Dagenham,Theft and Handling,Other Theft,26,2015,4
E01002625,Hounslow,Burglary,Burglary in Other Buildings,0,2012,10
E01000588,Brent,Criminal Damage,Criminal Damage To Motor Vehicle,1,2010,6
E01004689,Westminster,Criminal Damage,Criminal Damage To Motor Vehicle,0,2010,2
E01001597,Greenwich,Violence Against the Person,Common Assault,2,2015,12
E01003086,Lambeth,Drugs,Possession Of Drugs,0,2016,4
E01002868,Kensington and Chelsea,Theft and Handling,Theft/Taking of Pedal Cycle,0,2008,4
E01001597,Greenwich,Theft and Handling,Theft/Taking of Pedal Cycle,0,2008,12
E01004604,Wandsworth,Burglary,Burglary in a Dwelling,3,2012,12
E01000961,Camden,Theft and Handling,Theft From Shops,0,2010,9
E01003963,Southwark,Criminal Damage,Criminal Damage To Other Building,0,2011,11
E01000874,Camden,Robbery,Business Property,0,2011,8
E01002830,Kensington and Chelsea,Theft and Handling,Theft/Taking of Pedal Cycle,1,2011,8
E01003177,Lambeth,Criminal Damage,Criminal Damage To Other Building,0,2010,1
E01001362,Ealing,Theft and Handling,Other Theft,2,2010,6
E01003737,Redbridge,Theft and Handling,Other Theft,0,2016,12
E01004163,Sutton,Theft and Handling,Other Theft Person,0,2009,11
E01004661,Westminster,Criminal Damage,Criminal Damage To Dwelling,0,2016,5
E01001562,Enfield,Violence Against the Person,Wounding/GBH,0,2012,7
E01033322,Lewisham,Criminal Damage,Criminal Damage To Motor Vehicle,0,2012,10
E01032744,Ealing,Burglary,Burglary in a Dwelling,1,2016,7
E01003755,Redbridge,Drugs,Possession Of Drugs,0,2014,11
E01003543,Newham,Drugs,Possession Of Drugs,0,2011,7
E01002276,Havering,Robbery,Business Property,0,2013,6
E01004762,Westminster,Robbery,Personal Property,2,2013,4
E01001338,Ealing,Theft and Handling,Theft/Taking of Pedal Cycle,0,2012,10
E01002225,Harrow,Theft and Handling,Theft/Taking Of Motor Vehicle,0,2013,4
E01001893,Hammersmith and Fulham,Theft and Handling,Handling Stolen Goods,0,2012,5
E01002563,Hounslow,Theft and Handling,Other Theft Person,2,2011,8
E01003813,Richmond upon Thames,Criminal Damage,Criminal Damage To Motor Vehicle,0,2008,9
E01001311,Ealing,Violence Against the Person,Offensive Weapon,0,2008,5
E01004503,Wandsworth,Criminal Damage,Criminal Damage To Dwelling,0,2010,6
E01004145,Sutton,Criminal Damage,Other Criminal Damage,0,2011,3
E01001129,Croydon,Theft and Handling,Other Theft,1,2008,5
E01001091,Croydon,Violence Against the Person,Offensive Weapon,0,2011,11
E01000668,Bromley,Robbery,Personal Property,0,2014,6
E01003414,Merton,Drugs,Possession Of Drugs,1,2010,10
E01002050,Haringey,Drugs,Possession Of Drugs,1,2016,4
E01001339,Ealing,Theft and Handling,Other Theft,0,2011,7
E01001419,Enfield,Fraud or Forgery,Counted per Victim,0,2013,5
E01002345,Havering,Theft and Handling,Other Theft,5,2009,4
E01002237,Harrow,Theft and Handling,Other Theft Person,0,2008,2
E01001067,Croydon,Robbery,Personal Property,0,2013,5
E01004178,Sutton,Other Notifiable Offences,Going Equipped,0,2009,4
E01002235,Harrow,Violence Against the Person,Assault with Injury,1,2013,5
E01004382,Waltham Forest,Criminal Damage,Criminal Damage To Other Building,0,2016,9
E01000585,Brent,Criminal Damage,Criminal Damage To Motor Vehicle,1,2009,7
E01001132,Croydon,Theft and Handling,Theft From Shops,1,2016,5
E01000630,Brent,Drugs,Other Drugs,0,2010,6
E01000527,Brent,Theft and Handling,Other Theft Person,0,2009,5
E01001905,Hammersmith and Fulham,Theft and Handling,Theft/Taking of Pedal Cycle,0,2008,12
E01000762,Bromley,Theft and Handling,Theft From Shops,1,2013,1
E01002824,Kensington and Chelsea,Burglary,Burglary in Other Buildings,0,2012,3
E01004423,Waltham Forest,Theft and Handling,Other Theft,2,2011,4
E01003761,Redbridge,Burglary,Burglary in Other Buildings,2,2008,1
E01003943,Southwark,Drugs,Drug Trafficking,0,2016,10
E01004223,Tower Hamlets,Theft and Handling,Other Theft Person,0,2009,9
E01003734,Redbridge,Criminal Damage,Criminal Damage To Motor Vehicle,0,2012,12
E01002336,Havering,Violence Against the Person,Offensive Weapon,0,2009,10
E01003630,Newham,Violence Against the Person,Harassment,1,2012,9
E01000117,Barnet,Robbery,Personal Property,0,2012,5
E01000575,Brent,Drugs,Drug Trafficking,0,2015,11
E01000822,Bromley,Violence Against the Person,Other violence,0,2016,3
E01002442,Hillingdon,Theft and Handling,Theft/Taking of Pedal Cycle,0,2012,11
E01003324,Lewisham,Criminal Damage,Criminal Damage To Motor Vehicle,1,2009,3
E01002762,Islington,Theft and Handling,Handling Stolen Goods,0,2015,6
E01033133,Wandsworth,Violence Against the Person,Common Assault,0,2011,3
E01001793,Hackney,Criminal Damage,Criminal Damage To Dwelling,0,2015,1
E01003223,Lewisham,Theft and Handling,Other Theft Person,0,2009,12
E01003427,Merton,Criminal Damage,Criminal Damage To Dwelling,0,2010,1
E01000190,Barnet,Criminal Damage,Other Criminal Damage,0,2010,9
E01001864,Hammersmith and Fulham,Criminal Damage,Criminal Damage To Dwelling,0,2009,12
E01004493,Wandsworth,Violence Against the Person,Other violence,0,2013,5
E01001796,Hackney,Theft and Handling,Motor Vehicle Interference & Tampering,0,2016,8
E01001494,Enfield,Theft and Handling,Other Theft,0,2010,5
E01001226,Ealing,Other Notifiable Offences,Other Notifiable,0,2009,12
E01001705,Greenwich,Burglary,Burglary in Other Buildings,2,2008,3
E01000263,Barnet,Theft and Handling,Theft From Motor Vehicle,0,2014,8
E01001007,Croydon,Robbery,Personal Property,0,2016,10
E01002216,Harrow,Criminal Damage,Criminal Damage To Motor Vehicle,0,2014,2
E01001644,Greenwich,Other Notifiable Offences,Going Equipped,0,2015,4
E01001566,Enfield,Robbery,Personal Property,0,2015,12
E01003378,Merton,Violence Against the Person,Wounding/GBH,2,2016,10
E01033494,Islington,Criminal Damage,Other Criminal Damage,0,2008,6
E01000903,Camden,Theft and Handling,Other Theft,0,2011,2
E01001641,Greenwich,Theft and Handling,Motor Vehicle Interference & Tampering,0,2014,9
E01001929,Hammersmith and Fulham,Criminal Damage,Criminal Damage To Dwelling,0,2014,10
E01003654,Redbridge,Drugs,Possession Of Drugs,3,2008,12
E01004761,Westminster,Criminal Damage,Other Criminal Damage,1,2013,2
E01003915,Southwark,Violence Against the Person,Offensive Weapon,0,2012,4
E01000719,Bromley,Theft and Handling,Theft From Motor Vehicle,1,2011,8
E01002722,Islington,Drugs,Drug Trafficking,0,2009,4
E01003559,Newham,Violence Against the Person,Offensive Weapon,0,2014,10
E01000212,Barnet,Violence Against the Person,Assault with Injury,1,2016,8
E01004266,Tower Hamlets,Criminal Damage,Criminal Damage To Other Building,0,2013,12
E01000272,Barnet,Drugs,Drug Trafficking,0,2008,10
E01001043,Croydon,Theft and Handling,Theft/Taking of Pedal Cycle,0,2008,3
E01000051,Barking and Dagenham,Violence Against the Person,Harassment,0,2012,12
E01001841,Hackney,Theft and Handling,Theft From Shops,0,2010,9
E01000262,Barnet,Theft and Handling,Other Theft Person,0,2013,2
E01000174,Barnet,Drugs,Possession Of Drugs,1,2011,12
E01001887,Hammersmith and Fulham,Drugs,Possession Of Drugs,2,2010,8
E01002034,Haringey,Theft and Handling,Theft/Taking of Pedal Cycle,0,2010,7
E01002455,Hillingdon,Theft and Handling,Handling Stolen Goods,0,2011,8
E01004039,Southwark,Theft and Handling,Other Theft,0,2009,4
E01000501,Brent,Robbery,Personal Property,0,2015,3
E01000749,Bromley,Theft and Handling,Theft/Taking Of Motor Vehicle,0,2009,3
E01003140,Lambeth,Violence Against the Person,Wounding/GBH,0,2009,11
E01002912,Kensington and Chelsea,Theft and Handling,Theft/Taking of Pedal Cycle,3,2008,6
E01004054,Southwark,Theft and Handling,Motor Vehicle Interference & Tampering,0,2011,6
E01000334,Bexley,Theft and Handling,Other Theft,0,2014,7
E01001189,Croydon,Theft and Handling,Theft From Motor Vehicle,0,2008,9
E01001416,Enfield,Robbery,Personal Property,0,2013,11
E01002819,Kensington and Chelsea,Violence Against the Person,Common Assault,0,2012,3
E01000935,Camden,Drugs,Drug Trafficking,0,2012,12
E01002367,Havering,Criminal Damage,Criminal Damage To Dwelling,0,2012,9
E01002588,Hounslow,Robbery,Personal Property,0,2016,5
E01004130,Sutton,Violence Against the Person,Offensive Weapon,0,2015,5
E01001811,Hackney,Theft and Handling,Theft/Taking Of Motor Vehicle,1,2016,11
E01003312,Lewisham,Robbery,Personal Property,0,2015,7
E01000310,Barnet,Drugs,Drug Trafficking,0,2011,2
E01001604,Greenwich,Drugs,Possession Of Drugs,0,2009,8
E01000987,Croydon,Theft and Handling,Motor Vehicle Interference & Tampering,0,2012,1
E01003517,Newham,Violence Against the Person,Harassment,0,2015,8
E01003650,Redbridge,Violence Against the Person,Other violence,0,2011,11
E01002987,Kingston upon Thames,Theft and Handling,Theft/Taking Of Motor Vehicle,0,2013,10
E01001436,Enfield,Criminal Damage,Criminal Damage To Motor Vehicle,1,2010,1
E01000885,Camden,Criminal Damage,Other Criminal Damage,0,2014,10
E01000972,Camden,Criminal Damage,Criminal Damage To Other Building,0,2016,3
E01000799,Bromley,Violence Against the Person,Wounding/GBH,0,2016,12
E01001016,Croydon,Theft and Handling,Motor Vehicle Interference & Tampering,0,2016,11
E01001822,Hackney,Criminal Damage,Criminal Damage To Other Building,0,2013,3
E01002666,Hounslow,Theft and Handling,Other Theft Person,0,2014,3
E01004662,Westminster,Criminal Damage,Criminal Damage To Other Building,0,2013,4
E01000629,Brent,Violence Against the Person,Harassment,1,2016,12
E01033579,Newham,Theft and Handling,Other Theft Person,1,2012,5
E01000588,Brent,Violence Against the Person,Assault with Injury,1,2010,11
E01002673,Hounslow,Theft and Handling,Theft From Motor Vehicle,0,2011,1
E01003209,Lewisham,Theft and Handling,Theft From Shops,0,2010,10
E01001152,Croydon,Drugs,Possession Of Drugs,0,2014,7
E01003039,Lambeth,Other Notifiable Offences,Other Notifiable,0,2009,1
E01002519,Hillingdon,Violence Against the Person,Harassment,0,2011,7
E01003993,Southwark,Criminal Damage,Other Criminal Damage,1,2008,1
E01032572,Ealing,Theft and Handling,Theft/Taking of Pedal Cycle,1,2015,8
E01002603,Hounslow,Drugs,Drug Trafficking,0,2015,8
E01001790,Hackney,Violence Against the Person,Common Assault,2,2010,9
E01001063,Croydon,Violence Against the Person,Other violence,0,2012,4
E01000421,Bexley,Theft and Handling,Handling Stolen Goods,0,2011,5
E01001120,Croydon,Theft and Handling,Theft From Shops,0,2009,7
E01032740,City of London,Violence Against the Person,Common Assault,0,2014,2
E01003555,Newham,Theft and Handling,Handling Stolen Goods,0,2011,12
E01002648,Hounslow,Burglary,Burglary in Other Buildings,2,2014,5
E01001380,Ealing,Theft and Handling,Other Theft,3,2012,2
E01004610,Wandsworth,Theft and Handling,Theft From Shops,0,2014,6
E01002803,Islington,Violence Against the Person,Assault with Injury,0,2015,5
E01002027,Haringey,Violence Against the Person,Offensive Weapon,0,2008,2
E01002648,Hounslow,Criminal Damage,Criminal Damage To Other Building,0,2016,7
E01000836,Bromley,Violence Against the Person,Harassment,0,2008,4
E01000637,Brent,Violence Against the Person,Harassment,1,2016,2
E01032778,Tower Hamlets,Robbery,Personal Property,0,2016,5
E01001298,Ealing,Violence Against the Person,Assault with Injury,2,2014,5
E01003086,Lambeth,Theft and Handling,Theft/Taking Of Motor Vehicle,0,2008,5
E01001424,Enfield,Violence Against the Person,Assault with Injury,0,2016,11
E01004005,Southwark,Violence Against the Person,Common Assault,3,2011,5
E01001722,Hackney,Drugs,Possession Of Drugs,0,2014,7
E01033341,Lewisham,Drugs,Possession Of Drugs,0,2008,12
E01000980,Croydon,Violence Against the Person,Wounding/GBH,0,2015,4
E01001377,Ealing,Violence Against the Person,Other violence,0,2015,5
E01002665,Hounslow,Theft and Handling,Other Theft Person,1,2012,2
E01004294,Tower Hamlets,Burglary,Burglary in a Dwelling,0,2015,8
E01002347,Havering,Robbery,Business Property,0,2008,5
E01000558,Brent,Drugs,Drug Trafficking,0,2013,8
E01000968,Camden,Other Notifiable Offences,Other Notifiable,0,2015,5
E01000194,Barnet,Robbery,Business Property,0,2009,9
E01033598,Westminster,Violence Against the Person,Other violence,0,2011,9
E01000499,Brent,Theft and Handling,Theft/Taking of Pedal Cycle,0,2009,6
E01000851,Camden,Violence Against the Person,Assault with Injury,0,2009,10
E01001132,Croydon,Theft and Handling,Handling Stolen Goods,0,2013,12
E01001422,Enfield,Theft and Handling,Other Theft Person,0,2015,9
E01001337,Ealing,Drugs,Possession Of Drugs,1,2008,9
E01003426,Merton,Theft and Handling,Theft From Shops,0,2015,9
E01003961,Southwark,Theft and Handling,Other Theft Person,3,2014,12
E01000530,Brent,Theft and Handling,Handling Stolen Goods,0,2011,5
E01000703,Bromley,Violence Against the Person,Harassment,1,2015,9
E01003896,Richmond upon Thames,Robbery,Business Property,0,2011,12
E01033724,Hillingdon,Robbery,Business Property,0,2010,8
E01003463,Merton,Violence Against the Person,Harassment,1,2013,6
E01002501,Hillingdon,Theft and Handling,Theft/Taking Of Motor Vehicle,1,2011,6
E01003033,Lambeth,Theft and Handling,Motor Vehicle Interference & Tampering,0,2010,10
E01003955,Southwark,Theft and Handling,Theft/Taking of Pedal Cycle,0,2013,1
E01002303,Havering,Theft and Handling,Motor Vehicle Interference & Tampering,0,2013,11
E01001310,Ealing,Criminal Damage,Criminal Damage To Other Building,0,2008,9
E01003163,Lambeth,Theft and Handling,Theft From Motor Vehicle,0,2014,2
E01004438,Waltham Forest,Theft and Handling,Motor Vehicle Interference & Tampering,0,2016,9
E01001024,Croydon,Burglary,Burglary in a Dwelling,1,2015,4
E01003445,Merton,Robbery,Personal Property,0,2011,12
E01001784,Hackney,Burglary,Burglary in a Dwelling,0,2015,8
E01033100,Wandsworth,Violence Against the Person,Harassment,0,2013,10
E01000875,Camden,Theft and Handling,Handling Stolen Goods,0,2014,6
E01001364,Ealing,Violence Against the Person,Harassment,2,2016,6
E01000745,Bromley,Theft and Handling,Theft/Taking Of Motor Vehicle,2,2012,5
E01001966,Haringey,Theft and Handling,Theft From Motor Vehicle,2,2010,3
E01003383,Merton,Burglary,Burglary in a Dwelling,0,2008,4
E01003299,Lewisham,Robbery,Business Property,0,2014,9
E01004020,Southwark,Theft and Handling,Theft/Taking of Pedal Cycle,0,2008,11
E01000715,Bromley,Burglary,Burglary in a Dwelling,2,2013,4
E01003776,Redbridge,Violence Against the Person,Assault with Injury,1,2015,12
E01003438,Merton,Theft and Handling,Theft From Motor Vehicle,0,2014,4
E01003163,Lambeth,Violence Against the Person,Assault with Injury,2,2009,4
E01000906,Camden,Robbery,Business Property,0,2015,6
E01003273,Lewisham,Theft and Handling,Theft From Motor Vehicle,0,2014,5
E01003477,Merton,Criminal Damage,Other Criminal Damage,0,2016,2
E01033729,Greenwich,Criminal Damage,Criminal Damage To Dwelling,0,2009,1
E01002869,Kensington and Chelsea,Violence Against the Person,Common Assault,0,2012,11
E01004020,Southwark,Violence Against the Person,Assault with Injury,1,2009,11
E01001276,Ealing,Theft and Handling,Motor Vehicle Interference & Tampering,1,2011,3
E01003369,Merton,Violence Against the Person,Harassment,0,2015,1
E01003150,Lambeth,Violence Against the Person,Wounding/GBH,0,2009,6
E01004053,Southwark,Theft and Handling,Other Theft Person,0,2014,11
E01000682,Bromley,Criminal Damage,Criminal Damage To Motor Vehicle,0,2014,4
E01000338,Bexley,Theft and Handling,Theft/Taking Of Motor Vehicle,0,2009,11
E01000053,Barking and Dagenham,Theft and Handling,Theft From Motor Vehicle,0,2008,1
E01003461,Merton,Fraud or Forgery,Counted per Victim,0,2010,12
E01000545,Brent,Theft and Handling,Theft From Motor Vehicle,2,2015,11
E01001360,Ealing,Other Notifiable Offences,Other Notifiable,0,2015,4
E01003818,Richmond upon Thames,Theft and Handling,Theft/Taking Of Motor Vehicle,0,2016,5
E01002433,Hillingdon,Criminal Damage,Criminal Damage To Dwelling,1,2016,11
E01003046,Lambeth,Robbery,Business Property,0,2010,1
E01001603,Greenwich,Theft and Handling,Handling Stolen Goods,0,2009,2
E01002564,Hounslow,Theft and Handling,Theft From Motor Vehicle,0,2015,3
E01002178,Harrow,Violence Against the Person,Offensive Weapon,0,2015,5
E01002059,Haringey,Theft and Handling,Other Theft,1,2011,1
E01002440,Hillingdon,Violence Against the Person,Common Assault,0,2008,12
E01003558,Newham,Sexual Offences,Other Sexual,0,2015,3
E01000148,Barnet,Criminal Damage,Criminal Damage To Other Building,0,2008,9
E01000806,Bromley,Theft and Handling,Theft/Taking Of Motor Vehicle,1,2015,1
E01001934,Hammersmith and Fulham,Burglary,Burglary in Other Buildings,0,2016,12
E01003364,Merton,Violence Against the Person,Harassment,1,2014,2
E01004743,Westminster,Criminal Damage,Criminal Damage To Other Building,0,2015,12
E01032773,Tower Hamlets,Drugs,Possession Of Drugs,0,2011,5
E01002077,Haringey,Fraud or Forgery,Counted per Victim,0,2014,10
E01000995,Croydon,Robbery,Business Property,0,2014,7
E01002039,Haringey,Drugs,Possession Of Drugs,1,2009,5
E01001080,Croydon,Violence Against the Person,Other violence,0,2012,9
E01002557,Hounslow,Robbery,Personal Property,0,2016,9
E01002498,Hillingdon,Criminal Damage,Criminal Damage To Motor Vehicle,0,2015,3
E01003161,Lambeth,Theft and Handling,Handling Stolen Goods,0,2013,9
E01004054,Southwark,Violence Against the Person,Harassment,0,2010,10
E01033570,Richmond upon Thames,Criminal Damage,Other Criminal Damage,0,2012,6
E01033455,Brent,Criminal Damage,Criminal Damage To Other Building,0,2008,5
E01004177,Sutton,Burglary,Burglary in Other Buildings,0,2016,7
E01003902,Richmond upon Thames,Drugs,Drug Trafficking,0,2011,10
E01003786,Redbridge,Drugs,Possession Of Drugs,2,2008,4
E01002263,Havering,Violence Against the Person,Wounding/GBH,0,2015,10
E01002094,Haringey,Robbery,Business Property,0,2014,3
E01000893,Camden,Theft and Handling,Other Theft Person,0,2009,4
E01033568,Kingston upon Thames,Criminal Damage,Criminal Damage To Other Building,0,2015,2
E01001080,Croydon,Criminal Damage,Other Criminal Damage,0,2015,5
E01004568,Wandsworth,Burglary,Burglary in Other Buildings,1,2015,10
E01003655,Redbridge,Drugs,Possession Of Drugs,1,2012,10
E01000061,Barking and Dagenham,Theft and Handling,Theft/Taking of Pedal Cycle,0,2010,10
E01001710,Greenwich,Violence Against the Person,Common Assault,0,2009,7
E01000360,Bexley,Theft and Handling,Theft From Shops,11,2010,8
E01001796,Hackney,Burglary,Burglary in a Dwelling,3,2008,3
E01000580,Brent,Robbery,Personal Property,0,2013,11
E01001514,Enfield,Violence Against the Person,Wounding/GBH,0,2016,1
E01004746,Westminster,Criminal Damage,Criminal Damage To Motor Vehicle,0,2012,10
E01001448,Enfield,Drugs,Drug Trafficking,0,2010,2
E01033727,Greenwich,Criminal Damage,Other Criminal Damage,0,2010,7
E01002079,Haringey,Theft and Handling,Theft From Motor Vehicle,0,2013,1
E01000303,Barnet,Violence Against the Person,Common Assault,0,2010,6
E01003971,Southwark,Burglary,Burglary in a Dwelling,0,2009,5
E01003961,Southwark,Criminal Damage,Criminal Damage To Motor Vehicle,1,2013,11
E01002763,Islington,Fraud or Forgery,Other Fraud & Forgery,0,2011,7
E01001091,Croydon,Drugs,Possession Of Drugs,1,2011,2
E01001858,Hammersmith and Fulham,Violence Against the Person,Other violence,0,2011,11
E01000953,Camden,Robbery,Personal Property,3,2012,9
E01001674,Greenwich,Drugs,Drug Trafficking,0,2012,11
E01002314,Havering,Theft and Handling,Theft From Motor Vehicle,0,2014,6
E01000219,Barnet,Drugs,Possession Of Drugs,1,2011,12
E01000678,Bromley,Burglary,Burglary in Other Buildings,0,2015,9
E01001890,Hammersmith and Fulham,Violence Against the Person,Common Assault,1,2012,7
E01004596,Wandsworth,Theft and Handling,Theft/Taking Of Motor Vehicle,2,2010,3
E01001136,Croydon,Theft and Handling,Handling Stolen Goods,0,2015,4
E01001756,Hackney,Theft and Handling,Handling Stolen Goods,0,2015,11
E01003846,Richmond upon Thames,Theft and Handling,Other Theft Person,0,2016,10
E01000351,Bexley,Violence Against the Person,Offensive Weapon,0,2015,6
E01002885,Kensington and Chelsea,Theft and Handling,Theft From Shops,0,2011,3
E01003649,Redbridge,Criminal Damage,Criminal Damage To Other Building,0,2014,2
E01003870,Richmond upon Thames,Theft and Handling,Motor Vehicle Interference & Tampering,0,2012,3
E01003584,Newham,Criminal Damage,Criminal Damage To Motor Vehicle,0,2016,12
E01001841,Hackney,Theft and Handling,Theft From Motor Vehicle,4,2013,2
E01002803,Islington,Violence Against the Person,Harassment,2,2010,2
E01000474,Brent,Criminal Damage,Criminal Damage To Motor Vehicle,0,2011,8
E01001027,Croydon,Drugs,Possession Of Drugs,0,2010,4
E01000775,Bromley,Theft and Handling,Theft From Motor Vehicle,0,2011,3
E01004644,Wandsworth,Robbery,Business Property,0,2016,7
E01004532,Wandsworth,Drugs,Drug Trafficking,0,2010,10
E01000221,Barnet,Fraud or Forgery,Counted per Victim,0,2010,11
E01002223,Harrow,Theft and Handling,Theft From Motor Vehicle,0,2010,8
E01002812,Kensington and Chelsea,Criminal Damage,Other Criminal Damage,0,2014,5
E01002278,Havering,Burglary,Burglary in Other Buildings,0,2016,4
E01002719,Islington,Criminal Damage,Criminal Damage To Dwelling,0,2013,8
E01002699,Islington,Criminal Damage,Criminal Damage To Other Building,0,2013,6
E01003231,Lewisham,Fraud or Forgery,Other Fraud & Forgery,0,2015,10
E01001770,Hackney,Violence Against the Person,Wounding/GBH,0,2016,4
E01033589,Redbridge,Theft and Handling,Other Theft,5,2014,1
E01004368,Waltham Forest,Violence Against the Person,Wounding/GBH,0,2016,6
E01004121,Sutton,Robbery,Business Property,1,2011,12
E01033604,Westminster,Theft and Handling,Theft/Taking of Pedal Cycle,0,2011,3
E01001575,Greenwich,Theft and Handling,Motor Vehicle Interference & Tampering,0,2014,3
E01000584,Brent,Theft and Handling,Theft/Taking Of Motor Vehicle,0,2009,11
E01002601,Hounslow,Robbery,Business Property,0,2016,12
E01003298,Lewisham,Violence Against the Person,Other violence,0,2008,1
E01000177,Barnet,Theft and Handling,Theft From Motor Vehicle,0,2015,2
E01004592,Wandsworth,Theft and Handling,Other Theft Person,0,2014,8
E01001597,Greenwich,Drugs,Drug Trafficking,1,2015,6
E01003108,Lambeth,Violence Against the Person,Assault with Injury,0,2009,3
E01000100,Barking and Dagenham,Criminal Damage,Other Criminal Damage,0,2008,1
E01003149,Lambeth,Drugs,Possession Of Drugs,0,2016,7
E01000488,Brent,Theft and Handling,Theft From Motor Vehicle,0,2009,7
E01000231,Barnet,Violence Against the Person,Other violence,0,2009,2
E01033742,Greenwich,Theft and Handling,Theft/Taking of Pedal Cycle,0,2014,1
E01001170,Croydon,Criminal Damage,Other Criminal Damage,0,2011,12
E01004219,Tower Hamlets,Fraud or Forgery,Counted per Victim,0,2015,3
E01004388,Waltham Forest,Violence Against the Person,Harassment,1,2014,9
E01002363,Havering,Theft and Handling,Other Theft,0,2008,1
E01002119,Harrow,Fraud or Forgery,Other Fraud & Forgery,0,2012,3
E01001582,Greenwich,Robbery,Personal Property,0,2012,7
E01000506,Brent,Theft and Handling,Theft From Motor Vehicle,3,2009,12
E01000441,Bexley,Other Notifiable Offences,Other Notifiable,1,2012,6
E01001604,Greenwich,Drugs,Possession Of Drugs,1,2008,4
E01000213,Barnet,Theft and Handling,Theft/Taking of Pedal Cycle,0,2010,4
E01002851,Kensington and Chelsea,Violence Against the Person,Common Assault,3,2016,7
E01004360,Waltham Forest,Robbery,Personal Property,0,2015,8
E01004405,Waltham Forest,Theft and Handling,Motor Vehicle Interference & Tampering,0,2010,8
E01002361,Havering,Burglary,Burglary in Other Buildings,1,2013,9
E01004754,Westminster,Other Notifiable Offences,Other Notifiable,0,2014,5
E01033153,Waltham Forest,Violence Against the Person,Harassment,1,2011,11
E01002999,Kingston upon Thames,Criminal Damage,Criminal Damage To Dwelling,0,2015,10
E01001886,Hammersmith and Fulham,Violence Against the Person,Common Assault,0,2013,3
E01003746,Redbridge,Theft and Handling,Other Theft,0,2008,10
E01000995,Croydon,Theft and Handling,Theft From Motor Vehicle,0,2013,10
E01003640,Redbridge,Violence Against the Person,Wounding/GBH,0,2016,3
E01001858,Hammersmith and Fulham,Theft and Handling,Theft/Taking of Pedal Cycle,0,2014,5
E01033488,Islington,Theft and Handling,Motor Vehicle Interference & Tampering,0,2014,3
E01002073,Haringey,Criminal Damage,Other Criminal Damage,0,2009,9
E01003259,Lewisham,Criminal Damage,Other Criminal Damage,0,2009,4
E01004202,Tower Hamlets,Other Notifiable Offences,Other Notifiable,0,2011,2
E01000929,Camden,Criminal Damage,Criminal Damage To Dwelling,0,2014,9
E01003112,Lambeth,Drugs,Drug Trafficking,1,2012,2
E01002760,Islington,Theft and Handling,Theft/Taking of Pedal Cycle,0,2011,4
E01001730,Hackney,Burglary,Burglary in a Dwelling,1,2016,8
E01002958,Kingston upon Thames,Theft and Handling,Handling Stolen Goods,0,2008,6
E01002113,Harrow,Burglary,Burglary in Other Buildings,0,2012,5
E01003949,Southwark,Drugs,Drug Trafficking,0,2015,10
E01002578,Hounslow,Violence Against the Person,Common Assault,1,2015,5
E01003145,Lambeth,Theft and Handling,Theft From Shops,0,2012,8
E01001624,Greenwich,Criminal Damage,Other Criminal Damage,0,2016,12
E01000695,Bromley,Theft and Handling,Motor Vehicle Interference & Tampering,0,2011,1
E01001893,Hammersmith and Fulham,Criminal Damage,Criminal Damage To Other Building,0,2016,4
E01001566,Enfield,Theft and Handling,Handling Stolen Goods,0,2010,4
E01000994,Croydon,Other Notifiable Offences,Other Notifiable,0,2013,2
E01004460,Waltham Forest,Theft and Handling,Other Theft,1,2010,6
E01000698,Bromley,Drugs,Drug Trafficking,0,2010,1
E01003025,Lambeth,Burglary,Burglary in a Dwelling,0,2012,5
E01000100,Barking and Dagenham,Theft and Handling,Theft/Taking of Pedal Cycle,0,2011,6
E01001494,Enfield,Theft and Handling,Theft/Taking Of Motor Vehicle,1,2008,12
E01002952,Kingston upon Thames,Theft and Handling,Other Theft,2,2013,9
E01002736,Islington,Theft and Handling,Theft/Taking Of Motor Vehicle,0,2009,10
E01002265,Havering,Drugs,Drug Trafficking,0,2014,7
E01003180,Lambeth,Theft and Handling,Other Theft Person,0,2009,3
E01000113,Barking and Dagenham,Theft and Handling,Theft/Taking Of Motor Vehicle,0,2011,1
E01004082,Sutton,Violence Against the Person,Other violence,0,2012,5
E01001030,Croydon,Burglary,Burglary in Other Buildings,0,2011,9
E01004475,Wandsworth,Robbery,Business Property,0,2014,9
E01001548,Enfield,Criminal Damage,Criminal Damage To Dwelling,3,2015,3
E01002660,Hounslow,Theft and Handling,Other Theft Person,1,2011,9
E01001260,Ealing,Robbery,Business Property,0,2014,11
E01000515,Brent,Drugs,Possession Of Drugs,1,2015,12
E01004102,Sutton,Violence Against the Person,Common Assault,0,2011,10
E01000934,Camden,Criminal Damage,Criminal Damage To Motor Vehicle,0,2009,2
E01001003,Croydon,Theft and Handling,Theft From Motor Vehicle,2,2011,1
E01000639,Brent,Violence Against the Person,Common Assault,1,2015,2
E01003055,Lambeth,Theft and Handling,Theft From Shops,12,2009,2
E01004464,Waltham Forest,Robbery,Personal Property,4,2008,11
E01000027,Barking and Dagenham,Burglary,Burglary in a Dwelling,1,2012,9
E01001103,Croydon,Robbery,Personal Property,0,2013,2
E01003856,Richmond upon Thames,Drugs,Possession Of Drugs,0,2013,10
E01000652,Bromley,Theft and Handling,Theft From Motor Vehicle,0,2012,12
E01002881,Kensington and Chelsea,Violence Against the Person,Other violence,0,2009,2
E01002054,Haringey,Theft and Handling,Handling Stolen Goods,0,2008,2
E01004501,Wandsworth,Violence Against the Person,Assault with Injury,1,2013,3
E01001032,Croydon,Theft and Handling,Other Theft Person,0,2016,9
E01002199,Harrow,Criminal Damage,Criminal Damage To Dwelling,1,2016,4
E01001551,Enfield,Theft and Handling,Handling Stolen Goods,1,2015,12
E01002463,Hillingdon,Criminal Damage,Criminal Damage To Dwelling,0,2008,4
E01001507,Enfield,Robbery,Business Property,1,2009,2
E01002692,Hounslow,Other Notifiable Offences,Going Equipped,0,2013,10
E01033735,Greenwich,Robbery,Personal Property,0,2014,8
E01000823,Bromley,Drugs,Drug Trafficking,0,2012,8
E01001467,Enfield,Theft and Handling,Theft/Taking Of Motor Vehicle,1,2010,9
E01000976,Croydon,Violence Against the Person,Offensive Weapon,0,2010,7
E01002020,Haringey,Criminal Damage,Criminal Damage To Dwelling,1,2009,10
E01002000,Haringey,Other Notifiable Offences,Other Notifiable,0,2014,11
E01004263,Tower Hamlets,Theft and Handling,Theft/Taking of Pedal Cycle,0,2015,4
E01000054,Barking and Dagenham,Drugs,Drug Trafficking,0,2014,4
E01003448,Merton,Theft and Handling,Other Theft Person,0,2009,3
E01000824,Bromley,Violence Against the Person,Harassment,1,2008,7
E01000069,Barking and Dagenham,Theft and Handling,Theft/Taking of Pedal Cycle,0,2010,5
E01032563,Bromley,Robbery,Personal Property,0,2009,9
E01000638,Brent,Fraud or Forgery,Counted per Victim,0,2009,3
E01000036,Barking and Dagenham,Other Notifiable Offences,Other Notifiable,0,2011,2
E01000685,Bromley,Drugs,Other Drugs,0,2012,8
E01003347,Lewisham,Robbery,Personal Property,2,2010,9
E01002983,Kingston upon Thames,Violence Against the Person,Other violence,0,2011,7
E01004129,Sutton,Robbery,Business Property,0,2016,5
E01003532,Newham,Sexual Offences,Rape,0,2016,8
E01033576,Newham,Burglary,Burglary in a Dwelling,1,2012,8
E01004234,Tower Hamlets,Criminal Damage,Criminal Damage To Motor Vehicle,1,2014,7
E01001891,Hammersmith and Fulham,Fraud or Forgery,Other Fraud & Forgery,0,2009,6
E01002633,Hounslow,Robbery,Personal Property,0,2008,6
E01032803,Southwark,Criminal Damage,Criminal Damage To Other Building,0,2016,2
E01002029,Haringey,Other Notifiable Offences,Other Notifiable,2,2015,7
E01003550,Newham,Violence Against the Person,Common Assault,0,2009,1
E01002027,Haringey,Violence Against the Person,Wounding/GBH,0,2013,9
E01001206,Ealing,Criminal Damage,Criminal Damage To Other Building,0,2008,2
E01000951,Camden,Theft and Handling,Other Theft,1,2009,5
E01033322,Lewisham,Violence Against the Person,Common Assault,1,2012,3
E01004226,Tower Hamlets,Criminal Damage,Criminal Damage To Motor Vehicle,1,2009,11
E01001485,Enfield,Drugs,Drug Trafficking,0,2014,10
E01001370,Ealing,Violence Against the Person,Harassment,0,2009,1
E01003111,Lambeth,Theft and Handling,Theft From Motor Vehicle,0,2010,11
E01000860,Camden,Violence Against the Person,Harassment,0,2011,12
E01001942,Hammersmith and Fulham,Other Notifiable Offences,Going Equipped,0,2010,11
E01002020,Haringey,Violence Against the Person,Other violence,0,2012,3
E01000977,Croydon,Criminal Damage,Criminal Damage To Other Building,0,2012,12
E01004701,Westminster,Theft and Handling,Other Theft Person,0,2013,11
E01003680,Redbridge,Theft and Handling,Theft From Shops,0,2011,3
E01000845,Camden,Burglary,Burglary in a Dwelling,4,2011,10
E01001241,Ealing,Criminal Damage,Criminal Damage To Motor Vehicle,0,2012,3
E01000220,Barnet,Theft and Handling,Handling Stolen Goods,0,2010,6
E01000187,Barnet,Violence Against the Person,Offensive Weapon,0,2013,3
E01032782,Tower Hamlets,Drugs,Possession Of Drugs,0,2013,12
E01000615,Brent,Theft and Handling,Theft/Taking of Pedal Cycle,0,2016,12
E01000104,Barking and Dagenham,Burglary,Burglary in Other Buildings,3,2014,7
E01000690,Bromley,Violence Against the Person,Wounding/GBH,0,2012,9
E01002891,Kensington and Chelsea,Violence Against the Person,Common Assault,2,2014,6
E01000647,Bromley,Theft and Handling,Other Theft,0,2012,11
E01001494,Enfield,Violence Against the Person,Assault with Injury,0,2009,7
E01000283,Barnet,Theft and Handling,Theft/Taking of Pedal Cycle,0,2010,9
E01001427,Enfield,Violence Against the Person,Other violence,0,2013,1
E01004349,Waltham Forest,Violence Against the Person,Common Assault,2,2015,7
E01004659,Westminster,Fraud or Forgery,Counted per Victim,0,2011,7
E01001294,Ealing,Criminal Damage,Other Criminal Damage,1,2016,12
E01004611,Wandsworth,Violence Against the Person,Assault with Injury,0,2014,7
E01001657,Greenwich,Violence Against the Person,Other violence,0,2009,2
E01002265,Havering,Criminal Damage,Other Criminal Damage,0,2015,2
E01002737,Islington,Violence Against the Person,Assault with Injury,1,2011,3
E01004070,Southwark,Drugs,Drug Trafficking,0,2009,12
E01002118,Harrow,Other Notifiable Offences,Going Equipped,0,2010,12
E01004173,Sutton,Burglary,Burglary in a Dwelling,0,2011,9
E01001540,Enfield,Criminal Damage,Criminal Damage To Other Building,0,2009,11
E01001220,Ealing,Criminal Damage,Criminal Damage To Dwelling,2,2010,1
E01003217,Lewisham,Theft and Handling,Theft From Motor Vehicle,0,2008,12
E01033588,Barking and Dagenham,Theft and Handling,Other Theft Person,0,2010,2
E01000023,Barking and Dagenham,Violence Against the Person,Wounding/GBH,1,2011,10
E01001340,Ealing,Criminal Damage,Criminal Damage To Other Building,3,2016,6
E01002949,Kingston upon Thames,Violence Against the Person,Common Assault,0,2009,11
E01003623,Newham,Violence Against the Person,Common Assault,0,2013,6
E01004225,Tower Hamlets,Violence Against the Person,Assault with Injury,3,2012,9
E01002589,Hounslow,Theft and Handling,Other Theft,0,2008,7
E01003762,Redbridge,Burglary,Burglary in a Dwelling,1,2008,6
E01004544,Wandsworth,Criminal Damage,Criminal Damage To Other Building,0,2013,5
E01002408,Hillingdon,Theft and Handling,Theft/Taking Of Motor Vehicle,0,2016,11
E01003363,Merton,Violence Against the Person,Assault with Injury,0,2013,5
E01001151,Croydon,Violence Against the Person,Wounding/GBH,1,2010,1
E01002863,Kensington and Chelsea,Violence Against the Person,Assault with Injury,2,2016,9
E01032744,Ealing,Other Notifiable Offences,Other Notifiable,0,2012,4
E01001966,Haringey,Violence Against the Person,Other violence,0,2009,7
E01004508,Wandsworth,Sexual Offences,Other Sexual,0,2014,9
E01001524,Enfield,Drugs,Possession Of Drugs,1,2014,5
E01003157,Lambeth,Theft and Handling,Motor Vehicle Interference & Tampering,3,2016,10
E01003976,Southwark,Theft and Handling,Handling Stolen Goods,0,2010,12
E01002355,Havering,Theft and Handling,Theft From Shops,0,2010,2
E01004586,Wandsworth,Drugs,Other Drugs,0,2015,1
E01003303,Lewisham,Fraud or Forgery,Counted per Victim,0,2011,11
E01004728,Westminster,Theft and Handling,Other Theft Person,0,2011,3
E01002114,Harrow,Theft and Handling,Theft/Taking of Pedal Cycle,0,2012,9
E01000710,Bromley,Drugs,Drug Trafficking,0,2016,1
E01001264,Ealing,Theft and Handling,Other Theft Person,0,2016,3
E01001945,Hammersmith and Fulham,Violence Against the Person,Harassment,0,2015,2
E01002292,Havering,Robbery,Business Property,0,2009,1
E01003743,Redbridge,Theft and Handling,Theft From Shops,0,2011,4
E01002724,Islington,Violence Against the Person,Assault with Injury,0,2016,8
E01001906,Hammersmith and Fulham,Robbery,Business Property,0,2013,10
E01000276,Barnet,Violence Against the Person,Common Assault,1,2014,7
E01003027,Lambeth,Theft and Handling,Handling Stolen Goods,0,2014,12
E01001328,Ealing,Sexual Offences,Other Sexual,0,2012,3
E01003677,Redbridge,Drugs,Drug Trafficking,0,2011,11
E01004738,Westminster,Criminal Damage,Criminal Damage To Other Building,0,2016,1
E01002466,Hillingdon,Violence Against the Person,Common Assault,0,2012,3
E01003932,Southwark,Criminal Damage,Criminal Damage To Motor Vehicle,1,2013,4
E01002474,Hillingdon,Violence Against the Person,Assault with Injury,2,2015,1
E01001358,Ealing,Burglary,Burglary in a Dwelling,1,2013,3
E01000942,Camden,Fraud or Forgery,Counted per Victim,0,2015,5
E01000443,Bexley,Criminal Damage,Criminal Damage To Motor Vehicle,2,2008,3
E01003042,Lambeth,Criminal Damage,Criminal Damage To Motor Vehicle,1,2011,3
E01001656,Greenwich,Criminal Damage,Criminal Damage To Other Building,0,2013,3
E01002451,Hillingdon,Criminal Damage,Criminal Damage To Other Building,0,2015,10
E01001898,Hammersmith and Fulham,Theft and Handling,Handling Stolen Goods,2,2014,3
E01002547,Hillingdon,Criminal Damage,Criminal Damage To Dwelling,0,2011,2
E01003417,Merton,Violence Against the Person,Harassment,0,2012,7
E01003702,Redbridge,Violence Against the Person,Wounding/GBH,0,2011,5
E01001969,Haringey,Violence Against the Person,Common Assault,1,2014,11
E01001614,Greenwich,Burglary,Burglary in a Dwelling,0,2014,10
E01001995,Haringey,Criminal Damage,Criminal Damage To Other Building,0,2014,9
E01002835,Kensington and Chelsea,Drugs,Possession Of Drugs,1,2016,12
E01000692,Bromley,Theft and Handling,Handling Stolen Goods,0,2008,2
E01001249,Ealing,Theft and Handling,Other Theft Person,3,2013,8
E01000735,Bromley,Theft and Handling,Handling Stolen Goods,0,2015,10
E01000145,Barnet,Other Notifiable Offences,Other Notifiable,0,2009,2
E01003896,Richmond upon Thames,Criminal Damage,Criminal Damage To Dwelling,0,2009,11
E01000593,Brent,Theft and Handling,Theft From Shops,0,2013,8
E01001199,Ealing,Theft and Handling,Motor Vehicle Interference & Tampering,0,2013,3
E01001242,Ealing,Violence Against the Person,Assault with Injury,3,2011,9
E01000989,Croydon,Theft and Handling,Handling Stolen Goods,0,2014,8
E01004022,Southwark,Theft and Handling,Theft/Taking of Pedal Cycle,1,2012,5
E01000056,Barking and Dagenham,Drugs,Possession Of Drugs,0,2010,9
E01001823,Hackney,Burglary,Burglary in a Dwelling,0,2011,8
E01004579,Wandsworth,Theft and Handling,Theft/Taking of Pedal Cycle,0,2014,7
E01000075,Barking and Dagenham,Violence Against the Person,Assault with Injury,0,2011,1
E01000408,Bexley,Theft and Handling,Theft From Motor Vehicle,3,2009,4
E01002895,Kensington and Chelsea,Robbery,Business Property,0,2008,3
E01001842,Hackney,Theft and Handling,Theft/Taking of Pedal Cycle,1,2014,6
E01000491,Brent,Theft and Handling,Handling Stolen Goods,0,2016,2
E01001298,Ealing,Criminal Damage,Criminal Damage To Motor Vehicle,1,2013,7
E01000639,Brent,Violence Against the Person,Common Assault,1,2015,1
E01000927,Camden,Criminal Damage,Criminal Damage To Other Building,1,2016,6
E01001439,Enfield,Violence Against the Person,Other violence,0,2013,7
E01001238,Ealing,Robbery,Personal Property,0,2012,11
E01002948,Kingston upon Thames,Drugs,Other Drugs,0,2011,9
E01001418,Enfield,Violence Against the Person,Harassment,0,2013,12
E01003496,Newham,Drugs,Drug Trafficking,0,2012,2
E01003350,Lewisham,Drugs,Drug Trafficking,0,2015,6
E01004093,Sutton,Violence Against the Person,Offensive Weapon,0,2014,11
E01003580,Newham,Robbery,Personal Property,0,2011,6
E01004067,Southwark,Drugs,Other Drugs,0,2016,10
E01003153,Lambeth,Robbery,Personal Property,1,2014,10
E01001545,Enfield,Drugs,Possession Of Drugs,0,2016,3
E01001042,Croydon,Criminal Damage,Criminal Damage To Other Building,1,2014,3
E01002961,Kingston upon Thames,Theft and Handling,Theft/Taking Of Motor Vehicle,0,2012,3
E01002119,Harrow,Violence Against the Person,Murder,0,2013,5
E01002830,Kensington and Chelsea,Other Notifiable Offences,Going Equipped,0,2015,9
E01002643,Hounslow,Drugs,Possession Of Drugs,0,2016,8
E01001833,Hackney,Theft and Handling,Other Theft,1,2010,5
E01002263,Havering,Violence Against the Person,Offensive Weapon,0,2010,2
E01003919,Southwark,Fraud or Forgery,Other Fraud & Forgery,0,2014,10
E01001726,Hackney,Violence Against the Person,Wounding/GBH,0,2013,1
E01001143,Croydon,Criminal Damage,Criminal Damage To Other Building,0,2016,7
E01000291,Barnet,Violence Against the Person,Other violence,0,2015,10
E01001194,Croydon,Theft and Handling,Theft From Motor Vehicle,0,2016,9
E01003537,Newham,Violence Against the Person,Assault with Injury,0,2011,7
E01000156,Barnet,Drugs,Drug Trafficking,0,2014,4
E01000408,Bexley,Other Notifiable Offences,Going Equipped,0,2011,7
E01003636,Newham,Theft and Handling,Theft From Shops,0,2016,10
E01004165,Sutton,Violence Against the Person,Offensive Weapon,0,2013,6
E01001878,Hammersmith and Fulham,Violence Against the Person,Harassment,1,2010,8
E01004583,Wandsworth,Theft and Handling,Motor Vehicle Interference & Tampering,0,2014,10
E01000579,Brent,Criminal Damage,Criminal Damage To Dwelling,0,2009,10
E01001812,Hackney,Robbery,Personal Property,1,2011,1
E01000882,Camden,Violence Against the Person,Other violence,0,2011,2
E01004368,Waltham Forest,Theft and Handling,Theft/Taking Of Motor Vehicle,0,2011,3
E01002664,Hounslow,Drugs,Drug Trafficking,0,2012,11
E01004200,Tower Hamlets,Theft and Handling,Theft From Shops,0,2012,9
E01004228,Tower Hamlets,Drugs,Drug Trafficking,0,2012,12
E01004500,Wandsworth,Fraud or Forgery,Other Fraud & Forgery,0,2012,10
E01002098,Haringey,Theft and Handling,Theft/Taking Of Motor Vehicle,0,2015,6
E01000967,Camden,Violence Against the Person,Other violence,0,2009,1
E01002487,Hillingdon,Violence Against the Person,Assault with Injury,0,2012,11
E01001014,Croydon,Criminal Damage,Other Criminal Damage,3,2008,3
E01004666,Westminster,Theft and Handling,Motor Vehicle Interference & Tampering,0,2016,3
E01003186,Lambeth,Violence Against the Person,Common Assault,1,2014,3
E01001957,Hammersmith and Fulham,Burglary,Burglary in Other Buildings,1,2014,7
E01003498,Newham,Violence Against the Person,Assault with Injury,4,2010,9
E01000865,Camden,Theft and Handling,Motor Vehicle Interference & Tampering,0,2011,1
E01003106,Lambeth,Criminal Damage,Criminal Damage To Dwelling,0,2009,6
E01000063,Barking and Dagenham,Violence Against the Person,Harassment,0,2012,8
E01000113,Barking and Dagenham,Criminal Damage,Criminal Damage To Motor Vehicle,1,2011,10
E01003501,Newham,Burglary,Burglary in a Dwelling,2,2016,3
E01003441,Merton,Burglary,Burglary in Other Buildings,0,2015,2
E01002865,Kensington and Chelsea,Fraud or Forgery,Other Fraud & Forgery,0,2015,9
E01000580,Brent,Theft and Handling,Motor Vehicle Interference & Tampering,1,2016,3
E01003499,Newham,Violence Against the Person,Wounding/GBH,0,2013,10
E01004215,Tower Hamlets,Theft and Handling,Theft/Taking of Pedal Cycle,10,2011,4
E01004080,Sutton,Robbery,Personal Property,0,2012,6
E01001030,Croydon,Theft and Handling,Theft/Taking of Pedal Cycle,0,2011,12
E01001564,Enfield,Violence Against the Person,Other violence,0,2009,1
E01003029,Lambeth,Theft and Handling,Theft/Taking Of Motor Vehicle,1,2009,7
E01003052,Lambeth,Robbery,Personal Property,1,2011,3
E01001024,Croydon,Theft and Handling,Theft/Taking of Pedal Cycle,0,2014,5
E01004535,Wandsworth,Violence Against the Person,Murder,0,2010,12
E01000327,Bexley,Theft and Handling,Other Theft Person,0,2013,12
E01003203,Lewisham,Theft and Handling,Theft/Taking of Pedal Cycle,0,2014,6
E01003949,Southwark,Theft and Handling,Other Theft Person,0,2011,6
E01000682,Bromley,Theft and Handling,Other Theft,0,2016,2
E01002283,Havering,Criminal Damage,Criminal Damage To Other Building,0,2016,3
E01002965,Kingston upon Thames,Violence Against the Person,Common Assault,4,2015,7
E01001988,Haringey,Burglary,Burglary in Other Buildings,1,2016,1
E01000182,Barnet,Violence Against the Person,Other violence,0,2008,8
E01004164,Sutton,Theft and Handling,Other Theft,0,2009,1
E01001501,Enfield,Robbery,Business Property,0,2011,11
E01002154,Harrow,Violence Against the Person,Assault with Injury,0,2015,10
E01001425,Enfield,Violence Against the Person,Murder,0,2011,1
E01001619,Greenwich,Criminal Damage,Criminal Damage To Other Building,0,2015,9
E01001476,Enfield,Drugs,Drug Trafficking,0,2014,8
E01003071,Lambeth,Violence Against the Person,Offensive Weapon,0,2011,11
E01001679,Greenwich,Burglary,Burglary in a Dwelling,3,2012,5
E01003411,Merton,Robbery,Personal Property,0,2009,4
E01002891,Kensington and Chelsea,Other Notifiable Offences,Going Equipped,0,2009,11
E01002536,Hillingdon,Drugs,Drug Trafficking,0,2010,5
E01002988,Kingston upon Thames,Drugs,Drug Trafficking,0,2016,2
E01000607,Brent,Theft and Handling,Theft From Motor Vehicle,0,2010,11
E01002334,Havering,Theft and Handling,Theft From Motor Vehicle,1,2013,10
E01002060,Haringey,Violence Against the Person,Other violence,0,2016,8
E01004714,Westminster,Theft and Handling,Theft/Taking Of Motor Vehicle,6,2016,2
E01001121,Croydon,Violence Against the Person,Common Assault,0,2014,9
E01003689,Redbridge,Theft and Handling,Theft/Taking of Pedal Cycle,0,2016,8
E01002623,Hounslow,Criminal Damage,Criminal Damage To Motor Vehicle,0,2014,10
E01000052,Barking and Dagenham,Other Notifiable Offences,Other Notifiable,0,2011,1
E01000976,Croydon,Criminal Damage,Other Criminal Damage,0,2011,6
E01001603,Greenwich,Criminal Damage,Other Criminal Damage,1,2016,10
E01000662,Bromley,Burglary,Burglary in Other Buildings,0,2008,6
E01003635,Newham,Violence Against the Person,Harassment,0,2014,9
E01000363,Bexley,Robbery,Personal Property,0,2012,12
E01004000,Southwark,Other Notifiable Offences,Other Notifiable,0,2008,8
E01002024,Haringey,Burglary,Burglary in Other Buildings,0,2011,10
E01002784,Islington,Violence Against the Person,Offensive Weapon,0,2011,7
E01002806,Islington,Violence Against the Person,Assault with Injury,0,2016,6
E01003435,Merton,Violence Against the Person,Offensive Weapon,0,2012,5
E01001579,Greenwich,Theft and Handling,Theft From Shops,2,2014,2
E01001922,Hammersmith and Fulham,Sexual Offences,Other Sexual,0,2015,6
E01003563,Newham,Criminal Damage,Other Criminal Damage,0,2010,12
E01001737,Hackney,Burglary,Burglary in a Dwelling,0,2014,3
E01002244,Havering,Other Notifiable Offences,Other Notifiable,0,2012,2
E01003435,Merton,Theft and Handling,Other Theft Person,0,2009,3
E01002781,Islington,Other Notifiable Offences,Other Notifiable,0,2012,12
E01004269,Tower Hamlets,Criminal Damage,Criminal Damage To Dwelling,0,2015,6
E01004550,Wandsworth,Violence Against the Person,Common Assault,0,2014,10
E01002642,Hounslow,Other Notifiable Offences,Going Equipped,0,2011,9
E01002672,Hounslow,Burglary,Burglary in a Dwelling,0,2016,12
E01003938,Southwark,Violence Against the Person,Murder,0,2015,9
E01000415,Bexley,Theft and Handling,Motor Vehicle Interference & Tampering,0,2012,4
E01004339,Waltham Forest,Burglary,Burglary in Other Buildings,1,2016,6
E01002921,Kingston upon Thames,Theft and Handling,Other Theft Person,0,2016,4
E01000183,Barnet,Violence Against the Person,Other violence,0,2009,2
E01002159,Harrow,Violence Against the Person,Common Assault,1,2014,10
E01003432,Merton,Theft and Handling,Other Theft,1,2008,6
E01003591,Newham,Drugs,Other Drugs,0,2014,12
E01002039,Haringey,Theft and Handling,Theft From Shops,0,2009,8
E01002673,Hounslow,Criminal Damage,Criminal Damage To Dwelling,1,2010,4
E01001125,Croydon,Violence Against the Person,Assault with Injury,1,2008,1
E01000925,Camden,Robbery,Personal Property,0,2014,5
E01000198,Barnet,Theft and Handling,Motor Vehicle Interference & Tampering,0,2015,10
E01004538,Wandsworth,Violence Against the Person,Common Assault,3,2015,7
E01000939,Camden,Fraud or Forgery,Counted per Victim,0,2010,3
E01003847,Richmond upon Thames,Robbery,Business Property,0,2013,12
E01003188,Lambeth,Drugs,Possession Of Drugs,1,2011,5
E01000125,Barnet,Violence Against the Person,Wounding/GBH,1,2013,12
E01000891,Camden,Violence Against the Person,Offensive Weapon,0,2008,10
E01003611,Newham,Violence Against the Person,Offensive Weapon,0,2008,10
E01002841,Kensington and Chelsea,Drugs,Drug Trafficking,0,2014,6
E01001525,Enfield,Burglary,Burglary in Other Buildings,1,2013,7
E01001003,Croydon,Burglary,Burglary in Other Buildings,0,2012,11
E01003989,Southwark,Drugs,Other Drugs,0,2015,5
E01002081,Haringey,Drugs,Possession Of Drugs,2,2015,2
E01000865,Camden,Violence Against the Person,Common Assault,1,2011,10
E01001056,Croydon,Robbery,Business Property,0,2010,1
E01003299,Lewisham,Theft and Handling,Theft From Shops,3,2014,9
E01000693,Bromley,Theft and Handling,Theft From Motor Vehicle,7,2008,4
E01000372,Bexley,Theft and Handling,Theft From Motor Vehicle,0,2011,10
E01003114,Lambeth,Theft and Handling,Theft From Motor Vehicle,0,2012,8
E01003033,Lambeth,Theft and Handling,Theft From Shops,0,2016,9
E01000603,Brent,Robbery,Personal Property,1,2012,5
E01004229,Tower Hamlets,Other Notifiable Offences,Going Equipped,0,2012,12
E01003513,Newham,Criminal Damage,Criminal Damage To Motor Vehicle,2,2011,8
E01000654,Bromley,Violence Against the Person,Harassment,1,2014,7
E01003139,Lambeth,Violence Against the Person,Wounding/GBH,0,2009,9
E01001570,Enfield,Criminal Damage,Other Criminal Damage,0,2014,11
E01000927,Camden,Drugs,Possession Of Drugs,3,2013,11
E01001120,Croydon,Violence Against the Person,Common Assault,0,2015,10
E01002235,Harrow,Other Notifiable Offences,Other Notifiable,0,2008,7
E01001946,Hammersmith and Fulham,Theft and Handling,Other Theft,2,2014,5
E01033583,Newham,Theft and Handling,Theft From Shops,0,2010,3
E01001765,Hackney,Violence Against the Person,Other violence,0,2012,11
E01000671,Bromley,Drugs,Drug Trafficking,1,2015,9
E01003597,Newham,Robbery,Personal Property,0,2010,1
E01004057,Southwark,Violence Against the Person,Assault with Injury,0,2013,8
E01003949,Southwark,Criminal Damage,Criminal Damage To Other Building,0,2013,4
E01002037,Haringey,Violence Against the Person,Other violence,0,2012,5
E01003605,Newham,Criminal Damage,Criminal Damage To Other Building,0,2014,4
E01001886,Hammersmith and Fulham,Theft and Handling,Other Theft,1,2016,6
E01003617,Newham,Violence Against the Person,Murder,0,2015,11
E01003905,Richmond upon Thames,Violence Against the Person,Wounding/GBH,0,2016,6
E01003803,Richmond upon Thames,Criminal Damage,Criminal Damage To Motor Vehicle,0,2015,9
E01003569,Newham,Theft and Handling,Motor Vehicle Interference & Tampering,0,2013,11
E01003038,Lambeth,Theft and Handling,Other Theft Person,0,2014,12
E01002879,Kensington and Chelsea,Violence Against the Person,Other violence,0,2011,2
E01001554,Enfield,Robbery,Personal Property,4,2013,7
E01004496,Wandsworth,Criminal Damage,Criminal Damage To Other Building,0,2013,3
E01001695,Greenwich,Violence Against the Person,Common Assault,3,2015,3
E01003532,Newham,Criminal Damage,Criminal Damage To Motor Vehicle,1,2009,4
E01000494,Brent,Violence Against the Person,Assault with Injury,0,2014,7
E01001050,Croydon,Other Notifiable Offences,Other Notifiable,0,2010,12
E01001194,Croydon,Violence Against the Person,Assault with Injury,0,2008,10
E01003077,Lambeth,Theft and Handling,Theft From Shops,0,2011,3
E01004741,Westminster,Violence Against the Person,Wounding/GBH,1,2008,4
E01001806,Hackney,Violence Against the Person,Assault with Injury,0,2012,4
E01001176,Croydon,Criminal Damage,Criminal Damage To Other Building,0,2010,2
E01004289,Tower Hamlets,Criminal Damage,Criminal Damage To Dwelling,0,2010,9
E01001062,Croydon,Theft and Handling,Theft From Motor Vehicle,1,2014,2
E01000702,Bromley,Robbery,Personal Property,0,2008,9
E01003502,Newham,Criminal Damage,Other Criminal Damage,0,2009,1
E01002010,Haringey,Other Notifiable Offences,Other Notifiable,0,2015,2
E01004308,Tower Hamlets,Violence Against the Person,Offensive Weapon,0,2011,9
E01002953,Kingston upon Thames,Theft and Handling,Handling Stolen Goods,0,2012,5
E01002821,Kensington and Chelsea,Theft and Handling,Theft From Shops,2,2013,10
E01002401,Hillingdon,Burglary,Burglary in Other Buildings,0,2012,8
E01001672,Greenwich,Burglary,Burglary in Other Buildings,0,2011,5
E01000855,Camden,Violence Against the Person,Offensive Weapon,0,2008,7
E01001887,Hammersmith and Fulham,Robbery,Business Property,0,2012,6
E01000615,Brent,Theft and Handling,Theft/Taking of Pedal Cycle,0,2012,12
E01000828,Bromley,Theft and Handling,Other Theft Person,0,2014,1
E01001510,Enfield,Violence Against the Person,Harassment,0,2009,3
E01003241,Lewisham,Criminal Damage,Criminal Damage To Other Building,0,2010,6
E01003393,Merton,Violence Against the Person,Other violence,0,2013,10
E01000040,Barking and Dagenham,Violence Against the Person,Other violence,0,2011,12
E01003511,Newham,Criminal Damage,Criminal Damage To Dwelling,0,2015,3
E01002783,Islington,Violence Against the Person,Offensive Weapon,0,2009,5
E01002840,Kensington and Chelsea,Criminal Damage,Criminal Damage To Motor Vehicle,0,2013,8
E01004092,Sutton,Burglary,Burglary in Other Buildings,0,2014,2
E01001150,Croydon,Robbery,Personal Property,0,2009,5
E01004541,Wandsworth,Violence Against the Person,Offensive Weapon,0,2008,9
E01001103,Croydon,Violence Against the Person,Assault with Injury,0,2013,11
E01003528,Newham,Theft and Handling,Other Theft,0,2013,8
E01001133,Croydon,Theft and Handling,Other Theft Person,1,2008,12
E01003990,Southwark,Theft and Handling,Other Theft,0,2016,7
E01000734,Bromley,Violence Against the Person,Other violence,0,2011,5
E01004591,Wandsworth,Robbery,Personal Property,0,2014,5
E01003992,Southwark,Drugs,Possession Of Drugs,1,2009,2
E01001303,Ealing,Burglary,Burglary in Other Buildings,0,2010,4
E01004753,Westminster,Theft and Handling,Other Theft,1,2015,9
E01004495,Wandsworth,Violence Against the Person,Wounding/GBH,0,2016,11
E01000532,Brent,Theft and Handling,Handling Stolen Goods,0,2013,1
E01004650,Westminster,Burglary,Burglary in Other Buildings,0,2016,1
E01002920,Kingston upon Thames,Theft and Handling,Theft/Taking of Pedal Cycle,0,2013,8
E01002375,Havering,Violence Against the Person,Offensive Weapon,1,2009,3
E01000230,Barnet,Theft and Handling,Other Theft Person,0,2014,8
E01003772,Redbridge,Burglary,Burglary in Other Buildings,0,2010,11
E01002635,Hounslow,Other Notifiable Offences,Other Notifiable,0,2012,9
E01000590,Brent,Theft and Handling,Other Theft Person,0,2014,12
E01001066,Croydon,Robbery,Business Property,0,2013,10
E01003648,Redbridge,Theft and Handling,Other Theft,1,2012,8
E01032582,Lambeth,Theft and Handling,Other Theft Person,6,2014,3
E01002736,Islington,Theft and Handling,Motor Vehicle Interference & Tampering,0,2008,12
E01003893,Richmond upon Thames,Drugs,Drug Trafficking,0,2016,11
E01003136,Lambeth,Criminal Damage,Criminal Damage To Motor Vehicle,1,2008,2
E01003855,Richmond upon Thames,Violence Against the Person,Common Assault,0,2012,5
E01000324,Barnet,Violence Against the Person,Offensive Weapon,0,2014,2
E01003062,Lambeth,Violence Against the Person,Offensive Weapon,0,2016,12
E01033591,Redbridge,Violence Against the Person,Other violence,0,2011,11
E01003047,Lambeth,Theft and Handling,Theft From Motor Vehicle,1,2010,7
E01002126,Harrow,Theft and Handling,Other Theft Person,0,2015,10
E01002030,Haringey,Drugs,Possession Of Drugs,0,2009,11
E01002947,Kingston upon Thames,Drugs,Drug Trafficking,0,2013,1
E01002669,Hounslow,Theft and Handling,Handling Stolen Goods,0,2016,10
E01002294,Havering,Criminal Damage,Other Criminal Damage,0,2015,7
E01000836,Bromley,Violence Against the Person,Offensive Weapon,0,2010,10
E01002620,Hounslow,Criminal Damage,Criminal Damage To Dwelling,0,2016,2
E01001347,Ealing,Theft and Handling,Theft/Taking of Pedal Cycle,2,2013,2
E01001383,Ealing,Violence Against the Person,Harassment,0,2010,8
E01001585,Greenwich,Other Notifiable Offences,Going Equipped,0,2009,6
E01001003,Croydon,Theft and Handling,Motor Vehicle Interference & Tampering,0,2011,6
E01000869,Camden,Theft and Handling,Theft/Taking Of Motor Vehicle,1,2014,8
E01004305,Tower Hamlets,Drugs,Drug Trafficking,0,2016,3
E01001749,Hackney,Theft and Handling,Other Theft,0,2010,2
E01001618,Greenwich,Other Notifiable Offences,Going Equipped,0,2009,10
E01003322,Lewisham,Burglary,Burglary in Other Buildings,0,2014,1
E01003089,Lambeth,Drugs,Possession Of Drugs,0,2015,5
E01002389,Havering,Criminal Damage,Criminal Damage To Other Building,0,2013,1
E01000288,Barnet,Violence Against the Person,Other violence,0,2014,9
E01002136,Harrow,Theft and Handling,Theft From Shops,0,2011,4
E01000276,Barnet,Burglary,Burglary in a Dwelling,0,2016,3
E01001842,Hackney,Theft and Handling,Theft From Motor Vehicle,0,2014,11
E01003478,Merton,Violence Against the Person,Harassment,0,2010,4
E01002144,Harrow,Violence Against the Person,Offensive Weapon,0,2009,8
E01004086,Sutton,Other Notifiable Offences,Going Equipped,0,2014,5
E01003311,Lewisham,Theft and Handling,Other Theft Person,0,2008,4
E01000350,Bexley,Burglary,Burglary in a Dwelling,1,2013,4
E01003822,Richmond upon Thames,Violence Against the Person,Offensive Weapon,0,2008,6
E01000083,Barking and Dagenham,Robbery,Personal Property,0,2015,11
E01003203,Lewisham,Violence Against the Person,Harassment,0,2011,5
E01002367,Havering,Theft and Handling,Theft/Taking Of Motor Vehicle,3,2016,6
E01004606,Wandsworth,Theft and Handling,Motor Vehicle Interference & Tampering,0,2013,2
E01000996,Croydon,Violence Against the Person,Murder,0,2011,3
E01004206,Tower Hamlets,Robbery,Personal Property,0,2012,2
E01000015,Barking and Dagenham,Criminal Damage,Criminal Damage To Other Building,0,2008,2
E01002092,Haringey,Violence Against the Person,Offensive Weapon,0,2015,8
E01004393,Waltham Forest,Criminal Damage,Criminal Damage To Other Building,0,2011,11
E01002385,Havering,Sexual Offences,Other Sexual,0,2015,2
E01001259,Ealing,Robbery,Personal Property,0,2015,3
E01033706,Hackney,Other Notifiable Offences,Other Notifiable,1,2012,3
E01003213,Lewisham,Violence Against the Person,Wounding/GBH,0,2012,12
E01003392,Merton,Theft and Handling,Motor Vehicle Interference & Tampering,0,2013,9
E01000448,Bexley,Robbery,Personal Property,0,2014,4
E01002846,Kensington and Chelsea,Burglary,Burglary in Other Buildings,1,2008,5
E01002248,Havering,Burglary,Burglary in Other Buildings,0,2015,12
E01003838,Richmond upon Thames,Theft and Handling,Other Theft,1,2008,2
E01000009,Barking and Dagenham,Criminal Damage,Criminal Damage To Dwelling,1,2010,8
E01033490,Islington,Violence Against the Person,Wounding/GBH,1,2012,9
E01004517,Wandsworth,Drugs,Possession Of Drugs,0,2010,7
E01000107,Barking and Dagenham,Violence Against the Person,Assault with Injury,0,2013,8
E01002487,Hillingdon,Violence Against the Person,Common Assault,1,2013,1
E01003522,Newham,Criminal Damage,Criminal Damage To Dwelling,1,2009,10
E01001267,Ealing,Criminal Damage,Criminal Damage To Other Building,0,2008,12
E01002820,Kensington and Chelsea,Sexual Offences,Other Sexual,0,2016,1
E01001280,Ealing,Criminal Damage,Other Criminal Damage,0,2014,3
E01000134,Barnet,Theft and Handling,Theft/Taking Of Motor Vehicle,0,2011,11
E01000205,Barnet,Criminal Damage,Other Criminal Damage,0,2008,3
E01002085,Haringey,Theft and Handling,Theft From Shops,0,2013,4
E01003937,Southwark,Drugs,Possession Of Drugs,2,2016,1
E01004057,Southwark,Criminal Damage,Criminal Damage To Motor Vehicle,0,2011,7
E01001402,Enfield,Theft and Handling,Motor Vehicle Interference & Tampering,0,2012,4
E01000750,Bromley,Drugs,Drug Trafficking,0,2014,7
E01000591,Brent,Theft and Handling,Motor Vehicle Interference & Tampering,0,2008,12
E01003241,Lewisham,Theft and Handling,Theft/Taking Of Motor Vehicle,0,2013,6
E01001790,Hackney,Drugs,Possession Of Drugs,0,2016,7
E01002157,Harrow,Other Notifiable Offences,Other Notifiable,0,2009,3
E01004230,Tower Hamlets,Theft and Handling,Theft From Motor Vehicle,2,2014,9
E01000649,Bromley,Robbery,Personal Property,0,2016,6
E01001615,Greenwich,Violence Against the Person,Assault with Injury,2,2014,3
E01000062,Barking and Dagenham,Theft and Handling,Theft From Motor Vehicle,1,2013,5
E01001720,Hackney,Violence Against the Person,Assault with Injury,0,2013,12
E01003819,Richmond upon Thames,Theft and Handling,Theft/Taking Of Motor Vehicle,0,2014,9
E01001675,Greenwich,Robbery,Business Property,0,2014,3
E01001645,Greenwich,Violence Against the Person,Wounding/GBH,0,2011,10
E01033101,Wandsworth,Criminal Damage,Criminal Damage To Motor Vehicle,0,2008,7
E01000991,Croydon,Theft and Handling,Theft From Motor Vehicle,1,2015,5
E01001472,Enfield,Robbery,Personal Property,0,2014,5
