E01002033,Haringey,Criminal Damage,Criminal Damage To Other Building,0,2016,8
E01001077,Croydon,Theft and Handling,Theft/Taking Of Motor Vehicle,0,2014,5
E01002572,Hounslow,Burglary,Burglary in a Dwelling,1,2012,1
E01001603,Greenwich,Violence Against the Person,Other violence,0,2010,8
E01002855,Kensington and Chelsea,Criminal Damage,Other Criminal Damage,1,2012,8
E01001662,Greenwich,Violence Against the Person,Assault with Injury,0,2013,10
E01003001,Kingston upon Thames,Criminal Damage,Criminal Damage To Motor Vehicle,0,2013,11
E01001720,Hackney,Burglary,Burglary in a Dwelling,1,2010,9
E01002267,Havering,Criminal Damage,Criminal Damage To Other Building,0,2015,4
E01001278,Ealing,Burglary,Burglary in Other Buildings,0,2008,12
E01001442,Enfield,Violence Against the Person,Assault with Injury,0,2013,2
E01002511,Hillingdon,Drugs,Possession Of Drugs,0,2011,6
E01004666,Westminster,Drugs,Possession Of Drugs,3,2016,3
E01001813,Hackney,Violence Against the Person,Other violence,0,2010,2
E01003411,Merton,Violence Against the Person,Assault with Injury,0,2010,3
E01004260,Tower Hamlets,Theft and Handling,Theft From Motor Vehicle,1,2013,9
E01003637,Newham,Theft and Handling,Handling Stolen Goods,0,2012,11
E01002937,Kingston upon Thames,Criminal Damage,Other Criminal Damage,0,2009,10
E01001861,Hammersmith and Fulham,Sexual Offences,Other Sexual,0,2009,11
E01001024,Croydon,Criminal Damage,Other Criminal Damage,0,2010,1
E01000325,Bexley,Other Notifiable Offences,Other Notifiable,0,2015,12
E01002739,Islington,Fraud or Forgery,Counted per Victim,0,2009,2
E01000680,Bromley,Violence Against the Person,Common Assault,0,2008,12
E01003742,Redbridge,Theft and Handling,Theft/Taking Of Motor Vehicle,1,2008,8
E01003314,Lewisham,Robbery,Business Property,0,2008,8
E01004639,Wandsworth,Theft and Handling,Theft/Taking of Pedal Cycle,0,2009,2
E01004099,Sutton,Criminal Damage,Criminal Damage To Motor Vehicle,0,2011,10
E01004562,Wandsworth,Burglary,Burglary in Other Buildings,3,2013,4
E01004562,Wandsworth,Other Notifiable Offences,Other Notifiable,0,2016,9
E01002622,Hounslow,Violence Against the Person,Wounding/GBH,0,2009,10
E01004055,Southwark,Violence Against the Person,Assault with Injury,1,2013,2
E01002542,Hillingdon,Theft and Handling,Theft/Taking of Pedal Cycle,0,2012,10
E01001000,Croydon,Theft and Handling,Other Theft Person,0,2013,6
E01001163,Croydon,Other Notifiable Offences,Other Notifiable,1,2014,3
E01003384,Merton,Other Notifiable Offences,Other Notifiable,0,2012,1
E01002954,Kingston upon Thames,Violence Against the Person,Assault with Injury,2,2014,9
E01002516,Hillingdon,Violence Against the Person,Other violence,0,2010,5
E01000576,Brent,Other Notifiable Offences,Other Notifiable,0,2008,11
E01004366,Waltham Forest,Drugs,Possession Of Drugs,0,2014,3
E01004118,Sutton,Violence Against the Person,Other violence,0,2009,2
E01000462,Bexley,Theft and Handling,Other Theft Person,0,2013,8
E01002264,Havering,Drugs,Possession Of Drugs,0,2011,7
E01033579,Newham,Drugs,Drug Trafficking,0,2012,8
E01003786,Redbridge,Criminal Damage,Other Criminal Damage,0,2013,10
E01001078,Croydon,Theft and Handling,Theft/Taking Of Motor Vehicle,0,2013,3
E01004518,Wandsworth,Criminal Damage,Criminal Damage To Motor Vehicle,1,2009,12
E01002061,Haringey,Violence Against the Person,Offensive Weapon,0,2014,3
E01002377,Havering,Theft and Handling,Handling Stolen Goods,0,2015,6
E01032640,Southwark,Violence Against the Person,Common Assault,0,2014,9
E01000900,Camden,Criminal Damage,Criminal Damage To Dwelling,0,2009,9
E01002017,Haringey,Drugs,Possession Of Drugs,2,2008,12
E01000913,Camden,Violence Against the Person,Assault with Injury,5,2014,9
E01001104,Croydon,Violence Against the Person,Common Assault,0,2010,12
E01002994,Kingston upon Thames,Violence Against the Person,Assault with Injury,1,2014,6
E01001051,Croydon,Violence Against the Person,Assault with Injury,1,2010,3
E01004735,Westminster,Theft and Handling,Handling Stolen Goods,0,2011,3
E01001875,Hammersmith and Fulham,Violence Against the Person,Common Assault,1,2016,7
E01000374,Bexley,Criminal Damage,Criminal Damage To Motor Vehicle,3,2009,2
E01002364,Havering,Violence Against the Person,Other violence,0,2013,12
E01002468,Hillingdon,Theft and Handling,Handling Stolen Goods,0,2013,3
E01003588,Newham,Theft and Handling,Theft/Taking of Pedal Cycle,0,2012,8
E01002157,Harrow,Theft and Handling,Motor Vehicle Interference & Tampering,0,2016,7
E01004643,Wandsworth,Theft and Handling,Theft/Taking Of Motor Vehicle,0,2008,1
E01004019,Southwark,Violence Against the Person,Offensive Weapon,0,2014,7
E01001310,Ealing,Theft and Handling,Handling Stolen Goods,0,2015,1
E01004100,Sutton,Criminal Damage,Criminal Damage To Motor Vehicle,0,2014,12
E01000170,Barnet,Violence Against the Person,Other violence,0,2014,1
E01033595,Westminster,Robbery,Business Property,0,2008,8
E01004383,Waltham Forest,Drugs,Possession Of Drugs,0,2011,8
E01002845,Kensington and Chelsea,Criminal Damage,Criminal Damage To Motor Vehicle,0,2014,9
E01003495,Newham,Theft and Handling,Motor Vehicle Interference & Tampering,0,2009,3
E01004108,Sutton,Theft and Handling,Other Theft,3,2008,4
E01004619,Wandsworth,Violence Against the Person,Harassment,0,2015,1
E01001900,Hammersmith and Fulham,Theft and Handling,Theft/Taking of Pedal Cycle,0,2015,5
E01002592,Hounslow,Violence Against the Person,Assault with Injury,4,2010,8
E01001873,Hammersmith and Fulham,Theft and Handling,Theft From Shops,0,2009,12
E01000521,Brent,Fraud or Forgery,Counted per Victim,0,2013,7
E01000812,Bromley,Violence Against the Person,Other violence,0,2010,7
E01000880,Camden,Violence Against the Person,Harassment,0,2011,11
E01003915,Southwark,Theft and Handling,Other Theft,7,2011,10
E01004195,Sutton,Theft and Handling,Other Theft,0,2013,6
E01002238,Harrow,Violence Against the Person,Harassment,1,2012,1
E01002557,Hounslow,Theft and Handling,Theft/Taking of Pedal Cycle,0,2014,12
E01001515,Enfield,Violence Against the Person,Assault with Injury,3,2016,5
E01003047,Lambeth,Drugs,Drug Trafficking,1,2008,1
E01033207,Lambeth,Other Notifiable Offences,Other Notifiable,0,2012,1
E01000075,Barking and Dagenham,Violence Against the Person,Wounding/GBH,0,2011,11
E01032774,Tower Hamlets,Violence Against the Person,Wounding/GBH,0,2011,4
E01001216,Ealing,Burglary,Burglary in Other Buildings,0,2013,2
E01000295,Barnet,Violence Against the Person,Other violence,0,2012,1
E01003459,Merton,Violence Against the Person,Other violence,0,2016,12
E01004178,Sutton,Violence Against the Person,Harassment,0,2008,5
E01002747,Islington,Robbery,Business Property,0,2009,10
E01004619,Wandsworth,Theft and Handling,Motor Vehicle Interference & Tampering,0,2008,8
E01003707,Redbridge,Violence Against the Person,Assault with Injury,0,2008,2
E01003649,Redbridge,Drugs,Drug Trafficking,0,2011,12
E01004397,Waltham Forest,Theft and Handling,Theft From Shops,13,2014,8
E01002871,Kensington and Chelsea,Theft and Handling,Handling Stolen Goods,0,2014,7
E01004041,Southwark,Burglary,Burglary in Other Buildings,0,2008,12
E01000832,Bromley,Theft and Handling,Motor Vehicle Interference & Tampering,0,2012,1
E01001658,Greenwich,Drugs,Possession Of Drugs,1,2011,6
E01003708,Redbridge,Other Notifiable Offences,Other Notifiable,0,2014,6
E01002790,Islington,Theft and Handling,Other Theft,3,2010,2
E01004719,Westminster,Criminal Damage,Other Criminal Damage,1,2012,10
E01003642,Redbridge,Criminal Damage,Criminal Damage To Dwelling,1,2015,6
E01003229,Lewisham,Theft and Handling,Handling Stolen Goods,0,2008,7
E01004206,Tower Hamlets,Theft and Handling,Theft/Taking of Pedal Cycle,0,2016,6
E01002797,Islington,Theft and Handling,Other Theft Person,0,2010,8
E01001127,Croydon,Other Notifiable Offences,Other Notifiable,0,2016,11
E01004666,Westminster,Other Notifiable Offences,Other Notifiable,0,2014,5
E01000465,Bexley,Criminal Damage,Other Criminal Damage,0,2013,4
E01002322,Havering,Violence Against the Person,Offensive Weapon,0,2014,5
E01001843,Hackney,Other Notifiable Offences,Other Notifiable,0,2015,11
E01004074,Southwark,Violence Against the Person,Wounding/GBH,0,2013,5
E01003337,Lewisham,Violence Against the Person,Murder,0,2012,6
E01004565,Wandsworth,Criminal Damage,Criminal Damage To Other Building,1,2008,5
E01003768,Redbridge,Drugs,Possession Of Drugs,0,2012,7
E01000826,Bromley,Violence Against the Person,Wounding/GBH,0,2014,10
E01002119,Harrow,Violence Against the Person,Offensive Weapon,0,2009,2
E01003047,Lambeth,Criminal Damage,Criminal Damage To Motor Vehicle,6,2015,5
E01000380,Bexley,Violence Against the Person,Assault with Injury,0,2012,4
E01004045,Southwark,Drugs,Drug Trafficking,0,2015,7
E01002028,Haringey,Robbery,Personal Property,0,2010,5
E01004604,Wandsworth,Violence Against the Person,Harassment,0,2010,4
E01000954,Camden,Drugs,Drug Trafficking,0,2008,12
E01001134,Croydon,Drugs,Possession Of Drugs,0,2008,3
E01001631,Greenwich,Other Notifiable Offences,Going Equipped,0,2016,12
E01001405,Enfield,Violence Against the Person,Other violence,0,2015,5
E01004259,Tower Hamlets,Burglary,Burglary in a Dwelling,1,2011,6
E01000855,Camden,Violence Against the Person,Common Assault,3,2012,12
E01001289,Ealing,Theft and Handling,Theft From Motor Vehicle,1,2009,4
E01003635,Newham,Fraud or Forgery,Other Fraud & Forgery,0,2014,6
E01000335,Bexley,Criminal Damage,Criminal Damage To Motor Vehicle,0,2016,3
E01001551,Enfield,Criminal Damage,Criminal Damage To Dwelling,0,2011,10
E01002675,Hounslow,Other Notifiable Offences,Other Notifiable,1,2016,7
E01001219,Ealing,Criminal Damage,Criminal Damage To Motor Vehicle,2,2009,4
E01003861,Richmond upon Thames,Theft and Handling,Handling Stolen Goods,1,2016,10
E01001382,Ealing,Robbery,Personal Property,0,2008,3
E01002139,Harrow,Theft and Handling,Motor Vehicle Interference & Tampering,0,2015,8
E01004515,Wandsworth,Theft and Handling,Theft/Taking Of Motor Vehicle,0,2008,3
E01001180,Croydon,Theft and Handling,Other Theft Person,0,2012,8
E01002785,Islington,Theft and Handling,Handling Stolen Goods,0,2015,2
E01001407,Enfield,Theft and Handling,Theft/Taking Of Motor Vehicle,1,2009,5
E01003827,Richmond upon Thames,Theft and Handling,Theft From Motor Vehicle,2,2008,6
E01002638,Hounslow,Drugs,Drug Trafficking,0,2009,11
E01002501,Hillingdon,Violence Against the Person,Offensive Weapon,0,2013,5
E01000437,Bexley,Theft and Handling,Theft/Taking of Pedal Cycle,0,2016,12
E01000322,Barnet,Violence Against the Person,Common Assault,2,2013,8
E01003377,Merton,Other Notifiable Offences,Other Notifiable,0,2015,8
E01000180,Barnet,Drugs,Possession Of Drugs,0,2014,8
E01001591,Greenwich,Criminal Damage,Criminal Damage To Dwelling,0,2014,11
E01003809,Richmond upon Thames,Robbery,Personal Property,0,2014,8
E01004067,Southwark,Theft and Handling,Other Theft,6,2009,11
E01004206,Tower Hamlets,Theft and Handling,Handling Stolen Goods,0,2011,9
E01000947,Camden,Theft and Handling,Theft/Taking of Pedal Cycle,3,2014,3
E01001647,Greenwich,Burglary,Burglary in Other Buildings,0,2012,9
E01000943,Camden,Theft and Handling,Other Theft Person,3,2012,10
E01002681,Hounslow,Theft and Handling,Other Theft Person,0,2010,8
E01004268,Tower Hamlets,Violence Against the Person,Wounding/GBH,0,2008,6
E01001750,Hackney,Criminal Damage,Other Criminal Damage,0,2008,3
E01004486,Wandsworth,Violence Against the Person,Offensive Weapon,0,2012,12
E01000349,Bexley,Burglary,Burglary in Other Buildings,0,2013,11
E01033704,Hackney,Theft and Handling,Theft/Taking of Pedal Cycle,6,2014,10
E01001034,Croydon,Robbery,Personal Property,0,2013,6
E01003905,Richmond upon Thames,Violence Against the Person,Other violence,0,2011,3
E01003864,Richmond upon Thames,Theft and Handling,Other Theft Person,0,2013,6
E01004238,Tower Hamlets,Burglary,Burglary in Other Buildings,3,2008,6
E01002684,Hounslow,Criminal Damage,Criminal Damage To Dwelling,1,2014,1
E01002696,Islington,Theft and Handling,Other Theft Person,14,2016,7
E01001179,Croydon,Criminal Damage,Criminal Damage To Other Building,0,2016,12
E01004013,Southwark,Robbery,Personal Property,1,2008,12
E01003832,Richmond upon Thames,Violence Against the Person,Harassment,0,2012,9
E01000445,Bexley,Burglary,Burglary in Other Buildings,0,2009,9
E01003429,Merton,Drugs,Possession Of Drugs,0,2011,5
E01004055,Southwark,Burglary,Burglary in Other Buildings,0,2012,6
E01000344,Bexley,Violence Against the Person,Assault with Injury,0,2016,8
E01004070,Southwark,Criminal Damage,Criminal Damage To Dwelling,0,2010,10
E01000829,Bromley,Criminal Damage,Criminal Damage To Motor Vehicle,1,2008,9
E01033099,Wandsworth,Robbery,Business Property,0,2011,3
E01001918,Hammersmith and Fulham,Violence Against the Person,Harassment,0,2013,10
E01000365,Bexley,Theft and Handling,Theft/Taking of Pedal Cycle,0,2015,10
E01000906,Camden,Violence Against the Person,Assault with Injury,0,2013,1
E01001387,Ealing,Fraud or Forgery,Other Fraud & Forgery,0,2010,10
E01001081,Croydon,Robbery,Personal Property,0,2009,1
E01032783,Tower Hamlets,Theft and Handling,Theft/Taking Of Motor Vehicle,1,2011,12
E01003311,Lewisham,Violence Against the Person,Other violence,0,2014,7
E01001023,Croydon,Theft and Handling,Motor Vehicle Interference & Tampering,0,2013,11
E01002662,Hounslow,Drugs,Other Drugs,0,2009,5
E01003762,Redbridge,Violence Against the Person,Offensive Weapon,1,2008,12
E01002749,Islington,Violence Against the Person,Harassment,2,2010,10
E01001871,Hammersmith and Fulham,Criminal Damage,Criminal Damage To Motor Vehicle,0,2008,10
E01002971,Kingston upon Thames,Criminal Damage,Criminal Damage To Dwelling,0,2010,2
E01003817,Richmond upon Thames,Theft and Handling,Theft From Motor Vehicle,1,2016,12
E01033594,Westminster,Violence Against the Person,Common Assault,0,2010,8
E01003172,Lambeth,Robbery,Personal Property,1,2011,5
E01004396,Waltham Forest,Criminal Damage,Criminal Damage To Dwelling,0,2011,7
E01002199,Harrow,Theft and Handling,Theft/Taking Of Motor Vehicle,0,2016,11
E01002163,Harrow,Theft and Handling,Other Theft Person,0,2012,11
E01003991,Southwark,Violence Against the Person,Offensive Weapon,0,2011,6
E01000204,Barnet,Violence Against the Person,Common Assault,0,2016,12
E01002849,Kensington and Chelsea,Theft and Handling,Theft From Motor Vehicle,2,2016,9
E01003677,Redbridge,Theft and Handling,Theft From Shops,0,2011,11
E01000582,Brent,Violence Against the Person,Common Assault,0,2012,7
E01002337,Havering,Theft and Handling,Motor Vehicle Interference & Tampering,1,2010,7
E01002754,Islington,Other Notifiable Offences,Going Equipped,0,2011,6
E01004010,Southwark,Theft and Handling,Motor Vehicle Interference & Tampering,0,2012,9
E01004197,Tower Hamlets,Violence Against the Person,Offensive Weapon,1,2009,2
E01003808,Richmond upon Thames,Violence Against the Person,Other violence,0,2011,2
E01002683,Hounslow,Theft and Handling,Other Theft Person,2,2011,9
E01003379,Merton,Criminal Damage,Criminal Damage To Motor Vehicle,0,2012,12
E01004244,Tower Hamlets,Criminal Damage,Criminal Damage To Motor Vehicle,0,2015,12
E01004743,Westminster,Violence Against the Person,Common Assault,3,2015,7
E01002122,Harrow,Theft and Handling,Theft/Taking of Pedal Cycle,0,2010,5
E01000765,Bromley,Violence Against the Person,Wounding/GBH,0,2016,11
E01004629,Wandsworth,Burglary,Burglary in a Dwelling,1,2008,12
E01002738,Islington,Robbery,Business Property,0,2012,10
E01004577,Wandsworth,Theft and Handling,Theft From Motor Vehicle,1,2013,7
E01003947,Southwark,Violence Against the Person,Wounding/GBH,0,2008,5
E01002060,Haringey,Robbery,Business Property,0,2014,8
E01000766,Bromley,Burglary,Burglary in a Dwelling,2,2009,5
E01000444,Bexley,Other Notifiable Offences,Going Equipped,0,2011,10
E01004150,Sutton,Theft and Handling,Other Theft,2,2011,5
E01004102,Sutton,Burglary,Burglary in Other Buildings,0,2014,4
E01000412,Bexley,Theft and Handling,Other Theft Person,0,2016,9
E01001801,Hackney,Criminal Damage,Other Criminal Damage,0,2013,1
E01002905,Kensington and Chelsea,Theft and Handling,Theft/Taking Of Motor Vehicle,1,2016,5
E01004656,Westminster,Other Notifiable Offences,Going Equipped,0,2010,7
E01001222,Ealing,Violence Against the Person,Harassment,3,2014,11
E01003256,Lewisham,Criminal Damage,Other Criminal Damage,1,2008,5
E01033705,Hackney,Theft and Handling,Motor Vehicle Interference & Tampering,0,2008,8
E01000236,Barnet,Violence Against the Person,Offensive Weapon,0,2010,10
E01001787,Hackney,Burglary,Burglary in a Dwelling,0,2011,1
E01003378,Merton,Drugs,Possession Of Drugs,0,2013,12
E01004015,Southwark,Drugs,Possession Of Drugs,3,2009,3
E01001873,Hammersmith and Fulham,Theft and Handling,Theft/Taking Of Motor Vehicle,1,2015,5
E01001710,Greenwich,Theft and Handling,Theft From Motor Vehicle,0,2008,8
E01004622,Wandsworth,Violence Against the Person,Common Assault,0,2012,9
E01003320,Lewisham,Theft and Handling,Theft From Motor Vehicle,0,2015,2
E01000933,Camden,Drugs,Drug Trafficking,0,2012,7
E01001405,Enfield,Violence Against the Person,Wounding/GBH,0,2013,10
E01001060,Croydon,Criminal Damage,Criminal Damage To Dwelling,0,2009,12
E01002580,Hounslow,Violence Against the Person,Other violence,0,2011,10
E01001336,Ealing,Violence Against the Person,Assault with Injury,1,2015,9
E01000164,Barnet,Violence Against the Person,Other violence,0,2015,8
E01002454,Hillingdon,Criminal Damage,Criminal Damage To Other Building,0,2015,10
E01003313,Lewisham,Theft and Handling,Theft From Motor Vehicle,1,2011,6
E01003855,Richmond upon Thames,Violence Against the Person,Harassment,1,2012,10
E01000378,Bexley,Theft and Handling,Theft/Taking Of Motor Vehicle,1,2016,4
E01004661,Westminster,Violence Against the Person,Offensive Weapon,0,2014,4
E01001297,Ealing,Robbery,Business Property,0,2009,11
E01004611,Wandsworth,Criminal Damage,Criminal Damage To Motor Vehicle,0,2015,6
E01001864,Hammersmith and Fulham,Violence Against the Person,Assault with Injury,1,2014,10
E01002241,Harrow,Burglary,Burglary in Other Buildings,0,2015,8
E01033735,Greenwich,Theft and Handling,Handling Stolen Goods,0,2012,10
E01004183,Sutton,Violence Against the Person,Common Assault,0,2011,4
E01001632,Greenwich,Theft and Handling,Other Theft,0,2009,10
E01004359,Waltham Forest,Other Notifiable Offences,Other Notifiable,0,2008,2
E01002335,Havering,Violence Against the Person,Other violence,0,2010,7
E01003305,Lewisham,Violence Against the Person,Wounding/GBH,0,2012,10
E01004165,Sutton,Violence Against the Person,Offensive Weapon,0,2015,6
E01000320,Barnet,Violence Against the Person,Common Assault,1,2016,2
E01003381,Merton,Drugs,Drug Trafficking,0,2012,5
E01000810,Bromley,Criminal Damage,Criminal Damage To Other Building,0,2015,2
E01001823,Hackney,Criminal Damage,Criminal Damage To Motor Vehicle,0,2008,12
E01004680,Westminster,Violence Against the Person,Wounding/GBH,2,2016,9
E01033737,Greenwich,Theft and Handling,Other Theft,0,2009,9
E01004147,Sutton,Violence Against the Person,Harassment,0,2016,6
E01002723,Islington,Theft and Handling,Other Theft,4,2008,11
E01001068,Croydon,Theft and Handling,Other Theft Person,0,2009,8
E01003303,Lewisham,Violence Against the Person,Harassment,0,2010,7
E01003563,Newham,Theft and Handling,Theft/Taking Of Motor Vehicle,0,2013,3
E01004572,Wandsworth,Violence Against the Person,Common Assault,0,2013,1
E01001934,Hammersmith and Fulham,Burglary,Burglary in Other Buildings,1,2009,12
E01003997,Southwark,Criminal Damage,Criminal Damage To Motor Vehicle,0,2010,5
E01004176,Sutton,Criminal Damage,Other Criminal Damage,0,2016,5
E01000693,Bromley,Robbery,Business Property,0,2015,7
E01001328,Ealing,Sexual Offences,Other Sexual,0,2013,10
E01004566,Wandsworth,Violence Against the Person,Other violence,0,2009,6
E01001812,Hackney,Theft and Handling,Theft/Taking Of Motor Vehicle,0,2016,10
E01003675,Redbridge,Theft and Handling,Handling Stolen Goods,0,2009,10
E01000903,Camden,Theft and Handling,Theft From Shops,0,2008,5
E01002372,Havering,Burglary,Burglary in Other Buildings,0,2015,10
E01004600,Wandsworth,Theft and Handling,Theft From Motor Vehicle,1,2011,3
E01003192,Lewisham,Burglary,Burglary in a Dwelling,2,2014,8
E01001424,Enfield,Theft and Handling,Other Theft,0,2014,7
E01001216,Ealing,Theft and Handling,Theft From Motor Vehicle,0,2009,12
E01002094,Haringey,Other Notifiable Offences,Other Notifiable,0,2008,3
E01000418,Bexley,Criminal Damage,Criminal Damage To Dwelling,0,2009,2
E01000517,Brent,Theft and Handling,Motor Vehicle Interference & Tampering,0,2015,9
E01001408,Enfield,Violence Against the Person,Other violence,0,2016,12
E01004115,Sutton,Criminal Damage,Criminal Damage To Other Building,0,2015,2
E01000825,Bromley,Violence Against the Person,Common Assault,0,2016,11
E01000484,Brent,Criminal Damage,Criminal Damage To Other Building,0,2010,7
E01001029,Croydon,Criminal Damage,Criminal Damage To Dwelling,0,2010,3
E01004600,Wandsworth,Robbery,Personal Property,2,2011,10
E01001339,Ealing,Burglary,Burglary in a Dwelling,0,2016,5
E01004552,Wandsworth,Other Notifiable Offences,Other Notifiable,0,2013,3
E01000322,Barnet,Robbery,Business Property,0,2008,2
E01001293,Ealing,Robbery,Personal Property,1,2011,11
E01000977,Croydon,Other Notifiable Offences,Other Notifiable,0,2016,4
E01002427,Hillingdon,Robbery,Personal Property,0,2016,4
E01004402,Waltham Forest,Theft and Handling,Other Theft,1,2015,7
E01002984,Kingston upon Thames,Theft and Handling,Theft/Taking of Pedal Cycle,0,2014,7
E01003976,Southwark,Violence Against the Person,Other violence,0,2015,11
E01003838,Richmond upon Thames,Violence Against the Person,Other violence,0,2009,5
E01032513,Westminster,Violence Against the Person,Assault with Injury,1,2013,2
E01002733,Islington,Criminal Damage,Criminal Damage To Dwelling,0,2010,9
E01001636,Greenwich,Violence Against the Person,Other violence,0,2008,7
E01004457,Waltham Forest,Violence Against the Person,Assault with Injury,4,2015,11
E01003360,Merton,Violence Against the Person,Common Assault,1,2008,4
E01002635,Hounslow,Theft and Handling,Theft From Motor Vehicle,1,2015,3
E01002189,Harrow,Theft and Handling,Theft/Taking of Pedal Cycle,1,2015,9
E01004126,Sutton,Criminal Damage,Criminal Damage To Dwelling,1,2009,7
E01002135,Harrow,Other Notifiable Offences,Other Notifiable,0,2009,4
E01001664,Greenwich,Burglary,Burglary in a Dwelling,1,2012,5
E01001055,Croydon,Violence Against the Person,Wounding/GBH,0,2009,1
E01001098,Croydon,Other Notifiable Offences,Other Notifiable,0,2016,1
E01003235,Lewisham,Violence Against the Person,Common Assault,0,2014,3
E01001140,Croydon,Burglary,Burglary in Other Buildings,0,2008,6
E01004544,Wandsworth,Criminal Damage,Criminal Damage To Dwelling,0,2014,10
E01002876,Kensington and Chelsea,Theft and Handling,Theft From Motor Vehicle,0,2014,9
E01000711,Bromley,Robbery,Business Property,0,2008,3
E01004406,Waltham Forest,Theft and Handling,Theft/Taking Of Motor Vehicle,1,2013,5
E01002463,Hillingdon,Robbery,Personal Property,0,2011,8
E01003454,Merton,Burglary,Burglary in Other Buildings,0,2015,9
E01004177,Sutton,Theft and Handling,Theft/Taking Of Motor Vehicle,0,2012,12
E01000868,Camden,Violence Against the Person,Assault with Injury,0,2014,12
E01002742,Islington,Criminal Damage,Criminal Damage To Other Building,0,2011,2
E01002997,Kingston upon Thames,Violence Against the Person,Harassment,1,2016,8
E01003810,Richmond upon Thames,Theft and Handling,Theft/Taking of Pedal Cycle,0,2011,5
E01001841,Hackney,Theft and Handling,Theft/Taking of Pedal Cycle,0,2010,11
E01004157,Sutton,Fraud or Forgery,Counted per Victim,0,2009,10
E01001015,Croydon,Violence Against the Person,Assault with Injury,1,2015,7
E01001237,Ealing,Criminal Damage,Other Criminal Damage,0,2012,1
E01000980,Croydon,Theft and Handling,Theft/Taking of Pedal Cycle,0,2013,8
E01003791,Redbridge,Violence Against the Person,Assault with Injury,1,2008,6
E01003715,Redbridge,Criminal Damage,Other Criminal Damage,0,2009,11
E01002811,Islington,Theft and Handling,Theft/Taking of Pedal Cycle,1,2015,2
E01002416,Hillingdon,Criminal Damage,Criminal Damage To Other Building,0,2016,2
E01001516,Enfield,Theft and Handling,Other Theft,7,2015,4
E01002245,Havering,Theft and Handling,Motor Vehicle Interference & Tampering,0,2010,9
E01001535,Enfield,Other Notifiable Offences,Going Equipped,0,2010,9
E01000915,Camden,Other Notifiable Offences,Other Notifiable,0,2012,1
E01003747,Redbridge,Criminal Damage,Criminal Damage To Dwelling,0,2016,7
E01002914,Kensington and Chelsea,Other Notifiable Offences,Going Equipped,0,2016,6
E01002958,Kingston upon Thames,Theft and Handling,Other Theft,0,2015,10
E01001349,Ealing,Criminal Damage,Criminal Damage To Other Building,0,2013,5
E01000716,Bromley,Theft and Handling,Motor Vehicle Interference & Tampering,1,2013,10
E01004568,Wandsworth,Burglary,Burglary in Other Buildings,0,2011,1
E01032573,Hounslow,Criminal Damage,Criminal Damage To Dwelling,0,2014,9
E01004115,Sutton,Theft and Handling,Other Theft Person,0,2008,6
E01003426,Merton,Violence Against the Person,Harassment,0,2009,9
E01001592,Greenwich,Theft and Handling,Motor Vehicle Interference & Tampering,0,2016,4
E01002607,Hounslow,Violence Against the Person,Common Assault,2,2011,10
E01002114,Harrow,Burglary,Burglary in a Dwelling,2,2014,5
E01000257,Barnet,Other Notifiable Offences,Other Notifiable,0,2015,5
E01004239,Tower Hamlets,Burglary,Burglary in Other Buildings,0,2014,11
E01004316,Tower Hamlets,Drugs,Possession Of Drugs,0,2008,3
E01001056,Croydon,Theft and Handling,Other Theft Person,2,2009,7
E01000009,Barking and Dagenham,Robbery,Personal Property,1,2012,8
E01003449,Merton,Theft and Handling,Other Theft Person,0,2012,6
E01004675,Westminster,Drugs,Possession Of Drugs,3,2009,8
E01003413,Merton,Drugs,Possession Of Drugs,0,2010,11
E01001165,Croydon,Violence Against the Person,Common Assault,1,2013,4
E01000820,Bromley,Burglary,Burglary in Other Buildings,0,2009,4
E01004739,Westminster,Violence Against the Person,Harassment,0,2013,4
E01002448,Hillingdon,Theft and Handling,Other Theft Person,0,2009,7
E01000161,Barnet,Other Notifiable Offences,Going Equipped,0,2014,9
E01000353,Bexley,Robbery,Personal Property,0,2016,8
E01002055,Haringey,Violence Against the Person,Wounding/GBH,1,2014,5
E01000904,Camden,Other Notifiable Offences,Going Equipped,0,2013,1
E01000209,Barnet,Burglary,Burglary in Other Buildings,0,2016,5
E01003633,Newham,Robbery,Personal Property,0,2012,8
E01000029,Barking and Dagenham,Criminal Damage,Other Criminal Damage,0,2016,1
E01001162,Croydon,Burglary,Burglary in a Dwelling,2,2008,9
E01001421,Enfield,Violence Against the Person,Common Assault,0,2016,5
E01002541,Hillingdon,Criminal Damage,Criminal Damage To Other Building,0,2011,5
E01000580,Brent,Criminal Damage,Criminal Damage To Dwelling,0,2016,1
E01033085,Haringey,Theft and Handling,Other Theft,0,2016,12
E01003952,Southwark,Violence Against the Person,Wounding/GBH,0,2014,5
E01000859,Camden,Drugs,Possession Of Drugs,0,2010,3
E01000648,Bromley,Burglary,Burglary in a Dwelling,0,2015,3
E01003922,Southwark,Violence Against the Person,Offensive Weapon,0,2013,8
E01000177,Barnet,Violence Against the Person,Harassment,1,2008,7
E01000864,Camden,Criminal Damage,Criminal Damage To Motor Vehicle,1,2009,3
E01001026,Croydon,Violence Against the Person,Common Assault,0,2008,6
E01000339,Bexley,Burglary,Burglary in Other Buildings,0,2014,11
E01001865,Hammersmith and Fulham,Criminal Damage,Criminal Damage To Other Building,0,2013,4
E01001869,Hammersmith and Fulham,Sexual Offences,Other Sexual,0,2011,6
E01004620,Wandsworth,Criminal Damage,Criminal Damage To Dwelling,1,2008,9
E01004729,Westminster,Theft and Handling,Other Theft Person,1,2012,4
E01000177,Barnet,Criminal Damage,Criminal Damage To Motor Vehicle,0,2010,3
E01001570,Enfield,Violence Against the Person,Wounding/GBH,0,2010,7
E01001720,Hackney,Sexual Offences,Rape,0,2012,1
E01001781,Hackney,Drugs,Possession Of Drugs,1,2015,6
E01000082,Barking and Dagenham,Drugs,Possession Of Drugs,0,2009,11
E01003676,Redbridge,Other Notifiable Offences,Other Notifiable,0,2016,7
E01001325,Ealing,Other Notifiable Offences,Other Notifiable,0,2013,12
E01001379,Ealing,Violence Against the Person,Assault with Injury,0,2012,11
E01002600,Hounslow,Violence Against the Person,Common Assault,0,2014,12
E01002523,Hillingdon,Criminal Damage,Other Criminal Damage,0,2014,11
E01000153,Barnet,Violence Against the Person,Assault with Injury,1,2008,6
E01002576,Hounslow,Violence Against the Person,Wounding/GBH,0,2012,7
E01001959,Hammersmith and Fulham,Violence Against the Person,Assault with Injury,0,2009,1
E01001232,Ealing,Violence Against the Person,Other violence,0,2013,2
E01004511,Wandsworth,Violence Against the Person,Common Assault,1,2013,11
E01003705,Redbridge,Theft and Handling,Other Theft,0,2013,10
E01004652,Westminster,Burglary,Burglary in a Dwelling,4,2012,8
E01003146,Lambeth,Burglary,Burglary in a Dwelling,0,2010,1
E01004125,Sutton,Violence Against the Person,Other violence,0,2013,6
E01001601,Greenwich,Fraud or Forgery,Counted per Victim,0,2012,11
E01001718,Hackney,Criminal Damage,Criminal Damage To Dwelling,0,2014,6
E01004709,Westminster,Violence Against the Person,Other violence,1,2010,2
E01003395,Merton,Violence Against the Person,Common Assault,0,2012,11
E01033579,Newham,Drugs,Drug Trafficking,0,2010,1
E01004281,Tower Hamlets,Violence Against the Person,Wounding/GBH,0,2008,2
E01001846,Hackney,Criminal Damage,Criminal Damage To Dwelling,0,2008,5
E01003468,Merton,Violence Against the Person,Assault with Injury,0,2010,1
E01003281,Lewisham,Criminal Damage,Other Criminal Damage,0,2009,1
E01032623,Sutton,Violence Against the Person,Harassment,0,2013,5
E01000904,Camden,Robbery,Personal Property,1,2012,1
E01002786,Islington,Theft and Handling,Theft/Taking Of Motor Vehicle,0,2009,12
E01002853,Kensington and Chelsea,Violence Against the Person,Wounding/GBH,0,2008,7
E01001215,Ealing,Criminal Damage,Other Criminal Damage,0,2014,1
E01003913,Southwark,Criminal Damage,Criminal Damage To Motor Vehicle,1,2010,12
E01003377,Merton,Violence Against the Person,Other violence,0,2013,9
E01002254,Havering,Other Notifiable Offences,Other Notifiable,0,2011,5
E01001283,Ealing,Criminal Damage,Other Criminal Damage,2,2010,5
E01033464,Brent,Criminal Damage,Criminal Damage To Motor Vehicle,0,2015,10
E01000509,Brent,Drugs,Possession Of Drugs,0,2011,9
E01000273,Barnet,Criminal Damage,Other Criminal Damage,0,2010,10
E01003735,Redbridge,Violence Against the Person,Harassment,2,2008,7
E01002381,Havering,Violence Against the Person,Wounding/GBH,0,2016,6
E01000904,Camden,Violence Against the Person,Harassment,3,2014,4
E01032788,Hammersmith and Fulham,Theft and Handling,Theft From Motor Vehicle,0,2009,10
E01003061,Lambeth,Theft and Handling,Theft From Motor Vehicle,1,2008,2
E01004656,Westminster,Criminal Damage,Criminal Damage To Motor Vehicle,0,2009,7
E01000211,Barnet,Robbery,Personal Property,0,2013,3
E01000055,Barking and Dagenham,Drugs,Drug Trafficking,0,2010,4
E01000380,Bexley,Drugs,Drug Trafficking,0,2011,2
E01000240,Barnet,Violence Against the Person,Assault with Injury,0,2010,2
E01003104,Lambeth,Drugs,Other Drugs,0,2013,8
E01002143,Harrow,Violence Against the Person,Other violence,0,2012,8
E01004104,Sutton,Other Notifiable Offences,Other Notifiable,0,2015,6
E01004541,Wandsworth,Other Notifiable Offences,Going Equipped,0,2009,6
E01004405,Waltham Forest,Burglary,Burglary in a Dwelling,1,2012,6
E01002493,Hillingdon,Violence Against the Person,Common Assault,0,2013,8
E01001167,Croydon,Theft and Handling,Handling Stolen Goods,0,2010,8
E01001280,Ealing,Theft and Handling,Theft/Taking Of Motor Vehicle,0,2010,7
E01000952,Camden,Violence Against the Person,Harassment,0,2015,3
E01003216,Lewisham,Theft and Handling,Theft From Shops,0,2015,7
E01001882,Hammersmith and Fulham,Robbery,Business Property,0,2016,3
E01001169,Croydon,Robbery,Business Property,0,2016,3
E01002896,Kensington and Chelsea,Other Notifiable Offences,Going Equipped,0,2012,7
E01001031,Croydon,Theft and Handling,Other Theft,1,2011,8
E01000337,Bexley,Criminal Damage,Criminal Damage To Other Building,0,2013,6
E01001598,Greenwich,Criminal Damage,Criminal Damage To Dwelling,1,2008,6
E01002280,Havering,Violence Against the Person,Wounding/GBH,0,2016,10
E01004034,Southwark,Robbery,Personal Property,0,2009,11
E01002069,Haringey,Other Notifiable Offences,Other Notifiable,0,2011,12
E01001786,Hackney,Robbery,Business Property,1,2013,10
E01002142,Harrow,Drugs,Drug Trafficking,0,2009,9
E01001502,Enfield,Violence Against the Person,Other violence,2,2014,2
E01002715,Islington,Criminal Damage,Criminal Damage To Dwelling,2,2008,12
E01000721,Bromley,Violence Against the Person,Common Assault,0,2015,1
E01032778,Tower Hamlets,Drugs,Possession Of Drugs,0,2010,1
E01004047,Southwark,Burglary,Burglary in a Dwelling,0,2010,7
E01002579,Hounslow,Criminal Damage,Criminal Damage To Other Building,0,2015,3
E01001236,Ealing,Drugs,Possession Of Drugs,0,2013,9
E01003413,Merton,Theft and Handling,Other Theft Person,1,2013,9
E01001998,Haringey,Theft and Handling,Theft/Taking Of Motor Vehicle,1,2016,1
E01000038,Barking and Dagenham,Drugs,Possession Of Drugs,0,2008,4
E01002238,Harrow,Robbery,Business Property,0,2011,10
E01000130,Barnet,Theft and Handling,Theft/Taking Of Motor Vehicle,0,2011,4
E01004027,Southwark,Criminal Damage,Criminal Damage To Dwelling,0,2008,10
E01001713,Greenwich,Theft and Handling,Other Theft,0,2008,4
E01000927,Camden,Drugs,Possession Of Drugs,2,2015,11
E01004426,Waltham Forest,Violence Against the Person,Common Assault,1,2016,3
E01000414,Bexley,Criminal Damage,Criminal Damage To Dwelling,0,2008,9
E01004281,Tower Hamlets,Violence Against the Person,Offensive Weapon,0,2014,9
E01001362,Ealing,Criminal Damage,Criminal Damage To Dwelling,0,2009,2
E01004579,Wandsworth,Violence Against the Person,Assault with Injury,0,2015,7
E01001294,Ealing,Criminal Damage,Criminal Damage To Other Building,0,2010,10
E01004334,Waltham Forest,Theft and Handling,Theft From Motor Vehicle,1,2016,1
E01003414,Merton,Violence Against the Person,Harassment,0,2012,2
E01000642,Brent,Violence Against the Person,Other violence,1,2012,8
E01002385,Havering,Sexual Offences,Other Sexual,0,2012,9
E01000850,Camden,Theft and Handling,Theft/Taking Of Motor Vehicle,0,2010,2
E01004498,Wandsworth,Burglary,Burglary in Other Buildings,0,2008,1
E01003666,Redbridge,Violence Against the Person,Common Assault,0,2015,7
E01000991,Croydon,Theft and Handling,Theft/Taking Of Motor Vehicle,0,2010,10
E01002460,Hillingdon,Robbery,Personal Property,0,2011,1
E01001829,Hackney,Other Notifiable Offences,Going Equipped,0,2013,1
E01000022,Barking and Dagenham,Violence Against the Person,Harassment,1,2010,7
E01004468,Waltham Forest,Criminal Damage,Criminal Damage To Dwelling,0,2015,4
E01002011,Haringey,Criminal Damage,Criminal Damage To Motor Vehicle,0,2011,3
E01003211,Lewisham,Theft and Handling,Theft/Taking of Pedal Cycle,0,2012,3
E01004710,Westminster,Criminal Damage,Criminal Damage To Other Building,1,2011,5
E01001133,Croydon,Violence Against the Person,Assault with Injury,0,2013,1
E01004089,Sutton,Criminal Damage,Criminal Damage To Motor Vehicle,1,2013,11
E01000692,Bromley,Violence Against the Person,Offensive Weapon,0,2014,6
E01001346,Ealing,Theft and Handling,Theft/Taking of Pedal Cycle,0,2011,2
E01001175,Croydon,Sexual Offences,Rape,0,2015,12
E01002972,Kingston upon Thames,Theft and Handling,Motor Vehicle Interference & Tampering,0,2012,5
E01004428,Waltham Forest,Violence Against the Person,Harassment,0,2011,9
E01003695,Redbridge,Criminal Damage,Criminal Damage To Other Building,0,2013,2
E01003333,Lewisham,Violence Against the Person,Assault with Injury,1,2009,12
E01004569,Wandsworth,Criminal Damage,Criminal Damage To Motor Vehicle,0,2016,5
E01000501,Brent,Theft and Handling,Other Theft Person,0,2014,5
E01002050,Haringey,Violence Against the Person,Wounding/GBH,0,2011,3
E01001327,Ealing,Violence Against the Person,Harassment,2,2014,6
E01001006,Croydon,Fraud or Forgery,Counted per Victim,0,2010,9
E01000952,Camden,Theft and Handling,Theft/Taking Of Motor Vehicle,0,2012,2
E01002417,Hillingdon,Drugs,Drug Trafficking,0,2009,11
E01033596,Westminster,Violence Against the Person,Wounding/GBH,4,2014,5
E01002598,Hounslow,Theft and Handling,Theft From Shops,0,2008,3
E01003344,Lewisham,Violence Against the Person,Offensive Weapon,0,2008,2
E01000375,Bexley,Criminal Damage,Criminal Damage To Motor Vehicle,0,2014,3
E01033100,Wandsworth,Other Notifiable Offences,Other Notifiable,0,2008,6
E01002358,Havering,Other Notifiable Offences,Other Notifiable,0,2014,9
E01000972,Camden,Theft and Handling,Theft/Taking of Pedal Cycle,1,2016,9
E01001012,Croydon,Violence Against the Person,Assault with Injury,4,2013,11
E01002977,Kingston upon Thames,Theft and Handling,Other Theft Person,0,2011,3
E01003656,Redbridge,Theft and Handling,Theft From Motor Vehicle,0,2014,5
E01004383,Waltham Forest,Theft and Handling,Theft From Motor Vehicle,0,2011,9
E01000968,Camden,Theft and Handling,Other Theft Person,0,2014,2
E01002758,Islington,Violence Against the Person,Assault with Injury,5,2010,5
E01003297,Lewisham,Theft and Handling,Other Theft Person,0,2012,2
E01003895,Richmond upon Thames,Criminal Damage,Criminal Damage To Other Building,0,2010,3
E01003206,Lewisham,Theft and Handling,Theft From Motor Vehicle,0,2016,12
E01003355,Merton,Theft and Handling,Theft From Shops,0,2015,2
E01003927,Southwark,Violence Against the Person,Harassment,3,2013,6
E01003460,Merton,Violence Against the Person,Other violence,0,2016,8
E01000122,Barnet,Theft and Handling,Theft From Motor Vehicle,5,2008,3
E01003921,Southwark,Drugs,Other Drugs,0,2008,2
E01004147,Sutton,Theft and Handling,Other Theft,0,2016,6
E01001363,Ealing,Violence Against the Person,Other violence,0,2013,11
E01000098,Barking and Dagenham,Fraud or Forgery,Counted per Victim,0,2015,4
E01002586,Hounslow,Robbery,Business Property,0,2015,7
E01002881,Kensington and Chelsea,Violence Against the Person,Other violence,0,2016,9
E01002176,Harrow,Theft and Handling,Theft From Motor Vehicle,1,2011,10
E01004374,Waltham Forest,Theft and Handling,Other Theft Person,1,2015,10
E01001194,Croydon,Violence Against the Person,Murder,0,2015,9
E01000374,Bexley,Criminal Damage,Criminal Damage To Other Building,0,2008,4
E01001131,Croydon,Burglary,Burglary in Other Buildings,0,2008,6
E01002045,Haringey,Violence Against the Person,Assault with Injury,1,2014,4
E01000353,Bexley,Theft and Handling,Theft From Shops,0,2008,7
E01001567,Enfield,Robbery,Personal Property,0,2011,1
E01001756,Hackney,Theft and Handling,Theft From Shops,0,2013,4
E01032581,Redbridge,Theft and Handling,Handling Stolen Goods,0,2013,3
E01001815,Hackney,Theft and Handling,Other Theft,0,2010,1
E01001235,Ealing,Theft and Handling,Theft/Taking Of Motor Vehicle,0,2011,9
E01003586,Newham,Other Notifiable Offences,Other Notifiable,0,2013,12
E01002150,Harrow,Criminal Damage,Criminal Damage To Dwelling,0,2011,2
E01001468,Enfield,Violence Against the Person,Other violence,0,2013,12
E01003064,Lambeth,Other Notifiable Offences,Other Notifiable,0,2010,9
E01003149,Lambeth,Theft and Handling,Theft/Taking Of Motor Vehicle,1,2013,11
E01002754,Islington,Criminal Damage,Criminal Damage To Dwelling,0,2016,5
E01001271,Ealing,Violence Against the Person,Common Assault,1,2016,10
E01003799,Richmond upon Thames,Robbery,Personal Property,0,2012,5
E01004761,Westminster,Burglary,Burglary in a Dwelling,1,2011,6
E01003364,Merton,Violence Against the Person,Assault with Injury,1,2011,5
E01003216,Lewisham,Other Notifiable Offences,Going Equipped,0,2011,5
E01000051,Barking and Dagenham,Violence Against the Person,Other violence,0,2016,11
E01001876,Hammersmith and Fulham,Violence Against the Person,Harassment,3,2015,5
E01003174,Lambeth,Criminal Damage,Criminal Damage To Dwelling,0,2013,1
E01001384,Ealing,Other Notifiable Offences,Other Notifiable,0,2013,8
E01001484,Enfield,Theft and Handling,Theft From Shops,0,2013,3
E01003884,Richmond upon Thames,Violence Against the Person,Other violence,0,2013,5
E01001393,Enfield,Criminal Damage,Criminal Damage To Other Building,0,2009,6
E01003288,Lewisham,Theft and Handling,Theft From Shops,1,2009,11
E01003019,Lambeth,Violence Against the Person,Wounding/GBH,1,2014,10
E01003120,Lambeth,Theft and Handling,Other Theft,3,2016,11
E01004613,Wandsworth,Robbery,Business Property,0,2010,6
E01000343,Bexley,Theft and Handling,Other Theft Person,0,2014,9
E01000350,Bexley,Criminal Damage,Other Criminal Damage,0,2009,10
E01000415,Bexley,Theft and Handling,Other Theft,0,2011,9
E01000324,Barnet,Theft and Handling,Other Theft,1,2012,9
E01002748,Islington,Theft and Handling,Other Theft Person,1,2014,3
E01004482,Wandsworth,Violence Against the Person,Other violence,0,2012,5
E01033736,Greenwich,Theft and Handling,Theft From Motor Vehicle,0,2013,6
E01001432,Enfield,Violence Against the Person,Common Assault,1,2016,9
E01001390,Enfield,Drugs,Drug Trafficking,0,2013,7
E01004371,Waltham Forest,Theft and Handling,Theft/Taking Of Motor Vehicle,0,2011,5
E01000289,Barnet,Violence Against the Person,Murder,0,2013,4
E01001684,Greenwich,Criminal Damage,Criminal Damage To Motor Vehicle,0,2016,5
E01032574,Enfield,Theft and Handling,Handling Stolen Goods,0,2015,5
E01001699,Greenwich,Theft and Handling,Theft From Motor Vehicle,0,2016,10
E01001358,Ealing,Theft and Handling,Theft/Taking Of Motor Vehicle,0,2016,12
E01002960,Kingston upon Thames,Burglary,Burglary in Other Buildings,1,2009,9
E01001359,Ealing,Theft and Handling,Theft From Shops,0,2012,8
E01001458,Enfield,Burglary,Burglary in a Dwelling,2,2009,10
E01000048,Barking and Dagenham,Violence Against the Person,Offensive Weapon,0,2008,8
E01004251,Tower Hamlets,Theft and Handling,Theft From Motor Vehicle,3,2008,11
E01002273,Havering,Theft and Handling,Other Theft,0,2014,5
E01000525,Brent,Violence Against the Person,Common Assault,1,2010,7
E01001699,Greenwich,Violence Against the Person,Harassment,0,2013,2
E01003884,Richmond upon Thames,Criminal Damage,Criminal Damage To Motor Vehicle,0,2016,4
E01002749,Islington,Theft and Handling,Theft From Shops,1,2009,2
E01002812,Kensington and Chelsea,Violence Against the Person,Harassment,0,2015,7
E01002296,Havering,Theft and Handling,Theft From Motor Vehicle,1,2016,4
E01003030,Lambeth,Theft and Handling,Other Theft,2,2008,3
E01000334,Bexley,Drugs,Drug Trafficking,0,2015,9
E01004542,Wandsworth,Criminal Damage,Criminal Damage To Motor Vehicle,0,2013,12
E01001377,Ealing,Violence Against the Person,Harassment,0,2014,4
E01001531,Enfield,Theft and Handling,Motor Vehicle Interference & Tampering,0,2010,11
E01003033,Lambeth,Criminal Damage,Other Criminal Damage,0,2010,11
E01004515,Wandsworth,Violence Against the Person,Other violence,0,2012,3
E01001678,Greenwich,Robbery,Business Property,0,2010,4
E01000867,Camden,Violence Against the Person,Common Assault,2,2012,2
E01003776,Redbridge,Theft and Handling,Handling Stolen Goods,0,2008,11
E01001903,Hammersmith and Fulham,Burglary,Burglary in a Dwelling,3,2008,7
E01000146,Barnet,Burglary,Burglary in Other Buildings,0,2009,9
E01001596,Greenwich,Criminal Damage,Criminal Damage To Dwelling,0,2016,8
E01000557,Brent,Burglary,Burglary in a Dwelling,1,2015,12
E01003219,Lewisham,Theft and Handling,Theft/Taking of Pedal Cycle,0,2012,11
E01002129,Harrow,Theft and Handling,Theft From Shops,10,2011,7
E01001989,Haringey,Burglary,Burglary in a Dwelling,3,2010,1
E01003318,Lewisham,Criminal Damage,Other Criminal Damage,2,2014,10
E01002206,Harrow,Robbery,Business Property,0,2015,10
E01002234,Harrow,Robbery,Business Property,0,2010,9
E01004270,Tower Hamlets,Criminal Damage,Criminal Damage To Other Building,0,2014,9
E01002455,Hillingdon,Other Notifiable Offences,Other Notifiable,0,2012,11
E01000521,Brent,Burglary,Burglary in a Dwelling,7,2009,9
E01003013,Lambeth,Violence Against the Person,Assault with Injury,5,2014,3
E01002214,Harrow,Robbery,Business Property,0,2011,7
E01004255,Tower Hamlets,Theft and Handling,Other Theft Person,0,2015,3
E01004484,Wandsworth,Theft and Handling,Handling Stolen Goods,0,2014,4
E01003600,Newham,Theft and Handling,Theft From Motor Vehicle,0,2016,10
E01004728,Westminster,Other Notifiable Offences,Other Notifiable,0,2012,8
E01003261,Lewisham,Violence Against the Person,Offensive Weapon,0,2015,4
E01003537,Newham,Criminal Damage,Criminal Damage To Motor Vehicle,1,2011,2
E01003450,Merton,Criminal Damage,Criminal Damage To Dwelling,0,2010,2
E01004004,Southwark,Theft and Handling,Other Theft,5,2012,8
E01000291,Barnet,Theft and Handling,Other Theft,0,2015,12
E01001517,Enfield,Violence Against the Person,Offensive Weapon,0,2015,10
E01003848,Richmond upon Thames,Violence Against the Person,Other violence,0,2010,5
E01001838,Hackney,Fraud or Forgery,Counted per Victim,0,2008,6
E01033726,Greenwich,Violence Against the Person,Other violence,0,2008,4
E01001653,Greenwich,Theft and Handling,Motor Vehicle Interference & Tampering,0,2008,6
E01004709,Westminster,Other Notifiable Offences,Going Equipped,0,2016,1
E01001542,Enfield,Theft and Handling,Theft From Motor Vehicle,2,2012,12
E01001937,Hammersmith and Fulham,Criminal Damage,Criminal Damage To Other Building,2,2012,5
E01000360,Bexley,Other Notifiable Offences,Other Notifiable,0,2010,1
E01003603,Newham,Theft and Handling,Theft/Taking Of Motor Vehicle,0,2009,2
E01003606,Newham,Theft and Handling,Motor Vehicle Interference & Tampering,0,2009,8
E01001581,Greenwich,Theft and Handling,Theft From Motor Vehicle,1,2013,12
E01003252,Lewisham,Theft and Handling,Theft From Shops,0,2013,1
E01000741,Bromley,Theft and Handling,Other Theft,2,2012,7
E01002438,Hillingdon,Drugs,Possession Of Drugs,0,2013,9
E01000781,Bromley,Theft and Handling,Theft/Taking Of Motor Vehicle,0,2009,10
E01032768,Tower Hamlets,Criminal Damage,Other Criminal Damage,0,2015,9
E01004688,Westminster,Violence Against the Person,Other violence,0,2014,6
E01004363,Waltham Forest,Theft and Handling,Theft/Taking Of Motor Vehicle,0,2016,12
E01000604,Brent,Criminal Damage,Criminal Damage To Motor Vehicle,1,2009,2
E01003821,Richmond upon Thames,Other Notifiable Offences,Other Notifiable,0,2015,12
E01003126,Lambeth,Other Notifiable Offences,Other Notifiable,0,2012,5
E01001632,Greenwich,Violence Against the Person,Wounding/GBH,0,2014,5
E01000862,Camden,Violence Against the Person,Wounding/GBH,0,2011,2
E01002075,Haringey,Violence Against the Person,Assault with Injury,0,2014,1
E01002962,Kingston upon Thames,Violence Against the Person,Common Assault,1,2016,9
E01000145,Barnet,Burglary,Burglary in a Dwelling,1,2016,2
E01002970,Kingston upon Thames,Theft and Handling,Other Theft,0,2016,7
E01004509,Wandsworth,Violence Against the Person,Wounding/GBH,0,2016,5
E01002600,Hounslow,Violence Against the Person,Wounding/GBH,0,2015,10
E01000073,Barking and Dagenham,Burglary,Burglary in Other Buildings,0,2009,1
E01001476,Enfield,Robbery,Personal Property,1,2008,4
E01000292,Barnet,Theft and Handling,Other Theft,2,2010,7
E01001043,Croydon,Theft and Handling,Theft/Taking of Pedal Cycle,1,2010,6
E01001833,Hackney,Burglary,Burglary in Other Buildings,1,2015,7
E01000743,Bromley,Robbery,Business Property,0,2016,10
E01001253,Ealing,Theft and Handling,Theft/Taking Of Motor Vehicle,0,2011,11
E01002133,Harrow,Burglary,Burglary in a Dwelling,2,2010,12
E01000127,Barnet,Violence Against the Person,Assault with Injury,1,2012,1
E01002641,Hounslow,Theft and Handling,Motor Vehicle Interference & Tampering,0,2011,11
E01002689,Hounslow,Other Notifiable Offences,Other Notifiable,0,2013,4
E01032776,Tower Hamlets,Theft and Handling,Other Theft,1,2016,12
E01001825,Hackney,Theft and Handling,Motor Vehicle Interference & Tampering,0,2016,6
E01003321,Lewisham,Drugs,Possession Of Drugs,0,2012,2
E01004574,Wandsworth,Robbery,Business Property,0,2010,2
E01000455,Bexley,Theft and Handling,Theft/Taking of Pedal Cycle,0,2014,3
E01002218,Harrow,Drugs,Drug Trafficking,0,2011,8
E01000881,Camden,Theft and Handling,Theft From Shops,0,2016,12
E01004749,Westminster,Violence Against the Person,Harassment,3,2012,5
E01002326,Havering,Theft and Handling,Other Theft,5,2011,12
E01001053,Croydon,Robbery,Business Property,0,2012,4
E01003099,Lambeth,Violence Against the Person,Wounding/GBH,1,2011,9
E01002696,Islington,Criminal Damage,Other Criminal Damage,1,2016,6
E01004047,Southwark,Robbery,Personal Property,0,2009,2
E01002284,Havering,Burglary,Burglary in a Dwelling,2,2010,10
E01004411,Waltham Forest,Theft and Handling,Other Theft Person,1,2016,8
E01003464,Merton,Violence Against the Person,Offensive Weapon,0,2010,1
E01002564,Hounslow,Criminal Damage,Criminal Damage To Motor Vehicle,0,2010,8
E01000308,Barnet,Criminal Damage,Other Criminal Damage,0,2009,11
E01002835,Kensington and Chelsea,Burglary,Burglary in Other Buildings,0,2009,4
E01000072,Barking and Dagenham,Theft and Handling,Theft/Taking Of Motor Vehicle,1,2015,12
E01003894,Richmond upon Thames,Criminal Damage,Criminal Damage To Motor Vehicle,0,2011,4
E01003313,Lewisham,Fraud or Forgery,Counted per Victim,0,2015,12
E01004593,Wandsworth,Violence Against the Person,Other violence,0,2012,9
E01002789,Islington,Theft and Handling,Handling Stolen Goods,0,2009,3
E01004645,Wandsworth,Violence Against the Person,Common Assault,0,2011,12
E01004436,Waltham Forest,Theft and Handling,Other Theft Person,0,2016,6
E01004269,Tower Hamlets,Drugs,Drug Trafficking,0,2010,4
E01002303,Havering,Violence Against the Person,Assault with Injury,0,2008,10
E01004731,Westminster,Violence Against the Person,Common Assault,3,2008,1
E01004167,Sutton,Other Notifiable Offences,Other Notifiable,0,2013,3
E01003453,Merton,Violence Against the Person,Common Assault,0,2014,2
E01004239,Tower Hamlets,Violence Against the Person,Offensive Weapon,0,2010,1
E01003851,Richmond upon Thames,Theft and Handling,Theft/Taking Of Motor Vehicle,1,2013,5
E01001502,Enfield,Violence Against the Person,Harassment,0,2008,7
E01000716,Bromley,Violence Against the Person,Wounding/GBH,0,2008,10
E01002294,Havering,Violence Against the Person,Other violence,0,2010,5
E01001597,Greenwich,Drugs,Drug Trafficking,0,2014,11
E01000388,Bexley,Theft and Handling,Theft From Motor Vehicle,0,2008,2
E01001283,Ealing,Violence Against the Person,Offensive Weapon,0,2008,5
E01004737,Westminster,Drugs,Drug Trafficking,0,2009,6
E01002983,Kingston upon Thames,Criminal Damage,Criminal Damage To Motor Vehicle,0,2009,9
E01000610,Brent,Drugs,Drug Trafficking,0,2008,6
E01002845,Kensington and Chelsea,Criminal Damage,Criminal Damage To Dwelling,0,2013,3
E01003051,Lambeth,Criminal Damage,Criminal Damage To Other Building,0,2015,6
E01002061,Haringey,Violence Against the Person,Wounding/GBH,0,2013,9
E01000553,Brent,Burglary,Burglary in Other Buildings,0,2014,10
E01001986,Haringey,Criminal Damage,Other Criminal Damage,0,2013,8
E01001382,Ealing,Violence Against the Person,Wounding/GBH,0,2013,6
E01002236,Harrow,Violence Against the Person,Wounding/GBH,0,2009,12
E01001022,Croydon,Drugs,Possession Of Drugs,0,2011,5
E01033726,Greenwich,Violence Against the Person,Assault with Injury,3,2014,9
E01002415,Hillingdon,Robbery,Business Property,0,2013,12
E01003417,Merton,Drugs,Drug Trafficking,0,2008,12
E01000005,City of London,Theft and Handling,Other Theft Person,0,2011,12
E01000479,Brent,Criminal Damage,Criminal Damage To Dwelling,0,2012,3
E01002206,Harrow,Theft and Handling,Other Theft,0,2013,3
E01004253,Tower Hamlets,Violence Against the Person,Wounding/GBH,0,2010,10
E01003138,Lambeth,Violence Against the Person,Common Assault,0,2012,5
E01033607,Westminster,Theft and Handling,Theft From Motor Vehicle,0,2011,8
E01004119,Sutton,Burglary,Burglary in a Dwelling,0,2009,2
E01001227,Ealing,Robbery,Personal Property,1,2011,8
E01004183,Sutton,Theft and Handling,Motor Vehicle Interference & Tampering,0,2008,5
E01001248,Ealing,Theft and Handling,Motor Vehicle Interference & Tampering,0,2008,8
E01001337,Ealing,Burglary,Burglary in a Dwelling,0,2015,3
E01000947,Camden,Other Notifiable Offences,Other Notifiable,1,2008,12
E01002220,Harrow,Theft and Handling,Theft From Motor Vehicle,0,2008,11
E01002764,Islington,Other Notifiable Offences,Other Notifiable,0,2016,12
E01004044,Southwark,Robbery,Personal Property,2,2008,11
E01000832,Bromley,Robbery,Personal Property,0,2011,4
E01004418,Waltham Forest,Theft and Handling,Theft/Taking of Pedal Cycle,0,2013,1
E01004463,Waltham Forest,Criminal Damage,Criminal Damage To Dwelling,1,2012,4
E01001411,Enfield,Violence Against the Person,Murder,0,2012,11
E01001306,Ealing,Violence Against the Person,Offensive Weapon,0,2016,6
E01000480,Brent,Drugs,Possession Of Drugs,0,2013,2
E01000206,Barnet,Robbery,Personal Property,0,2015,10
E01002290,Havering,Violence Against the Person,Harassment,0,2012,12
E01003526,Newham,Criminal Damage,Criminal Damage To Motor Vehicle,1,2015,8
E01000955,Camden,Robbery,Personal Property,0,2013,6
E01004642,Wandsworth,Theft and Handling,Theft From Shops,0,2015,12
E01000454,Bexley,Theft and Handling,Other Theft,0,2014,5
E01000583,Brent,Burglary,Burglary in a Dwelling,1,2012,7
E01004698,Westminster,Theft and Handling,Theft From Shops,0,2010,7
E01004018,Southwark,Criminal Damage,Criminal Damage To Dwelling,0,2012,8
E01004752,Westminster,Violence Against the Person,Offensive Weapon,0,2015,2
E01001327,Ealing,Criminal Damage,Criminal Damage To Other Building,0,2016,9
E01001948,Hammersmith and Fulham,Theft and Handling,Handling Stolen Goods,0,2008,3
E01001032,Croydon,Violence Against the Person,Common Assault,0,2011,9
E01002906,Kensington and Chelsea,Criminal Damage,Criminal Damage To Motor Vehicle,0,2014,1
E01004015,Southwark,Other Notifiable Offences,Other Notifiable,0,2011,9
E01003697,Redbridge,Theft and Handling,Other Theft Person,0,2009,9
E01002292,Havering,Violence Against the Person,Common Assault,2,2012,1
E01002836,Kensington and Chelsea,Criminal Damage,Criminal Damage To Motor Vehicle,3,2012,1
E01003659,Redbridge,Criminal Damage,Criminal Damage To Other Building,0,2015,9
E01001054,Croydon,Burglary,Burglary in a Dwelling,2,2009,3
E01000174,Barnet,Criminal Damage,Criminal Damage To Other Building,0,2012,3
E01001649,Greenwich,Burglary,Burglary in Other Buildings,0,2009,8
E01001601,Greenwich,Robbery,Business Property,0,2012,12
E01003353,Lewisham,Fraud or Forgery,Counted per Victim,0,2009,7
E01002187,Harrow,Theft and Handling,Other Theft,0,2008,5
E01003913,Southwark,Drugs,Possession Of Drugs,2,2014,8
E01000616,Brent,Other Notifiable Offences,Going Equipped,0,2013,6
E01001043,Croydon,Drugs,Possession Of Drugs,11,2010,9
E01002351,Havering,Other Notifiable Offences,Other Notifiable,0,2011,9
E01000903,Camden,Theft and Handling,Theft/Taking Of Motor Vehicle,0,2011,12
E01000507,Brent,Violence Against the Person,Assault with Injury,1,2010,6
E01003184,Lambeth,Drugs,Other Drugs,0,2014,2
E01001165,Croydon,Drugs,Drug Trafficking,0,2015,4
E01002779,Islington,Robbery,Personal Property,0,2016,10
E01002797,Islington,Robbery,Personal Property,2,2008,2
E01001884,Hammersmith and Fulham,Criminal Damage,Criminal Damage To Other Building,0,2008,3
E01002366,Havering,Violence Against the Person,Harassment,0,2008,12
E01003432,Merton,Criminal Damage,Other Criminal Damage,1,2010,4
E01004687,Westminster,Theft and Handling,Other Theft,4,2012,4
E01000866,Camden,Violence Against the Person,Harassment,2,2010,11
E01002095,Haringey,Criminal Damage,Criminal Damage To Dwelling,1,2012,10
E01003557,Newham,Violence Against the Person,Offensive Weapon,0,2013,11
E01002069,Haringey,Violence Against the Person,Wounding/GBH,1,2010,5
E01001115,Croydon,Robbery,Personal Property,3,2011,8
E01001327,Ealing,Violence Against the Person,Other violence,0,2010,12
E01004401,Waltham Forest,Theft and Handling,Handling Stolen Goods,0,2010,5
E01004354,Waltham Forest,Criminal Damage,Criminal Damage To Other Building,0,2015,5
E01000171,Barnet,Criminal Damage,Criminal Damage To Motor Vehicle,0,2014,9
E01001433,Enfield,Theft and Handling,Theft From Shops,0,2013,9
E01002352,Havering,Violence Against the Person,Wounding/GBH,0,2008,11
E01002122,Harrow,Theft and Handling,Theft/Taking Of Motor Vehicle,0,2013,9
E01002612,Hounslow,Drugs,Possession Of Drugs,1,2013,4
E01002930,Kingston upon Thames,Violence Against the Person,Assault with Injury,1,2010,11
E01002261,Havering,Theft and Handling,Theft From Motor Vehicle,0,2012,3
E01032786,Tower Hamlets,Criminal Damage,Criminal Damage To Motor Vehicle,0,2010,9
E01004676,Westminster,Criminal Damage,Other Criminal Damage,1,2012,2
E01004072,Southwark,Violence Against the Person,Harassment,2,2008,7
E01003354,Lewisham,Violence Against the Person,Common Assault,0,2010,3
E01003990,Southwark,Violence Against the Person,Murder,0,2009,12
E01002598,Hounslow,Fraud or Forgery,Counted per Victim,0,2016,2
E01000745,Bromley,Drugs,Drug Trafficking,0,2013,8
E01002442,Hillingdon,Criminal Damage,Criminal Damage To Dwelling,0,2016,6
E01002950,Kingston upon Thames,Violence Against the Person,Other violence,0,2015,4
E01002737,Islington,Other Notifiable Offences,Going Equipped,0,2015,1
E01002774,Islington,Violence Against the Person,Wounding/GBH,1,2016,11
E01000455,Bexley,Theft and Handling,Other Theft Person,0,2008,8
E01000692,Bromley,Theft and Handling,Theft/Taking Of Motor Vehicle,0,2008,2
E01000161,Barnet,Theft and Handling,Other Theft Person,1,2014,11
E01004146,Sutton,Criminal Damage,Criminal Damage To Other Building,0,2015,10
E01003929,Southwark,Theft and Handling,Theft From Shops,1,2015,4
E01002923,Kingston upon Thames,Other Notifiable Offences,Other Notifiable,0,2015,5
E01003181,Lambeth,Burglary,Burglary in Other Buildings,0,2011,10
E01003258,Lewisham,Burglary,Burglary in a Dwelling,2,2016,5
E01002113,Harrow,Drugs,Possession Of Drugs,0,2011,5
E01000518,Brent,Theft and Handling,Theft From Shops,0,2009,7
E01004540,Wandsworth,Violence Against the Person,Assault with Injury,0,2016,3
E01001242,Ealing,Burglary,Burglary in Other Buildings,0,2011,3
E01001280,Ealing,Other Notifiable Offences,Other Notifiable,0,2014,5
E01000210,Barnet,Theft and Handling,Other Theft Person,0,2014,1
E01001930,Hammersmith and Fulham,Theft and Handling,Theft From Motor Vehicle,2,2015,2
E01000319,Barnet,Burglary,Burglary in Other Buildings,0,2011,9
E01003297,Lewisham,Criminal Damage,Criminal Damage To Motor Vehicle,0,2011,10
E01004558,Wandsworth,Theft and Handling,Motor Vehicle Interference & Tampering,0,2016,1
E01002327,Havering,Violence Against the Person,Assault with Injury,0,2014,6
E01002001,Haringey,Robbery,Business Property,0,2009,8
E01000768,Bromley,Criminal Damage,Criminal Damage To Other Building,0,2010,6
E01002191,Harrow,Other Notifiable Offences,Other Notifiable,0,2010,6
E01002639,Hounslow,Theft and Handling,Theft/Taking of Pedal Cycle,0,2016,4
E01002267,Havering,Criminal Damage,Criminal Damage To Motor Vehicle,0,2013,12
E01003543,Newham,Criminal Damage,Criminal Damage To Motor Vehicle,0,2016,3
E01001751,Hackney,Burglary,Burglary in Other Buildings,0,2016,5
E01003975,Southwark,Robbery,Personal Property,1,2011,4
E01033600,Westminster,Violence Against the Person,Assault with Injury,0,2015,12
E01032775,Tower Hamlets,Criminal Damage,Criminal Damage To Motor Vehicle,0,2011,7
E01004178,Sutton,Other Notifiable Offences,Other Notifiable,0,2009,9
E01001168,Croydon,Violence Against the Person,Harassment,1,2015,11
E01000687,Bromley,Theft and Handling,Theft/Taking Of Motor Vehicle,0,2013,5
E01004356,Waltham Forest,Criminal Damage,Other Criminal Damage,0,2014,2
E01004581,Wandsworth,Violence Against the Person,Other violence,0,2014,5
E01004560,Wandsworth,Violence Against the Person,Common Assault,0,2009,11
E01002877,Kensington and Chelsea,Robbery,Personal Property,2,2015,12
E01002346,Havering,Criminal Damage,Criminal Damage To Motor Vehicle,2,2012,12
E01001395,Enfield,Other Notifiable Offences,Going Equipped,0,2013,1
E01001952,Hammersmith and Fulham,Violence Against the Person,Offensive Weapon,0,2009,1
E01000576,Brent,Burglary,Burglary in Other Buildings,1,2016,8
E01000111,Barking and Dagenham,Burglary,Burglary in Other Buildings,0,2011,10
E01003746,Redbridge,Violence Against the Person,Other violence,0,2016,12
E01004327,Waltham Forest,Violence Against the Person,Offensive Weapon,0,2010,3
E01002151,Harrow,Burglary,Burglary in a Dwelling,0,2010,3
E01003010,Kingston upon Thames,Theft and Handling,Motor Vehicle Interference & Tampering,0,2008,6
E01033607,Westminster,Violence Against the Person,Assault with Injury,0,2016,2
E01000743,Bromley,Theft and Handling,Motor Vehicle Interference & Tampering,0,2013,10
E01001555,Enfield,Violence Against the Person,Wounding/GBH,0,2014,7
E01003706,Redbridge,Violence Against the Person,Harassment,0,2008,10
E01000636,Brent,Violence Against the Person,Other violence,0,2015,12
E01000232,Barnet,Theft and Handling,Theft From Motor Vehicle,0,2012,1
E01004500,Wandsworth,Theft and Handling,Theft/Taking Of Motor Vehicle,1,2012,2
E01033082,Hounslow,Criminal Damage,Criminal Damage To Dwelling,0,2014,2
E01000054,Barking and Dagenham,Theft and Handling,Theft/Taking of Pedal Cycle,0,2015,8
E01000482,Brent,Violence Against the Person,Harassment,3,2010,9
E01032803,Southwark,Drugs,Drug Trafficking,0,2015,3
E01002477,Hillingdon,Criminal Damage,Criminal Damage To Other Building,0,2016,5
E01000249,Barnet,Robbery,Business Property,0,2009,7
E01002852,Kensington and Chelsea,Burglary,Burglary in Other Buildings,1,2015,5
E01000377,Bexley,Violence Against the Person,Assault with Injury,0,2012,11
E01003348,Lewisham,Theft and Handling,Theft From Motor Vehicle,0,2012,11
E01001439,Enfield,Drugs,Other Drugs,0,2016,10
E01002704,Islington,Other Notifiable Offences,Other Notifiable,2,2008,6
E01001565,Enfield,Criminal Damage,Other Criminal Damage,0,2010,8
E01004498,Wandsworth,Violence Against the Person,Other violence,0,2015,1
E01002098,Haringey,Violence Against the Person,Harassment,1,2012,3
E01003647,Redbridge,Criminal Damage,Other Criminal Damage,0,2015,7
E01000725,Bromley,Violence Against the Person,Offensive Weapon,0,2011,10
E01002460,Hillingdon,Criminal Damage,Other Criminal Damage,2,2010,7
E01004543,Wandsworth,Drugs,Possession Of Drugs,0,2010,6
E01000491,Brent,Robbery,Business Property,0,2010,4
E01032581,Redbridge,Drugs,Possession Of Drugs,0,2013,8
E01003201,Lewisham,Fraud or Forgery,Counted per Victim,0,2015,7
E01004742,Westminster,Drugs,Other Drugs,0,2016,8
E01003069,Lambeth,Theft and Handling,Theft From Shops,0,2015,10
E01000077,Barking and Dagenham,Criminal Damage,Criminal Damage To Dwelling,0,2016,6
E01004194,Sutton,Theft and Handling,Other Theft Person,0,2010,9
E01004409,Waltham Forest,Burglary,Burglary in a Dwelling,4,2010,5
E01001237,Ealing,Criminal Damage,Other Criminal Damage,0,2015,1
E01003261,Lewisham,Theft and Handling,Theft/Taking Of Motor Vehicle,0,2008,7
E01004640,Wandsworth,Criminal Damage,Criminal Damage To Dwelling,0,2008,2
E01004762,Westminster,Robbery,Business Property,0,2013,8
E01000008,Barking and Dagenham,Theft and Handling,Theft/Taking Of Motor Vehicle,0,2013,1
E01000417,Bexley,Theft and Handling,Theft/Taking Of Motor Vehicle,1,2014,10
E01004083,Sutton,Robbery,Personal Property,0,2016,3
E01001524,Enfield,Violence Against the Person,Other violence,0,2010,10
E01004342,Waltham Forest,Sexual Offences,Rape,0,2016,9
E01001958,Hammersmith and Fulham,Burglary,Burglary in Other Buildings,0,2011,12
E01002351,Havering,Violence Against the Person,Harassment,8,2016,6
E01001750,Hackney,Criminal Damage,Other Criminal Damage,0,2013,1
E01001705,Greenwich,Criminal Damage,Criminal Damage To Dwelling,0,2014,5
E01002742,Islington,Criminal Damage,Criminal Damage To Motor Vehicle,0,2011,10
E01003411,Merton,Theft and Handling,Theft/Taking of Pedal Cycle,0,2012,7
E01000407,Bexley,Burglary,Burglary in Other Buildings,0,2013,4
E01001440,Enfield,Violence Against the Person,Other violence,0,2016,4
E01004200,Tower Hamlets,Theft and Handling,Theft From Motor Vehicle,1,2012,2
E01000938,Camden,Violence Against the Person,Wounding/GBH,0,2011,2
E01003632,Newham,Violence Against the Person,Common Assault,2,2013,1
E01003548,Newham,Theft and Handling,Theft/Taking of Pedal Cycle,0,2014,9
E01004359,Waltham Forest,Other Notifiable Offences,Other Notifiable,0,2010,7
E01004054,Southwark,Burglary,Burglary in Other Buildings,1,2008,8
E01003474,Merton,Criminal Damage,Other Criminal Damage,0,2015,12
E01003530,Newham,Burglary,Burglary in a Dwelling,0,2016,3
E01002155,Harrow,Violence Against the Person,Common Assault,0,2008,2
E01000806,Bromley,Criminal Damage,Criminal Damage To Dwelling,0,2008,4
E01000678,Bromley,Theft and Handling,Theft/Taking of Pedal Cycle,0,2011,3
E01000830,Bromley,Theft and Handling,Motor Vehicle Interference & Tampering,0,2014,12
E01003524,Newham,Violence Against the Person,Assault with Injury,1,2014,9
E01003098,Lambeth,Theft and Handling,Other Theft,1,2016,3
E01003609,Newham,Theft and Handling,Theft From Motor Vehicle,1,2014,5
E01000679,Bromley,Other Notifiable Offences,Going Equipped,0,2011,2
E01003597,Newham,Violence Against the Person,Common Assault,0,2010,2
E01001384,Ealing,Other Notifiable Offences,Other Notifiable,0,2013,10
E01001428,Enfield,Theft and Handling,Other Theft,1,2010,3
E01003408,Merton,Burglary,Burglary in a Dwelling,2,2015,11
E01000332,Bexley,Violence Against the Person,Assault with Injury,0,2011,7
E01003237,Lewisham,Burglary,Burglary in a Dwelling,2,2011,1
E01000809,Bromley,Criminal Damage,Criminal Damage To Motor Vehicle,0,2014,9
E01003893,Richmond upon Thames,Drugs,Possession Of Drugs,0,2013,6
E01004658,Westminster,Theft and Handling,Handling Stolen Goods,0,2010,1
E01003106,Lambeth,Theft and Handling,Theft/Taking Of Motor Vehicle,1,2015,9
E01003953,Southwark,Violence Against the Person,Offensive Weapon,1,2008,12
E01000698,Bromley,Theft and Handling,Theft From Shops,0,2013,3
E01001742,Hackney,Theft and Handling,Handling Stolen Goods,0,2014,2
E01003834,Richmond upon Thames,Other Notifiable Offences,Going Equipped,0,2015,10
E01003508,Newham,Theft and Handling,Other Theft,1,2009,9
E01002096,Haringey,Violence Against the Person,Wounding/GBH,1,2013,10
E01001776,Hackney,Theft and Handling,Theft/Taking of Pedal Cycle,0,2010,5
E01003733,Redbridge,Drugs,Other Drugs,0,2014,2
E01001392,Enfield,Violence Against the Person,Wounding/GBH,0,2009,8
E01001799,Hackney,Drugs,Possession Of Drugs,0,2008,11
E01001792,Hackney,Violence Against the Person,Other violence,0,2014,12
E01002348,Havering,Violence Against the Person,Harassment,0,2014,1
E01004701,Westminster,Criminal Damage,Criminal Damage To Motor Vehicle,0,2014,8
E01001575,Greenwich,Criminal Damage,Other Criminal Damage,0,2010,5
E01003484,Newham,Criminal Damage,Other Criminal Damage,0,2010,8
E01002764,Islington,Other Notifiable Offences,Other Notifiable,0,2008,12
E01004075,Southwark,Other Notifiable Offences,Other Notifiable,0,2014,5
E01000728,Bromley,Theft and Handling,Theft From Motor Vehicle,2,2015,1
E01003075,Lambeth,Theft and Handling,Theft/Taking of Pedal Cycle,0,2008,10
E01003085,Lambeth,Violence Against the Person,Other violence,0,2008,1
E01001339,Ealing,Violence Against the Person,Other violence,0,2016,4
E01002021,Haringey,Theft and Handling,Theft/Taking Of Motor Vehicle,1,2013,10
E01004741,Westminster,Theft and Handling,Theft From Motor Vehicle,0,2011,11
E01002297,Havering,Robbery,Personal Property,0,2014,9
E01000872,Camden,Theft and Handling,Other Theft,1,2014,11
E01004188,Sutton,Theft and Handling,Other Theft,0,2008,9
E01002348,Havering,Theft and Handling,Theft/Taking Of Motor Vehicle,1,2014,7
E01003886,Richmond upon Thames,Violence Against the Person,Wounding/GBH,0,2011,12
E01001916,Hammersmith and Fulham,Violence Against the Person,Common Assault,0,2013,1
E01003367,Merton,Theft and Handling,Theft/Taking of Pedal Cycle,1,2010,4
E01003736,Redbridge,Theft and Handling,Theft/Taking of Pedal Cycle,0,2016,6
E01000499,Brent,Theft and Handling,Theft From Motor Vehicle,2,2008,3
E01032574,Enfield,Violence Against the Person,Harassment,1,2011,10
E01001065,Croydon,Violence Against the Person,Other violence,0,2010,6
E01004208,Tower Hamlets,Theft and Handling,Theft From Shops,4,2016,11
E01001150,Croydon,Drugs,Possession Of Drugs,1,2010,2
E01004523,Wandsworth,Violence Against the Person,Murder,0,2012,8
E01002641,Hounslow,Drugs,Possession Of Drugs,2,2011,4
E01000388,Bexley,Theft and Handling,Other Theft Person,0,2015,1
E01001552,Enfield,Criminal Damage,Criminal Damage To Other Building,0,2010,9
E01000604,Brent,Fraud or Forgery,Counted per Victim,0,2016,5
E01003863,Richmond upon Thames,Violence Against the Person,Harassment,1,2011,6
E01003975,Southwark,Violence Against the Person,Other violence,0,2014,4
E01002752,Islington,Burglary,Burglary in Other Buildings,1,2010,11
E01000102,Barking and Dagenham,Violence Against the Person,Other violence,0,2008,8
E01001436,Enfield,Drugs,Possession Of Drugs,0,2013,7
E01002077,Haringey,Drugs,Other Drugs,0,2010,5
E01000581,Brent,Violence Against the Person,Offensive Weapon,0,2008,12
E01001149,Croydon,Theft and Handling,Theft From Shops,0,2013,4
E01003800,Richmond upon Thames,Burglary,Burglary in Other Buildings,1,2014,9
E01003738,Redbridge,Drugs,Drug Trafficking,0,2013,2
E01003372,Merton,Other Notifiable Offences,Going Equipped,0,2008,9
E01003960,Southwark,Criminal Damage,Criminal Damage To Motor Vehicle,0,2010,10
E01003926,Southwark,Other Notifiable Offences,Other Notifiable,0,2016,11
E01001885,Hammersmith and Fulham,Drugs,Drug Trafficking,0,2015,3
E01004102,Sutton,Other Notifiable Offences,Other Notifiable,0,2011,8
E01000836,Bromley,Criminal Damage,Criminal Damage To Motor Vehicle,0,2010,1
E01002370,Havering,Violence Against the Person,Offensive Weapon,0,2015,7
E01001664,Greenwich,Violence Against the Person,Other violence,0,2012,4
E01002853,Kensington and Chelsea,Violence Against the Person,Common Assault,1,2011,4
E01000453,Bexley,Drugs,Drug Trafficking,0,2016,8
E01033030,Hounslow,Violence Against the Person,Harassment,1,2015,3
E01001794,Hackney,Criminal Damage,Other Criminal Damage,0,2008,9
E01002832,Kensington and Chelsea,Violence Against the Person,Offensive Weapon,0,2014,7
