E01000224,Barnet,Theft and Handling,Theft From Shops,1,2008,9
E01004407,Waltham Forest,Burglary,Burglary in Other Buildings,0,2008,9
E01004023,Southwark,Violence Against the Person,Offensive Weapon,0,2016,1
E01000803,Bromley,Criminal Damage,Criminal Damage To Dwelling,0,2013,9
E01001590,Greenwich,Violence Against the Person,Murder,0,2013,11
E01001011,Croydon,Violence Against the Person,Common Assault,0,2009,11
E01002351,Havering,Theft and Handling,Theft/Taking Of Motor Vehicle,0,2015,3
E01002160,Harrow,Robbery,Business Property,0,2011,11
E01002310,Havering,Theft and Handling,Handling Stolen Goods,0,2008,2
E01004060,Southwark,Drugs,Other Drugs,0,2016,1
E01001069,Croydon,Criminal Damage,Other Criminal Damage,0,2016,6
E01000296,Barnet,Violence Against the Person,Harassment,1,2010,5
E01001112,Croydon,Theft and Handling,Theft/Taking Of Motor Vehicle,0,2016,7
E01000953,Camden,Theft and Handling,Other Theft,2,2011,10
E01004650,Westminster,Criminal Damage,Other Criminal Damage,0,2008,3
E01002788,Islington,Criminal Damage,Criminal Damage To Motor Vehicle,0,2012,6
E01002363,Havering,Drugs,Possession Of Drugs,0,2016,5
E01003750,Redbridge,Criminal Damage,Other Criminal Damage,0,2013,7
E01033727,Greenwich,Robbery,Business Property,0,2014,7
E01001634,Greenwich,Theft and Handling,Motor Vehicle Interference & Tampering,0,2015,2
E01032788,Hammersmith and Fulham,Theft and Handling,Motor Vehicle Interference & Tampering,1,2016,8
E01003024,Lambeth,Robbery,Business Property,0,2009,7
E01000632,Brent,Theft and Handling,Theft From Motor Vehicle,1,2012,7
E01001991,Haringey,Other Notifiable Offences,Other Notifiable,0,2008,2
E01000644,Brent,Violence Against the Person,Offensive Weapon,0,2016,3
E01002238,Harrow,Criminal Damage,Other Criminal Damage,0,2015,10
E01001400,Enfield,Violence Against the Person,Other violence,0,2008,3
E01000708,Bromley,Theft and Handling,Handling Stolen Goods,0,2011,11
E01002263,Havering,Robbery,Personal Property,0,2011,12
E01001144,Croydon,Theft and Handling,Theft From Motor Vehicle,0,2008,8
E01001910,Hammersmith and Fulham,Fraud or Forgery,Other Fraud & Forgery,0,2016,12
E01002139,Harrow,Burglary,Burglary in Other Buildings,0,2013,5
E01003135,Lambeth,Drugs,Drug Trafficking,0,2013,1
E01000677,Bromley,Theft and Handling,Other Theft Person,1,2016,7
E01001724,Hackney,Theft and Handling,Other Theft Person,0,2009,1
E01004062,Southwark,Burglary,Burglary in Other Buildings,1,2011,12
E01002190,Harrow,Theft and Handling,Theft/Taking of Pedal Cycle,0,2014,5
E01004055,Southwark,Theft and Handling,Other Theft Person,0,2013,4
E01002784,Islington,Theft and Handling,Theft From Motor Vehicle,0,2008,2
E01000745,Bromley,Criminal Damage,Criminal Damage To Motor Vehicle,1,2009,11
E01000938,Camden,Violence Against the Person,Assault with Injury,3,2008,3
E01003056,Lambeth,Theft and Handling,Other Theft Person,0,2014,1
E01003608,Newham,Violence Against the Person,Harassment,0,2010,10
E01000343,Bexley,Other Notifiable Offences,Other Notifiable,0,2016,12
E01001221,Ealing,Theft and Handling,Theft/Taking Of Motor Vehicle,0,2016,4
E01004259,Tower Hamlets,Drugs,Drug Trafficking,0,2015,4
E01002110,Harrow,Violence Against the Person,Harassment,0,2008,6
E01002116,Harrow,Theft and Handling,Theft From Motor Vehicle,2,2012,11
E01000540,Brent,Drugs,Possession Of Drugs,0,2012,12
E01033132,Wandsworth,Criminal Damage,Criminal Damage To Dwelling,0,2010,4
E01001756,Hackney,Drugs,Other Drugs,0,2011,7
E01000559,Brent,Violence Against the Person,Offensive Weapon,0,2013,8
E01033603,Westminster,Criminal Damage,Criminal Damage To Motor Vehicle,3,2013,2
E01001273,Ealing,Drugs,Possession Of Drugs,0,2013,12
E01000230,Barnet,Drugs,Other Drugs,0,2008,6
E01004384,Waltham Forest,Criminal Damage,Criminal Damage To Motor Vehicle,2,2009,8
E01003722,Redbridge,Burglary,Burglary in a Dwelling,0,2008,4
E01002940,Kingston upon Thames,Violence Against the Person,Assault with Injury,1,2010,4
E01000722,Bromley,Theft and Handling,Handling Stolen Goods,0,2012,11
E01001577,Greenwich,Theft and Handling,Motor Vehicle Interference & Tampering,0,2016,8
E01000393,Bexley,Violence Against the Person,Other violence,0,2009,8
E01002742,Islington,Criminal Damage,Criminal Damage To Motor Vehicle,0,2011,6
E01003757,Redbridge,Theft and Handling,Motor Vehicle Interference & Tampering,0,2011,2
E01003988,Southwark,Criminal Damage,Criminal Damage To Dwelling,1,2011,9
E01003607,Newham,Fraud or Forgery,Counted per Victim,0,2014,9
E01001466,Enfield,Theft and Handling,Other Theft Person,0,2014,4
E01004461,Waltham Forest,Other Notifiable Offences,Other Notifiable,0,2012,10
E01003336,Lewisham,Criminal Damage,Criminal Damage To Dwelling,0,2008,9
E01002702,Islington,Burglary,Burglary in a Dwelling,1,2012,7
E01003813,Richmond upon Thames,Violence Against the Person,Wounding/GBH,0,2010,12
E01002954,Kingston upon Thames,Violence Against the Person,Harassment,0,2013,2
E01004296,Tower Hamlets,Theft and Handling,Theft/Taking Of Motor Vehicle,2,2016,8
E01033148,Enfield,Violence Against the Person,Common Assault,3,2015,2
E01001503,Enfield,Theft and Handling,Handling Stolen Goods,0,2015,6
E01003542,Newham,Drugs,Drug Trafficking,0,2013,10
E01001403,Enfield,Theft and Handling,Theft From Motor Vehicle,0,2011,8
E01003356,Merton,Theft and Handling,Theft/Taking Of Motor Vehicle,0,2013,3
E01004677,Westminster,Other Notifiable Offences,Other Notifiable,0,2009,1
E01001459,Enfield,Criminal Damage,Other Criminal Damage,0,2010,2
E01003054,Lambeth,Drugs,Drug Trafficking,0,2012,6
E01004024,Southwark,Violence Against the Person,Common Assault,1,2013,7
E01002284,Havering,Theft and Handling,Handling Stolen Goods,0,2010,8
E01001768,Hackney,Criminal Damage,Other Criminal Damage,0,2011,10
E01000779,Bromley,Theft and Handling,Other Theft Person,0,2010,6
E01004205,Tower Hamlets,Violence Against the Person,Other violence,2,2013,7
E01001450,Enfield,Fraud or Forgery,Counted per Victim,0,2013,8
E01003144,Lambeth,Violence Against the Person,Offensive Weapon,0,2008,10
E01001697,Greenwich,Criminal Damage,Criminal Damage To Motor Vehicle,0,2011,7
E01001481,Enfield,Drugs,Possession Of Drugs,0,2009,9
E01003791,Redbridge,Violence Against the Person,Other violence,0,2015,10
E01003450,Merton,Theft and Handling,Theft/Taking Of Motor Vehicle,0,2014,12
E01001983,Haringey,Theft and Handling,Handling Stolen Goods,0,2010,5
E01004580,Wandsworth,Robbery,Personal Property,1,2010,5
E01001427,Enfield,Violence Against the Person,Assault with Injury,0,2008,7
E01003073,Lambeth,Violence Against the Person,Common Assault,1,2012,10
E01002143,Harrow,Theft and Handling,Other Theft,0,2013,10
E01001041,Croydon,Violence Against the Person,Common Assault,2,2010,12
E01033573,Barnet,Violence Against the Person,Common Assault,0,2009,6
E01004466,Waltham Forest,Violence Against the Person,Common Assault,0,2012,8
E01003346,Lewisham,Drugs,Possession Of Drugs,3,2013,7
E01003763,Redbridge,Burglary,Burglary in Other Buildings,1,2013,4
E01001905,Hammersmith and Fulham,Theft and Handling,Theft From Motor Vehicle,1,2010,6
E01004547,Wandsworth,Other Notifiable Offences,Going Equipped,0,2009,5
E01002547,Hillingdon,Theft and Handling,Theft From Shops,0,2008,11
E01000144,Barnet,Violence Against the Person,Common Assault,2,2014,4
E01003236,Lewisham,Theft and Handling,Other Theft,0,2010,12
E01002251,Havering,Theft and Handling,Theft From Motor Vehicle,1,2016,3
E01002304,Havering,Theft and Handling,Other Theft Person,0,2012,3
E01002106,Harrow,Robbery,Personal Property,0,2015,12
E01004122,Sutton,Theft and Handling,Theft/Taking Of Motor Vehicle,0,2016,1
E01004190,Sutton,Criminal Damage,Other Criminal Damage,0,2011,7
E01001485,Enfield,Theft and Handling,Theft/Taking of Pedal Cycle,0,2016,5
E01001018,Croydon,Violence Against the Person,Common Assault,1,2012,11
E01003892,Richmond upon Thames,Violence Against the Person,Offensive Weapon,0,2014,2
E01000011,Barking and Dagenham,Criminal Damage,Criminal Damage To Motor Vehicle,0,2012,11
E01003602,Newham,Criminal Damage,Other Criminal Damage,0,2010,8
E01002973,Kingston upon Thames,Violence Against the Person,Murder,0,2011,2
E01001326,Ealing,Burglary,Burglary in a Dwelling,0,2008,1
E01004065,Southwark,Burglary,Burglary in a Dwelling,0,2014,6
E01004591,Wandsworth,Theft and Handling,Motor Vehicle Interference & Tampering,1,2009,10
E01002920,Kingston upon Thames,Criminal Damage,Criminal Damage To Motor Vehicle,0,2008,10
E01001958,Hammersmith and Fulham,Theft and Handling,Motor Vehicle Interference & Tampering,1,2013,6
E01002003,Haringey,Fraud or Forgery,Other Fraud & Forgery,0,2012,10
E01001141,Croydon,Burglary,Burglary in Other Buildings,6,2010,12
E01004045,Southwark,Theft and Handling,Theft/Taking Of Motor Vehicle,0,2016,9
E01003938,Southwark,Criminal Damage,Criminal Damage To Other Building,0,2011,9
E01000036,Barking and Dagenham,Theft and Handling,Theft/Taking of Pedal Cycle,0,2011,9
E01004291,Tower Hamlets,Theft and Handling,Theft/Taking of Pedal Cycle,2,2008,3
E01002764,Islington,Violence Against the Person,Assault with Injury,1,2016,4
E01004211,Tower Hamlets,Criminal Damage,Criminal Damage To Motor Vehicle,2,2008,11
E01000548,Brent,Criminal Damage,Criminal Damage To Other Building,2,2009,9
E01002278,Havering,Burglary,Burglary in a Dwelling,2,2014,4
E01004560,Wandsworth,Other Notifiable Offences,Going Equipped,0,2010,10
E01002444,Hillingdon,Theft and Handling,Other Theft Person,4,2009,6
E01004355,Waltham Forest,Violence Against the Person,Assault with Injury,0,2013,7
E01004399,Waltham Forest,Theft and Handling,Theft/Taking Of Motor Vehicle,1,2008,9
E01001466,Enfield,Theft and Handling,Handling Stolen Goods,0,2013,6
E01002052,Haringey,Other Notifiable Offences,Other Notifiable,0,2015,10
E01003107,Lambeth,Violence Against the Person,Harassment,1,2016,12
E01002853,Kensington and Chelsea,Burglary,Burglary in a Dwelling,0,2013,5
E01003100,Lambeth,Theft and Handling,Other Theft Person,1,2016,10
E01002477,Hillingdon,Theft and Handling,Handling Stolen Goods,0,2012,1
E01002407,Hillingdon,Other Notifiable Offences,Other Notifiable,0,2009,5
E01033585,Newham,Theft and Handling,Theft/Taking Of Motor Vehicle,0,2011,5
E01000568,Brent,Violence Against the Person,Wounding/GBH,2,2014,3
E01003768,Redbridge,Robbery,Personal Property,0,2015,4
E01003691,Redbridge,Theft and Handling,Theft From Motor Vehicle,2,2012,1
E01003726,Redbridge,Theft and Handling,Handling Stolen Goods,1,2008,7
E01002561,Hounslow,Criminal Damage,Criminal Damage To Dwelling,0,2015,4
E01002202,Harrow,Burglary,Burglary in Other Buildings,1,2010,9
E01000424,Bexley,Burglary,Burglary in Other Buildings,0,2013,10
E01004608,Wandsworth,Criminal Damage,Criminal Damage To Other Building,1,2011,3
E01003322,Lewisham,Violence Against the Person,Other violence,0,2009,4
E01001383,Ealing,Theft and Handling,Theft/Taking Of Motor Vehicle,1,2010,4
E01003190,Lewisham,Violence Against the Person,Offensive Weapon,0,2014,3
E01033594,Westminster,Violence Against the Person,Other violence,1,2016,7
E01003572,Newham,Violence Against the Person,Other violence,0,2011,12
E01001886,Hammersmith and Fulham,Criminal Damage,Other Criminal Damage,0,2012,2
E01002557,Hounslow,Criminal Damage,Other Criminal Damage,2,2010,11
E01003825,Richmond upon Thames,Theft and Handling,Other Theft Person,0,2010,9
E01004437,Waltham Forest,Sexual Offences,Other Sexual,0,2012,12
E01000732,Bromley,Theft and Handling,Other Theft,0,2012,8
E01001367,Ealing,Theft and Handling,Handling Stolen Goods,0,2010,10
E01004626,Wandsworth,Theft and Handling,Theft/Taking Of Motor Vehicle,0,2016,3
E01004454,Waltham Forest,Violence Against the Person,Wounding/GBH,0,2011,7
E01000719,Bromley,Fraud or Forgery,Counted per Victim,0,2014,5
E01002273,Havering,Violence Against the Person,Offensive Weapon,0,2011,6
E01003781,Redbridge,Violence Against the Person,Common Assault,2,2015,6
E01003474,Merton,Theft and Handling,Motor Vehicle Interference & Tampering,0,2016,10
E01003807,Richmond upon Thames,Drugs,Possession Of Drugs,0,2010,7
E01003734,Redbridge,Violence Against the Person,Assault with Injury,0,2008,11
E01003061,Lambeth,Drugs,Drug Trafficking,0,2010,11
E01003237,Lewisham,Sexual Offences,Other Sexual,0,2011,5
E01003338,Lewisham,Burglary,Burglary in Other Buildings,1,2012,10
E01001330,Ealing,Theft and Handling,Other Theft,0,2014,12
E01003422,Merton,Theft and Handling,Theft/Taking of Pedal Cycle,0,2010,5
E01004491,Wandsworth,Theft and Handling,Theft From Motor Vehicle,0,2008,11
E01003663,Redbridge,Theft and Handling,Other Theft,1,2013,10
E01004163,Sutton,Violence Against the Person,Other violence,0,2011,3
E01004165,Sutton,Theft and Handling,Other Theft Person,0,2014,3
E01032623,Sutton,Violence Against the Person,Other violence,0,2010,6
E01003405,Merton,Criminal Damage,Criminal Damage To Dwelling,1,2008,9
E01004057,Southwark,Burglary,Burglary in a Dwelling,0,2008,1
E01004412,Waltham Forest,Violence Against the Person,Other violence,0,2016,3
E01002166,Harrow,Violence Against the Person,Wounding/GBH,0,2008,12
E01003030,Lambeth,Theft and Handling,Other Theft Person,1,2008,6
E01001822,Hackney,Theft and Handling,Theft From Shops,0,2008,2
E01004556,Wandsworth,Robbery,Personal Property,0,2013,8
E01002708,Islington,Criminal Damage,Criminal Damage To Other Building,0,2014,1
E01000969,Camden,Violence Against the Person,Common Assault,1,2008,8
E01003457,Merton,Robbery,Personal Property,1,2016,5
E01001658,Greenwich,Other Notifiable Offences,Going Equipped,0,2013,4
E01000462,Bexley,Theft and Handling,Motor Vehicle Interference & Tampering,0,2009,4
E01004707,Westminster,Other Notifiable Offences,Other Notifiable,0,2010,11
E01000022,Barking and Dagenham,Violence Against the Person,Common Assault,1,2013,4
E01004735,Westminster,Violence Against the Person,Assault with Injury,7,2016,1
E01003720,Redbridge,Other Notifiable Offences,Other Notifiable,1,2015,10
E01002881,Kensington and Chelsea,Robbery,Business Property,0,2013,3
E01000014,Barking and Dagenham,Violence Against the Person,Harassment,1,2012,9
E01003797,Richmond upon Thames,Violence Against the Person,Common Assault,1,2015,2
E01003963,Southwark,Violence Against the Person,Murder,0,2015,3
E01001900,Hammersmith and Fulham,Drugs,Drug Trafficking,0,2008,5
E01000265,Barnet,Theft and Handling,Theft From Shops,0,2015,10
E01002836,Kensington and Chelsea,Drugs,Drug Trafficking,0,2009,10
E01003919,Southwark,Theft and Handling,Other Theft,3,2015,3
E01001926,Hammersmith and Fulham,Theft and Handling,Motor Vehicle Interference & Tampering,0,2010,1
E01004112,Sutton,Drugs,Possession Of Drugs,0,2011,4
E01003223,Lewisham,Violence Against the Person,Assault with Injury,0,2014,8
E01001230,Ealing,Drugs,Drug Trafficking,0,2011,7
E01000243,Barnet,Burglary,Burglary in Other Buildings,1,2011,11
E01000520,Brent,Criminal Damage,Other Criminal Damage,0,2015,11
E01000169,Barnet,Theft and Handling,Motor Vehicle Interference & Tampering,0,2014,11
E01000282,Barnet,Drugs,Drug Trafficking,0,2010,6
E01000601,Brent,Burglary,Burglary in a Dwelling,1,2010,9
E01002492,Hillingdon,Robbery,Business Property,0,2016,9
E01000659,Bromley,Criminal Damage,Criminal Damage To Motor Vehicle,0,2014,11
E01000180,Barnet,Theft and Handling,Other Theft Person,0,2009,8
E01001603,Greenwich,Burglary,Burglary in Other Buildings,0,2012,4
E01004255,Tower Hamlets,Violence Against the Person,Assault with Injury,0,2013,7
E01002181,Harrow,Theft and Handling,Theft From Shops,0,2011,10
E01003864,Richmond upon Thames,Burglary,Burglary in Other Buildings,0,2016,3
E01001465,Enfield,Robbery,Business Property,0,2011,2
E01001017,Croydon,Theft and Handling,Other Theft,0,2009,10
E01001095,Croydon,Theft and Handling,Theft/Taking of Pedal Cycle,0,2009,8
E01004032,Southwark,Robbery,Personal Property,0,2011,9
E01004256,Tower Hamlets,Theft and Handling,Theft/Taking of Pedal Cycle,2,2010,6
E01000400,Bexley,Theft and Handling,Theft From Motor Vehicle,0,2016,7
E01000562,Brent,Theft and Handling,Theft/Taking Of Motor Vehicle,0,2011,11
E01032572,Ealing,Violence Against the Person,Wounding/GBH,0,2011,1
E01001137,Croydon,Violence Against the Person,Other violence,0,2014,5
E01001406,Enfield,Violence Against the Person,Wounding/GBH,0,2008,9
E01004356,Waltham Forest,Theft and Handling,Theft/Taking of Pedal Cycle,0,2016,12
E01000037,Barking and Dagenham,Burglary,Burglary in Other Buildings,0,2010,2
E01004556,Wandsworth,Violence Against the Person,Assault with Injury,0,2016,7
E01003042,Lambeth,Violence Against the Person,Offensive Weapon,0,2009,8
E01000467,Bexley,Criminal Damage,Criminal Damage To Motor Vehicle,0,2012,5
E01033327,Lewisham,Violence Against the Person,Other violence,0,2012,5
E01001802,Hackney,Other Notifiable Offences,Going Equipped,0,2014,9
E01001945,Hammersmith and Fulham,Violence Against the Person,Other violence,0,2013,9
E01000916,Camden,Theft and Handling,Theft/Taking Of Motor Vehicle,1,2016,9
E01002816,Kensington and Chelsea,Violence Against the Person,Assault with Injury,0,2009,3
E01003968,Southwark,Robbery,Personal Property,0,2016,7
E01000426,Bexley,Drugs,Possession Of Drugs,0,2013,1
E01003538,Newham,Theft and Handling,Theft/Taking of Pedal Cycle,1,2008,10
E01002882,Kensington and Chelsea,Criminal Damage,Criminal Damage To Other Building,0,2015,2
E01000135,Barnet,Theft and Handling,Theft/Taking of Pedal Cycle,1,2012,5
E01000633,Brent,Criminal Damage,Other Criminal Damage,0,2014,5
E01000691,Bromley,Theft and Handling,Theft From Shops,0,2009,9
E01033707,Hackney,Theft and Handling,Theft/Taking Of Motor Vehicle,0,2011,8
E01004375,Waltham Forest,Drugs,Drug Trafficking,0,2013,8
E01000929,Camden,Theft and Handling,Other Theft Person,0,2016,5
E01000198,Barnet,Burglary,Burglary in a Dwelling,1,2016,6
E01003587,Newham,Violence Against the Person,Other violence,0,2009,2
E01001262,Ealing,Theft and Handling,Other Theft,1,2009,5
E01000673,Bromley,Robbery,Personal Property,0,2016,3
E01002845,Kensington and Chelsea,Violence Against the Person,Common Assault,0,2013,9
E01002952,Kingston upon Thames,Burglary,Burglary in Other Buildings,0,2010,3
E01000479,Brent,Violence Against the Person,Assault with Injury,0,2013,2
E01001912,Hammersmith and Fulham,Criminal Damage,Criminal Damage To Motor Vehicle,0,2015,2
E01004314,Tower Hamlets,Burglary,Burglary in a Dwelling,0,2014,12
E01002232,Harrow,Other Notifiable Offences,Other Notifiable,0,2016,10
E01003974,Southwark,Violence Against the Person,Assault with Injury,0,2009,7
E01004371,Waltham Forest,Violence Against the Person,Common Assault,0,2015,9
E01004558,Wandsworth,Theft and Handling,Theft/Taking of Pedal Cycle,2,2012,9
E01000211,Barnet,Violence Against the Person,Harassment,9,2016,8
E01004451,Waltham Forest,Other Notifiable Offences,Other Notifiable,1,2012,9
E01003919,Southwark,Drugs,Possession Of Drugs,0,2016,12
E01003745,Redbridge,Violence Against the Person,Assault with Injury,1,2008,1
E01003142,Lambeth,Criminal Damage,Other Criminal Damage,0,2009,3
E01000526,Brent,Theft and Handling,Theft/Taking of Pedal Cycle,0,2008,2
E01001033,Croydon,Theft and Handling,Theft From Shops,0,2015,7
E01002378,Havering,Violence Against the Person,Other violence,0,2008,11
E01002895,Kensington and Chelsea,Theft and Handling,Handling Stolen Goods,0,2015,4
E01004215,Tower Hamlets,Violence Against the Person,Common Assault,0,2016,7
E01004261,Tower Hamlets,Robbery,Business Property,0,2009,8
E01003885,Richmond upon Thames,Criminal Damage,Criminal Damage To Dwelling,0,2014,10
E01002072,Haringey,Theft and Handling,Handling Stolen Goods,0,2013,12
E01003181,Lambeth,Theft and Handling,Theft/Taking of Pedal Cycle,0,2016,3
E01001854,Hammersmith and Fulham,Drugs,Drug Trafficking,0,2014,12
E01001300,Ealing,Violence Against the Person,Offensive Weapon,0,2009,3
E01001480,Enfield,Criminal Damage,Criminal Damage To Dwelling,2,2008,3
E01001335,Ealing,Criminal Damage,Criminal Damage To Motor Vehicle,0,2012,12
E01002333,Havering,Theft and Handling,Motor Vehicle Interference & Tampering,0,2014,4
E01002347,Havering,Theft and Handling,Motor Vehicle Interference & Tampering,0,2013,6
E01001731,Hackney,Criminal Damage,Criminal Damage To Other Building,2,2015,12
E01001894,Hammersmith and Fulham,Theft and Handling,Other Theft,8,2013,11
E01001075,Croydon,Burglary,Burglary in a Dwelling,0,2014,6
E01000246,Barnet,Theft and Handling,Other Theft Person,0,2016,8
E01003676,Redbridge,Criminal Damage,Criminal Damage To Dwelling,0,2011,11
E01002491,Hillingdon,Theft and Handling,Theft From Shops,0,2016,7
E01001660,Greenwich,Theft and Handling,Other Theft Person,0,2010,6
E01003838,Richmond upon Thames,Drugs,Drug Trafficking,0,2008,7
E01004527,Wandsworth,Theft and Handling,Other Theft,0,2008,2
E01004306,Tower Hamlets,Violence Against the Person,Harassment,5,2016,11
E01001993,Haringey,Theft and Handling,Theft/Taking of Pedal Cycle,0,2010,3
E01002906,Kensington and Chelsea,Criminal Damage,Other Criminal Damage,1,2008,4
E01000433,Bexley,Theft and Handling,Handling Stolen Goods,0,2014,5
E01003816,Richmond upon Thames,Theft and Handling,Other Theft,0,2008,2
E01033208,Lambeth,Theft and Handling,Motor Vehicle Interference & Tampering,0,2008,3
E01000604,Brent,Violence Against the Person,Other violence,0,2009,12
E01004051,Southwark,Drugs,Possession Of Drugs,0,2009,2
E01001575,Greenwich,Criminal Damage,Other Criminal Damage,0,2016,8
E01003356,Merton,Burglary,Burglary in Other Buildings,0,2015,6
E01002158,Harrow,Violence Against the Person,Common Assault,0,2013,7
E01003583,Newham,Theft and Handling,Other Theft Person,0,2012,4
E01004218,Tower Hamlets,Drugs,Other Drugs,0,2009,11
E01032741,Havering,Robbery,Business Property,0,2008,3
E01000095,Barking and Dagenham,Theft and Handling,Motor Vehicle Interference & Tampering,1,2013,1
E01001006,Croydon,Theft and Handling,Theft From Shops,4,2008,8
E01001819,Hackney,Theft and Handling,Theft From Shops,0,2011,11
E01033733,Greenwich,Violence Against the Person,Harassment,0,2008,7
E01004511,Wandsworth,Theft and Handling,Theft/Taking Of Motor Vehicle,0,2015,1
E01001712,Greenwich,Violence Against the Person,Other violence,1,2013,2
E01002126,Harrow,Theft and Handling,Motor Vehicle Interference & Tampering,0,2009,5
E01001230,Ealing,Violence Against the Person,Assault with Injury,0,2011,4
E01001798,Hackney,Criminal Damage,Criminal Damage To Dwelling,0,2014,4
E01004523,Wandsworth,Drugs,Drug Trafficking,0,2012,2
E01002310,Havering,Robbery,Business Property,0,2016,11
E01003138,Lambeth,Fraud or Forgery,Other Fraud & Forgery,0,2009,8
E01003801,Richmond upon Thames,Theft and Handling,Other Theft Person,0,2016,7
E01003170,Lambeth,Burglary,Burglary in Other Buildings,0,2015,4
E01004576,Wandsworth,Violence Against the Person,Other violence,0,2009,7
E01000729,Bromley,Theft and Handling,Theft From Shops,3,2008,12
E01000882,Camden,Theft and Handling,Other Theft,1,2015,10
E01002442,Hillingdon,Theft and Handling,Motor Vehicle Interference & Tampering,0,2009,2
E01004135,Sutton,Violence Against the Person,Common Assault,0,2011,3
E01004059,Southwark,Violence Against the Person,Offensive Weapon,0,2009,5
E01002197,Harrow,Theft and Handling,Theft From Motor Vehicle,0,2012,5
E01004717,Westminster,Violence Against the Person,Assault with Injury,0,2013,8
E01004057,Southwark,Burglary,Burglary in a Dwelling,3,2010,4
E01002520,Hillingdon,Theft and Handling,Other Theft Person,0,2011,11
E01004033,Southwark,Criminal Damage,Criminal Damage To Dwelling,1,2010,10
E01032572,Ealing,Drugs,Possession Of Drugs,0,2015,10
E01002020,Haringey,Violence Against the Person,Offensive Weapon,0,2011,5
E01033583,Newham,Drugs,Other Drugs,0,2010,5
E01004114,Sutton,Criminal Damage,Criminal Damage To Dwelling,0,2012,2
E01003729,Redbridge,Theft and Handling,Theft/Taking of Pedal Cycle,0,2011,4
E01003395,Merton,Criminal Damage,Criminal Damage To Motor Vehicle,0,2009,2
E01002653,Hounslow,Criminal Damage,Other Criminal Damage,0,2008,5
E01002332,Havering,Criminal Damage,Other Criminal Damage,1,2010,11
E01003212,Lewisham,Violence Against the Person,Murder,0,2011,6
E01003370,Merton,Criminal Damage,Criminal Damage To Dwelling,0,2015,5
E01004089,Sutton,Burglary,Burglary in a Dwelling,0,2016,1
E01032623,Sutton,Other Notifiable Offences,Other Notifiable,0,2010,8
E01001752,Hackney,Violence Against the Person,Wounding/GBH,0,2009,7
E01003224,Lewisham,Criminal Damage,Criminal Damage To Dwelling,0,2011,8
E01002622,Hounslow,Burglary,Burglary in Other Buildings,0,2015,3
E01002275,Havering,Criminal Damage,Other Criminal Damage,0,2013,11
E01001784,Hackney,Violence Against the Person,Harassment,0,2014,7
E01003875,Richmond upon Thames,Violence Against the Person,Offensive Weapon,0,2016,5
E01001500,Enfield,Criminal Damage,Criminal Damage To Dwelling,0,2012,5
E01003936,Southwark,Criminal Damage,Criminal Damage To Motor Vehicle,1,2009,7
E01000555,Brent,Drugs,Drug Trafficking,0,2008,7
E01003719,Redbridge,Other Notifiable Offences,Going Equipped,0,2009,4
E01000299,Barnet,Fraud or Forgery,Other Fraud & Forgery,0,2014,9
E01003329,Lewisham,Theft and Handling,Theft From Shops,0,2015,1
E01001131,Croydon,Theft and Handling,Theft From Motor Vehicle,0,2014,11
E01002613,Hounslow,Criminal Damage,Criminal Damage To Motor Vehicle,0,2016,8
E01033738,Greenwich,Theft and Handling,Theft/Taking of Pedal Cycle,1,2012,11
E01002914,Kensington and Chelsea,Drugs,Drug Trafficking,0,2010,9
E01003479,Newham,Theft and Handling,Handling Stolen Goods,0,2008,8
E01001745,Hackney,Burglary,Burglary in Other Buildings,1,2012,1
E01000255,Barnet,Violence Against the Person,Other violence,0,2013,8
E01000961,Camden,Criminal Damage,Criminal Damage To Dwelling,0,2008,1
E01004616,Wandsworth,Other Notifiable Offences,Other Notifiable,0,2015,7
E01001450,Enfield,Robbery,Business Property,0,2011,6
E01002610,Hounslow,Theft and Handling,Theft/Taking of Pedal Cycle,0,2016,8
E01003192,Lewisham,Drugs,Drug Trafficking,1,2011,3
E01001054,Croydon,Criminal Damage,Other Criminal Damage,0,2014,8
E01003153,Lambeth,Violence Against the Person,Offensive Weapon,0,2010,12
E01002062,Haringey,Violence Against the Person,Assault with Injury,0,2011,2
E01001412,Enfield,Criminal Damage,Criminal Damage To Dwelling,0,2010,7
E01004037,Southwark,Theft and Handling,Other Theft Person,0,2010,3
E01032777,Tower Hamlets,Theft and Handling,Theft/Taking of Pedal Cycle,0,2010,6
E01001334,Ealing,Robbery,Business Property,0,2011,5
E01004008,Southwark,Criminal Damage,Other Criminal Damage,0,2008,2
E01001979,Haringey,Theft and Handling,Theft/Taking Of Motor Vehicle,1,2010,5
E01002941,Kingston upon Thames,Theft and Handling,Theft From Motor Vehicle,0,2011,7
E01003381,Merton,Violence Against the Person,Assault with Injury,0,2015,11
E01003296,Lewisham,Fraud or Forgery,Counted per Victim,0,2014,1
E01003076,Lambeth,Violence Against the Person,Wounding/GBH,0,2011,5
E01003568,Newham,Violence Against the Person,Harassment,0,2015,11
E01000655,Bromley,Theft and Handling,Other Theft,0,2013,4
E01004557,Wandsworth,Robbery,Personal Property,0,2016,4
E01003923,Southwark,Theft and Handling,Theft/Taking Of Motor Vehicle,0,2008,11
E01001930,Hammersmith and Fulham,Violence Against the Person,Wounding/GBH,0,2009,11
E01000432,Bexley,Burglary,Burglary in a Dwelling,0,2016,6
E01001749,Hackney,Theft and Handling,Theft/Taking Of Motor Vehicle,0,2015,7
E01003359,Merton,Drugs,Possession Of Drugs,1,2012,3
E01000481,Brent,Robbery,Personal Property,2,2008,12
E01033585,Newham,Burglary,Burglary in Other Buildings,0,2010,4
E01000799,Bromley,Drugs,Drug Trafficking,0,2015,11
E01001937,Hammersmith and Fulham,Drugs,Possession Of Drugs,0,2013,5
E01002569,Hounslow,Theft and Handling,Theft From Motor Vehicle,0,2009,6
E01003811,Richmond upon Thames,Violence Against the Person,Assault with Injury,0,2015,4
E01003235,Lewisham,Theft and Handling,Other Theft,0,2010,6
E01003994,Southwark,Theft and Handling,Theft/Taking Of Motor Vehicle,0,2012,10
E01003892,Richmond upon Thames,Violence Against the Person,Offensive Weapon,0,2008,9
E01000276,Barnet,Theft and Handling,Other Theft,0,2008,5
E01003940,Southwark,Burglary,Burglary in a Dwelling,0,2013,2
E01002806,Islington,Theft and Handling,Theft From Motor Vehicle,1,2013,4
E01004199,Tower Hamlets,Theft and Handling,Theft From Motor Vehicle,2,2013,8
E01003954,Southwark,Theft and Handling,Motor Vehicle Interference & Tampering,1,2009,7
E01000387,Bexley,Criminal Damage,Other Criminal Damage,1,2016,5
E01000220,Barnet,Criminal Damage,Criminal Damage To Other Building,0,2011,6
E01002128,Harrow,Robbery,Personal Property,0,2010,9
E01002159,Harrow,Other Notifiable Offences,Other Notifiable,0,2008,8
E01000784,Bromley,Violence Against the Person,Harassment,0,2016,6
E01003815,Richmond upon Thames,Other Notifiable Offences,Going Equipped,0,2014,11
E01004581,Wandsworth,Robbery,Business Property,1,2011,2
E01004115,Sutton,Drugs,Drug Trafficking,0,2011,8
E01003545,Newham,Burglary,Burglary in Other Buildings,1,2010,8
E01003972,Southwark,Other Notifiable Offences,Going Equipped,0,2010,10
E01004010,Southwark,Violence Against the Person,Common Assault,4,2009,5
E01003561,Newham,Violence Against the Person,Offensive Weapon,0,2014,1
E01002568,Hounslow,Theft and Handling,Theft From Motor Vehicle,2,2016,1
E01000645,Bromley,Violence Against the Person,Wounding/GBH,0,2008,4
E01001533,Enfield,Criminal Damage,Criminal Damage To Motor Vehicle,3,2008,9
E01001780,Hackney,Violence Against the Person,Harassment,2,2009,11
E01002515,Hillingdon,Theft and Handling,Other Theft Person,2,2013,8
E01004437,Waltham Forest,Robbery,Personal Property,0,2014,5
E01000589,Brent,Robbery,Personal Property,2,2012,3
E01000324,Barnet,Violence Against the Person,Common Assault,0,2008,8
E01003749,Redbridge,Theft and Handling,Theft/Taking of Pedal Cycle,0,2015,12
E01002677,Hounslow,Burglary,Burglary in Other Buildings,1,2014,11
E01004527,Wandsworth,Violence Against the Person,Murder,0,2009,10
E01003456,Merton,Theft and Handling,Theft/Taking Of Motor Vehicle,0,2015,6
E01002949,Kingston upon Thames,Violence Against the Person,Other violence,0,2010,2
E01002443,Hillingdon,Fraud or Forgery,Other Fraud & Forgery,0,2015,12
E01000970,Camden,Theft and Handling,Theft/Taking of Pedal Cycle,0,2014,6
E01003679,Redbridge,Criminal Damage,Other Criminal Damage,0,2015,11
E01002018,Haringey,Criminal Damage,Criminal Damage To Dwelling,0,2010,11
E01001268,Ealing,Drugs,Possession Of Drugs,3,2009,9
E01032781,Tower Hamlets,Drugs,Possession Of Drugs,0,2008,3
E01003581,Newham,Robbery,Business Property,0,2013,9
E01002191,Harrow,Theft and Handling,Other Theft,0,2010,10
E01002749,Islington,Violence Against the Person,Common Assault,1,2012,12
E01001803,Hackney,Robbery,Business Property,0,2009,5
E01001045,Croydon,Theft and Handling,Handling Stolen Goods,0,2009,3
E01004243,Tower Hamlets,Theft and Handling,Handling Stolen Goods,0,2013,4
E01004064,Southwark,Violence Against the Person,Offensive Weapon,0,2014,7
E01001009,Croydon,Criminal Damage,Criminal Damage To Motor Vehicle,0,2009,9
E01004570,Wandsworth,Theft and Handling,Handling Stolen Goods,0,2009,3
E01001672,Greenwich,Violence Against the Person,Wounding/GBH,0,2011,2
E01001526,Enfield,Drugs,Drug Trafficking,0,2016,5
E01004404,Waltham Forest,Violence Against the Person,Common Assault,1,2012,2
E01002274,Havering,Drugs,Drug Trafficking,0,2015,5
E01033735,Greenwich,Robbery,Personal Property,1,2012,7
E01001750,Hackney,Drugs,Possession Of Drugs,1,2015,7
E01001948,Hammersmith and Fulham,Theft and Handling,Theft From Shops,0,2008,10
E01003498,Newham,Other Notifiable Offences,Other Notifiable,0,2016,3
E01002016,Haringey,Robbery,Personal Property,0,2010,3
E01001584,Greenwich,Violence Against the Person,Assault with Injury,0,2013,2
E01000141,Barnet,Other Notifiable Offences,Other Notifiable,0,2012,6
E01003517,Newham,Other Notifiable Offences,Going Equipped,0,2013,10
E01002774,Islington,Burglary,Burglary in a Dwelling,1,2016,10
E01002395,Hillingdon,Criminal Damage,Criminal Damage To Motor Vehicle,1,2009,12
E01004506,Wandsworth,Burglary,Burglary in Other Buildings,1,2014,6
E01003536,Newham,Violence Against the Person,Offensive Weapon,0,2016,4
E01001928,Hammersmith and Fulham,Criminal Damage,Criminal Damage To Motor Vehicle,2,2011,5
E01004466,Waltham Forest,Theft and Handling,Handling Stolen Goods,0,2014,9
E01000893,Camden,Violence Against the Person,Assault with Injury,0,2011,2
E01003545,Newham,Other Notifiable Offences,Other Notifiable,0,2010,7
E01000271,Barnet,Burglary,Burglary in a Dwelling,0,2008,4
E01001572,Greenwich,Violence Against the Person,Assault with Injury,0,2016,1
E01002013,Haringey,Theft and Handling,Theft From Motor Vehicle,1,2012,8
E01000661,Bromley,Theft and Handling,Theft From Motor Vehicle,1,2016,3
E01002604,Hounslow,Violence Against the Person,Common Assault,2,2009,2
E01003509,Newham,Theft and Handling,Other Theft,0,2013,12
E01033081,Hounslow,Violence Against the Person,Harassment,1,2012,7
E01000640,Brent,Violence Against the Person,Wounding/GBH,0,2014,8
E01000564,Brent,Other Notifiable Offences,Other Notifiable,0,2013,1
E01032772,Tower Hamlets,Violence Against the Person,Offensive Weapon,0,2010,7
E01004515,Wandsworth,Violence Against the Person,Other violence,0,2015,1
E01003781,Redbridge,Theft and Handling,Theft From Shops,0,2015,10
E01004691,Westminster,Burglary,Burglary in Other Buildings,0,2016,11
E01001654,Greenwich,Theft and Handling,Other Theft,1,2015,6
E01004660,Westminster,Violence Against the Person,Common Assault,0,2012,12
E01001710,Greenwich,Burglary,Burglary in a Dwelling,1,2012,9
E01001826,Hackney,Violence Against the Person,Other violence,0,2013,2
E01002584,Hounslow,Criminal Damage,Criminal Damage To Dwelling,0,2009,8
E01003362,Merton,Theft and Handling,Theft/Taking Of Motor Vehicle,0,2013,9
E01000934,Camden,Theft and Handling,Theft/Taking of Pedal Cycle,1,2015,7
E01001481,Enfield,Burglary,Burglary in Other Buildings,0,2013,11
E01001405,Enfield,Theft and Handling,Motor Vehicle Interference & Tampering,0,2016,6
E01001032,Croydon,Theft and Handling,Other Theft Person,0,2013,6
E01002489,Hillingdon,Theft and Handling,Other Theft Person,0,2008,7
E01003874,Richmond upon Thames,Criminal Damage,Other Criminal Damage,0,2011,4
E01002610,Hounslow,Theft and Handling,Motor Vehicle Interference & Tampering,0,2010,2
E01000433,Bexley,Burglary,Burglary in a Dwelling,1,2011,1
E01001603,Greenwich,Violence Against the Person,Offensive Weapon,0,2008,1
E01004538,Wandsworth,Violence Against the Person,Common Assault,1,2011,3
E01000655,Bromley,Criminal Damage,Criminal Damage To Other Building,0,2012,12
E01000410,Bexley,Robbery,Personal Property,0,2008,5
E01001228,Ealing,Violence Against the Person,Common Assault,0,2010,2
E01003570,Newham,Drugs,Drug Trafficking,0,2008,10
E01002531,Hillingdon,Theft and Handling,Other Theft Person,0,2013,9
E01001513,Enfield,Theft and Handling,Theft/Taking of Pedal Cycle,0,2012,9
E01004501,Wandsworth,Theft and Handling,Theft From Motor Vehicle,1,2015,8
E01002585,Hounslow,Drugs,Possession Of Drugs,0,2015,11
E01000014,Barking and Dagenham,Criminal Damage,Criminal Damage To Dwelling,1,2010,12
E01000671,Bromley,Violence Against the Person,Wounding/GBH,0,2012,1
E01032575,Haringey,Drugs,Drug Trafficking,0,2016,3
E01000518,Brent,Criminal Damage,Criminal Damage To Dwelling,1,2010,4
E01001150,Croydon,Criminal Damage,Other Criminal Damage,0,2012,8
E01000208,Barnet,Theft and Handling,Other Theft,0,2014,3
E01000287,Barnet,Theft and Handling,Handling Stolen Goods,0,2016,3
E01004517,Wandsworth,Drugs,Possession Of Drugs,0,2014,5
E01000336,Bexley,Robbery,Business Property,0,2010,2
E01000697,Bromley,Violence Against the Person,Assault with Injury,0,2010,4
E01002023,Haringey,Theft and Handling,Motor Vehicle Interference & Tampering,0,2013,10
E01003383,Merton,Violence Against the Person,Other violence,0,2012,11
E01004754,Westminster,Theft and Handling,Motor Vehicle Interference & Tampering,0,2015,11
E01003232,Lewisham,Fraud or Forgery,Counted per Victim,0,2012,6
E01001028,Croydon,Theft and Handling,Theft/Taking Of Motor Vehicle,0,2009,2
E01002564,Hounslow,Drugs,Drug Trafficking,0,2008,10
E01002007,Haringey,Criminal Damage,Other Criminal Damage,0,2016,6
E01002214,Harrow,Violence Against the Person,Assault with Injury,0,2016,3
E01000828,Bromley,Criminal Damage,Criminal Damage To Other Building,0,2012,4
E01001910,Hammersmith and Fulham,Violence Against the Person,Offensive Weapon,1,2010,2
E01001897,Hammersmith and Fulham,Other Notifiable Offences,Going Equipped,0,2008,7
E01003986,Southwark,Criminal Damage,Criminal Damage To Dwelling,3,2009,12
E01000683,Bromley,Theft and Handling,Other Theft,0,2013,9
E01001126,Croydon,Violence Against the Person,Other violence,2,2008,3
E01002708,Islington,Fraud or Forgery,Other Fraud & Forgery,0,2016,10
E01004539,Wandsworth,Criminal Damage,Criminal Damage To Other Building,0,2013,5
E01003627,Newham,Theft and Handling,Theft/Taking Of Motor Vehicle,0,2015,4
E01003837,Richmond upon Thames,Criminal Damage,Criminal Damage To Motor Vehicle,0,2012,4
E01002550,Hillingdon,Theft and Handling,Theft/Taking Of Motor Vehicle,1,2011,1
E01000694,Bromley,Violence Against the Person,Common Assault,0,2012,5
E01001782,Hackney,Criminal Damage,Criminal Damage To Dwelling,0,2016,11
E01000659,Bromley,Drugs,Drug Trafficking,0,2015,4
E01001029,Croydon,Violence Against the Person,Other violence,0,2008,1
E01002188,Harrow,Robbery,Personal Property,0,2014,7
E01001859,Hammersmith and Fulham,Theft and Handling,Theft From Motor Vehicle,1,2014,4
E01000358,Bexley,Theft and Handling,Theft From Motor Vehicle,0,2013,1
E01001676,Greenwich,Theft and Handling,Handling Stolen Goods,0,2008,3
E01001803,Hackney,Theft and Handling,Other Theft Person,0,2009,11
E01000539,Brent,Drugs,Drug Trafficking,0,2011,6
E01002096,Haringey,Drugs,Drug Trafficking,0,2008,2
E01004260,Tower Hamlets,Drugs,Drug Trafficking,0,2012,3
E01004074,Southwark,Criminal Damage,Other Criminal Damage,2,2010,10
E01000183,Barnet,Burglary,Burglary in a Dwelling,2,2014,6
E01004520,Wandsworth,Robbery,Personal Property,0,2012,6
E01003392,Merton,Other Notifiable Offences,Other Notifiable,0,2008,7
E01001157,Croydon,Violence Against the Person,Offensive Weapon,0,2009,2
E01004744,Westminster,Theft and Handling,Theft/Taking of Pedal Cycle,0,2012,12
E01002002,Haringey,Theft and Handling,Theft/Taking of Pedal Cycle,1,2009,11
E01003138,Lambeth,Drugs,Possession Of Drugs,2,2014,8
E01002088,Haringey,Burglary,Burglary in Other Buildings,0,2010,4
E01001974,Haringey,Other Notifiable Offences,Other Notifiable,0,2009,1
E01004460,Waltham Forest,Robbery,Business Property,0,2008,12
E01003476,Merton,Theft and Handling,Theft From Motor Vehicle,0,2009,11
E01004075,Southwark,Other Notifiable Offences,Going Equipped,0,2010,9
E01001957,Hammersmith and Fulham,Robbery,Personal Property,0,2008,4
E01002187,Harrow,Theft and Handling,Other Theft Person,0,2008,2
E01004434,Waltham Forest,Robbery,Business Property,0,2014,6
E01003095,Lambeth,Theft and Handling,Handling Stolen Goods,0,2009,4
E01002868,Kensington and Chelsea,Violence Against the Person,Other violence,0,2012,9
E01001562,Enfield,Sexual Offences,Other Sexual,0,2013,1
E01004014,Southwark,Drugs,Other Drugs,0,2012,9
E01004324,Tower Hamlets,Criminal Damage,Criminal Damage To Dwelling,0,2013,11
E01003903,Richmond upon Thames,Violence Against the Person,Wounding/GBH,0,2013,3
E01003481,Newham,Criminal Damage,Criminal Damage To Other Building,0,2008,1
E01000317,Barnet,Violence Against the Person,Common Assault,0,2013,7
E01003316,Lewisham,Violence Against the Person,Common Assault,0,2013,12
E01002815,Kensington and Chelsea,Criminal Damage,Other Criminal Damage,0,2009,2
E01000627,Brent,Fraud or Forgery,Other Fraud & Forgery,0,2008,7
E01000923,Camden,Robbery,Personal Property,0,2013,9
E01001733,Hackney,Violence Against the Person,Offensive Weapon,1,2015,10
E01003176,Lambeth,Theft and Handling,Theft From Motor Vehicle,5,2008,5
E01000879,Camden,Violence Against the Person,Assault with Injury,0,2009,1
E01000771,Bromley,Criminal Damage,Other Criminal Damage,1,2012,11
E01001416,Enfield,Robbery,Personal Property,1,2008,5
E01000731,Bromley,Drugs,Other Drugs,0,2012,2
E01000467,Bexley,Burglary,Burglary in a Dwelling,0,2008,3
E01000339,Bexley,Criminal Damage,Criminal Damage To Dwelling,1,2014,10
E01004535,Wandsworth,Theft and Handling,Theft From Motor Vehicle,1,2010,9
E01002469,Hillingdon,Burglary,Burglary in Other Buildings,0,2008,4
E01003083,Lambeth,Criminal Damage,Criminal Damage To Other Building,0,2016,11
E01001070,Croydon,Burglary,Burglary in a Dwelling,0,2010,7
E01002729,Islington,Theft and Handling,Handling Stolen Goods,0,2009,3
E01003739,Redbridge,Drugs,Drug Trafficking,0,2011,7
E01002352,Havering,Violence Against the Person,Assault with Injury,2,2010,2
E01002466,Hillingdon,Theft and Handling,Motor Vehicle Interference & Tampering,0,2016,1
E01003265,Lewisham,Violence Against the Person,Offensive Weapon,1,2015,9
E01003391,Merton,Theft and Handling,Motor Vehicle Interference & Tampering,0,2016,3
E01004011,Southwark,Violence Against the Person,Common Assault,0,2008,9
E01004330,Waltham Forest,Burglary,Burglary in Other Buildings,0,2014,12
E01000697,Bromley,Violence Against the Person,Wounding/GBH,0,2013,1
E01004419,Waltham Forest,Violence Against the Person,Other violence,0,2010,8
E01000320,Barnet,Theft and Handling,Theft/Taking of Pedal Cycle,0,2016,3
E01001955,Hammersmith and Fulham,Robbery,Business Property,0,2009,3
E01004156,Sutton,Other Notifiable Offences,Other Notifiable,0,2014,8
E01000926,Camden,Theft and Handling,Handling Stolen Goods,0,2016,11
E01002471,Hillingdon,Theft and Handling,Other Theft,0,2009,11
E01002493,Hillingdon,Theft and Handling,Theft/Taking of Pedal Cycle,0,2010,9
E01001570,Enfield,Violence Against the Person,Harassment,0,2012,1
E01000846,Camden,Drugs,Drug Trafficking,0,2012,12
E01000716,Bromley,Violence Against the Person,Offensive Weapon,0,2014,2
E01033082,Hounslow,Theft and Handling,Handling Stolen Goods,0,2009,10
E01002282,Havering,Criminal Damage,Criminal Damage To Motor Vehicle,0,2014,5
E01002176,Harrow,Theft and Handling,Handling Stolen Goods,0,2014,3
E01003253,Lewisham,Violence Against the Person,Wounding/GBH,2,2010,8
E01000241,Barnet,Violence Against the Person,Offensive Weapon,0,2008,8
E01000385,Bexley,Theft and Handling,Theft From Motor Vehicle,1,2008,1
E01004072,Southwark,Drugs,Possession Of Drugs,0,2015,12
E01003763,Redbridge,Violence Against the Person,Harassment,0,2016,1
E01000609,Brent,Violence Against the Person,Wounding/GBH,0,2009,4
E01003363,Merton,Other Notifiable Offences,Other Notifiable,0,2012,7
E01033101,Wandsworth,Theft and Handling,Theft/Taking Of Motor Vehicle,1,2015,6
E01000109,Barking and Dagenham,Theft and Handling,Motor Vehicle Interference & Tampering,0,2009,3
E01002181,Harrow,Burglary,Burglary in a Dwelling,2,2016,9
E01003659,Redbridge,Violence Against the Person,Offensive Weapon,0,2012,7
E01003175,Lambeth,Criminal Damage,Criminal Damage To Dwelling,0,2012,2
E01002424,Hillingdon,Theft and Handling,Theft/Taking of Pedal Cycle,0,2009,9
E01004502,Wandsworth,Criminal Damage,Criminal Damage To Other Building,0,2011,1
E01004506,Wandsworth,Drugs,Drug Trafficking,0,2011,5
E01003593,Newham,Theft and Handling,Theft/Taking Of Motor Vehicle,0,2014,10
E01002717,Islington,Theft and Handling,Other Theft,0,2015,5
E01000682,Bromley,Burglary,Burglary in Other Buildings,0,2009,12
E01003905,Richmond upon Thames,Theft and Handling,Theft From Shops,0,2013,7
E01004263,Tower Hamlets,Criminal Damage,Criminal Damage To Other Building,0,2014,2
E01000303,Barnet,Burglary,Burglary in Other Buildings,3,2015,11
E01000489,Brent,Violence Against the Person,Harassment,0,2014,12
E01003489,Newham,Theft and Handling,Other Theft Person,0,2013,12
E01003304,Lewisham,Violence Against the Person,Other violence,0,2016,6
E01000497,Brent,Violence Against the Person,Wounding/GBH,0,2013,2
E01004063,Southwark,Burglary,Burglary in Other Buildings,0,2012,12
E01001925,Hammersmith and Fulham,Burglary,Burglary in a Dwelling,2,2014,8
E01000177,Barnet,Theft and Handling,Other Theft,0,2009,10
E01000205,Barnet,Violence Against the Person,Wounding/GBH,0,2012,5
E01003891,Richmond upon Thames,Violence Against the Person,Common Assault,1,2015,10
E01000732,Bromley,Violence Against the Person,Other violence,0,2013,6
E01003531,Newham,Other Notifiable Offences,Other Notifiable,0,2013,2
E01002614,Hounslow,Violence Against the Person,Wounding/GBH,0,2010,7
E01004743,Westminster,Criminal Damage,Criminal Damage To Other Building,0,2015,8
E01001078,Croydon,Theft and Handling,Motor Vehicle Interference & Tampering,1,2015,11
E01002786,Islington,Violence Against the Person,Common Assault,2,2014,5
E01000414,Bexley,Theft and Handling,Motor Vehicle Interference & Tampering,0,2015,8
E01001949,Hammersmith and Fulham,Drugs,Drug Trafficking,0,2016,3
E01001752,Hackney,Sexual Offences,Other Sexual,0,2008,10
E01001406,Enfield,Drugs,Drug Trafficking,0,2011,1
E01000765,Bromley,Robbery,Personal Property,0,2012,5
E01001671,Greenwich,Theft and Handling,Theft/Taking of Pedal Cycle,0,2015,7
E01000233,Barnet,Theft and Handling,Theft/Taking of Pedal Cycle,0,2011,3
E01001477,Enfield,Criminal Damage,Criminal Damage To Motor Vehicle,1,2015,3
E01000243,Barnet,Drugs,Drug Trafficking,0,2014,6
E01003873,Richmond upon Thames,Burglary,Burglary in Other Buildings,1,2010,4
E01002615,Hounslow,Violence Against the Person,Harassment,0,2008,4
E01001735,Hackney,Theft and Handling,Other Theft,3,2013,7
E01004022,Southwark,Theft and Handling,Other Theft,3,2010,8
E01003723,Redbridge,Theft and Handling,Theft/Taking Of Motor Vehicle,1,2012,5
E01001962,Haringey,Burglary,Burglary in a Dwelling,2,2011,6
E01002824,Kensington and Chelsea,Theft and Handling,Motor Vehicle Interference & Tampering,0,2010,9
E01002107,Harrow,Criminal Damage,Criminal Damage To Dwelling,0,2008,4
E01003639,Redbridge,Other Notifiable Offences,Going Equipped,0,2015,7
E01000770,Bromley,Burglary,Burglary in Other Buildings,2,2009,7
E01003757,Redbridge,Violence Against the Person,Common Assault,0,2016,1
E01001524,Enfield,Theft and Handling,Theft From Motor Vehicle,2,2009,1
E01000193,Barnet,Theft and Handling,Theft From Shops,2,2013,4
E01004702,Westminster,Robbery,Personal Property,0,2010,5
E01001592,Greenwich,Criminal Damage,Criminal Damage To Motor Vehicle,1,2009,1
E01000320,Barnet,Robbery,Personal Property,0,2012,7
E01000835,Bromley,Criminal Damage,Criminal Damage To Motor Vehicle,0,2009,5
E01004732,Westminster,Criminal Damage,Other Criminal Damage,0,2014,9
E01002031,Haringey,Criminal Damage,Criminal Damage To Other Building,0,2014,3
E01002809,Islington,Violence Against the Person,Offensive Weapon,0,2014,4
E01002448,Hillingdon,Robbery,Business Property,1,2011,7
E01001094,Croydon,Burglary,Burglary in Other Buildings,0,2009,7
E01003730,Redbridge,Violence Against the Person,Common Assault,0,2012,12
E01003127,Lambeth,Theft and Handling,Motor Vehicle Interference & Tampering,1,2015,9
E01001899,Hammersmith and Fulham,Theft and Handling,Theft/Taking Of Motor Vehicle,0,2008,2
E01000333,Bexley,Violence Against the Person,Common Assault,1,2016,10
E01001705,Greenwich,Violence Against the Person,Offensive Weapon,0,2011,7
E01000179,Barnet,Criminal Damage,Criminal Damage To Dwelling,0,2009,9
E01003966,Southwark,Criminal Damage,Criminal Damage To Other Building,0,2010,4
E01003278,Lewisham,Theft and Handling,Other Theft Person,2,2014,8
E01002308,Havering,Theft and Handling,Motor Vehicle Interference & Tampering,0,2013,11
E01000579,Brent,Violence Against the Person,Common Assault,0,2010,5
E01002884,Kensington and Chelsea,Burglary,Burglary in Other Buildings,0,2015,11
E01001825,Hackney,Criminal Damage,Criminal Damage To Motor Vehicle,0,2012,11
E01001097,Croydon,Criminal Damage,Criminal Damage To Dwelling,1,2015,3
E01000682,Bromley,Drugs,Drug Trafficking,0,2012,12
E01002687,Hounslow,Burglary,Burglary in a Dwelling,2,2008,11
E01002726,Islington,Fraud or Forgery,Counted per Victim,0,2014,3
E01001246,Ealing,Violence Against the Person,Wounding/GBH,0,2013,9
E01004135,Sutton,Violence Against the Person,Other violence,0,2011,5
E01003950,Southwark,Violence Against the Person,Wounding/GBH,0,2011,5
E01001874,Hammersmith and Fulham,Drugs,Other Drugs,0,2010,9
E01002657,Hounslow,Robbery,Personal Property,0,2010,2
E01033485,Brent,Drugs,Possession Of Drugs,4,2013,9
E01000875,Camden,Violence Against the Person,Other violence,0,2013,5
E01001923,Hammersmith and Fulham,Drugs,Drug Trafficking,0,2012,11
E01004057,Southwark,Violence Against the Person,Other violence,0,2009,2
E01003332,Lewisham,Fraud or Forgery,Other Fraud & Forgery,0,2012,11
E01001608,Greenwich,Violence Against the Person,Harassment,1,2010,7
E01004382,Waltham Forest,Robbery,Personal Property,0,2008,10
E01003568,Newham,Drugs,Drug Trafficking,1,2009,12
E01004060,Southwark,Robbery,Personal Property,1,2013,12
E01000404,Bexley,Violence Against the Person,Common Assault,3,2008,1
E01002456,Hillingdon,Burglary,Burglary in Other Buildings,0,2016,4
E01003429,Merton,Violence Against the Person,Assault with Injury,0,2010,11
E01000729,Bromley,Violence Against the Person,Offensive Weapon,1,2013,11
E01000373,Bexley,Burglary,Burglary in Other Buildings,0,2015,4
E01003893,Richmond upon Thames,Sexual Offences,Other Sexual,0,2011,10
E01002159,Harrow,Criminal Damage,Criminal Damage To Motor Vehicle,1,2013,9
E01000123,Barnet,Theft and Handling,Theft From Motor Vehicle,3,2010,2
E01001217,Ealing,Theft and Handling,Motor Vehicle Interference & Tampering,0,2012,1
E01003997,Southwark,Theft and Handling,Theft From Shops,5,2010,8
E01004405,Waltham Forest,Violence Against the Person,Other violence,0,2012,2
E01004063,Southwark,Burglary,Burglary in a Dwelling,0,2014,6
E01004740,Westminster,Theft and Handling,Handling Stolen Goods,0,2009,6
E01002834,Kensington and Chelsea,Criminal Damage,Criminal Damage To Other Building,0,2013,3
E01003916,Southwark,Violence Against the Person,Other violence,0,2012,7
E01003862,Richmond upon Thames,Theft and Handling,Other Theft Person,0,2009,3
E01001254,Ealing,Theft and Handling,Other Theft Person,0,2009,1
E01004501,Wandsworth,Theft and Handling,Theft From Motor Vehicle,0,2010,9
E01002256,Havering,Theft and Handling,Motor Vehicle Interference & Tampering,0,2010,6
E01000276,Barnet,Drugs,Possession Of Drugs,0,2012,2
E01002550,Hillingdon,Theft and Handling,Handling Stolen Goods,0,2015,3
E01001991,Haringey,Violence Against the Person,Common Assault,1,2009,11
E01003948,Southwark,Theft and Handling,Theft From Motor Vehicle,1,2015,12
E01004051,Southwark,Violence Against the Person,Offensive Weapon,0,2010,12
E01001047,Croydon,Violence Against the Person,Harassment,0,2010,4
E01001021,Croydon,Violence Against the Person,Offensive Weapon,0,2014,9
E01000237,Barnet,Violence Against the Person,Other violence,0,2010,7
E01004742,Westminster,Violence Against the Person,Assault with Injury,0,2009,2
E01002734,Islington,Violence Against the Person,Harassment,10,2015,3
E01004464,Waltham Forest,Drugs,Drug Trafficking,0,2012,10
E01002244,Havering,Theft and Handling,Handling Stolen Goods,0,2014,3
E01003055,Lambeth,Drugs,Possession Of Drugs,5,2014,2
E01003346,Lewisham,Drugs,Drug Trafficking,0,2010,12
E01003251,Lewisham,Violence Against the Person,Wounding/GBH,0,2016,1
E01004568,Wandsworth,Robbery,Personal Property,1,2012,6
E01003433,Merton,Theft and Handling,Handling Stolen Goods,0,2012,2
E01001747,Hackney,Theft and Handling,Theft/Taking Of Motor Vehicle,2,2011,9
E01002188,Harrow,Theft and Handling,Motor Vehicle Interference & Tampering,0,2012,11
E01003642,Redbridge,Violence Against the Person,Other violence,0,2010,12
E01003467,Merton,Theft and Handling,Theft From Motor Vehicle,0,2013,11
E01003181,Lambeth,Other Notifiable Offences,Going Equipped,0,2016,5
E01004523,Wandsworth,Criminal Damage,Criminal Damage To Motor Vehicle,0,2016,8
E01003221,Lewisham,Violence Against the Person,Offensive Weapon,0,2012,2
E01003128,Lambeth,Violence Against the Person,Murder,0,2008,9
E01002653,Hounslow,Theft and Handling,Theft/Taking of Pedal Cycle,0,2010,9
E01000602,Brent,Drugs,Possession Of Drugs,0,2012,6
E01033711,Hackney,Criminal Damage,Other Criminal Damage,0,2009,1
E01000371,Bexley,Violence Against the Person,Murder,0,2008,1
E01001658,Greenwich,Robbery,Business Property,0,2012,8
E01004583,Wandsworth,Theft and Handling,Theft From Motor Vehicle,2,2008,8
E01003372,Merton,Violence Against the Person,Offensive Weapon,0,2014,8
E01002490,Hillingdon,Violence Against the Person,Wounding/GBH,0,2010,2
E01003854,Richmond upon Thames,Violence Against the Person,Common Assault,0,2011,6
E01000255,Barnet,Robbery,Personal Property,0,2013,5
E01000605,Brent,Violence Against the Person,Wounding/GBH,0,2010,6
E01003052,Lambeth,Other Notifiable Offences,Going Equipped,0,2012,10
E01004207,Tower Hamlets,Criminal Damage,Criminal Damage To Other Building,0,2009,12
E01003766,Redbridge,Theft and Handling,Theft/Taking Of Motor Vehicle,0,2010,8
E01002458,Hillingdon,Violence Against the Person,Offensive Weapon,0,2012,1
E01000005,City of London,Violence Against the Person,Common Assault,0,2013,2
E01000574,Brent,Violence Against the Person,Harassment,0,2016,3
E01000252,Barnet,Criminal Damage,Other Criminal Damage,0,2014,8
E01001396,Enfield,Theft and Handling,Motor Vehicle Interference & Tampering,0,2015,10
E01000093,Barking and Dagenham,Violence Against the Person,Murder,0,2012,9
E01001570,Enfield,Drugs,Drug Trafficking,1,2009,10
E01003006,Kingston upon Thames,Theft and Handling,Motor Vehicle Interference & Tampering,0,2013,5
E01003177,Lambeth,Theft and Handling,Theft/Taking Of Motor Vehicle,1,2015,5
E01001331,Ealing,Criminal Damage,Criminal Damage To Dwelling,1,2016,10
E01000060,Barking and Dagenham,Criminal Damage,Criminal Damage To Dwelling,2,2009,6
E01000339,Bexley,Drugs,Drug Trafficking,0,2008,2
E01001470,Enfield,Theft and Handling,Theft From Shops,0,2016,1
E01004218,Tower Hamlets,Drugs,Other Drugs,0,2008,3
E01002071,Haringey,Theft and Handling,Theft From Shops,0,2011,1
E01001652,Greenwich,Burglary,Burglary in a Dwelling,0,2008,3
E01001154,Croydon,Burglary,Burglary in a Dwelling,1,2012,12
E01001725,Hackney,Drugs,Drug Trafficking,0,2009,11
E01000610,Brent,Theft and Handling,Theft/Taking of Pedal Cycle,0,2015,12
E01001848,Hackney,Drugs,Drug Trafficking,1,2014,12
E01002253,Havering,Violence Against the Person,Assault with Injury,0,2014,5
E01004442,Waltham Forest,Burglary,Burglary in Other Buildings,0,2012,1
E01000167,Barnet,Violence Against the Person,Common Assault,0,2008,6
E01004311,Tower Hamlets,Theft and Handling,Theft/Taking Of Motor Vehicle,0,2009,3
E01000511,Brent,Criminal Damage,Criminal Damage To Motor Vehicle,0,2008,8
E01003827,Richmond upon Thames,Drugs,Drug Trafficking,0,2014,6
E01001556,Enfield,Robbery,Personal Property,0,2012,8
E01001711,Greenwich,Theft and Handling,Handling Stolen Goods,0,2014,6
E01004555,Wandsworth,Robbery,Personal Property,0,2011,10
E01002447,Hillingdon,Fraud or Forgery,Other Fraud & Forgery,0,2012,4
E01000759,Bromley,Violence Against the Person,Harassment,0,2013,2
E01000112,Barking and Dagenham,Theft and Handling,Other Theft Person,0,2014,2
E01000920,Camden,Theft and Handling,Other Theft Person,1,2016,2
E01000546,Brent,Fraud or Forgery,Other Fraud & Forgery,0,2010,9
E01004730,Westminster,Theft and Handling,Theft/Taking of Pedal Cycle,0,2012,3
E01032766,Tower Hamlets,Violence Against the Person,Wounding/GBH,0,2009,8
E01003260,Lewisham,Violence Against the Person,Offensive Weapon,0,2008,5
E01003233,Lewisham,Violence Against the Person,Assault with Injury,0,2015,7
E01003903,Richmond upon Thames,Robbery,Business Property,0,2008,9
E01002812,Kensington and Chelsea,Violence Against the Person,Assault with Injury,1,2016,8
E01003513,Newham,Theft and Handling,Other Theft Person,1,2015,9
E01003188,Lambeth,Robbery,Business Property,0,2012,8
E01000688,Bromley,Criminal Damage,Criminal Damage To Motor Vehicle,0,2008,6
E01001970,Haringey,Violence Against the Person,Common Assault,3,2016,3
E01002532,Hillingdon,Criminal Damage,Other Criminal Damage,0,2008,10
E01003564,Newham,Violence Against the Person,Common Assault,2,2010,12
E01033491,Islington,Criminal Damage,Other Criminal Damage,0,2011,2
E01004044,Southwark,Violence Against the Person,Common Assault,0,2012,12
E01003257,Lewisham,Criminal Damage,Criminal Damage To Dwelling,0,2015,3
E01000828,Bromley,Criminal Damage,Criminal Damage To Dwelling,0,2008,12
E01001403,Enfield,Violence Against the Person,Offensive Weapon,0,2015,2
E01003540,Newham,Criminal Damage,Criminal Damage To Other Building,0,2011,1
E01001750,Hackney,Theft and Handling,Theft/Taking of Pedal Cycle,1,2013,2
E01001368,Ealing,Criminal Damage,Criminal Damage To Dwelling,1,2013,7
E01003195,Lewisham,Other Notifiable Offences,Other Notifiable,0,2014,11
E01001686,Greenwich,Theft and Handling,Theft From Motor Vehicle,0,2013,6
E01001330,Ealing,Theft and Handling,Motor Vehicle Interference & Tampering,1,2015,11
E01002752,Islington,Criminal Damage,Other Criminal Damage,0,2012,3
E01003623,Newham,Theft and Handling,Handling Stolen Goods,0,2008,12
E01004450,Waltham Forest,Theft and Handling,Theft From Motor Vehicle,1,2012,11
E01002508,Hillingdon,Criminal Damage,Criminal Damage To Dwelling,1,2011,8
E01001575,Greenwich,Theft and Handling,Theft From Motor Vehicle,4,2009,1
E01000606,Brent,Violence Against the Person,Other violence,0,2013,7
E01000617,Brent,Theft and Handling,Other Theft Person,0,2016,1
E01002272,Havering,Violence Against the Person,Assault with Injury,0,2012,1
E01002118,Harrow,Theft and Handling,Theft From Motor Vehicle,1,2015,11
E01004627,Wandsworth,Burglary,Burglary in Other Buildings,0,2009,2
E01001421,Enfield,Other Notifiable Offences,Other Notifiable,0,2011,10
E01003320,Lewisham,Theft and Handling,Other Theft,2,2013,2
E01003837,Richmond upon Thames,Criminal Damage,Criminal Damage To Dwelling,0,2008,11
E01004505,Wandsworth,Violence Against the Person,Common Assault,0,2015,9
E01001382,Ealing,Violence Against the Person,Offensive Weapon,0,2013,4
E01002124,Harrow,Other Notifiable Offences,Other Notifiable,0,2014,10
E01000585,Brent,Criminal Damage,Criminal Damage To Dwelling,1,2009,8
E01001840,Hackney,Drugs,Drug Trafficking,0,2016,4
E01001734,Hackney,Theft and Handling,Other Theft,3,2016,9
E01000900,Camden,Violence Against the Person,Wounding/GBH,1,2011,4
E01032575,Haringey,Criminal Damage,Criminal Damage To Other Building,0,2016,1
E01003175,Lambeth,Drugs,Drug Trafficking,0,2013,1
E01001225,Ealing,Sexual Offences,Other Sexual,0,2016,8
E01000275,Barnet,Theft and Handling,Other Theft Person,1,2008,3
E01000318,Barnet,Burglary,Burglary in a Dwelling,1,2015,7
E01003354,Lewisham,Criminal Damage,Other Criminal Damage,0,2013,8
E01001913,Hammersmith and Fulham,Criminal Damage,Criminal Damage To Motor Vehicle,0,2013,8
E01003164,Lambeth,Theft and Handling,Theft From Shops,0,2013,8
E01003296,Lewisham,Theft and Handling,Theft From Shops,12,2011,9
E01003968,Southwark,Drugs,Drug Trafficking,0,2015,3
E01003802,Richmond upon Thames,Violence Against the Person,Offensive Weapon,0,2014,11
E01002832,Kensington and Chelsea,Violence Against the Person,Common Assault,1,2009,7
E01004667,Westminster,Theft and Handling,Theft From Shops,1,2015,6
E01001251,Ealing,Theft and Handling,Other Theft Person,0,2015,12
E01003226,Lewisham,Burglary,Burglary in Other Buildings,0,2013,5
E01004367,Waltham Forest,Criminal Damage,Other Criminal Damage,0,2009,11
E01001983,Haringey,Violence Against the Person,Assault with Injury,0,2014,5
E01000714,Bromley,Criminal Damage,Other Criminal Damage,0,2011,6
E01000989,Croydon,Robbery,Personal Property,0,2011,6
E01032777,Tower Hamlets,Theft and Handling,Handling Stolen Goods,0,2013,12
E01001065,Croydon,Theft and Handling,Other Theft,1,2008,12
E01002610,Hounslow,Burglary,Burglary in a Dwelling,0,2013,8
E01000679,Bromley,Theft and Handling,Other Theft Person,0,2009,12
E01000081,Barking and Dagenham,Criminal Damage,Criminal Damage To Dwelling,0,2009,4
E01001348,Ealing,Burglary,Burglary in a Dwelling,1,2010,8
E01003283,Lewisham,Violence Against the Person,Common Assault,3,2015,2
E01032646,Southwark,Violence Against the Person,Common Assault,0,2013,8
E01002124,Harrow,Drugs,Drug Trafficking,0,2010,12
E01003431,Merton,Robbery,Personal Property,0,2009,4
E01001959,Hammersmith and Fulham,Other Notifiable Offences,Going Equipped,0,2012,9
E01001983,Haringey,Drugs,Possession Of Drugs,0,2013,4
E01004665,Westminster,Robbery,Personal Property,0,2015,7
E01000464,Bexley,Violence Against the Person,Offensive Weapon,0,2008,1
E01002799,Islington,Robbery,Business Property,0,2011,6
E01002263,Havering,Criminal Damage,Criminal Damage To Motor Vehicle,0,2016,10
E01003383,Merton,Theft and Handling,Theft From Shops,7,2009,8
E01033604,Westminster,Theft and Handling,Theft From Shops,2,2013,10
E01001218,Ealing,Robbery,Personal Property,1,2009,2
E01002488,Hillingdon,Drugs,Drug Trafficking,0,2010,9
E01001423,Enfield,Theft and Handling,Handling Stolen Goods,0,2009,7
E01000343,Bexley,Violence Against the Person,Other violence,0,2011,12
E01003284,Lewisham,Drugs,Drug Trafficking,0,2011,10
E01002474,Hillingdon,Other Notifiable Offences,Other Notifiable,0,2009,9
E01003373,Merton,Other Notifiable Offences,Other Notifiable,0,2013,2
E01003946,Southwark,Violence Against the Person,Other violence,0,2013,11
E01002475,Hillingdon,Criminal Damage,Criminal Damage To Dwelling,1,2010,6
E01000593,Brent,Theft and Handling,Theft/Taking of Pedal Cycle,0,2009,3
E01001400,Enfield,Theft and Handling,Theft/Taking Of Motor Vehicle,0,2009,10
E01000138,Barnet,Criminal Damage,Other Criminal Damage,0,2011,1
E01003578,Newham,Theft and Handling,Handling Stolen Goods,0,2009,9
E01003445,Merton,Criminal Damage,Criminal Damage To Other Building,1,2014,7
E01002233,Harrow,Violence Against the Person,Assault with Injury,1,2016,7
E01000516,Brent,Theft and Handling,Theft From Motor Vehicle,0,2013,6
E01000903,Camden,Theft and Handling,Theft From Motor Vehicle,1,2012,2
E01003240,Lewisham,Theft and Handling,Other Theft,0,2016,9
E01001812,Hackney,Theft and Handling,Theft/Taking of Pedal Cycle,0,2012,4
E01002885,Kensington and Chelsea,Violence Against the Person,Assault with Injury,0,2012,1
E01003357,Merton,Other Notifiable Offences,Other Notifiable,2,2014,4
E01002496,Hillingdon,Theft and Handling,Theft/Taking Of Motor Vehicle,2,2011,1
E01001710,Greenwich,Criminal Damage,Criminal Damage To Dwelling,1,2010,6
E01003144,Lambeth,Criminal Damage,Criminal Damage To Other Building,0,2011,6
E01001827,Hackney,Robbery,Business Property,0,2016,7
E01003686,Redbridge,Violence Against the Person,Assault with Injury,0,2016,11
E01000918,Camden,Other Notifiable Offences,Going Equipped,0,2011,1
E01004393,Waltham Forest,Sexual Offences,Other Sexual,0,2008,11
E01002168,Harrow,Violence Against the Person,Common Assault,0,2013,8
E01002793,Islington,Robbery,Personal Property,1,2013,3
E01002730,Islington,Violence Against the Person,Murder,0,2014,9
E01003989,Southwark,Other Notifiable Offences,Other Notifiable,0,2016,11
E01033712,Hackney,Theft and Handling,Motor Vehicle Interference & Tampering,0,2011,3
E01000458,Bexley,Theft and Handling,Theft/Taking of Pedal Cycle,0,2013,5
E01000704,Bromley,Violence Against the Person,Other violence,0,2010,8
E01001361,Ealing,Violence Against the Person,Wounding/GBH,2,2009,6
E01003361,Merton,Robbery,Personal Property,0,2014,11
E01001162,Croydon,Theft and Handling,Theft/Taking Of Motor Vehicle,0,2015,7
E01003465,Merton,Theft and Handling,Theft/Taking Of Motor Vehicle,1,2015,1
E01003756,Redbridge,Violence Against the Person,Other violence,1,2008,10
E01003507,Newham,Violence Against the Person,Common Assault,0,2013,11
E01002464,Hillingdon,Criminal Damage,Other Criminal Damage,0,2012,7
E01000224,Barnet,Theft and Handling,Theft/Taking of Pedal Cycle,0,2016,3
E01002651,Hounslow,Theft and Handling,Other Theft,0,2009,7
E01000403,Bexley,Burglary,Burglary in Other Buildings,0,2010,3
E01000978,Croydon,Violence Against the Person,Other violence,0,2015,6
E01004620,Wandsworth,Criminal Damage,Criminal Damage To Other Building,0,2008,6
E01001590,Greenwich,Theft and Handling,Theft/Taking of Pedal Cycle,0,2013,1
E01001157,Croydon,Theft and Handling,Other Theft Person,0,2009,4
E01001596,Greenwich,Robbery,Business Property,0,2015,5
E01004525,Wandsworth,Theft and Handling,Handling Stolen Goods,0,2008,9
E01004731,Westminster,Sexual Offences,Other Sexual,0,2016,6
E01002175,Harrow,Other Notifiable Offences,Other Notifiable,1,2016,3
E01000939,Camden,Violence Against the Person,Harassment,2,2009,6
E01002958,Kingston upon Thames,Other Notifiable Offences,Other Notifiable,0,2013,9
E01002560,Hounslow,Drugs,Possession Of Drugs,1,2012,9
E01004051,Southwark,Theft and Handling,Theft/Taking of Pedal Cycle,1,2009,10
E01000773,Bromley,Theft and Handling,Theft/Taking of Pedal Cycle,0,2013,8
E01001497,Enfield,Theft and Handling,Other Theft,0,2010,7
E01003244,Lewisham,Burglary,Burglary in Other Buildings,0,2013,6
E01001091,Croydon,Criminal Damage,Criminal Damage To Other Building,0,2012,8
E01001021,Croydon,Robbery,Personal Property,0,2012,12
E01004219,Tower Hamlets,Burglary,Burglary in Other Buildings,0,2011,7
E01004640,Wandsworth,Violence Against the Person,Offensive Weapon,0,2009,8
E01001502,Enfield,Theft and Handling,Theft From Motor Vehicle,1,2008,8
E01002303,Havering,Theft and Handling,Other Theft,1,2008,9
E01001356,Ealing,Theft and Handling,Handling Stolen Goods,0,2013,8
E01004036,Southwark,Burglary,Burglary in a Dwelling,0,2014,7
E01000068,Barking and Dagenham,Violence Against the Person,Wounding/GBH,0,2009,5
E01001619,Greenwich,Robbery,Personal Property,1,2010,4
E01004481,Wandsworth,Criminal Damage,Criminal Damage To Motor Vehicle,0,2012,7
E01004338,Waltham Forest,Drugs,Possession Of Drugs,0,2016,8
E01001396,Enfield,Robbery,Personal Property,0,2010,5
E01002079,Haringey,Theft and Handling,Theft From Motor Vehicle,0,2009,2
E01000460,Bexley,Theft and Handling,Handling Stolen Goods,0,2014,5
E01004277,Tower Hamlets,Violence Against the Person,Wounding/GBH,0,2015,3
E01033093,Wandsworth,Other Notifiable Offences,Other Notifiable,0,2016,10
E01032572,Ealing,Robbery,Personal Property,4,2013,4
E01000377,Bexley,Violence Against the Person,Harassment,0,2014,12
E01002291,Havering,Theft and Handling,Theft From Shops,0,2014,7
E01002287,Havering,Robbery,Personal Property,0,2010,2
E01002840,Kensington and Chelsea,Theft and Handling,Handling Stolen Goods,0,2013,10
E01004732,Westminster,Burglary,Burglary in a Dwelling,0,2011,2
E01002799,Islington,Robbery,Personal Property,0,2010,5
E01033700,Hackney,Other Notifiable Offences,Other Notifiable,1,2015,2
E01000018,Barking and Dagenham,Violence Against the Person,Wounding/GBH,0,2011,8
E01001897,Hammersmith and Fulham,Burglary,Burglary in a Dwelling,3,2011,5
E01001513,Enfield,Theft and Handling,Theft From Motor Vehicle,4,2010,1
E01004429,Waltham Forest,Theft and Handling,Other Theft,0,2010,2
E01001144,Croydon,Violence Against the Person,Offensive Weapon,0,2012,10
E01001602,Greenwich,Burglary,Burglary in a Dwelling,5,2008,5
E01002874,Kensington and Chelsea,Drugs,Drug Trafficking,0,2014,6
E01001720,Hackney,Robbery,Business Property,0,2011,8
E01001264,Ealing,Other Notifiable Offences,Other Notifiable,0,2011,4
E01004169,Sutton,Theft and Handling,Other Theft,0,2014,12
E01003311,Lewisham,Other Notifiable Offences,Other Notifiable,0,2014,1
E01004235,Tower Hamlets,Violence Against the Person,Offensive Weapon,1,2008,7
E01001842,Hackney,Other Notifiable Offences,Other Notifiable,0,2012,1
E01003825,Richmond upon Thames,Other Notifiable Offences,Other Notifiable,0,2014,11
E01002616,Hounslow,Theft and Handling,Theft From Shops,0,2014,2
E01001738,Hackney,Theft and Handling,Other Theft,2,2011,1
E01002079,Haringey,Theft and Handling,Other Theft,0,2015,11
E01004651,Westminster,Violence Against the Person,Harassment,1,2016,4
E01000574,Brent,Theft and Handling,Theft From Motor Vehicle,1,2008,1
E01003489,Newham,Criminal Damage,Criminal Damage To Other Building,0,2013,11
E01003181,Lambeth,Other Notifiable Offences,Going Equipped,0,2012,4
E01003450,Merton,Criminal Damage,Criminal Damage To Other Building,0,2014,3
E01001009,Croydon,Violence Against the Person,Common Assault,0,2011,9
E01000276,Barnet,Robbery,Personal Property,0,2010,2
E01033575,Newham,Burglary,Burglary in Other Buildings,0,2009,6
E01003498,Newham,Violence Against the Person,Common Assault,2,2016,3
E01004242,Tower Hamlets,Theft and Handling,Other Theft Person,0,2008,12
E01001433,Enfield,Theft and Handling,Motor Vehicle Interference & Tampering,0,2010,5
E01004145,Sutton,Burglary,Burglary in a Dwelling,1,2012,3
E01001288,Ealing,Robbery,Business Property,0,2009,11
E01002167,Harrow,Theft and Handling,Theft/Taking Of Motor Vehicle,1,2012,12
E01001489,Enfield,Drugs,Drug Trafficking,0,2016,3
E01004424,Waltham Forest,Burglary,Burglary in Other Buildings,0,2016,3
E01000913,Camden,Violence Against the Person,Other violence,0,2013,10
E01002288,Havering,Theft and Handling,Motor Vehicle Interference & Tampering,0,2008,4
E01000731,Bromley,Theft and Handling,Handling Stolen Goods,0,2010,7
E01002855,Kensington and Chelsea,Theft and Handling,Other Theft,3,2010,2
E01003124,Lambeth,Theft and Handling,Motor Vehicle Interference & Tampering,0,2015,1
E01001523,Enfield,Burglary,Burglary in a Dwelling,1,2011,9
E01003273,Lewisham,Robbery,Business Property,0,2012,6
E01001644,Greenwich,Theft and Handling,Theft/Taking Of Motor Vehicle,0,2014,11
E01001043,Croydon,Drugs,Possession Of Drugs,8,2014,3
E01001216,Ealing,Theft and Handling,Other Theft Person,1,2011,1
