E01000534,Brent,Violence Against the Person,Wounding/GBH,0,2015,9
E01002883,Kensington and Chelsea,Burglary,Burglary in Other Buildings,3,2014,7
E01002463,Hillingdon,Robbery,Personal Property,0,2011,6
E01000654,Bromley,Drugs,Drug Trafficking,0,2014,8
E01004444,Waltham Forest,Drugs,Drug Trafficking,0,2015,10
E01002432,Hillingdon,Burglary,Burglary in Other Buildings,0,2009,3
E01000107,Barking and Dagenham,Theft and Handling,Other Theft Person,0,2016,12
E01001799,Hackney,Criminal Damage,Criminal Damage To Dwelling,0,2012,8
E01004159,Sutton,Robbery,Business Property,0,2009,12
E01004575,Wandsworth,Violence Against the Person,Wounding/GBH,1,2016,7
E01000923,Camden,Criminal Damage,Criminal Damage To Motor Vehicle,0,2015,9
E01000670,Bromley,Theft and Handling,Motor Vehicle Interference & Tampering,0,2016,7
E01000576,Brent,Criminal Damage,Other Criminal Damage,0,2013,8
E01000072,Barking and Dagenham,Theft and Handling,Theft From Shops,1,2010,6
E01004163,Sutton,Theft and Handling,Theft From Shops,0,2014,9
E01002733,Islington,Burglary,Burglary in a Dwelling,1,2012,5
E01002008,Haringey,Theft and Handling,Handling Stolen Goods,0,2011,1
E01000239,Barnet,Theft and Handling,Other Theft,0,2016,7
E01004051,Southwark,Violence Against the Person,Common Assault,0,2012,3
E01000076,Barking and Dagenham,Theft and Handling,Handling Stolen Goods,0,2015,4
E01003377,Merton,Other Notifiable Offences,Going Equipped,0,2011,4
E01002208,Harrow,Violence Against the Person,Other violence,0,2015,6
E01002141,Harrow,Criminal Damage,Criminal Damage To Other Building,0,2009,3
E01002076,Haringey,Theft and Handling,Theft/Taking Of Motor Vehicle,0,2015,10
E01004371,Waltham Forest,Theft and Handling,Theft/Taking Of Motor Vehicle,0,2015,2
E01001524,Enfield,Criminal Damage,Criminal Damage To Motor Vehicle,0,2012,2
E01002446,Hillingdon,Violence Against the Person,Common Assault,0,2012,2
E01001217,Ealing,Theft and Handling,Theft/Taking Of Motor Vehicle,0,2010,10
E01000823,Bromley,Violence Against the Person,Harassment,0,2008,10
E01004340,Waltham Forest,Violence Against the Person,Assault with Injury,1,2014,8
E01002826,Kensington and Chelsea,Violence Against the Person,Wounding/GBH,0,2008,11
E01000729,Bromley,Theft and Handling,Motor Vehicle Interference & Tampering,0,2011,3
E01000437,Bexley,Drugs,Possession Of Drugs,0,2016,2
E01004709,Westminster,Criminal Damage,Criminal Damage To Dwelling,0,2014,11
E01001839,Hackney,Drugs,Possession Of Drugs,2,2012,6
E01003417,Merton,Robbery,Business Property,0,2016,4
E01004442,Waltham Forest,Criminal Damage,Criminal Damage To Dwelling,0,2014,11
E01000065,Barking and Dagenham,Drugs,Drug Trafficking,0,2010,5
E01002963,Kingston upon Thames,Violence Against the Person,Offensive Weapon,0,2011,12
E01000411,Bexley,Criminal Damage,Criminal Damage To Motor Vehicle,0,2011,9
E01002948,Kingston upon Thames,Criminal Damage,Criminal Damage To Other Building,1,2013,10
E01000374,Bexley,Violence Against the Person,Wounding/GBH,1,2013,6
E01001449,Enfield,Violence Against the Person,Common Assault,2,2010,3
E01003830,Richmond upon Thames,Theft and Handling,Other Theft Person,0,2015,5
E01003760,Redbridge,Criminal Damage,Criminal Damage To Dwelling,0,2010,7
E01003735,Redbridge,Other Notifiable Offences,Other Notifiable,0,2008,9
E01004301,Tower Hamlets,Theft and Handling,Other Theft,0,2016,4
E01000274,Barnet,Criminal Damage,Criminal Damage To Motor Vehicle,1,2015,3
E01004006,Southwark,Violence Against the Person,Common Assault,0,2013,5
E01003964,Southwark,Violence Against the Person,Offensive Weapon,0,2013,3
E01000712,Bromley,Drugs,Drug Trafficking,0,2016,3
E01004306,Tower Hamlets,Violence Against the Person,Common Assault,2,2014,8
E01001257,Ealing,Burglary,Burglary in Other Buildings,0,2011,4
E01004331,Waltham Forest,Violence Against the Person,Harassment,0,2009,2
E01003690,Redbridge,Other Notifiable Offences,Other Notifiable,0,2008,12
E01000365,Bexley,Theft and Handling,Theft From Motor Vehicle,1,2014,7
E01000309,Barnet,Robbery,Personal Property,0,2016,6
E01003240,Lewisham,Robbery,Personal Property,3,2011,6
E01000504,Brent,Burglary,Burglary in Other Buildings,0,2014,5
E01000469,Bexley,Violence Against the Person,Assault with Injury,0,2014,6
E01002101,Haringey,Theft and Handling,Theft/Taking of Pedal Cycle,0,2008,8
E01001406,Enfield,Drugs,Drug Trafficking,0,2011,9
E01003521,Newham,Theft and Handling,Handling Stolen Goods,0,2013,6
E01004566,Wandsworth,Other Notifiable Offences,Other Notifiable,0,2011,4
E01003744,Redbridge,Robbery,Business Property,0,2015,9
E01001823,Hackney,Theft and Handling,Handling Stolen Goods,0,2010,10
E01003469,Merton,Theft and Handling,Other Theft,0,2008,9
E01001478,Enfield,Violence Against the Person,Common Assault,0,2009,12
E01001252,Ealing,Theft and Handling,Handling Stolen Goods,0,2011,5
E01004201,Tower Hamlets,Violence Against the Person,Common Assault,1,2010,6
E01004535,Wandsworth,Violence Against the Person,Murder,0,2014,6
E01000578,Brent,Theft and Handling,Theft/Taking Of Motor Vehicle,1,2009,10
E01000862,Camden,Theft and Handling,Other Theft Person,2,2012,1
E01001538,Enfield,Criminal Damage,Other Criminal Damage,0,2009,7
E01000886,Camden,Violence Against the Person,Harassment,0,2008,3
E01033456,Brent,Violence Against the Person,Common Assault,0,2009,1
E01001324,Ealing,Violence Against the Person,Assault with Injury,1,2010,7
E01001894,Hammersmith and Fulham,Theft and Handling,Motor Vehicle Interference & Tampering,0,2016,8
E01003130,Lambeth,Criminal Damage,Criminal Damage To Other Building,0,2014,8
E01004329,Waltham Forest,Criminal Damage,Criminal Damage To Motor Vehicle,0,2010,2
E01002194,Harrow,Theft and Handling,Other Theft,0,2016,11
E01000110,Barking and Dagenham,Violence Against the Person,Wounding/GBH,0,2014,1
E01004532,Wandsworth,Other Notifiable Offences,Other Notifiable,0,2013,6
E01001867,Hammersmith and Fulham,Burglary,Burglary in a Dwelling,0,2010,6
E01000184,Barnet,Criminal Damage,Criminal Damage To Other Building,0,2016,5
E01004734,Westminster,Theft and Handling,Theft/Taking Of Motor Vehicle,2,2012,5
E01002197,Harrow,Theft and Handling,Theft From Motor Vehicle,0,2014,5
E01002047,Haringey,Criminal Damage,Criminal Damage To Dwelling,0,2012,4
E01002027,Haringey,Theft and Handling,Other Theft Person,1,2015,10
E01002837,Kensington and Chelsea,Robbery,Personal Property,0,2014,1
E01000404,Bexley,Theft and Handling,Theft/Taking Of Motor Vehicle,2,2016,9
E01003370,Merton,Theft and Handling,Theft From Shops,0,2014,7
E01000039,Barking and Dagenham,Violence Against the Person,Offensive Weapon,0,2016,12
E01000669,Bromley,Robbery,Personal Property,0,2012,2
E01002616,Hounslow,Theft and Handling,Handling Stolen Goods,0,2010,1
E01003668,Redbridge,Violence Against the Person,Assault with Injury,0,2008,11
E01003854,Richmond upon Thames,Theft and Handling,Theft/Taking Of Motor Vehicle,0,2012,5
E01002913,Kensington and Chelsea,Violence Against the Person,Offensive Weapon,0,2015,7
E01002200,Harrow,Violence Against the Person,Offensive Weapon,0,2013,4
E01000874,Camden,Theft and Handling,Motor Vehicle Interference & Tampering,0,2016,11
E01004064,Southwark,Robbery,Personal Property,1,2010,2
E01003285,Lewisham,Robbery,Personal Property,0,2015,2
E01001257,Ealing,Criminal Damage,Criminal Damage To Dwelling,1,2015,6
E01003739,Redbridge,Criminal Damage,Criminal Damage To Motor Vehicle,0,2011,2
E01002298,Havering,Theft and Handling,Motor Vehicle Interference & Tampering,0,2013,3
E01004693,Westminster,Other Notifiable Offences,Other Notifiable,0,2016,4
E01004017,Southwark,Burglary,Burglary in a Dwelling,5,2011,10
E01000052,Barking and Dagenham,Theft and Handling,Other Theft,0,2008,7
E01004472,Wandsworth,Criminal Damage,Other Criminal Damage,0,2011,9
E01002811,Islington,Theft and Handling,Motor Vehicle Interference & Tampering,0,2014,3
E01000685,Bromley,Burglary,Burglary in a Dwelling,0,2011,7
E01002715,Islington,Criminal Damage,Criminal Damage To Dwelling,1,2010,10
E01000970,Camden,Criminal Damage,Criminal Damage To Dwelling,0,2013,9
E01003205,Lewisham,Drugs,Drug Trafficking,0,2010,1
E01002677,Hounslow,Criminal Damage,Other Criminal Damage,0,2011,2
E01000091,Barking and Dagenham,Burglary,Burglary in a Dwelling,0,2016,3
E01003830,Richmond upon Thames,Other Notifiable Offences,Going Equipped,0,2015,1
E01000889,Camden,Criminal Damage,Criminal Damage To Other Building,0,2009,9
E01000577,Brent,Other Notifiable Offences,Other Notifiable,0,2010,11
E01002440,Hillingdon,Theft and Handling,Other Theft Person,0,2008,4
E01002816,Kensington and Chelsea,Criminal Damage,Other Criminal Damage,0,2013,10
E01004715,Westminster,Theft and Handling,Other Theft,11,2016,3
E01000919,Camden,Fraud or Forgery,Other Fraud & Forgery,0,2015,3
E01033574,Newham,Other Notifiable Offences,Other Notifiable,0,2010,6
E01002164,Harrow,Theft and Handling,Handling Stolen Goods,0,2013,4
E01000747,Bromley,Violence Against the Person,Offensive Weapon,0,2016,11
E01003434,Merton,Violence Against the Person,Assault with Injury,0,2013,3
E01000129,Barnet,Theft and Handling,Motor Vehicle Interference & Tampering,0,2009,1
E01003884,Richmond upon Thames,Criminal Damage,Other Criminal Damage,0,2015,6
E01004262,Tower Hamlets,Violence Against the Person,Other violence,0,2014,2
E01000569,Brent,Violence Against the Person,Assault with Injury,0,2012,3
E01002460,Hillingdon,Violence Against the Person,Offensive Weapon,0,2015,5
E01002489,Hillingdon,Other Notifiable Offences,Going Equipped,0,2010,10
E01001322,Ealing,Criminal Damage,Criminal Damage To Dwelling,0,2008,8
E01001293,Ealing,Theft and Handling,Other Theft,0,2015,3
E01003542,Newham,Theft and Handling,Theft/Taking of Pedal Cycle,0,2013,5
E01000183,Barnet,Theft and Handling,Theft/Taking of Pedal Cycle,0,2014,4
E01000323,Barnet,Fraud or Forgery,Counted per Victim,0,2012,10
E01003027,Lambeth,Robbery,Business Property,0,2011,11
E01001290,Ealing,Theft and Handling,Motor Vehicle Interference & Tampering,0,2013,12
E01003210,Lewisham,Theft and Handling,Theft From Motor Vehicle,4,2008,2
E01002858,Kensington and Chelsea,Drugs,Drug Trafficking,0,2013,9
E01001553,Enfield,Criminal Damage,Other Criminal Damage,0,2008,6
E01001516,Enfield,Sexual Offences,Other Sexual,0,2009,11
E01003284,Lewisham,Criminal Damage,Other Criminal Damage,1,2014,7
E01001148,Croydon,Burglary,Burglary in Other Buildings,0,2008,7
E01002768,Islington,Drugs,Drug Trafficking,0,2015,1
E01001489,Enfield,Criminal Damage,Criminal Damage To Motor Vehicle,0,2011,1
E01000917,Camden,Theft and Handling,Motor Vehicle Interference & Tampering,0,2008,7
E01004606,Wandsworth,Theft and Handling,Motor Vehicle Interference & Tampering,2,2015,3
E01001511,Enfield,Fraud or Forgery,Other Fraud & Forgery,0,2011,5
E01001477,Enfield,Violence Against the Person,Harassment,1,2014,5
E01000304,Barnet,Theft and Handling,Theft/Taking of Pedal Cycle,0,2008,2
E01001217,Ealing,Drugs,Possession Of Drugs,0,2012,11
E01004261,Tower Hamlets,Criminal Damage,Other Criminal Damage,0,2011,5
E01002433,Hillingdon,Theft and Handling,Theft/Taking Of Motor Vehicle,0,2013,5
E01003715,Redbridge,Criminal Damage,Criminal Damage To Other Building,0,2012,10
E01001438,Enfield,Violence Against the Person,Wounding/GBH,1,2009,10
E01033574,Newham,Theft and Handling,Theft From Shops,0,2011,3
E01001647,Greenwich,Drugs,Drug Trafficking,0,2008,9
E01003811,Richmond upon Thames,Violence Against the Person,Common Assault,1,2014,7
E01000507,Brent,Drugs,Possession Of Drugs,0,2012,5
E01003411,Merton,Violence Against the Person,Harassment,1,2010,7
E01002662,Hounslow,Theft and Handling,Theft From Shops,0,2015,11
E01000556,Brent,Criminal Damage,Other Criminal Damage,1,2009,11
E01003106,Lambeth,Violence Against the Person,Assault with Injury,1,2011,11
E01001199,Ealing,Criminal Damage,Criminal Damage To Motor Vehicle,1,2008,4
E01000507,Brent,Criminal Damage,Criminal Damage To Dwelling,0,2012,1
E01001313,Ealing,Theft and Handling,Handling Stolen Goods,0,2009,1
E01003836,Richmond upon Thames,Theft and Handling,Handling Stolen Goods,0,2010,10
E01004223,Tower Hamlets,Violence Against the Person,Wounding/GBH,2,2016,4
E01000216,Barnet,Criminal Damage,Other Criminal Damage,0,2012,11
E01003817,Richmond upon Thames,Theft and Handling,Theft From Motor Vehicle,0,2012,5
E01000156,Barnet,Criminal Damage,Other Criminal Damage,0,2016,8
E01002695,Islington,Criminal Damage,Criminal Damage To Other Building,1,2016,5
E01001272,Ealing,Criminal Damage,Criminal Damage To Other Building,0,2015,10
E01004232,Tower Hamlets,Other Notifiable Offences,Other Notifiable,1,2014,3
E01003719,Redbridge,Violence Against the Person,Common Assault,2,2009,5
E01003527,Newham,Criminal Damage,Criminal Damage To Dwelling,0,2016,12
E01004054,Southwark,Criminal Damage,Other Criminal Damage,0,2008,2
E01004356,Waltham Forest,Theft and Handling,Theft/Taking of Pedal Cycle,0,2010,12
E01001431,Enfield,Robbery,Business Property,0,2009,9
E01004067,Southwark,Sexual Offences,Other Sexual,0,2011,9
E01004583,Wandsworth,Theft and Handling,Motor Vehicle Interference & Tampering,0,2012,5
E01002387,Havering,Theft and Handling,Theft/Taking of Pedal Cycle,0,2010,1
E01000680,Bromley,Theft and Handling,Theft From Shops,0,2008,11
E01001896,Hammersmith and Fulham,Theft and Handling,Theft/Taking Of Motor Vehicle,0,2011,11
E01033486,Islington,Theft and Handling,Motor Vehicle Interference & Tampering,0,2008,1
E01001772,Hackney,Criminal Damage,Other Criminal Damage,0,2014,7
E01000924,Camden,Burglary,Burglary in Other Buildings,0,2010,9
E01004658,Westminster,Fraud or Forgery,Counted per Victim,0,2010,11
E01002141,Harrow,Criminal Damage,Other Criminal Damage,0,2013,9
E01003995,Southwark,Other Notifiable Offences,Other Notifiable,0,2014,6
E01000935,Camden,Theft and Handling,Theft/Taking of Pedal Cycle,0,2010,1
E01000454,Bexley,Violence Against the Person,Other violence,0,2008,6
E01001653,Greenwich,Violence Against the Person,Harassment,2,2016,9
E01002573,Hounslow,Theft and Handling,Theft/Taking of Pedal Cycle,3,2012,8
E01000436,Bexley,Violence Against the Person,Offensive Weapon,0,2013,11
E01001315,Ealing,Robbery,Business Property,0,2016,2
E01002527,Hillingdon,Violence Against the Person,Offensive Weapon,0,2011,11
E01000622,Brent,Burglary,Burglary in a Dwelling,2,2010,6
E01000118,Barnet,Fraud or Forgery,Counted per Victim,0,2010,7
E01000719,Bromley,Other Notifiable Offences,Other Notifiable,0,2009,3
E01002064,Haringey,Violence Against the Person,Other violence,0,2012,8
E01003594,Newham,Fraud or Forgery,Counted per Victim,0,2014,10
E01004647,Westminster,Criminal Damage,Criminal Damage To Dwelling,0,2008,1
E01002967,Kingston upon Thames,Theft and Handling,Theft/Taking Of Motor Vehicle,0,2015,6
E01003290,Lewisham,Criminal Damage,Criminal Damage To Motor Vehicle,0,2015,1
E01004070,Southwark,Theft and Handling,Other Theft Person,0,2010,2
E01004311,Tower Hamlets,Violence Against the Person,Wounding/GBH,0,2016,12
E01000824,Bromley,Drugs,Possession Of Drugs,1,2016,3
E01002991,Kingston upon Thames,Violence Against the Person,Wounding/GBH,0,2008,6
E01003128,Lambeth,Burglary,Burglary in Other Buildings,2,2013,2
E01002548,Hillingdon,Other Notifiable Offences,Other Notifiable,1,2016,5
E01004142,Sutton,Drugs,Drug Trafficking,0,2014,8
E01001342,Ealing,Criminal Damage,Criminal Damage To Dwelling,0,2009,4
E01000267,Barnet,Theft and Handling,Theft From Motor Vehicle,2,2016,8
E01000939,Camden,Theft and Handling,Motor Vehicle Interference & Tampering,0,2012,1
E01001435,Enfield,Violence Against the Person,Common Assault,0,2014,9
E01033580,Newham,Violence Against the Person,Offensive Weapon,0,2009,6
E01000262,Barnet,Sexual Offences,Other Sexual,0,2014,7
E01004102,Sutton,Criminal Damage,Criminal Damage To Dwelling,0,2011,8
E01002325,Havering,Violence Against the Person,Harassment,0,2010,3
E01001384,Ealing,Other Notifiable Offences,Going Equipped,0,2015,10
E01003538,Newham,Criminal Damage,Other Criminal Damage,0,2013,5
E01000386,Bexley,Theft and Handling,Other Theft,1,2015,8
E01002729,Islington,Burglary,Burglary in Other Buildings,1,2012,4
E01000561,Brent,Theft and Handling,Theft From Shops,0,2012,3
E01000731,Bromley,Violence Against the Person,Assault with Injury,1,2015,1
E01000627,Brent,Theft and Handling,Theft From Shops,0,2015,11
E01003531,Newham,Theft and Handling,Handling Stolen Goods,0,2014,6
E01003052,Lambeth,Violence Against the Person,Assault with Injury,3,2012,5
E01003348,Lewisham,Criminal Damage,Other Criminal Damage,0,2008,9
E01000581,Brent,Violence Against the Person,Wounding/GBH,0,2010,9
E01001350,Ealing,Theft and Handling,Other Theft Person,0,2015,11
E01000090,Barking and Dagenham,Theft and Handling,Other Theft,1,2010,5
E01001504,Enfield,Theft and Handling,Theft From Motor Vehicle,2,2012,3
E01001113,Croydon,Violence Against the Person,Wounding/GBH,1,2013,11
E01002124,Harrow,Theft and Handling,Theft/Taking of Pedal Cycle,0,2012,4
E01003496,Newham,Other Notifiable Offences,Other Notifiable,0,2012,6
E01003441,Merton,Robbery,Business Property,0,2008,6
E01002478,Hillingdon,Theft and Handling,Theft From Shops,0,2015,11
E01003404,Merton,Theft and Handling,Theft From Shops,0,2013,7
E01004622,Wandsworth,Theft and Handling,Other Theft Person,0,2011,11
E01002233,Harrow,Drugs,Possession Of Drugs,2,2015,7
E01004288,Tower Hamlets,Violence Against the Person,Other violence,0,2014,2
E01000259,Barnet,Violence Against the Person,Other violence,0,2010,3
E01002291,Havering,Other Notifiable Offences,Other Notifiable,0,2013,4
E01000613,Brent,Theft and Handling,Motor Vehicle Interference & Tampering,0,2014,8
E01003767,Redbridge,Burglary,Burglary in Other Buildings,0,2013,7
E01004695,Westminster,Drugs,Possession Of Drugs,1,2016,10
E01003480,Newham,Robbery,Personal Property,1,2010,6
E01001290,Ealing,Other Notifiable Offences,Going Equipped,0,2009,11
E01000138,Barnet,Violence Against the Person,Assault with Injury,0,2011,5
E01004721,Westminster,Burglary,Burglary in a Dwelling,1,2012,10
E01001844,Hackney,Violence Against the Person,Assault with Injury,1,2009,10
E01032773,Tower Hamlets,Criminal Damage,Other Criminal Damage,0,2012,9
E01001813,Hackney,Theft and Handling,Other Theft,2,2014,9
E01000940,Camden,Theft and Handling,Theft/Taking of Pedal Cycle,0,2009,3
E01001253,Ealing,Robbery,Business Property,0,2008,1
E01003789,Redbridge,Robbery,Personal Property,0,2008,1
E01003862,Richmond upon Thames,Other Notifiable Offences,Other Notifiable,0,2009,8
E01002363,Havering,Robbery,Business Property,0,2013,8
E01001569,Enfield,Violence Against the Person,Assault with Injury,0,2011,12
E01001385,Ealing,Violence Against the Person,Other violence,0,2009,6
E01000552,Brent,Drugs,Other Drugs,0,2015,8
E01001562,Enfield,Violence Against the Person,Assault with Injury,0,2016,5
E01004634,Wandsworth,Other Notifiable Offences,Other Notifiable,0,2016,10
E01003639,Redbridge,Drugs,Drug Trafficking,0,2012,8
E01004366,Waltham Forest,Other Notifiable Offences,Going Equipped,0,2009,5
E01001460,Enfield,Theft and Handling,Handling Stolen Goods,0,2010,9
E01003322,Lewisham,Other Notifiable Offences,Other Notifiable,0,2010,4
E01003531,Newham,Sexual Offences,Rape,0,2016,3
E01003761,Redbridge,Criminal Damage,Criminal Damage To Motor Vehicle,1,2010,6
E01003545,Newham,Fraud or Forgery,Counted per Victim,0,2011,11
E01002054,Haringey,Theft and Handling,Theft From Shops,0,2014,1
E01004381,Waltham Forest,Robbery,Business Property,0,2012,3
E01002361,Havering,Burglary,Burglary in a Dwelling,2,2015,11
E01000599,Brent,Drugs,Possession Of Drugs,1,2013,11
E01000191,Barnet,Theft and Handling,Theft From Shops,0,2010,12
E01001039,Croydon,Burglary,Burglary in Other Buildings,1,2010,8
E01002903,Kensington and Chelsea,Violence Against the Person,Assault with Injury,0,2016,12
E01003345,Lewisham,Theft and Handling,Theft From Shops,4,2015,11
E01004546,Wandsworth,Burglary,Burglary in Other Buildings,1,2014,11
E01003466,Merton,Theft and Handling,Theft/Taking Of Motor Vehicle,0,2011,7
E01002226,Harrow,Violence Against the Person,Assault with Injury,1,2009,8
E01004468,Waltham Forest,Theft and Handling,Theft From Motor Vehicle,1,2008,11
E01000334,Bexley,Drugs,Possession Of Drugs,0,2010,10
E01004305,Tower Hamlets,Other Notifiable Offences,Other Notifiable,0,2009,6
E01003894,Richmond upon Thames,Theft and Handling,Handling Stolen Goods,0,2016,11
E01002440,Hillingdon,Theft and Handling,Handling Stolen Goods,0,2009,2
E01001208,Ealing,Violence Against the Person,Assault with Injury,0,2012,11
E01004041,Southwark,Burglary,Burglary in a Dwelling,0,2014,6
E01000338,Bexley,Theft and Handling,Theft/Taking Of Motor Vehicle,1,2010,8
E01001935,Hammersmith and Fulham,Violence Against the Person,Murder,0,2008,3
E01002030,Haringey,Criminal Damage,Criminal Damage To Motor Vehicle,0,2009,10
E01003964,Southwark,Other Notifiable Offences,Going Equipped,0,2013,10
E01001655,Greenwich,Theft and Handling,Other Theft Person,1,2016,5
E01003070,Lambeth,Violence Against the Person,Assault with Injury,0,2008,12
E01000299,Barnet,Theft and Handling,Other Theft Person,0,2011,5
E01001783,Hackney,Fraud or Forgery,Counted per Victim,0,2012,9
E01000658,Bromley,Theft and Handling,Other Theft Person,0,2010,6
E01003352,Lewisham,Drugs,Other Drugs,0,2010,12
E01002999,Kingston upon Thames,Other Notifiable Offences,Other Notifiable,0,2011,8
E01001918,Hammersmith and Fulham,Theft and Handling,Theft/Taking of Pedal Cycle,0,2014,9
E01002843,Kensington and Chelsea,Other Notifiable Offences,Going Equipped,0,2015,4
E01001157,Croydon,Theft and Handling,Theft/Taking of Pedal Cycle,0,2013,8
E01001511,Enfield,Theft and Handling,Other Theft,3,2011,4
E01003296,Lewisham,Violence Against the Person,Assault with Injury,0,2015,10
E01004330,Waltham Forest,Theft and Handling,Theft/Taking of Pedal Cycle,0,2009,7
E01002206,Harrow,Criminal Damage,Criminal Damage To Motor Vehicle,0,2010,7
E01000032,Barking and Dagenham,Criminal Damage,Criminal Damage To Motor Vehicle,0,2015,8
E01000918,Camden,Violence Against the Person,Wounding/GBH,0,2014,7
E01000076,Barking and Dagenham,Robbery,Personal Property,0,2010,10
E01033207,Lambeth,Violence Against the Person,Assault with Injury,0,2008,10
E01004506,Wandsworth,Robbery,Business Property,1,2008,2
E01003255,Lewisham,Burglary,Burglary in a Dwelling,2,2013,3
E01000398,Bexley,Drugs,Drug Trafficking,0,2016,6
E01002728,Islington,Criminal Damage,Criminal Damage To Other Building,0,2012,7
E01003550,Newham,Robbery,Personal Property,0,2016,1
E01000443,Bexley,Drugs,Drug Trafficking,0,2013,11
E01000604,Brent,Burglary,Burglary in a Dwelling,1,2011,3
E01004286,Tower Hamlets,Robbery,Personal Property,0,2016,5
E01000992,Croydon,Fraud or Forgery,Counted per Victim,0,2015,2
E01001516,Enfield,Criminal Damage,Criminal Damage To Dwelling,1,2010,1
E01001261,Ealing,Burglary,Burglary in Other Buildings,1,2015,8
E01001325,Ealing,Theft and Handling,Motor Vehicle Interference & Tampering,0,2016,4
E01002274,Havering,Criminal Damage,Criminal Damage To Motor Vehicle,0,2012,7
E01000604,Brent,Violence Against the Person,Wounding/GBH,0,2011,7
E01002200,Harrow,Other Notifiable Offences,Other Notifiable,0,2014,7
E01004067,Southwark,Robbery,Business Property,0,2011,5
E01003313,Lewisham,Criminal Damage,Criminal Damage To Motor Vehicle,0,2010,1
E01002647,Hounslow,Theft and Handling,Theft/Taking Of Motor Vehicle,0,2014,5
E01003212,Lewisham,Theft and Handling,Other Theft,1,2012,3
E01003602,Newham,Violence Against the Person,Assault with Injury,0,2009,7
E01002009,Haringey,Drugs,Possession Of Drugs,0,2014,1
E01004636,Wandsworth,Theft and Handling,Other Theft Person,0,2015,2
E01000802,Bromley,Violence Against the Person,Wounding/GBH,0,2013,8
E01004174,Sutton,Drugs,Possession Of Drugs,0,2008,11
E01002037,Haringey,Robbery,Personal Property,2,2016,6
E01002887,Kensington and Chelsea,Burglary,Burglary in a Dwelling,1,2010,7
E01001145,Croydon,Violence Against the Person,Wounding/GBH,0,2008,7
E01000442,Bexley,Other Notifiable Offences,Other Notifiable,0,2009,10
E01001524,Enfield,Drugs,Possession Of Drugs,0,2012,10
E01003677,Redbridge,Fraud or Forgery,Other Fraud & Forgery,0,2012,3
E01000352,Bexley,Theft and Handling,Other Theft Person,0,2008,4
E01003501,Newham,Theft and Handling,Theft/Taking of Pedal Cycle,0,2010,6
E01001240,Ealing,Other Notifiable Offences,Other Notifiable,1,2012,2
E01000401,Bexley,Theft and Handling,Other Theft Person,0,2012,12
E01002824,Kensington and Chelsea,Violence Against the Person,Harassment,0,2012,3
E01004630,Wandsworth,Criminal Damage,Criminal Damage To Motor Vehicle,2,2008,1
E01033590,Redbridge,Drugs,Possession Of Drugs,1,2015,7
E01001257,Ealing,Violence Against the Person,Offensive Weapon,0,2008,8
E01002163,Harrow,Criminal Damage,Other Criminal Damage,0,2010,10
E01002974,Kingston upon Thames,Theft and Handling,Other Theft Person,0,2011,6
E01000883,Camden,Violence Against the Person,Common Assault,0,2014,8
E01002515,Hillingdon,Theft and Handling,Theft From Motor Vehicle,0,2016,9
E01000228,Barnet,Burglary,Burglary in Other Buildings,0,2016,7
E01001838,Hackney,Violence Against the Person,Murder,0,2012,11
E01001005,Croydon,Other Notifiable Offences,Going Equipped,0,2009,7
E01004420,Waltham Forest,Violence Against the Person,Assault with Injury,3,2009,8
E01001506,Enfield,Drugs,Drug Trafficking,0,2013,6
E01003257,Lewisham,Other Notifiable Offences,Other Notifiable,0,2009,2
E01002738,Islington,Drugs,Drug Trafficking,0,2014,1
E01001501,Enfield,Theft and Handling,Motor Vehicle Interference & Tampering,1,2008,5
E01001885,Hammersmith and Fulham,Theft and Handling,Theft From Shops,0,2012,5
E01004162,Sutton,Criminal Damage,Other Criminal Damage,0,2013,7
E01003183,Lambeth,Theft and Handling,Handling Stolen Goods,0,2011,3
E01001061,Croydon,Theft and Handling,Theft From Shops,0,2016,12
E01001047,Croydon,Theft and Handling,Other Theft,1,2009,6
E01003251,Lewisham,Violence Against the Person,Harassment,0,2010,1
E01004269,Tower Hamlets,Criminal Damage,Criminal Damage To Dwelling,0,2011,7
E01001049,Croydon,Theft and Handling,Theft/Taking of Pedal Cycle,0,2015,6
E01000855,Camden,Violence Against the Person,Assault with Injury,2,2016,4
E01004746,Westminster,Drugs,Drug Trafficking,0,2009,6
E01000068,Barking and Dagenham,Violence Against the Person,Wounding/GBH,0,2013,12
E01002289,Havering,Violence Against the Person,Harassment,0,2016,10
E01002867,Kensington and Chelsea,Drugs,Possession Of Drugs,2,2008,3
E01001865,Hammersmith and Fulham,Other Notifiable Offences,Other Notifiable,0,2009,1
E01001303,Ealing,Violence Against the Person,Harassment,0,2014,6
E01002791,Islington,Violence Against the Person,Assault with Injury,1,2010,4
E01002991,Kingston upon Thames,Theft and Handling,Theft/Taking Of Motor Vehicle,0,2012,7
E01001457,Enfield,Criminal Damage,Other Criminal Damage,0,2012,2
E01001594,Greenwich,Violence Against the Person,Assault with Injury,1,2015,10
E01004039,Southwark,Criminal Damage,Criminal Damage To Motor Vehicle,2,2009,7
E01004329,Waltham Forest,Theft and Handling,Theft From Motor Vehicle,3,2012,12
E01001828,Hackney,Other Notifiable Offences,Other Notifiable,0,2010,10
E01002452,Hillingdon,Violence Against the Person,Wounding/GBH,0,2010,6
E01003172,Lambeth,Violence Against the Person,Common Assault,4,2008,5
E01001139,Croydon,Violence Against the Person,Common Assault,0,2014,6
E01002783,Islington,Theft and Handling,Other Theft Person,0,2012,7
E01000303,Barnet,Theft and Handling,Theft From Motor Vehicle,0,2011,2
E01004271,Tower Hamlets,Theft and Handling,Theft/Taking Of Motor Vehicle,1,2008,2
E01033604,Westminster,Robbery,Business Property,0,2012,1
E01003143,Lambeth,Burglary,Burglary in a Dwelling,2,2009,3
E01000138,Barnet,Theft and Handling,Theft/Taking of Pedal Cycle,0,2014,10
E01001837,Hackney,Other Notifiable Offences,Other Notifiable,0,2014,8
E01002295,Havering,Theft and Handling,Theft/Taking Of Motor Vehicle,2,2013,4
E01003066,Lambeth,Drugs,Possession Of Drugs,1,2009,9
E01002071,Haringey,Drugs,Possession Of Drugs,0,2010,7
E01001088,Croydon,Violence Against the Person,Wounding/GBH,0,2011,12
E01033322,Lewisham,Drugs,Drug Trafficking,0,2012,3
E01004269,Tower Hamlets,Theft and Handling,Theft From Motor Vehicle,1,2014,12
E01033741,Greenwich,Theft and Handling,Theft From Shops,0,2013,7
E01004264,Tower Hamlets,Theft and Handling,Motor Vehicle Interference & Tampering,0,2009,7
E01003024,Lambeth,Other Notifiable Offences,Other Notifiable,0,2008,3
E01001040,Croydon,Theft and Handling,Handling Stolen Goods,0,2014,7
E01033325,Lewisham,Criminal Damage,Criminal Damage To Motor Vehicle,0,2008,4
E01002965,Kingston upon Thames,Theft and Handling,Theft/Taking of Pedal Cycle,5,2013,11
E01001202,Ealing,Drugs,Drug Trafficking,1,2012,3
E01000455,Bexley,Other Notifiable Offences,Other Notifiable,0,2013,6
E01000439,Bexley,Violence Against the Person,Harassment,1,2014,11
E01003094,Lambeth,Burglary,Burglary in a Dwelling,1,2013,8
E01003207,Lewisham,Sexual Offences,Other Sexual,0,2016,11
E01000007,Barking and Dagenham,Criminal Damage,Other Criminal Damage,0,2016,10
E01000789,Bromley,Criminal Damage,Criminal Damage To Motor Vehicle,2,2012,10
E01000748,Bromley,Theft and Handling,Theft/Taking Of Motor Vehicle,1,2016,2
E01002305,Havering,Violence Against the Person,Offensive Weapon,0,2015,7
E01001474,Enfield,Theft and Handling,Other Theft Person,0,2015,10
E01002955,Kingston upon Thames,Robbery,Personal Property,0,2009,11
E01003125,Lambeth,Drugs,Possession Of Drugs,0,2008,3
E01000981,Croydon,Criminal Damage,Criminal Damage To Other Building,0,2010,11
E01003572,Newham,Robbery,Business Property,0,2009,2
E01003739,Redbridge,Violence Against the Person,Other violence,0,2016,9
E01001906,Hammersmith and Fulham,Other Notifiable Offences,Going Equipped,0,2016,4
E01004102,Sutton,Violence Against the Person,Offensive Weapon,0,2011,8
E01004347,Waltham Forest,Criminal Damage,Criminal Damage To Motor Vehicle,1,2014,11
E01001695,Greenwich,Theft and Handling,Theft/Taking of Pedal Cycle,0,2014,5
E01004761,Westminster,Violence Against the Person,Common Assault,2,2011,5
E01002972,Kingston upon Thames,Other Notifiable Offences,Going Equipped,0,2014,11
E01002817,Kensington and Chelsea,Theft and Handling,Theft/Taking of Pedal Cycle,1,2013,7
E01002040,Haringey,Violence Against the Person,Assault with Injury,2,2011,7
E01004258,Tower Hamlets,Theft and Handling,Handling Stolen Goods,0,2009,2
E01001786,Hackney,Theft and Handling,Other Theft Person,0,2013,11
E01001187,Croydon,Criminal Damage,Criminal Damage To Motor Vehicle,2,2008,6
E01000889,Camden,Burglary,Burglary in a Dwelling,0,2016,10
E01003866,Richmond upon Thames,Violence Against the Person,Common Assault,0,2011,5
E01004428,Waltham Forest,Criminal Damage,Criminal Damage To Dwelling,0,2008,8
E01003605,Newham,Burglary,Burglary in a Dwelling,2,2016,12
E01000583,Brent,Criminal Damage,Criminal Damage To Other Building,1,2008,5
E01002855,Kensington and Chelsea,Theft and Handling,Theft From Shops,2,2012,7
E01000359,Bexley,Violence Against the Person,Harassment,1,2008,7
E01002494,Hillingdon,Burglary,Burglary in a Dwelling,0,2008,3
E01000067,Barking and Dagenham,Theft and Handling,Theft From Motor Vehicle,1,2009,8
E01004441,Waltham Forest,Violence Against the Person,Offensive Weapon,0,2014,4
E01003967,Southwark,Theft and Handling,Motor Vehicle Interference & Tampering,0,2009,10
E01000448,Bexley,Burglary,Burglary in Other Buildings,0,2015,2
E01004308,Tower Hamlets,Other Notifiable Offences,Other Notifiable,1,2016,7
E01002399,Hillingdon,Theft and Handling,Theft/Taking of Pedal Cycle,0,2012,4
E01000691,Bromley,Theft and Handling,Other Theft,1,2014,3
E01003637,Newham,Theft and Handling,Motor Vehicle Interference & Tampering,0,2011,5
E01004656,Westminster,Theft and Handling,Theft/Taking Of Motor Vehicle,1,2016,2
E01000739,Bromley,Criminal Damage,Criminal Damage To Other Building,0,2012,3
E01003955,Southwark,Theft and Handling,Theft/Taking Of Motor Vehicle,0,2011,2
E01000516,Brent,Robbery,Personal Property,1,2011,9
E01000174,Barnet,Violence Against the Person,Common Assault,1,2008,1
E01003516,Newham,Drugs,Possession Of Drugs,0,2014,9
E01001629,Greenwich,Theft and Handling,Theft/Taking Of Motor Vehicle,1,2010,6
E01000769,Bromley,Burglary,Burglary in a Dwelling,2,2012,12
E01000939,Camden,Violence Against the Person,Offensive Weapon,0,2008,12
E01003184,Lambeth,Robbery,Personal Property,0,2013,10
E01002850,Kensington and Chelsea,Drugs,Other Drugs,0,2016,5
E01000873,Camden,Theft and Handling,Motor Vehicle Interference & Tampering,0,2013,7
E01000292,Barnet,Drugs,Possession Of Drugs,1,2015,2
E01004238,Tower Hamlets,Violence Against the Person,Wounding/GBH,0,2008,4
E01002174,Harrow,Burglary,Burglary in a Dwelling,1,2016,1
E01004273,Tower Hamlets,Violence Against the Person,Wounding/GBH,0,2011,1
E01004179,Sutton,Theft and Handling,Other Theft,0,2014,11
E01003236,Lewisham,Theft and Handling,Theft/Taking Of Motor Vehicle,0,2013,8
E01002983,Kingston upon Thames,Theft and Handling,Theft/Taking of Pedal Cycle,0,2010,9
E01004565,Wandsworth,Burglary,Burglary in Other Buildings,0,2010,6
E01004359,Waltham Forest,Violence Against the Person,Common Assault,0,2013,9
E01000797,Bromley,Violence Against the Person,Offensive Weapon,0,2015,11
E01003611,Newham,Criminal Damage,Criminal Damage To Motor Vehicle,0,2009,10
E01000248,Barnet,Theft and Handling,Theft/Taking Of Motor Vehicle,0,2008,7
E01001674,Greenwich,Violence Against the Person,Offensive Weapon,0,2010,8
E01001139,Croydon,Burglary,Burglary in a Dwelling,5,2008,9
E01003999,Southwark,Theft and Handling,Other Theft,0,2010,7
E01003307,Lewisham,Burglary,Burglary in Other Buildings,0,2014,11
E01000949,Camden,Theft and Handling,Theft/Taking Of Motor Vehicle,1,2014,1
E01002304,Havering,Drugs,Drug Trafficking,0,2015,4
E01004503,Wandsworth,Theft and Handling,Theft From Shops,0,2012,10
E01002054,Haringey,Other Notifiable Offences,Other Notifiable,0,2011,7
E01004564,Wandsworth,Violence Against the Person,Offensive Weapon,0,2012,12
E01002476,Hillingdon,Criminal Damage,Criminal Damage To Dwelling,0,2014,11
E01001052,Croydon,Burglary,Burglary in a Dwelling,1,2012,6
E01003167,Lambeth,Violence Against the Person,Other violence,0,2015,12
E01002680,Hounslow,Theft and Handling,Theft From Shops,0,2015,4
E01002638,Hounslow,Criminal Damage,Criminal Damage To Motor Vehicle,1,2016,4
E01003432,Merton,Robbery,Business Property,0,2008,7
E01001611,Greenwich,Robbery,Personal Property,0,2008,6
E01004096,Sutton,Burglary,Burglary in Other Buildings,0,2011,7
E01000045,Barking and Dagenham,Theft and Handling,Theft From Motor Vehicle,3,2013,4
E01003679,Redbridge,Violence Against the Person,Assault with Injury,0,2016,6
E01003519,Newham,Burglary,Burglary in a Dwelling,0,2014,7
E01001878,Hammersmith and Fulham,Criminal Damage,Criminal Damage To Other Building,0,2009,1
E01002358,Havering,Theft and Handling,Theft/Taking of Pedal Cycle,0,2013,1
E01004237,Tower Hamlets,Robbery,Personal Property,1,2015,8
E01002616,Hounslow,Theft and Handling,Handling Stolen Goods,0,2015,3
E01001408,Enfield,Theft and Handling,Other Theft,0,2012,7
E01002899,Kensington and Chelsea,Theft and Handling,Other Theft,2,2014,9
E01000806,Bromley,Theft and Handling,Theft/Taking of Pedal Cycle,0,2014,7
E01003149,Lambeth,Theft and Handling,Other Theft Person,1,2011,5
E01002691,Hounslow,Criminal Damage,Criminal Damage To Dwelling,0,2010,6
E01003320,Lewisham,Other Notifiable Offences,Going Equipped,0,2014,2
E01002087,Haringey,Theft and Handling,Theft From Shops,0,2015,6
E01003032,Lambeth,Theft and Handling,Other Theft,3,2014,8
E01000167,Barnet,Theft and Handling,Theft/Taking Of Motor Vehicle,0,2009,1
E01004106,Sutton,Other Notifiable Offences,Other Notifiable,0,2010,9
E01003458,Merton,Theft and Handling,Theft From Motor Vehicle,0,2009,10
E01003659,Redbridge,Robbery,Business Property,0,2016,1
E01002408,Hillingdon,Violence Against the Person,Other violence,0,2008,4
E01004750,Westminster,Theft and Handling,Theft From Motor Vehicle,0,2013,4
E01003547,Newham,Drugs,Possession Of Drugs,0,2016,3
E01000134,Barnet,Drugs,Possession Of Drugs,0,2013,6
E01002981,Kingston upon Thames,Theft and Handling,Other Theft Person,0,2011,12
E01004554,Wandsworth,Criminal Damage,Other Criminal Damage,0,2009,9
E01000347,Bexley,Theft and Handling,Theft/Taking Of Motor Vehicle,0,2008,11
E01033132,Wandsworth,Criminal Damage,Criminal Damage To Other Building,0,2016,10
E01002255,Havering,Violence Against the Person,Other violence,0,2009,9
E01000927,Camden,Violence Against the Person,Common Assault,0,2012,2
E01000658,Bromley,Criminal Damage,Criminal Damage To Motor Vehicle,0,2010,3
E01002002,Haringey,Burglary,Burglary in a Dwelling,0,2014,4
E01002781,Islington,Violence Against the Person,Harassment,3,2016,7
E01001577,Greenwich,Theft and Handling,Theft/Taking of Pedal Cycle,0,2011,11
E01002788,Islington,Theft and Handling,Other Theft Person,1,2014,7
E01003202,Lewisham,Violence Against the Person,Offensive Weapon,0,2008,9
E01003082,Lambeth,Theft and Handling,Other Theft,3,2010,6
E01001441,Enfield,Violence Against the Person,Common Assault,2,2014,11
E01001319,Ealing,Burglary,Burglary in Other Buildings,2,2009,6
E01003805,Richmond upon Thames,Violence Against the Person,Wounding/GBH,0,2016,7
E01003015,Lambeth,Burglary,Burglary in a Dwelling,1,2008,3
E01000578,Brent,Theft and Handling,Theft From Motor Vehicle,1,2015,3
E01002318,Havering,Criminal Damage,Criminal Damage To Dwelling,0,2008,5
E01003259,Lewisham,Burglary,Burglary in Other Buildings,0,2010,5
E01003695,Redbridge,Theft and Handling,Theft/Taking of Pedal Cycle,0,2012,2
E01002854,Kensington and Chelsea,Theft and Handling,Theft From Motor Vehicle,1,2013,10
E01002582,Hounslow,Other Notifiable Offences,Other Notifiable,0,2015,5
E01003749,Redbridge,Burglary,Burglary in Other Buildings,0,2016,5
E01001758,Hackney,Burglary,Burglary in a Dwelling,1,2008,2
E01004392,Waltham Forest,Violence Against the Person,Assault with Injury,7,2014,4
E01000400,Bexley,Robbery,Personal Property,1,2013,7
E01004038,Southwark,Violence Against the Person,Common Assault,2,2010,10
E01003398,Merton,Burglary,Burglary in a Dwelling,1,2009,11
E01003325,Lewisham,Theft and Handling,Theft/Taking of Pedal Cycle,0,2015,2
E01002168,Harrow,Burglary,Burglary in Other Buildings,0,2010,2
E01002895,Kensington and Chelsea,Criminal Damage,Criminal Damage To Motor Vehicle,0,2013,10
E01003113,Lambeth,Burglary,Burglary in a Dwelling,1,2016,10
E01000338,Bexley,Violence Against the Person,Wounding/GBH,0,2012,12
E01002169,Harrow,Criminal Damage,Other Criminal Damage,0,2014,1
E01004111,Sutton,Violence Against the Person,Other violence,0,2011,3
E01000548,Brent,Sexual Offences,Other Sexual,0,2012,7
E01001724,Hackney,Theft and Handling,Theft From Shops,0,2009,7
E01004042,Southwark,Theft and Handling,Other Theft,3,2011,7
E01000068,Barking and Dagenham,Criminal Damage,Criminal Damage To Dwelling,2,2009,1
E01003472,Merton,Violence Against the Person,Assault with Injury,0,2015,12
E01004348,Waltham Forest,Theft and Handling,Motor Vehicle Interference & Tampering,0,2010,6
E01002946,Kingston upon Thames,Drugs,Drug Trafficking,0,2008,11
E01000758,Bromley,Criminal Damage,Other Criminal Damage,0,2013,2
E01001270,Ealing,Drugs,Other Drugs,0,2011,3
E01001301,Ealing,Violence Against the Person,Harassment,2,2016,4
E01000013,Barking and Dagenham,Violence Against the Person,Harassment,1,2015,4
E01002838,Kensington and Chelsea,Drugs,Possession Of Drugs,0,2011,4
E01002649,Hounslow,Theft and Handling,Motor Vehicle Interference & Tampering,0,2011,1
E01003080,Lambeth,Robbery,Personal Property,0,2011,3
E01003489,Newham,Drugs,Other Drugs,0,2010,3
E01004670,Westminster,Theft and Handling,Motor Vehicle Interference & Tampering,0,2012,3
E01000250,Barnet,Theft and Handling,Handling Stolen Goods,0,2013,4
E01001362,Ealing,Theft and Handling,Other Theft Person,0,2009,12
E01000535,Brent,Violence Against the Person,Harassment,5,2011,2
E01001271,Ealing,Criminal Damage,Other Criminal Damage,1,2008,12
E01004178,Sutton,Criminal Damage,Criminal Damage To Other Building,0,2014,5
E01001534,Enfield,Theft and Handling,Other Theft Person,0,2014,5
E01004035,Southwark,Theft and Handling,Theft/Taking of Pedal Cycle,0,2013,5
E01001641,Greenwich,Fraud or Forgery,Other Fraud & Forgery,0,2008,10
E01003983,Southwark,Theft and Handling,Theft From Motor Vehicle,0,2012,9
E01002747,Islington,Violence Against the Person,Offensive Weapon,0,2012,3
E01001940,Hammersmith and Fulham,Criminal Damage,Criminal Damage To Dwelling,1,2015,10
E01002536,Hillingdon,Robbery,Business Property,0,2009,2
E01002607,Hounslow,Theft and Handling,Other Theft,2,2009,11
E01004579,Wandsworth,Fraud or Forgery,Counted per Victim,0,2008,4
E01002557,Hounslow,Theft and Handling,Other Theft,1,2015,2
E01032786,Tower Hamlets,Theft and Handling,Theft/Taking Of Motor Vehicle,0,2008,3
E01001684,Greenwich,Theft and Handling,Handling Stolen Goods,0,2016,2
E01003236,Lewisham,Drugs,Possession Of Drugs,1,2012,11
E01004687,Westminster,Theft and Handling,Motor Vehicle Interference & Tampering,0,2009,11
E01000559,Brent,Theft and Handling,Motor Vehicle Interference & Tampering,1,2016,8
E01000557,Brent,Theft and Handling,Theft/Taking Of Motor Vehicle,0,2011,9
E01004464,Waltham Forest,Theft and Handling,Theft From Motor Vehicle,1,2009,3
E01000766,Bromley,Robbery,Personal Property,0,2012,1
E01003525,Newham,Criminal Damage,Criminal Damage To Dwelling,0,2011,2
E01004307,Tower Hamlets,Theft and Handling,Other Theft Person,8,2015,5
E01004284,Tower Hamlets,Burglary,Burglary in Other Buildings,1,2011,11
E01001845,Hackney,Theft and Handling,Theft From Motor Vehicle,1,2016,1
E01000515,Brent,Violence Against the Person,Assault with Injury,0,2013,3
E01001240,Ealing,Theft and Handling,Theft From Shops,0,2015,4
E01002048,Haringey,Theft and Handling,Motor Vehicle Interference & Tampering,0,2015,9
E01002911,Kensington and Chelsea,Criminal Damage,Criminal Damage To Dwelling,0,2016,5
E01004726,Westminster,Theft and Handling,Theft/Taking Of Motor Vehicle,0,2014,7
E01003109,Lambeth,Other Notifiable Offences,Going Equipped,0,2011,5
E01003752,Redbridge,Theft and Handling,Theft/Taking of Pedal Cycle,0,2009,8
E01002708,Islington,Burglary,Burglary in Other Buildings,0,2013,1
E01033608,Westminster,Burglary,Burglary in Other Buildings,0,2014,7
E01001215,Ealing,Theft and Handling,Theft/Taking Of Motor Vehicle,0,2008,2
E01033093,Wandsworth,Other Notifiable Offences,Going Equipped,0,2012,4
E01003753,Redbridge,Theft and Handling,Handling Stolen Goods,0,2012,5
E01004511,Wandsworth,Fraud or Forgery,Counted per Victim,0,2012,3
E01003006,Kingston upon Thames,Burglary,Burglary in a Dwelling,0,2010,8
E01000574,Brent,Theft and Handling,Theft From Shops,0,2014,10
E01003484,Newham,Drugs,Possession Of Drugs,2,2009,10
E01000257,Barnet,Criminal Damage,Criminal Damage To Motor Vehicle,0,2011,10
E01001050,Croydon,Criminal Damage,Criminal Damage To Dwelling,0,2013,3
E01002392,Hillingdon,Violence Against the Person,Wounding/GBH,1,2015,1
E01001909,Hammersmith and Fulham,Fraud or Forgery,Other Fraud & Forgery,0,2014,8
E01001683,Greenwich,Violence Against the Person,Common Assault,0,2012,10
E01004511,Wandsworth,Theft and Handling,Handling Stolen Goods,0,2009,12
E01000993,Croydon,Violence Against the Person,Offensive Weapon,0,2010,2
E01003154,Lambeth,Violence Against the Person,Murder,0,2011,3
E01004192,Sutton,Violence Against the Person,Other violence,0,2012,10
E01000349,Bexley,Violence Against the Person,Common Assault,0,2015,8
E01003487,Newham,Violence Against the Person,Assault with Injury,1,2008,9
E01000936,Camden,Theft and Handling,Theft From Shops,0,2008,1
E01003223,Lewisham,Robbery,Personal Property,1,2013,2
E01001236,Ealing,Violence Against the Person,Common Assault,0,2012,2
E01004253,Tower Hamlets,Theft and Handling,Other Theft Person,2,2012,8
E01003853,Richmond upon Thames,Violence Against the Person,Wounding/GBH,0,2015,11
E01000838,Bromley,Criminal Damage,Criminal Damage To Other Building,0,2013,11
E01001583,Greenwich,Robbery,Business Property,0,2011,12
E01003285,Lewisham,Other Notifiable Offences,Other Notifiable,0,2015,7
E01001108,Croydon,Violence Against the Person,Assault with Injury,0,2011,6
E01003618,Newham,Fraud or Forgery,Counted per Victim,0,2012,4
E01002261,Havering,Robbery,Personal Property,0,2012,8
E01004184,Sutton,Robbery,Business Property,0,2012,11
E01002303,Havering,Theft and Handling,Theft From Motor Vehicle,1,2015,5
E01032513,Westminster,Other Notifiable Offences,Going Equipped,0,2012,9
E01000531,Brent,Theft and Handling,Theft/Taking of Pedal Cycle,0,2012,4
E01004187,Sutton,Drugs,Possession Of Drugs,0,2014,9
E01003636,Newham,Theft and Handling,Theft/Taking of Pedal Cycle,0,2009,7
E01003744,Redbridge,Theft and Handling,Theft From Motor Vehicle,0,2009,8
E01001364,Ealing,Drugs,Drug Trafficking,2,2012,10
E01002219,Harrow,Burglary,Burglary in a Dwelling,0,2013,9
E01004384,Waltham Forest,Criminal Damage,Criminal Damage To Dwelling,0,2013,6
E01003634,Newham,Robbery,Personal Property,1,2016,1
E01000319,Barnet,Robbery,Personal Property,0,2014,4
E01003848,Richmond upon Thames,Burglary,Burglary in a Dwelling,0,2011,8
E01001754,Hackney,Theft and Handling,Other Theft Person,2,2008,11
E01003209,Lewisham,Drugs,Drug Trafficking,0,2014,9
E01003815,Richmond upon Thames,Violence Against the Person,Offensive Weapon,0,2008,11
E01002178,Harrow,Burglary,Burglary in a Dwelling,0,2014,6
E01003920,Southwark,Theft and Handling,Motor Vehicle Interference & Tampering,0,2015,11
E01001104,Croydon,Drugs,Drug Trafficking,0,2008,9
E01000444,Bexley,Theft and Handling,Other Theft Person,0,2016,12
E01000999,Croydon,Drugs,Other Drugs,0,2011,11
E01004052,Southwark,Robbery,Personal Property,0,2008,1
E01002342,Havering,Theft and Handling,Handling Stolen Goods,0,2013,12
E01001798,Hackney,Theft and Handling,Theft/Taking Of Motor Vehicle,2,2011,1
E01003638,Redbridge,Violence Against the Person,Assault with Injury,2,2012,7
E01004266,Tower Hamlets,Criminal Damage,Criminal Damage To Motor Vehicle,0,2009,11
E01002797,Islington,Other Notifiable Offences,Going Equipped,0,2013,10
E01000516,Brent,Criminal Damage,Other Criminal Damage,0,2010,1
E01003432,Merton,Robbery,Business Property,0,2014,10
E01032834,Southwark,Violence Against the Person,Harassment,0,2009,11
E01000302,Barnet,Theft and Handling,Theft/Taking Of Motor Vehicle,0,2013,2
E01004064,Southwark,Other Notifiable Offences,Going Equipped,0,2013,4
E01001228,Ealing,Theft and Handling,Theft From Motor Vehicle,1,2012,7
E01001409,Enfield,Robbery,Business Property,0,2016,11
E01002766,Islington,Theft and Handling,Theft From Motor Vehicle,1,2008,10
E01001280,Ealing,Criminal Damage,Criminal Damage To Other Building,0,2015,11
E01002386,Havering,Robbery,Personal Property,0,2008,8
E01001704,Greenwich,Drugs,Drug Trafficking,0,2012,12
E01004644,Wandsworth,Violence Against the Person,Offensive Weapon,0,2016,8
E01001028,Croydon,Violence Against the Person,Assault with Injury,0,2014,6
E01033597,Westminster,Robbery,Personal Property,0,2012,6
E01004500,Wandsworth,Theft and Handling,Theft/Taking Of Motor Vehicle,1,2008,3
E01004432,Waltham Forest,Theft and Handling,Theft/Taking of Pedal Cycle,0,2015,6
E01000596,Brent,Theft and Handling,Handling Stolen Goods,0,2015,6
E01003957,Southwark,Criminal Damage,Other Criminal Damage,1,2012,9
E01003078,Lambeth,Drugs,Possession Of Drugs,0,2011,3
E01004478,Wandsworth,Theft and Handling,Motor Vehicle Interference & Tampering,0,2015,7
E01001115,Croydon,Other Notifiable Offences,Other Notifiable,0,2016,3
E01003780,Redbridge,Violence Against the Person,Assault with Injury,0,2010,7
E01000941,Camden,Theft and Handling,Theft From Motor Vehicle,0,2009,3
E01001554,Enfield,Robbery,Personal Property,0,2012,3
E01004102,Sutton,Burglary,Burglary in Other Buildings,1,2010,8
E01002038,Haringey,Theft and Handling,Handling Stolen Goods,0,2015,5
E01000048,Barking and Dagenham,Violence Against the Person,Common Assault,1,2008,5
E01002452,Hillingdon,Violence Against the Person,Common Assault,0,2009,9
E01000506,Brent,Criminal Damage,Criminal Damage To Dwelling,0,2012,5
E01004404,Waltham Forest,Burglary,Burglary in a Dwelling,0,2009,8
E01033602,Westminster,Criminal Damage,Criminal Damage To Motor Vehicle,0,2011,6
E01003356,Merton,Criminal Damage,Other Criminal Damage,0,2014,1
E01004439,Waltham Forest,Theft and Handling,Other Theft,0,2010,1
E01003454,Merton,Robbery,Business Property,0,2009,3
E01001068,Croydon,Theft and Handling,Theft From Motor Vehicle,0,2009,9
E01004689,Westminster,Fraud or Forgery,Counted per Victim,0,2015,3
E01004600,Wandsworth,Drugs,Possession Of Drugs,0,2011,5
E01001724,Hackney,Robbery,Business Property,1,2014,10
E01004311,Tower Hamlets,Violence Against the Person,Wounding/GBH,0,2011,8
E01002360,Havering,Drugs,Possession Of Drugs,0,2011,7
E01000622,Brent,Drugs,Drug Trafficking,0,2010,1
E01003225,Lewisham,Burglary,Burglary in a Dwelling,0,2016,9
E01003089,Lambeth,Robbery,Business Property,0,2015,4
E01004083,Sutton,Violence Against the Person,Harassment,0,2012,7
E01000403,Bexley,Criminal Damage,Criminal Damage To Motor Vehicle,1,2012,7
E01002670,Hounslow,Fraud or Forgery,Counted per Victim,0,2012,3
E01001917,Hammersmith and Fulham,Theft and Handling,Motor Vehicle Interference & Tampering,0,2012,10
E01004090,Sutton,Violence Against the Person,Offensive Weapon,0,2013,1
E01003602,Newham,Other Notifiable Offences,Other Notifiable,0,2009,3
E01004544,Wandsworth,Theft and Handling,Theft From Shops,0,2011,6
E01002431,Hillingdon,Violence Against the Person,Assault with Injury,0,2016,5
E01000198,Barnet,Drugs,Drug Trafficking,0,2015,12
E01001681,Greenwich,Drugs,Possession Of Drugs,0,2010,6
E01033606,Westminster,Theft and Handling,Other Theft,0,2015,3
E01003132,Lambeth,Theft and Handling,Theft From Motor Vehicle,0,2011,6
E01003670,Redbridge,Other Notifiable Offences,Going Equipped,0,2009,6
E01000475,Brent,Violence Against the Person,Offensive Weapon,0,2010,1
E01001254,Ealing,Drugs,Drug Trafficking,0,2013,2
E01002289,Havering,Violence Against the Person,Other violence,0,2013,4
E01000497,Brent,Violence Against the Person,Harassment,2,2008,6
E01003295,Lewisham,Violence Against the Person,Wounding/GBH,0,2014,6
E01003251,Lewisham,Theft and Handling,Motor Vehicle Interference & Tampering,0,2014,1
E01004098,Sutton,Violence Against the Person,Common Assault,0,2016,9
E01000144,Barnet,Theft and Handling,Other Theft Person,3,2014,11
E01002883,Kensington and Chelsea,Theft and Handling,Theft/Taking of Pedal Cycle,1,2008,7
E01000221,Barnet,Sexual Offences,Other Sexual,0,2014,12
E01001248,Ealing,Violence Against the Person,Other violence,1,2009,4
E01002038,Haringey,Other Notifiable Offences,Other Notifiable,0,2013,5
E01002848,Kensington and Chelsea,Criminal Damage,Criminal Damage To Other Building,0,2008,7
E01004021,Southwark,Drugs,Possession Of Drugs,1,2009,8
E01001941,Hammersmith and Fulham,Other Notifiable Offences,Other Notifiable,5,2013,5
E01003736,Redbridge,Theft and Handling,Motor Vehicle Interference & Tampering,0,2013,12
E01001858,Hammersmith and Fulham,Theft and Handling,Handling Stolen Goods,0,2013,7
E01004462,Waltham Forest,Violence Against the Person,Common Assault,0,2014,6
E01000027,Barking and Dagenham,Theft and Handling,Theft From Motor Vehicle,1,2011,3
E01000097,Barking and Dagenham,Theft and Handling,Handling Stolen Goods,0,2011,6
E01001015,Croydon,Theft and Handling,Other Theft,0,2014,4
E01004023,Southwark,Violence Against the Person,Common Assault,1,2016,2
E01004496,Wandsworth,Robbery,Business Property,0,2012,10
E01002165,Harrow,Drugs,Drug Trafficking,0,2012,9
E01004186,Sutton,Other Notifiable Offences,Going Equipped,0,2010,9
E01000634,Brent,Burglary,Burglary in a Dwelling,1,2011,6
E01003447,Merton,Robbery,Business Property,0,2012,11
E01001968,Haringey,Criminal Damage,Other Criminal Damage,0,2010,7
E01001576,Greenwich,Burglary,Burglary in Other Buildings,0,2012,5
E01003231,Lewisham,Theft and Handling,Other Theft Person,1,2011,7
E01004421,Waltham Forest,Burglary,Burglary in Other Buildings,0,2013,3
E01004435,Waltham Forest,Theft and Handling,Other Theft,1,2013,7
E01002465,Hillingdon,Criminal Damage,Other Criminal Damage,0,2014,2
E01003379,Merton,Theft and Handling,Other Theft Person,0,2013,8
E01033101,Wandsworth,Violence Against the Person,Offensive Weapon,0,2008,8
E01002062,Haringey,Burglary,Burglary in a Dwelling,3,2010,8
E01002253,Havering,Drugs,Drug Trafficking,0,2010,8
E01004742,Westminster,Theft and Handling,Theft/Taking Of Motor Vehicle,1,2008,7
E01003293,Lewisham,Drugs,Drug Trafficking,0,2012,10
E01004440,Waltham Forest,Drugs,Other Drugs,0,2015,12
E01003784,Redbridge,Theft and Handling,Theft/Taking of Pedal Cycle,0,2013,1
E01003494,Newham,Other Notifiable Offences,Other Notifiable,0,2011,10
E01004570,Wandsworth,Theft and Handling,Other Theft Person,0,2015,8
E01002984,Kingston upon Thames,Violence Against the Person,Common Assault,0,2010,2
E01000945,Camden,Robbery,Personal Property,1,2015,8
E01002626,Hounslow,Other Notifiable Offences,Going Equipped,0,2009,4
E01002993,Kingston upon Thames,Drugs,Possession Of Drugs,0,2013,6
E01002827,Kensington and Chelsea,Fraud or Forgery,Counted per Victim,0,2010,3
E01002345,Havering,Criminal Damage,Criminal Damage To Other Building,0,2012,8
E01004202,Tower Hamlets,Violence Against the Person,Wounding/GBH,1,2014,9
E01002209,Harrow,Theft and Handling,Other Theft Person,0,2016,2
E01002271,Havering,Theft and Handling,Other Theft,0,2012,2
E01002371,Havering,Criminal Damage,Criminal Damage To Motor Vehicle,3,2008,1
E01000696,Bromley,Criminal Damage,Criminal Damage To Dwelling,0,2016,4
E01004330,Waltham Forest,Violence Against the Person,Other violence,0,2014,12
E01001586,Greenwich,Burglary,Burglary in a Dwelling,0,2014,4
E01001316,Ealing,Theft and Handling,Other Theft Person,0,2013,2
E01002779,Islington,Theft and Handling,Theft From Motor Vehicle,1,2012,7
E01001763,Hackney,Robbery,Business Property,0,2011,11
E01001566,Enfield,Burglary,Burglary in a Dwelling,1,2014,8
E01004101,Sutton,Criminal Damage,Criminal Damage To Dwelling,0,2008,4
E01004406,Waltham Forest,Theft and Handling,Theft/Taking Of Motor Vehicle,0,2015,3
E01000559,Brent,Criminal Damage,Criminal Damage To Dwelling,0,2015,10
E01000808,Bromley,Other Notifiable Offences,Other Notifiable,0,2011,8
E01001012,Croydon,Other Notifiable Offences,Other Notifiable,1,2014,5
E01003837,Richmond upon Thames,Theft and Handling,Theft/Taking Of Motor Vehicle,0,2015,1
E01000716,Bromley,Violence Against the Person,Common Assault,0,2010,6
E01000801,Bromley,Theft and Handling,Theft From Shops,0,2013,3
E01002718,Islington,Violence Against the Person,Wounding/GBH,0,2013,11
E01004219,Tower Hamlets,Violence Against the Person,Other violence,0,2014,10
E01002174,Harrow,Drugs,Drug Trafficking,0,2012,6
E01004610,Wandsworth,Other Notifiable Offences,Other Notifiable,1,2016,5
E01003415,Merton,Theft and Handling,Theft From Motor Vehicle,0,2016,8
E01004324,Tower Hamlets,Criminal Damage,Other Criminal Damage,0,2012,6
E01002473,Hillingdon,Robbery,Business Property,0,2008,1
E01003359,Merton,Theft and Handling,Handling Stolen Goods,0,2013,5
E01033737,Greenwich,Violence Against the Person,Common Assault,0,2008,12
E01003685,Redbridge,Theft and Handling,Theft/Taking of Pedal Cycle,0,2008,2
E01004367,Waltham Forest,Criminal Damage,Criminal Damage To Motor Vehicle,0,2009,10
E01003898,Richmond upon Thames,Burglary,Burglary in a Dwelling,0,2012,11
E01004469,Waltham Forest,Theft and Handling,Motor Vehicle Interference & Tampering,0,2014,2
E01004102,Sutton,Robbery,Personal Property,0,2013,11
E01004470,Waltham Forest,Robbery,Business Property,0,2009,10
E01004331,Waltham Forest,Theft and Handling,Other Theft Person,0,2008,10
E01003785,Redbridge,Fraud or Forgery,Other Fraud & Forgery,0,2009,7
E01002532,Hillingdon,Theft and Handling,Motor Vehicle Interference & Tampering,0,2011,8
E01002631,Hounslow,Drugs,Other Drugs,0,2012,8
E01003835,Richmond upon Thames,Other Notifiable Offences,Other Notifiable,0,2014,11
E01004542,Wandsworth,Burglary,Burglary in Other Buildings,0,2014,4
E01001718,Hackney,Violence Against the Person,Harassment,3,2013,12
E01000426,Bexley,Drugs,Possession Of Drugs,0,2016,12
E01003826,Richmond upon Thames,Violence Against the Person,Harassment,1,2013,9
E01000928,Camden,Criminal Damage,Other Criminal Damage,0,2010,8
E01004596,Wandsworth,Violence Against the Person,Harassment,0,2010,9
E01002559,Hounslow,Theft and Handling,Theft/Taking of Pedal Cycle,0,2016,3
E01003899,Richmond upon Thames,Violence Against the Person,Wounding/GBH,0,2015,6
E01003708,Redbridge,Drugs,Drug Trafficking,0,2011,6
E01000591,Brent,Violence Against the Person,Assault with Injury,1,2011,2
E01001547,Enfield,Drugs,Other Drugs,0,2008,3
E01000276,Barnet,Violence Against the Person,Common Assault,0,2010,4
E01000854,Camden,Violence Against the Person,Offensive Weapon,0,2009,11
E01004093,Sutton,Violence Against the Person,Harassment,0,2014,12
E01003586,Newham,Criminal Damage,Criminal Damage To Other Building,0,2010,12
E01000688,Bromley,Burglary,Burglary in Other Buildings,0,2015,12
E01000146,Barnet,Other Notifiable Offences,Going Equipped,0,2016,11
E01004416,Waltham Forest,Theft and Handling,Other Theft Person,0,2011,12
E01001932,Hammersmith and Fulham,Violence Against the Person,Offensive Weapon,0,2013,9
E01002555,Hounslow,Drugs,Drug Trafficking,0,2011,5
E01004302,Tower Hamlets,Theft and Handling,Theft From Motor Vehicle,1,2012,12
E01004350,Waltham Forest,Robbery,Business Property,0,2008,3
E01001222,Ealing,Theft and Handling,Handling Stolen Goods,0,2013,3
E01001088,Croydon,Violence Against the Person,Assault with Injury,0,2012,12
E01004290,Tower Hamlets,Violence Against the Person,Common Assault,2,2016,9
E01000207,Barnet,Violence Against the Person,Wounding/GBH,0,2012,7
E01004567,Wandsworth,Theft and Handling,Theft From Shops,0,2011,5
E01004550,Wandsworth,Robbery,Personal Property,1,2010,7
E01003879,Richmond upon Thames,Theft and Handling,Motor Vehicle Interference & Tampering,1,2016,9
E01003699,Redbridge,Theft and Handling,Theft/Taking of Pedal Cycle,0,2014,9
E01001862,Hammersmith and Fulham,Theft and Handling,Other Theft,2,2016,2
E01000658,Bromley,Robbery,Business Property,0,2015,7
E01002223,Harrow,Burglary,Burglary in a Dwelling,3,2008,6
E01003347,Lewisham,Drugs,Possession Of Drugs,0,2013,6
E01003417,Merton,Theft and Handling,Theft From Motor Vehicle,0,2009,10
E01004064,Southwark,Drugs,Possession Of Drugs,0,2014,12
E01003034,Lambeth,Theft and Handling,Handling Stolen Goods,0,2015,10
E01004316,Tower Hamlets,Theft and Handling,Handling Stolen Goods,0,2012,12
E01000798,Bromley,Criminal Damage,Other Criminal Damage,0,2013,5
E01001117,Croydon,Other Notifiable Offences,Other Notifiable,1,2009,6
E01003190,Lewisham,Criminal Damage,Criminal Damage To Dwelling,0,2008,12
E01000878,Camden,Burglary,Burglary in Other Buildings,1,2009,8
E01002465,Hillingdon,Violence Against the Person,Offensive Weapon,0,2016,12
E01003338,Lewisham,Burglary,Burglary in a Dwelling,0,2011,4
E01003438,Merton,Burglary,Burglary in a Dwelling,1,2010,3
E01000473,Brent,Theft and Handling,Motor Vehicle Interference & Tampering,0,2014,10
E01000335,Bexley,Theft and Handling,Theft/Taking of Pedal Cycle,0,2012,2
E01002003,Haringey,Theft and Handling,Theft From Shops,0,2013,1
E01003196,Lewisham,Criminal Damage,Criminal Damage To Dwelling,2,2009,1
E01002419,Hillingdon,Theft and Handling,Theft From Shops,0,2011,4
E01000859,Camden,Drugs,Possession Of Drugs,0,2009,5
E01002163,Harrow,Violence Against the Person,Assault with Injury,0,2010,6
E01004734,Westminster,Drugs,Other Drugs,5,2008,8
E01002940,Kingston upon Thames,Burglary,Burglary in a Dwelling,0,2016,6
E01002019,Haringey,Violence Against the Person,Common Assault,0,2010,7
E01004245,Tower Hamlets,Theft and Handling,Handling Stolen Goods,0,2012,8
E01001150,Croydon,Violence Against the Person,Other violence,0,2009,3
E01003876,Richmond upon Thames,Other Notifiable Offences,Going Equipped,0,2008,1
E01002726,Islington,Criminal Damage,Criminal Damage To Dwelling,2,2012,6
E01002157,Harrow,Criminal Damage,Criminal Damage To Motor Vehicle,0,2010,4
E01003006,Kingston upon Thames,Other Notifiable Offences,Other Notifiable,1,2014,11
E01000567,Brent,Theft and Handling,Theft/Taking Of Motor Vehicle,0,2010,6
E01002362,Havering,Violence Against the Person,Offensive Weapon,0,2011,4
E01000958,Camden,Theft and Handling,Theft/Taking of Pedal Cycle,0,2016,8
E01001399,Enfield,Violence Against the Person,Wounding/GBH,0,2016,3
E01003582,Newham,Robbery,Personal Property,1,2014,4
E01004571,Wandsworth,Violence Against the Person,Wounding/GBH,0,2009,5
E01002451,Hillingdon,Theft and Handling,Other Theft,1,2015,5
E01000837,Bromley,Burglary,Burglary in Other Buildings,0,2014,5
E01004725,Westminster,Violence Against the Person,Wounding/GBH,0,2008,11
E01000533,Brent,Violence Against the Person,Assault with Injury,2,2009,8
E01000459,Bexley,Violence Against the Person,Harassment,0,2012,1
E01001190,Croydon,Criminal Damage,Criminal Damage To Other Building,0,2011,1
E01004678,Westminster,Drugs,Drug Trafficking,0,2009,3
E01003753,Redbridge,Criminal Damage,Criminal Damage To Other Building,0,2010,8
E01002790,Islington,Fraud or Forgery,Counted per Victim,0,2014,3
E01004310,Tower Hamlets,Violence Against the Person,Assault with Injury,3,2012,7
E01001169,Croydon,Theft and Handling,Other Theft Person,0,2013,6
E01002814,Kensington and Chelsea,Violence Against the Person,Harassment,0,2011,12
E01003430,Merton,Violence Against the Person,Wounding/GBH,0,2009,9
E01001405,Enfield,Burglary,Burglary in Other Buildings,0,2014,2
E01003298,Lewisham,Violence Against the Person,Wounding/GBH,0,2016,9
E01001266,Ealing,Violence Against the Person,Other violence,0,2008,2
E01001635,Greenwich,Theft and Handling,Handling Stolen Goods,0,2014,5
E01001772,Hackney,Theft and Handling,Handling Stolen Goods,0,2013,7
E01003398,Merton,Theft and Handling,Theft/Taking Of Motor Vehicle,0,2011,12
E01002017,Haringey,Other Notifiable Offences,Other Notifiable,0,2016,6
E01003399,Merton,Violence Against the Person,Harassment,0,2008,4
E01002596,Hounslow,Drugs,Possession Of Drugs,0,2013,3
E01001662,Greenwich,Theft and Handling,Theft/Taking of Pedal Cycle,0,2013,2
E01000344,Bexley,Robbery,Business Property,0,2008,11
E01003817,Richmond upon Thames,Criminal Damage,Criminal Damage To Other Building,1,2010,8
E01001019,Croydon,Criminal Damage,Criminal Damage To Dwelling,0,2010,12
E01003456,Merton,Theft and Handling,Theft From Shops,25,2010,4
E01001185,Croydon,Criminal Damage,Criminal Damage To Dwelling,0,2011,8
E01000607,Brent,Violence Against the Person,Wounding/GBH,0,2013,10
E01002150,Harrow,Violence Against the Person,Assault with Injury,3,2010,10
E01002994,Kingston upon Thames,Criminal Damage,Criminal Damage To Dwelling,0,2013,7
E01002501,Hillingdon,Drugs,Possession Of Drugs,1,2012,10
E01003645,Redbridge,Violence Against the Person,Harassment,0,2013,12
E01002916,Kingston upon Thames,Theft and Handling,Other Theft,2,2008,8
E01001699,Greenwich,Criminal Damage,Criminal Damage To Dwelling,0,2014,9
E01002970,Kingston upon Thames,Criminal Damage,Criminal Damage To Dwelling,1,2009,9
E01000664,Bromley,Violence Against the Person,Other violence,0,2013,10
E01000267,Barnet,Burglary,Burglary in a Dwelling,2,2008,9
E01001116,Croydon,Violence Against the Person,Offensive Weapon,0,2016,5
E01032512,Westminster,Robbery,Business Property,0,2008,1
E01002385,Havering,Criminal Damage,Other Criminal Damage,0,2013,12
E01004042,Southwark,Theft and Handling,Theft From Shops,2,2008,4
E01001008,Croydon,Theft and Handling,Theft From Motor Vehicle,0,2010,1
E01003143,Lambeth,Drugs,Possession Of Drugs,0,2010,5
E01001823,Hackney,Burglary,Burglary in a Dwelling,0,2011,6
E01002466,Hillingdon,Theft and Handling,Motor Vehicle Interference & Tampering,0,2016,9
E01001484,Enfield,Criminal Damage,Criminal Damage To Motor Vehicle,0,2015,2
E01000617,Brent,Theft and Handling,Other Theft,0,2015,2
E01004656,Westminster,Theft and Handling,Motor Vehicle Interference & Tampering,0,2016,9
E01001293,Ealing,Theft and Handling,Other Theft,1,2008,6
E01000365,Bexley,Burglary,Burglary in a Dwelling,0,2008,1
E01000759,Bromley,Theft and Handling,Other Theft,0,2012,6
E01001868,Hammersmith and Fulham,Robbery,Personal Property,0,2008,2
E01001813,Hackney,Drugs,Possession Of Drugs,2,2010,9
E01000619,Brent,Violence Against the Person,Assault with Injury,0,2016,10
E01002391,Havering,Drugs,Drug Trafficking,0,2010,10
E01000884,Camden,Violence Against the Person,Harassment,0,2012,1
E01003366,Merton,Theft and Handling,Theft/Taking Of Motor Vehicle,1,2011,7
E01002940,Kingston upon Thames,Theft and Handling,Other Theft,1,2012,7
E01000825,Bromley,Theft and Handling,Theft From Shops,0,2013,8
E01001873,Hammersmith and Fulham,Drugs,Drug Trafficking,0,2009,4
E01000029,Barking and Dagenham,Criminal Damage,Criminal Damage To Motor Vehicle,1,2015,2
E01002583,Hounslow,Theft and Handling,Handling Stolen Goods,0,2015,3
E01002214,Harrow,Theft and Handling,Theft/Taking of Pedal Cycle,0,2013,12
E01003253,Lewisham,Violence Against the Person,Harassment,3,2010,10
E01004281,Tower Hamlets,Theft and Handling,Motor Vehicle Interference & Tampering,0,2011,10
E01003568,Newham,Drugs,Possession Of Drugs,1,2016,8
E01001156,Croydon,Criminal Damage,Other Criminal Damage,1,2014,4
E01001553,Enfield,Theft and Handling,Other Theft Person,1,2012,2
E01001500,Enfield,Violence Against the Person,Harassment,0,2011,2
E01003604,Newham,Robbery,Personal Property,1,2012,7
E01001491,Enfield,Theft and Handling,Theft From Shops,0,2008,2
E01001230,Ealing,Theft and Handling,Theft/Taking of Pedal Cycle,1,2009,12
E01003272,Lewisham,Theft and Handling,Theft From Motor Vehicle,1,2016,4
E01004456,Waltham Forest,Violence Against the Person,Harassment,0,2010,12
E01001813,Hackney,Burglary,Burglary in Other Buildings,1,2014,3
E01003186,Lambeth,Theft and Handling,Theft From Shops,0,2011,8
E01003563,Newham,Theft and Handling,Theft/Taking of Pedal Cycle,0,2010,9
E01000211,Barnet,Criminal Damage,Criminal Damage To Dwelling,0,2015,11
E01033580,Newham,Theft and Handling,Theft From Shops,0,2011,5
E01001083,Croydon,Criminal Damage,Criminal Damage To Other Building,0,2008,11
E01000844,Camden,Drugs,Drug Trafficking,0,2010,7
E01002226,Harrow,Burglary,Burglary in Other Buildings,1,2008,8
E01000966,Camden,Theft and Handling,Theft/Taking of Pedal Cycle,1,2012,9
E01004718,Westminster,Criminal Damage,Other Criminal Damage,0,2009,7
E01004609,Wandsworth,Criminal Damage,Criminal Damage To Dwelling,0,2012,9
E01003089,Lambeth,Violence Against the Person,Harassment,0,2011,3
E01003986,Southwark,Sexual Offences,Other Sexual,0,2015,8
E01001542,Enfield,Theft and Handling,Theft From Shops,0,2009,11
E01000897,Camden,Theft and Handling,Theft/Taking Of Motor Vehicle,1,2008,11
E01001732,Hackney,Violence Against the Person,Assault with Injury,0,2010,3
E01001040,Croydon,Theft and Handling,Other Theft,3,2009,10
E01000032,Barking and Dagenham,Theft and Handling,Theft/Taking Of Motor Vehicle,1,2015,12
E01004228,Tower Hamlets,Theft and Handling,Handling Stolen Goods,0,2013,3
E01001744,Hackney,Theft and Handling,Theft From Shops,0,2012,11
E01002120,Harrow,Theft and Handling,Theft/Taking of Pedal Cycle,0,2009,7
E01003384,Merton,Theft and Handling,Theft/Taking of Pedal Cycle,0,2014,12
E01004489,Wandsworth,Criminal Damage,Criminal Damage To Dwelling,0,2015,4
E01004171,Sutton,Violence Against the Person,Common Assault,0,2016,3
E01002770,Islington,Fraud or Forgery,Counted per Victim,0,2014,5
E01003258,Lewisham,Violence Against the Person,Common Assault,2,2012,8
E01001610,Greenwich,Violence Against the Person,Wounding/GBH,0,2009,4
E01001473,Enfield,Theft and Handling,Theft/Taking of Pedal Cycle,0,2010,10
E01004388,Waltham Forest,Violence Against the Person,Harassment,1,2009,3
E01001328,Ealing,Theft and Handling,Handling Stolen Goods,0,2015,5
E01001543,Enfield,Theft and Handling,Other Theft Person,0,2009,9
E01002689,Hounslow,Criminal Damage,Criminal Damage To Motor Vehicle,1,2011,4
E01003350,Lewisham,Criminal Damage,Criminal Damage To Dwelling,0,2010,5
E01004532,Wandsworth,Robbery,Personal Property,0,2013,3
E01004041,Southwark,Robbery,Personal Property,0,2016,11
E01003424,Merton,Violence Against the Person,Other violence,0,2016,11
E01002938,Kingston upon Thames,Criminal Damage,Criminal Damage To Other Building,0,2011,12
E01002271,Havering,Other Notifiable Offences,Other Notifiable,0,2014,10
E01001344,Ealing,Theft and Handling,Motor Vehicle Interference & Tampering,0,2008,4
E01001599,Greenwich,Criminal Damage,Criminal Damage To Dwelling,1,2016,11
E01001631,Greenwich,Theft and Handling,Theft/Taking Of Motor Vehicle,0,2010,5
E01001795,Hackney,Violence Against the Person,Assault with Injury,0,2012,3
E01004399,Waltham Forest,Criminal Damage,Criminal Damage To Dwelling,1,2011,5
E01003348,Lewisham,Theft and Handling,Theft/Taking of Pedal Cycle,0,2014,12
E01001531,Enfield,Violence Against the Person,Other violence,0,2014,11
E01003225,Lewisham,Criminal Damage,Criminal Damage To Dwelling,0,2013,10
E01000196,Barnet,Burglary,Burglary in a Dwelling,0,2008,2
E01000187,Barnet,Burglary,Burglary in Other Buildings,0,2016,12
E01033100,Wandsworth,Criminal Damage,Other Criminal Damage,0,2011,12
E01004021,Southwark,Robbery,Business Property,0,2015,3
E01002663,Hounslow,Violence Against the Person,Assault with Injury,1,2015,10
E01003506,Newham,Criminal Damage,Criminal Damage To Other Building,0,2010,9
E01003178,Lambeth,Theft and Handling,Theft/Taking of Pedal Cycle,0,2009,2
E01003789,Redbridge,Violence Against the Person,Wounding/GBH,0,2009,4
E01002857,Kensington and Chelsea,Criminal Damage,Criminal Damage To Other Building,0,2009,3
