E01002239,Harrow,Robbery,Personal Property,0,2016,2
E01004694,Westminster,Drugs,Drug Trafficking,0,2015,12
E01004527,Wandsworth,Other Notifiable Offences,Other Notifiable,0,2015,1
E01003855,Richmond upon Thames,Theft and Handling,Other Theft Person,0,2010,11
E01000329,Bexley,Theft and Handling,Theft/Taking of Pedal Cycle,0,2014,1
E01003159,Lambeth,Theft and Handling,Theft From Shops,0,2011,8
E01004426,Waltham Forest,Burglary,Burglary in a Dwelling,2,2011,1
E01001598,Greenwich,Theft and Handling,Theft/Taking Of Motor Vehicle,0,2016,4
E01004165,Sutton,Drugs,Possession Of Drugs,0,2012,7
E01004372,Waltham Forest,Theft and Handling,Other Theft Person,2,2009,9
E01000081,Barking and Dagenham,Violence Against the Person,Common Assault,0,2009,8
E01002071,Haringey,Violence Against the Person,Common Assault,2,2008,2
E01000626,Brent,Theft and Handling,Theft From Motor Vehicle,1,2010,1
E01000111,Barking and Dagenham,Theft and Handling,Theft From Shops,0,2012,3
E01004668,Westminster,Theft and Handling,Theft/Taking Of Motor Vehicle,0,2008,12
E01003533,Newham,Violence Against the Person,Wounding/GBH,0,2016,11
E01000409,Bexley,Drugs,Possession Of Drugs,0,2009,9
E01003670,Redbridge,Criminal Damage,Criminal Damage To Motor Vehicle,0,2011,12
E01000620,Brent,Theft and Handling,Motor Vehicle Interference & Tampering,0,2012,3
E01001482,Enfield,Violence Against the Person,Other violence,0,2013,12
E01001264,Ealing,Theft and Handling,Other Theft,0,2012,7
E01003311,Lewisham,Burglary,Burglary in Other Buildings,0,2014,10
E01032765,Tower Hamlets,Theft and Handling,Theft/Taking Of Motor Vehicle,0,2013,12
E01001580,Greenwich,Theft and Handling,Theft/Taking of Pedal Cycle,0,2010,5
E01004189,Sutton,Violence Against the Person,Common Assault,1,2013,3
E01004765,Westminster,Theft and Handling,Theft From Shops,25,2012,7
E01000359,Bexley,Theft and Handling,Other Theft,1,2016,1
E01002922,Kingston upon Thames,Theft and Handling,Theft/Taking Of Motor Vehicle,0,2013,3
E01002762,Islington,Burglary,Burglary in a Dwelling,1,2008,7
E01000643,Brent,Violence Against the Person,Other violence,1,2011,8
E01004219,Tower Hamlets,Other Notifiable Offences,Other Notifiable,0,2015,3
E01002860,Kensington and Chelsea,Violence Against the Person,Other violence,0,2009,1
E01002619,Hounslow,Theft and Handling,Theft From Shops,0,2013,12
E01004545,Wandsworth,Violence Against the Person,Assault with Injury,0,2014,4
E01000608,Brent,Drugs,Drug Trafficking,0,2014,4
E01000391,Bexley,Violence Against the Person,Harassment,0,2008,8
E01000345,Bexley,Violence Against the Person,Offensive Weapon,0,2009,6
E01000843,Camden,Theft and Handling,Theft/Taking Of Motor Vehicle,1,2015,11
E01003988,Southwark,Criminal Damage,Other Criminal Damage,1,2008,2
E01002065,Haringey,Theft and Handling,Handling Stolen Goods,0,2016,12
E01003320,Lewisham,Violence Against the Person,Offensive Weapon,0,2014,2
E01002056,Haringey,Drugs,Possession Of Drugs,0,2014,1
E01003288,Lewisham,Theft and Handling,Theft From Motor Vehicle,1,2011,8
E01002397,Hillingdon,Criminal Damage,Criminal Damage To Other Building,0,2012,2
E01004379,Waltham Forest,Violence Against the Person,Other violence,0,2014,8
E01001499,Enfield,Theft and Handling,Theft/Taking of Pedal Cycle,0,2013,3
E01004703,Westminster,Violence Against the Person,Harassment,1,2014,4
E01003428,Merton,Criminal Damage,Criminal Damage To Motor Vehicle,0,2014,6
E01001376,Ealing,Violence Against the Person,Common Assault,0,2011,2
E01000900,Camden,Criminal Damage,Criminal Damage To Dwelling,0,2015,10
E01000926,Camden,Other Notifiable Offences,Other Notifiable,0,2011,11
E01003273,Lewisham,Violence Against the Person,Harassment,0,2010,5
E01004290,Tower Hamlets,Violence Against the Person,Assault with Injury,1,2011,5
E01000400,Bexley,Violence Against the Person,Offensive Weapon,0,2009,9
E01002180,Harrow,Violence Against the Person,Wounding/GBH,0,2011,3
E01003314,Lewisham,Criminal Damage,Criminal Damage To Motor Vehicle,1,2011,12
E01000211,Barnet,Other Notifiable Offences,Going Equipped,0,2010,8
E01001539,Enfield,Violence Against the Person,Offensive Weapon,0,2008,9
E01000094,Barking and Dagenham,Theft and Handling,Other Theft Person,0,2012,8
E01000121,Barnet,Criminal Damage,Criminal Damage To Other Building,0,2009,8
E01033712,Hackney,Violence Against the Person,Harassment,3,2016,2
E01003152,Lambeth,Theft and Handling,Other Theft,5,2008,10
E01000855,Camden,Robbery,Business Property,0,2012,11
E01000089,Barking and Dagenham,Violence Against the Person,Harassment,1,2015,7
E01000594,Brent,Criminal Damage,Criminal Damage To Motor Vehicle,0,2015,8
E01001257,Ealing,Burglary,Burglary in a Dwelling,2,2015,12
E01002623,Hounslow,Drugs,Possession Of Drugs,0,2008,7
E01033084,Hounslow,Theft and Handling,Handling Stolen Goods,0,2014,1
E01000230,Barnet,Theft and Handling,Theft From Shops,0,2013,5
E01001796,Hackney,Theft and Handling,Motor Vehicle Interference & Tampering,0,2008,5
E01002784,Islington,Theft and Handling,Other Theft Person,0,2011,1
E01001454,Enfield,Burglary,Burglary in Other Buildings,0,2015,5
E01004075,Southwark,Other Notifiable Offences,Going Equipped,0,2016,6
E01000603,Brent,Violence Against the Person,Wounding/GBH,0,2016,2
E01000200,Barnet,Theft and Handling,Theft From Motor Vehicle,3,2009,7
E01004105,Sutton,Violence Against the Person,Wounding/GBH,0,2015,8
E01004604,Wandsworth,Burglary,Burglary in Other Buildings,0,2014,7
E01000822,Bromley,Other Notifiable Offences,Other Notifiable,0,2016,9
E01000016,Barking and Dagenham,Violence Against the Person,Offensive Weapon,0,2013,7
E01000725,Bromley,Other Notifiable Offences,Going Equipped,0,2014,6
E01004467,Waltham Forest,Drugs,Possession Of Drugs,1,2016,4
E01002315,Havering,Theft and Handling,Theft/Taking Of Motor Vehicle,1,2015,11
E01003607,Newham,Violence Against the Person,Offensive Weapon,0,2014,5
E01004231,Tower Hamlets,Violence Against the Person,Other violence,0,2016,10
E01002426,Hillingdon,Theft and Handling,Theft/Taking Of Motor Vehicle,0,2008,2
E01002084,Haringey,Robbery,Personal Property,0,2010,6
E01003756,Redbridge,Drugs,Drug Trafficking,0,2008,10
E01000722,Bromley,Criminal Damage,Criminal Damage To Dwelling,0,2010,4
E01002059,Haringey,Violence Against the Person,Harassment,0,2013,8
E01003650,Redbridge,Criminal Damage,Criminal Damage To Motor Vehicle,0,2014,10
E01004388,Waltham Forest,Criminal Damage,Other Criminal Damage,0,2009,7
E01003663,Redbridge,Criminal Damage,Criminal Damage To Dwelling,0,2009,10
E01004432,Waltham Forest,Theft and Handling,Theft From Motor Vehicle,1,2010,11
E01002447,Hillingdon,Violence Against the Person,Assault with Injury,3,2008,4
E01004452,Waltham Forest,Theft and Handling,Motor Vehicle Interference & Tampering,0,2012,2
E01003438,Merton,Drugs,Drug Trafficking,0,2010,10
E01003088,Lambeth,Violence Against the Person,Other violence,0,2015,4
E01001896,Hammersmith and Fulham,Violence Against the Person,Wounding/GBH,0,2012,5
E01002689,Hounslow,Burglary,Burglary in a Dwelling,3,2009,11
E01001155,Croydon,Burglary,Burglary in Other Buildings,0,2013,11
E01003511,Newham,Theft and Handling,Other Theft Person,0,2015,9
E01002010,Haringey,Robbery,Personal Property,0,2012,7
E01000263,Barnet,Burglary,Burglary in a Dwelling,1,2008,11
E01001233,Ealing,Violence Against the Person,Wounding/GBH,0,2016,4
E01003146,Lambeth,Theft and Handling,Theft/Taking Of Motor Vehicle,2,2016,6
E01003847,Richmond upon Thames,Violence Against the Person,Offensive Weapon,0,2010,10
E01000789,Bromley,Violence Against the Person,Wounding/GBH,0,2008,10
E01001746,Hackney,Violence Against the Person,Common Assault,0,2012,1
E01001839,Hackney,Violence Against the Person,Harassment,1,2008,12
E01000080,Barking and Dagenham,Drugs,Drug Trafficking,0,2012,7
E01002538,Hillingdon,Theft and Handling,Theft From Shops,0,2015,11
E01001679,Greenwich,Other Notifiable Offences,Other Notifiable,0,2016,5
E01004223,Tower Hamlets,Other Notifiable Offences,Going Equipped,0,2008,2
E01004368,Waltham Forest,Violence Against the Person,Common Assault,1,2011,9
E01001578,Greenwich,Violence Against the Person,Harassment,0,2014,6
E01000850,Camden,Sexual Offences,Other Sexual,0,2011,6
E01002919,Kingston upon Thames,Burglary,Burglary in a Dwelling,0,2012,9
E01004525,Wandsworth,Theft and Handling,Other Theft,10,2015,8
E01001892,Hammersmith and Fulham,Drugs,Other Drugs,0,2008,8
E01002632,Hounslow,Theft and Handling,Theft From Shops,0,2010,3
E01002562,Hounslow,Theft and Handling,Other Theft Person,0,2009,10
E01001098,Croydon,Violence Against the Person,Common Assault,0,2013,2
E01004110,Sutton,Theft and Handling,Other Theft Person,1,2010,7
E01003581,Newham,Other Notifiable Offences,Other Notifiable,0,2014,1
E01004707,Westminster,Theft and Handling,Motor Vehicle Interference & Tampering,1,2016,5
E01003883,Richmond upon Thames,Violence Against the Person,Harassment,1,2014,8
E01033000,Hounslow,Theft and Handling,Theft From Shops,0,2011,3
E01000030,Barking and Dagenham,Theft and Handling,Handling Stolen Goods,0,2015,9
E01001520,Enfield,Violence Against the Person,Harassment,0,2014,6
E01004597,Wandsworth,Burglary,Burglary in Other Buildings,0,2013,3
E01002553,Hillingdon,Theft and Handling,Handling Stolen Goods,0,2013,7
E01001640,Greenwich,Theft and Handling,Theft From Shops,5,2008,3
E01004046,Southwark,Violence Against the Person,Offensive Weapon,0,2011,9
E01003290,Lewisham,Violence Against the Person,Other violence,1,2008,10
E01000010,Barking and Dagenham,Criminal Damage,Criminal Damage To Dwelling,0,2016,12
E01003151,Lambeth,Theft and Handling,Handling Stolen Goods,0,2014,1
E01000470,Bexley,Burglary,Burglary in Other Buildings,0,2014,1
E01003587,Newham,Criminal Damage,Other Criminal Damage,0,2015,9
E01033084,Hounslow,Other Notifiable Offences,Going Equipped,0,2013,12
E01003587,Newham,Criminal Damage,Criminal Damage To Motor Vehicle,0,2013,1
E01001172,Croydon,Drugs,Other Drugs,0,2016,7
E01002104,Haringey,Violence Against the Person,Other violence,0,2014,3
E01004610,Wandsworth,Violence Against the Person,Assault with Injury,0,2009,8
E01033745,Greenwich,Other Notifiable Offences,Other Notifiable,0,2014,9
E01003966,Southwark,Violence Against the Person,Assault with Injury,1,2013,2
E01000557,Brent,Theft and Handling,Theft/Taking Of Motor Vehicle,0,2009,1
E01001082,Croydon,Criminal Damage,Other Criminal Damage,1,2015,7
E01000977,Croydon,Criminal Damage,Criminal Damage To Motor Vehicle,0,2015,12
E01002766,Islington,Robbery,Business Property,0,2008,6
E01003278,Lewisham,Drugs,Drug Trafficking,1,2013,12
E01003281,Lewisham,Theft and Handling,Theft From Shops,0,2014,7
E01004573,Wandsworth,Theft and Handling,Theft From Shops,2,2009,1
E01003946,Southwark,Robbery,Personal Property,1,2008,8
E01001212,Ealing,Theft and Handling,Theft/Taking Of Motor Vehicle,0,2011,9
E01000107,Barking and Dagenham,Violence Against the Person,Common Assault,0,2012,2
E01000937,Camden,Theft and Handling,Theft/Taking Of Motor Vehicle,2,2010,8
E01001687,Greenwich,Theft and Handling,Theft/Taking of Pedal Cycle,1,2010,8
E01001542,Enfield,Violence Against the Person,Wounding/GBH,0,2013,6
E01002745,Islington,Theft and Handling,Theft/Taking of Pedal Cycle,0,2012,3
E01003239,Lewisham,Criminal Damage,Criminal Damage To Motor Vehicle,0,2008,3
E01002586,Hounslow,Theft and Handling,Other Theft,0,2014,5
E01003054,Lambeth,Theft and Handling,Motor Vehicle Interference & Tampering,0,2016,8
E01002142,Harrow,Violence Against the Person,Harassment,2,2008,9
E01000592,Brent,Drugs,Drug Trafficking,0,2012,3
E01003920,Southwark,Violence Against the Person,Assault with Injury,4,2010,2
E01003567,Newham,Violence Against the Person,Common Assault,2,2015,1
E01002711,Islington,Criminal Damage,Criminal Damage To Other Building,1,2008,12
E01001684,Greenwich,Drugs,Drug Trafficking,0,2014,5
E01004644,Wandsworth,Violence Against the Person,Offensive Weapon,0,2008,11
E01004060,Southwark,Other Notifiable Offences,Other Notifiable,0,2008,6
E01004322,Tower Hamlets,Violence Against the Person,Offensive Weapon,0,2015,9
E01001922,Hammersmith and Fulham,Theft and Handling,Theft From Motor Vehicle,1,2013,8
E01001128,Croydon,Drugs,Possession Of Drugs,0,2013,9
E01004288,Tower Hamlets,Robbery,Business Property,0,2009,11
E01004598,Wandsworth,Violence Against the Person,Harassment,1,2012,2
E01000491,Brent,Criminal Damage,Criminal Damage To Dwelling,0,2011,4
E01001156,Croydon,Criminal Damage,Other Criminal Damage,0,2016,4
E01004343,Waltham Forest,Criminal Damage,Criminal Damage To Motor Vehicle,0,2015,9
E01004505,Wandsworth,Theft and Handling,Other Theft Person,1,2010,12
E01003178,Lambeth,Burglary,Burglary in Other Buildings,0,2012,7
E01002003,Haringey,Burglary,Burglary in a Dwelling,2,2010,11
E01000186,Barnet,Criminal Damage,Other Criminal Damage,0,2015,2
E01001080,Croydon,Criminal Damage,Other Criminal Damage,0,2008,3
E01004403,Waltham Forest,Violence Against the Person,Wounding/GBH,0,2010,4
E01002240,Harrow,Violence Against the Person,Assault with Injury,0,2012,3
E01000841,Bromley,Theft and Handling,Theft/Taking Of Motor Vehicle,1,2010,9
E01001370,Ealing,Robbery,Business Property,0,2010,1
E01001762,Hackney,Violence Against the Person,Offensive Weapon,0,2012,11
E01003002,Kingston upon Thames,Criminal Damage,Other Criminal Damage,1,2012,10
E01001425,Enfield,Theft and Handling,Other Theft Person,1,2014,6
E01003803,Richmond upon Thames,Violence Against the Person,Offensive Weapon,0,2011,12
E01002909,Kensington and Chelsea,Violence Against the Person,Common Assault,0,2016,6
E01001365,Ealing,Violence Against the Person,Assault with Injury,0,2015,3
E01001828,Hackney,Criminal Damage,Criminal Damage To Motor Vehicle,1,2015,1
E01000300,Barnet,Criminal Damage,Criminal Damage To Dwelling,0,2008,4
E01000462,Bexley,Drugs,Possession Of Drugs,0,2011,12
E01000688,Bromley,Robbery,Personal Property,0,2012,11
E01004052,Southwark,Burglary,Burglary in a Dwelling,0,2014,2
E01001377,Ealing,Theft and Handling,Theft/Taking of Pedal Cycle,0,2015,11
E01002599,Hounslow,Violence Against the Person,Assault with Injury,3,2016,5
E01000295,Barnet,Theft and Handling,Motor Vehicle Interference & Tampering,0,2015,3
E01001505,Enfield,Violence Against the Person,Common Assault,1,2009,8
E01002030,Haringey,Criminal Damage,Criminal Damage To Dwelling,0,2008,9
E01000603,Brent,Theft and Handling,Theft/Taking Of Motor Vehicle,0,2015,9
E01003406,Merton,Violence Against the Person,Other violence,0,2009,12
E01003609,Newham,Violence Against the Person,Assault with Injury,3,2015,9
E01002996,Kingston upon Thames,Theft and Handling,Other Theft Person,0,2010,5
E01003630,Newham,Violence Against the Person,Offensive Weapon,0,2013,11
E01002490,Hillingdon,Fraud or Forgery,Counted per Victim,0,2009,7
E01003840,Richmond upon Thames,Theft and Handling,Other Theft Person,0,2008,3
E01003276,Lewisham,Violence Against the Person,Wounding/GBH,0,2008,2
E01001544,Enfield,Theft and Handling,Handling Stolen Goods,0,2011,1
E01000588,Brent,Theft and Handling,Theft From Shops,9,2009,4
E01000967,Camden,Violence Against the Person,Other violence,0,2010,2
E01003387,Merton,Violence Against the Person,Common Assault,2,2010,11
E01001723,Hackney,Violence Against the Person,Other violence,0,2016,2
E01004748,Westminster,Violence Against the Person,Wounding/GBH,0,2010,3
E01002565,Hounslow,Criminal Damage,Criminal Damage To Other Building,0,2013,7
E01002735,Islington,Theft and Handling,Other Theft,3,2013,8
E01004137,Sutton,Other Notifiable Offences,Other Notifiable,0,2013,4
E01003452,Merton,Criminal Damage,Criminal Damage To Dwelling,0,2013,10
E01001938,Hammersmith and Fulham,Criminal Damage,Criminal Damage To Motor Vehicle,0,2009,9
E01003674,Redbridge,Violence Against the Person,Harassment,0,2010,12
E01002971,Kingston upon Thames,Theft and Handling,Other Theft Person,0,2008,3
E01003782,Redbridge,Violence Against the Person,Assault with Injury,1,2012,1
E01000590,Brent,Criminal Damage,Criminal Damage To Motor Vehicle,2,2011,8
E01003287,Lewisham,Theft and Handling,Theft From Motor Vehicle,5,2009,11
E01001702,Greenwich,Criminal Damage,Criminal Damage To Other Building,1,2011,2
E01000732,Bromley,Drugs,Possession Of Drugs,1,2016,9
E01004483,Wandsworth,Theft and Handling,Motor Vehicle Interference & Tampering,0,2013,10
E01002948,Kingston upon Thames,Theft and Handling,Theft From Motor Vehicle,0,2016,5
E01002855,Kensington and Chelsea,Violence Against the Person,Assault with Injury,3,2016,6
E01000183,Barnet,Other Notifiable Offences,Other Notifiable,0,2012,5
E01000073,Barking and Dagenham,Theft and Handling,Theft From Motor Vehicle,1,2008,2
E01000878,Camden,Theft and Handling,Theft/Taking of Pedal Cycle,2,2012,12
E01001035,Croydon,Drugs,Drug Trafficking,0,2016,1
E01004135,Sutton,Robbery,Business Property,0,2011,9
E01003019,Lambeth,Robbery,Business Property,0,2016,6
E01002944,Kingston upon Thames,Criminal Damage,Criminal Damage To Dwelling,0,2016,4
E01001506,Enfield,Violence Against the Person,Other violence,0,2013,12
E01002735,Islington,Violence Against the Person,Other violence,0,2012,11
E01002758,Islington,Fraud or Forgery,Other Fraud & Forgery,0,2009,6
E01001572,Greenwich,Violence Against the Person,Assault with Injury,1,2015,1
E01002037,Haringey,Theft and Handling,Other Theft,5,2008,4
E01003896,Richmond upon Thames,Other Notifiable Offences,Other Notifiable,0,2013,12
E01004414,Waltham Forest,Criminal Damage,Criminal Damage To Other Building,0,2013,11
E01003712,Redbridge,Drugs,Other Drugs,0,2012,5
E01000192,Barnet,Theft and Handling,Handling Stolen Goods,0,2008,4
E01002913,Kensington and Chelsea,Robbery,Business Property,0,2011,2
E01003100,Lambeth,Other Notifiable Offences,Going Equipped,0,2016,11
E01002945,Kingston upon Thames,Criminal Damage,Criminal Damage To Motor Vehicle,0,2014,4
E01001288,Ealing,Theft and Handling,Motor Vehicle Interference & Tampering,0,2009,5
E01000145,Barnet,Drugs,Drug Trafficking,0,2014,2
E01002769,Islington,Other Notifiable Offences,Other Notifiable,0,2012,2
E01000025,Barking and Dagenham,Criminal Damage,Criminal Damage To Motor Vehicle,2,2011,10
E01002699,Islington,Robbery,Business Property,1,2009,10
E01002598,Hounslow,Robbery,Business Property,0,2016,5
E01002481,Hillingdon,Theft and Handling,Theft/Taking of Pedal Cycle,0,2016,4
E01001153,Croydon,Sexual Offences,Other Sexual,0,2013,6
E01003980,Southwark,Violence Against the Person,Murder,0,2015,8
E01003550,Newham,Theft and Handling,Theft From Motor Vehicle,0,2014,7
E01002323,Havering,Violence Against the Person,Assault with Injury,2,2008,12
E01001907,Hammersmith and Fulham,Sexual Offences,Rape,0,2010,8
E01001526,Enfield,Robbery,Personal Property,0,2013,5
E01001435,Enfield,Drugs,Possession Of Drugs,0,2011,9
E01004035,Southwark,Drugs,Possession Of Drugs,1,2012,2
E01004062,Southwark,Theft and Handling,Other Theft,4,2008,11
E01004070,Southwark,Criminal Damage,Criminal Damage To Dwelling,0,2010,1
E01003781,Redbridge,Violence Against the Person,Other violence,0,2012,10
E01003150,Lambeth,Theft and Handling,Theft/Taking of Pedal Cycle,0,2011,6
E01004710,Westminster,Theft and Handling,Theft/Taking Of Motor Vehicle,0,2016,11
E01003479,Newham,Drugs,Drug Trafficking,0,2015,5
E01000666,Bromley,Fraud or Forgery,Counted per Victim,0,2008,10
E01002847,Kensington and Chelsea,Criminal Damage,Criminal Damage To Motor Vehicle,0,2012,3
E01033598,Westminster,Violence Against the Person,Other violence,0,2015,12
E01000145,Barnet,Theft and Handling,Motor Vehicle Interference & Tampering,0,2016,8
E01004732,Westminster,Theft and Handling,Theft From Motor Vehicle,0,2015,6
E01002387,Havering,Violence Against the Person,Other violence,0,2011,6
E01004271,Tower Hamlets,Other Notifiable Offences,Going Equipped,0,2013,9
E01001930,Hammersmith and Fulham,Violence Against the Person,Wounding/GBH,1,2014,12
E01001872,Hammersmith and Fulham,Criminal Damage,Other Criminal Damage,0,2012,11
E01001312,Ealing,Violence Against the Person,Other violence,0,2015,6
E01003027,Lambeth,Burglary,Burglary in a Dwelling,0,2009,6
E01003684,Redbridge,Theft and Handling,Other Theft Person,0,2008,8
E01000856,Camden,Violence Against the Person,Offensive Weapon,1,2009,8
E01002835,Kensington and Chelsea,Robbery,Personal Property,0,2008,2
E01003241,Lewisham,Burglary,Burglary in Other Buildings,0,2014,12
E01002011,Haringey,Criminal Damage,Criminal Damage To Dwelling,0,2012,10
E01001193,Croydon,Criminal Damage,Criminal Damage To Other Building,0,2016,11
E01002083,Haringey,Criminal Damage,Criminal Damage To Other Building,0,2009,6
E01000672,Bromley,Violence Against the Person,Wounding/GBH,0,2014,9
E01001582,Greenwich,Theft and Handling,Motor Vehicle Interference & Tampering,0,2010,6
E01001951,Hammersmith and Fulham,Other Notifiable Offences,Going Equipped,0,2011,7
E01000334,Bexley,Theft and Handling,Theft From Motor Vehicle,0,2014,6
E01001751,Hackney,Violence Against the Person,Common Assault,0,2014,11
E01003974,Southwark,Burglary,Burglary in Other Buildings,0,2008,1
E01000795,Bromley,Drugs,Possession Of Drugs,0,2010,1
E01000273,Barnet,Drugs,Drug Trafficking,0,2015,5
E01003491,Newham,Robbery,Business Property,0,2014,9
E01000399,Bexley,Violence Against the Person,Offensive Weapon,0,2008,6
E01000495,Brent,Drugs,Drug Trafficking,0,2009,8
E01002161,Harrow,Violence Against the Person,Harassment,1,2014,11
E01003827,Richmond upon Thames,Criminal Damage,Criminal Damage To Dwelling,0,2012,9
E01000234,Barnet,Criminal Damage,Criminal Damage To Other Building,0,2015,9
E01002140,Harrow,Other Notifiable Offences,Other Notifiable,0,2011,12
E01004665,Westminster,Theft and Handling,Other Theft,1,2008,1
E01002455,Hillingdon,Violence Against the Person,Other violence,0,2014,12
E01002309,Havering,Criminal Damage,Criminal Damage To Other Building,0,2014,7
E01003121,Lambeth,Theft and Handling,Theft From Shops,0,2009,6
E01000259,Barnet,Other Notifiable Offences,Going Equipped,0,2011,6
E01003721,Redbridge,Theft and Handling,Handling Stolen Goods,0,2014,4
E01004238,Tower Hamlets,Drugs,Possession Of Drugs,0,2013,6
E01003964,Southwark,Theft and Handling,Other Theft,3,2016,9
E01004181,Sutton,Criminal Damage,Criminal Damage To Other Building,0,2011,5
E01004405,Waltham Forest,Robbery,Personal Property,0,2013,6
E01001351,Ealing,Theft and Handling,Theft/Taking Of Motor Vehicle,1,2014,1
E01002782,Islington,Theft and Handling,Other Theft,0,2016,11
E01003668,Redbridge,Violence Against the Person,Harassment,0,2009,4
E01003860,Richmond upon Thames,Other Notifiable Offences,Going Equipped,0,2013,5
E01003943,Southwark,Criminal Damage,Other Criminal Damage,0,2015,11
E01002667,Hounslow,Theft and Handling,Theft From Shops,0,2012,7
E01004573,Wandsworth,Criminal Damage,Criminal Damage To Motor Vehicle,0,2012,11
E01003117,Lambeth,Robbery,Business Property,0,2008,12
E01003463,Merton,Criminal Damage,Criminal Damage To Other Building,0,2009,7
E01002972,Kingston upon Thames,Drugs,Drug Trafficking,0,2008,1
E01004022,Southwark,Criminal Damage,Criminal Damage To Motor Vehicle,1,2014,10
E01003994,Southwark,Drugs,Possession Of Drugs,0,2009,2
E01004080,Sutton,Theft and Handling,Theft From Motor Vehicle,1,2010,11
E01033135,Wandsworth,Violence Against the Person,Common Assault,0,2014,1
E01004088,Sutton,Violence Against the Person,Harassment,0,2010,8
E01000017,Barking and Dagenham,Drugs,Possession Of Drugs,0,2012,5
E01001916,Hammersmith and Fulham,Violence Against the Person,Murder,0,2012,9
E01002446,Hillingdon,Theft and Handling,Theft From Shops,0,2008,12
E01033600,Westminster,Violence Against the Person,Other violence,0,2008,4
E01003415,Merton,Criminal Damage,Other Criminal Damage,0,2010,10
E01002241,Harrow,Theft and Handling,Theft/Taking of Pedal Cycle,0,2016,11
E01002785,Islington,Theft and Handling,Theft/Taking Of Motor Vehicle,2,2010,4
E01003579,Newham,Robbery,Personal Property,1,2013,7
E01002871,Kensington and Chelsea,Drugs,Drug Trafficking,0,2014,6
E01003318,Lewisham,Theft and Handling,Theft From Shops,8,2014,7
E01002972,Kingston upon Thames,Robbery,Personal Property,1,2012,1
E01000590,Brent,Violence Against the Person,Offensive Weapon,0,2012,5
E01002737,Islington,Theft and Handling,Other Theft,2,2011,9
E01001342,Ealing,Violence Against the Person,Assault with Injury,0,2008,4
E01000037,Barking and Dagenham,Theft and Handling,Motor Vehicle Interference & Tampering,0,2014,5
E01002583,Hounslow,Violence Against the Person,Other violence,0,2010,12
E01001177,Croydon,Criminal Damage,Criminal Damage To Other Building,1,2010,3
E01003749,Redbridge,Burglary,Burglary in Other Buildings,1,2014,2
E01003349,Lewisham,Violence Against the Person,Assault with Injury,0,2009,12
E01004216,Tower Hamlets,Robbery,Business Property,0,2010,8
E01002265,Havering,Criminal Damage,Other Criminal Damage,0,2014,3
E01002693,Hounslow,Theft and Handling,Theft From Shops,4,2012,6
E01002747,Islington,Theft and Handling,Motor Vehicle Interference & Tampering,1,2016,1
E01000382,Bexley,Theft and Handling,Other Theft Person,0,2014,11
E01004184,Sutton,Other Notifiable Offences,Other Notifiable,0,2012,1
E01003919,Southwark,Burglary,Burglary in Other Buildings,0,2016,10
E01003852,Richmond upon Thames,Criminal Damage,Criminal Damage To Motor Vehicle,0,2009,10
E01032764,Tower Hamlets,Robbery,Business Property,0,2008,1
E01000477,Brent,Violence Against the Person,Other violence,0,2008,6
E01003523,Newham,Robbery,Personal Property,4,2010,2
E01000522,Brent,Violence Against the Person,Assault with Injury,5,2015,6
E01000109,Barking and Dagenham,Burglary,Burglary in a Dwelling,2,2009,10
E01000436,Bexley,Drugs,Possession Of Drugs,0,2015,2
E01001374,Ealing,Theft and Handling,Other Theft,1,2008,3
E01000406,Bexley,Burglary,Burglary in Other Buildings,1,2012,7
E01003412,Merton,Theft and Handling,Other Theft,0,2013,7
E01003319,Lewisham,Violence Against the Person,Harassment,1,2010,8
E01001645,Greenwich,Burglary,Burglary in Other Buildings,0,2008,7
E01003365,Merton,Theft and Handling,Other Theft Person,0,2009,6
E01003361,Merton,Theft and Handling,Other Theft,1,2011,10
E01004691,Westminster,Theft and Handling,Theft From Motor Vehicle,0,2008,4
E01004638,Wandsworth,Violence Against the Person,Common Assault,0,2015,11
E01002777,Islington,Sexual Offences,Other Sexual,0,2013,8
E01001611,Greenwich,Violence Against the Person,Harassment,1,2008,4
E01002080,Haringey,Criminal Damage,Criminal Damage To Dwelling,0,2014,9
E01002909,Kensington and Chelsea,Theft and Handling,Other Theft,0,2016,7
E01000641,Brent,Fraud or Forgery,Counted per Victim,0,2009,2
E01002375,Havering,Theft and Handling,Theft From Motor Vehicle,2,2014,7
E01000024,Barking and Dagenham,Robbery,Personal Property,0,2015,4
E01033081,Hounslow,Robbery,Personal Property,0,2014,10
E01000251,Barnet,Theft and Handling,Handling Stolen Goods,0,2012,10
E01004680,Westminster,Criminal Damage,Other Criminal Damage,0,2008,3
E01002209,Harrow,Burglary,Burglary in Other Buildings,0,2013,7
E01001525,Enfield,Theft and Handling,Theft/Taking of Pedal Cycle,0,2013,6
E01001779,Hackney,Criminal Damage,Criminal Damage To Other Building,0,2014,4
E01001334,Ealing,Theft and Handling,Motor Vehicle Interference & Tampering,0,2013,2
E01003921,Southwark,Violence Against the Person,Wounding/GBH,0,2014,3
E01003177,Lambeth,Criminal Damage,Criminal Damage To Dwelling,0,2012,2
E01004008,Southwark,Criminal Damage,Criminal Damage To Motor Vehicle,0,2010,2
E01003200,Lewisham,Criminal Damage,Criminal Damage To Dwelling,0,2013,12
E01003511,Newham,Robbery,Business Property,1,2015,10
E01033493,Islington,Violence Against the Person,Assault with Injury,0,2010,9
E01000055,Barking and Dagenham,Criminal Damage,Criminal Damage To Other Building,0,2014,3
E01000982,Croydon,Violence Against the Person,Offensive Weapon,0,2011,9
E01002497,Hillingdon,Criminal Damage,Criminal Damage To Other Building,0,2013,1
E01004657,Westminster,Fraud or Forgery,Counted per Victim,0,2009,4
E01001014,Croydon,Theft and Handling,Other Theft,15,2011,11
E01003551,Newham,Sexual Offences,Rape,0,2015,2
E01004567,Wandsworth,Fraud or Forgery,Counted per Victim,0,2011,7
E01003005,Kingston upon Thames,Robbery,Business Property,0,2013,2
E01004119,Sutton,Criminal Damage,Criminal Damage To Dwelling,0,2010,6
E01001087,Croydon,Theft and Handling,Theft/Taking of Pedal Cycle,0,2015,9
E01000992,Croydon,Criminal Damage,Criminal Damage To Other Building,0,2013,5
E01002803,Islington,Other Notifiable Offences,Going Equipped,0,2012,11
E01004398,Waltham Forest,Violence Against the Person,Other violence,0,2008,11
E01000153,Barnet,Violence Against the Person,Assault with Injury,3,2008,12
E01001507,Enfield,Violence Against the Person,Other violence,1,2010,6
E01003912,Southwark,Burglary,Burglary in Other Buildings,0,2008,6
E01001209,Ealing,Criminal Damage,Criminal Damage To Motor Vehicle,0,2011,6
E01003865,Richmond upon Thames,Violence Against the Person,Other violence,0,2016,11
E01001746,Hackney,Robbery,Personal Property,0,2008,6
E01003043,Lambeth,Theft and Handling,Theft From Motor Vehicle,1,2016,12
E01000662,Bromley,Burglary,Burglary in a Dwelling,1,2015,8
E01002354,Havering,Drugs,Drug Trafficking,0,2013,5
E01003163,Lambeth,Violence Against the Person,Other violence,0,2015,10
E01003932,Southwark,Drugs,Possession Of Drugs,4,2015,10
E01004267,Tower Hamlets,Drugs,Drug Trafficking,0,2014,8
E01002775,Islington,Theft and Handling,Other Theft Person,4,2015,1
E01001447,Enfield,Drugs,Drug Trafficking,0,2016,8
E01000540,Brent,Criminal Damage,Criminal Damage To Dwelling,0,2013,12
E01001377,Ealing,Violence Against the Person,Wounding/GBH,0,2009,4
E01000809,Bromley,Other Notifiable Offences,Other Notifiable,0,2008,3
E01004071,Southwark,Fraud or Forgery,Counted per Victim,0,2010,9
E01000882,Camden,Violence Against the Person,Assault with Injury,0,2011,3
E01001786,Hackney,Criminal Damage,Criminal Damage To Other Building,0,2013,9
E01002939,Kingston upon Thames,Theft and Handling,Theft From Motor Vehicle,0,2013,2
E01003189,Lewisham,Theft and Handling,Other Theft Person,1,2008,3
E01002645,Hounslow,Violence Against the Person,Wounding/GBH,0,2010,1
E01001399,Enfield,Drugs,Possession Of Drugs,0,2012,9
E01002271,Havering,Burglary,Burglary in a Dwelling,0,2016,2
E01002272,Havering,Theft and Handling,Other Theft Person,0,2010,7
E01003153,Lambeth,Violence Against the Person,Other violence,1,2016,4
E01003744,Redbridge,Violence Against the Person,Common Assault,0,2009,9
E01002657,Hounslow,Theft and Handling,Theft From Motor Vehicle,0,2016,12
E01002832,Kensington and Chelsea,Theft and Handling,Theft/Taking of Pedal Cycle,0,2013,5
E01001687,Greenwich,Criminal Damage,Other Criminal Damage,0,2012,3
E01001134,Croydon,Criminal Damage,Other Criminal Damage,0,2013,9
E01004214,Tower Hamlets,Theft and Handling,Handling Stolen Goods,0,2016,3
E01002562,Hounslow,Theft and Handling,Other Theft Person,0,2010,1
E01004530,Wandsworth,Robbery,Personal Property,0,2008,11
E01002714,Islington,Burglary,Burglary in Other Buildings,1,2012,3
E01000132,Barnet,Robbery,Personal Property,0,2012,7
E01003988,Southwark,Violence Against the Person,Assault with Injury,2,2011,2
E01001516,Enfield,Violence Against the Person,Harassment,1,2009,1
E01004451,Waltham Forest,Criminal Damage,Criminal Damage To Motor Vehicle,0,2016,1
E01002939,Kingston upon Thames,Drugs,Drug Trafficking,0,2016,1
E01002472,Hillingdon,Criminal Damage,Other Criminal Damage,0,2013,5
E01001957,Hammersmith and Fulham,Other Notifiable Offences,Going Equipped,0,2010,5
E01004073,Southwark,Burglary,Burglary in a Dwelling,0,2008,10
E01001004,Croydon,Theft and Handling,Theft/Taking Of Motor Vehicle,1,2008,12
E01004089,Sutton,Drugs,Possession Of Drugs,0,2012,9
E01003780,Redbridge,Theft and Handling,Handling Stolen Goods,0,2015,6
E01003066,Lambeth,Violence Against the Person,Murder,0,2011,6
E01001999,Haringey,Theft and Handling,Theft From Motor Vehicle,2,2009,2
E01003367,Merton,Drugs,Possession Of Drugs,1,2011,8
E01003733,Redbridge,Theft and Handling,Motor Vehicle Interference & Tampering,0,2014,5
E01000872,Camden,Burglary,Burglary in a Dwelling,2,2013,5
E01002663,Hounslow,Criminal Damage,Other Criminal Damage,5,2008,6
E01001891,Hammersmith and Fulham,Violence Against the Person,Harassment,3,2012,9
E01003746,Redbridge,Burglary,Burglary in a Dwelling,0,2010,1
E01004293,Tower Hamlets,Sexual Offences,Rape,0,2011,3
E01000736,Bromley,Drugs,Drug Trafficking,0,2010,9
E01004735,Westminster,Criminal Damage,Other Criminal Damage,1,2015,6
E01002419,Hillingdon,Drugs,Possession Of Drugs,0,2014,6
E01002626,Hounslow,Drugs,Possession Of Drugs,1,2015,4
E01004720,Westminster,Violence Against the Person,Common Assault,0,2014,7
E01000312,Barnet,Burglary,Burglary in Other Buildings,0,2008,6
E01003516,Newham,Fraud or Forgery,Other Fraud & Forgery,0,2010,6
E01000119,Barnet,Violence Against the Person,Wounding/GBH,0,2013,4
E01003088,Lambeth,Theft and Handling,Theft/Taking Of Motor Vehicle,1,2008,5
E01000391,Bexley,Criminal Damage,Other Criminal Damage,0,2015,8
E01000062,Barking and Dagenham,Criminal Damage,Criminal Damage To Other Building,0,2010,5
E01000008,Barking and Dagenham,Theft and Handling,Theft/Taking Of Motor Vehicle,1,2012,1
E01002822,Kensington and Chelsea,Burglary,Burglary in Other Buildings,1,2014,2
E01001711,Greenwich,Burglary,Burglary in a Dwelling,0,2014,12
E01002261,Havering,Criminal Damage,Criminal Damage To Dwelling,0,2013,3
E01004399,Waltham Forest,Criminal Damage,Criminal Damage To Motor Vehicle,0,2016,8
E01003866,Richmond upon Thames,Theft and Handling,Theft From Shops,0,2013,9
E01002860,Kensington and Chelsea,Theft and Handling,Other Theft Person,2,2012,10
E01003906,Richmond upon Thames,Theft and Handling,Other Theft Person,1,2015,6
E01003678,Redbridge,Violence Against the Person,Harassment,1,2013,8
E01003565,Newham,Theft and Handling,Other Theft Person,0,2014,4
E01004553,Wandsworth,Robbery,Business Property,0,2011,11
E01004509,Wandsworth,Violence Against the Person,Wounding/GBH,0,2014,10
E01004444,Waltham Forest,Criminal Damage,Criminal Damage To Other Building,0,2014,7
E01003817,Richmond upon Thames,Violence Against the Person,Harassment,1,2010,2
E01003310,Lewisham,Theft and Handling,Theft From Motor Vehicle,1,2016,12
E01001292,Ealing,Drugs,Possession Of Drugs,0,2012,8
E01000656,Bromley,Theft and Handling,Other Theft,1,2014,12
E01004217,Tower Hamlets,Criminal Damage,Other Criminal Damage,0,2011,10
E01001030,Croydon,Theft and Handling,Theft/Taking Of Motor Vehicle,0,2008,10
E01002246,Havering,Criminal Damage,Criminal Damage To Other Building,0,2008,7
E01003973,Southwark,Criminal Damage,Criminal Damage To Dwelling,2,2012,6
E01000880,Camden,Theft and Handling,Other Theft Person,0,2014,11
E01002204,Harrow,Violence Against the Person,Offensive Weapon,0,2010,3
E01003411,Merton,Robbery,Business Property,0,2015,12
E01001762,Hackney,Drugs,Possession Of Drugs,1,2014,2
E01001231,Ealing,Criminal Damage,Criminal Damage To Other Building,0,2011,2
E01003536,Newham,Criminal Damage,Criminal Damage To Other Building,0,2009,9
E01000784,Bromley,Violence Against the Person,Assault with Injury,0,2009,12
E01003264,Lewisham,Robbery,Business Property,0,2012,3
E01000636,Brent,Criminal Damage,Criminal Damage To Motor Vehicle,0,2009,12
E01000260,Barnet,Violence Against the Person,Common Assault,0,2008,4
E01001755,Hackney,Violence Against the Person,Common Assault,1,2014,12
E01000450,Bexley,Violence Against the Person,Offensive Weapon,0,2010,11
E01000516,Brent,Theft and Handling,Handling Stolen Goods,0,2012,8
E01001541,Enfield,Violence Against the Person,Wounding/GBH,0,2015,6
E01000378,Bexley,Violence Against the Person,Offensive Weapon,0,2010,2
E01002946,Kingston upon Thames,Drugs,Other Drugs,0,2015,6
E01001003,Croydon,Drugs,Drug Trafficking,0,2010,11
E01032780,Tower Hamlets,Theft and Handling,Handling Stolen Goods,0,2009,2
E01001623,Greenwich,Criminal Damage,Criminal Damage To Dwelling,0,2012,6
E01003972,Southwark,Robbery,Personal Property,0,2016,4
E01003181,Lambeth,Drugs,Drug Trafficking,0,2010,11
E01004498,Wandsworth,Other Notifiable Offences,Going Equipped,0,2010,5
E01002039,Haringey,Fraud or Forgery,Counted per Victim,0,2014,5
E01002543,Hillingdon,Drugs,Drug Trafficking,0,2013,8
E01000791,Bromley,Violence Against the Person,Wounding/GBH,0,2011,10
E01000030,Barking and Dagenham,Robbery,Business Property,0,2013,11
E01003941,Southwark,Violence Against the Person,Other violence,0,2011,1
E01000014,Barking and Dagenham,Criminal Damage,Criminal Damage To Motor Vehicle,1,2013,8
E01033578,Newham,Robbery,Personal Property,1,2015,9
E01004343,Waltham Forest,Theft and Handling,Theft/Taking Of Motor Vehicle,0,2015,5
E01004246,Tower Hamlets,Theft and Handling,Other Theft Person,0,2012,10
E01001372,Ealing,Theft and Handling,Theft From Motor Vehicle,0,2014,11
E01001898,Hammersmith and Fulham,Criminal Damage,Criminal Damage To Motor Vehicle,1,2016,11
E01004339,Waltham Forest,Violence Against the Person,Common Assault,3,2009,10
E01001549,Enfield,Theft and Handling,Theft/Taking of Pedal Cycle,0,2012,1
E01000526,Brent,Criminal Damage,Other Criminal Damage,1,2016,12
E01001101,Croydon,Theft and Handling,Other Theft,0,2012,3
E01002877,Kensington and Chelsea,Drugs,Drug Trafficking,0,2014,5
E01000109,Barking and Dagenham,Theft and Handling,Motor Vehicle Interference & Tampering,1,2010,6
E01001124,Croydon,Violence Against the Person,Wounding/GBH,0,2015,9
E01000094,Barking and Dagenham,Burglary,Burglary in Other Buildings,0,2011,9
E01004443,Waltham Forest,Theft and Handling,Theft From Shops,0,2016,5
E01002554,Hillingdon,Fraud or Forgery,Other Fraud & Forgery,0,2009,11
E01003316,Lewisham,Violence Against the Person,Other violence,0,2011,9
E01003607,Newham,Robbery,Personal Property,0,2016,7
E01002626,Hounslow,Theft and Handling,Theft/Taking of Pedal Cycle,0,2009,4
E01004688,Westminster,Violence Against the Person,Wounding/GBH,1,2015,2
E01002017,Haringey,Theft and Handling,Theft From Shops,1,2013,2
E01001003,Croydon,Other Notifiable Offences,Other Notifiable,0,2008,7
E01004449,Waltham Forest,Robbery,Personal Property,0,2011,7
E01000969,Camden,Burglary,Burglary in a Dwelling,3,2008,6
E01003155,Lambeth,Theft and Handling,Theft/Taking Of Motor Vehicle,0,2013,3
E01003795,Redbridge,Violence Against the Person,Harassment,2,2016,7
E01002546,Hillingdon,Theft and Handling,Theft From Shops,0,2008,3
E01001897,Hammersmith and Fulham,Theft and Handling,Theft From Motor Vehicle,7,2009,9
E01001336,Ealing,Burglary,Burglary in a Dwelling,0,2011,2
E01004620,Wandsworth,Violence Against the Person,Murder,0,2012,8
E01000721,Bromley,Violence Against the Person,Assault with Injury,2,2011,9
E01000126,Barnet,Violence Against the Person,Offensive Weapon,0,2015,10
E01000684,Bromley,Burglary,Burglary in a Dwelling,0,2008,11
E01004700,Westminster,Criminal Damage,Criminal Damage To Other Building,0,2016,11
E01001309,Ealing,Burglary,Burglary in a Dwelling,3,2010,8
E01003346,Lewisham,Criminal Damage,Other Criminal Damage,0,2012,2
E01004293,Tower Hamlets,Theft and Handling,Motor Vehicle Interference & Tampering,0,2009,8
E01002509,Hillingdon,Theft and Handling,Theft From Motor Vehicle,1,2015,7
E01002230,Harrow,Theft and Handling,Motor Vehicle Interference & Tampering,1,2015,3
E01003047,Lambeth,Theft and Handling,Theft/Taking Of Motor Vehicle,0,2016,12
E01000180,Barnet,Theft and Handling,Motor Vehicle Interference & Tampering,0,2008,6
E01001599,Greenwich,Theft and Handling,Motor Vehicle Interference & Tampering,1,2016,2
E01002339,Havering,Theft and Handling,Theft/Taking of Pedal Cycle,0,2010,11
E01003795,Redbridge,Theft and Handling,Theft/Taking Of Motor Vehicle,0,2014,8
E01033595,Westminster,Drugs,Other Drugs,0,2008,12
E01004392,Waltham Forest,Criminal Damage,Other Criminal Damage,2,2010,4
E01002193,Harrow,Other Notifiable Offences,Other Notifiable,0,2012,3
E01002571,Hounslow,Theft and Handling,Other Theft Person,0,2013,6
E01002556,Hounslow,Violence Against the Person,Other violence,0,2008,7
E01000648,Bromley,Violence Against the Person,Harassment,0,2012,4
E01004589,Wandsworth,Theft and Handling,Other Theft,1,2016,8
E01003040,Lambeth,Violence Against the Person,Other violence,1,2009,9
E01004484,Wandsworth,Violence Against the Person,Wounding/GBH,0,2014,11
E01000223,Barnet,Theft and Handling,Motor Vehicle Interference & Tampering,0,2010,6
E01001117,Croydon,Violence Against the Person,Common Assault,1,2009,8
E01004376,Waltham Forest,Violence Against the Person,Assault with Injury,1,2009,6
E01004191,Sutton,Burglary,Burglary in Other Buildings,0,2014,7
E01003127,Lambeth,Other Notifiable Offences,Other Notifiable,0,2014,3
E01003797,Richmond upon Thames,Theft and Handling,Other Theft,0,2009,4
E01000558,Brent,Burglary,Burglary in Other Buildings,0,2008,12
E01001942,Hammersmith and Fulham,Theft and Handling,Theft/Taking Of Motor Vehicle,0,2008,9
E01003318,Lewisham,Criminal Damage,Criminal Damage To Motor Vehicle,2,2015,8
E01003386,Merton,Violence Against the Person,Common Assault,0,2010,12
E01000957,Camden,Robbery,Personal Property,0,2016,12
E01002103,Haringey,Violence Against the Person,Common Assault,4,2015,3
E01003932,Southwark,Other Notifiable Offences,Going Equipped,0,2014,10
E01000902,Camden,Theft and Handling,Motor Vehicle Interference & Tampering,0,2010,3
E01003442,Merton,Violence Against the Person,Common Assault,0,2015,2
E01001376,Ealing,Criminal Damage,Other Criminal Damage,1,2013,1
E01001525,Enfield,Criminal Damage,Criminal Damage To Other Building,0,2015,1
E01002259,Havering,Violence Against the Person,Assault with Injury,0,2010,1
E01002432,Hillingdon,Violence Against the Person,Common Assault,0,2008,8
E01001468,Enfield,Sexual Offences,Other Sexual,0,2008,1
E01001040,Croydon,Theft and Handling,Theft/Taking of Pedal Cycle,0,2010,10
E01000174,Barnet,Robbery,Personal Property,0,2011,11
E01001416,Enfield,Violence Against the Person,Wounding/GBH,0,2016,5
E01003183,Lambeth,Drugs,Possession Of Drugs,2,2009,5
E01000718,Bromley,Other Notifiable Offences,Going Equipped,0,2012,10
E01032767,Tower Hamlets,Criminal Damage,Other Criminal Damage,0,2009,2
E01002487,Hillingdon,Criminal Damage,Criminal Damage To Motor Vehicle,0,2013,6
E01004179,Sutton,Violence Against the Person,Assault with Injury,0,2010,1
E01001943,Hammersmith and Fulham,Burglary,Burglary in a Dwelling,2,2015,6
E01004308,Tower Hamlets,Violence Against the Person,Assault with Injury,0,2014,11
E01032742,Havering,Criminal Damage,Criminal Damage To Dwelling,0,2008,8
E01003091,Lambeth,Criminal Damage,Criminal Damage To Dwelling,0,2009,2
E01003036,Lambeth,Burglary,Burglary in Other Buildings,0,2011,12
E01001902,Hammersmith and Fulham,Robbery,Personal Property,0,2010,5
E01000728,Bromley,Violence Against the Person,Harassment,0,2008,1
E01002120,Harrow,Robbery,Personal Property,0,2015,7
E01001309,Ealing,Robbery,Business Property,0,2015,2
E01001892,Hammersmith and Fulham,Violence Against the Person,Wounding/GBH,0,2012,9
E01004200,Tower Hamlets,Theft and Handling,Theft From Shops,0,2010,10
E01002177,Harrow,Violence Against the Person,Offensive Weapon,0,2014,4
E01003825,Richmond upon Thames,Violence Against the Person,Harassment,0,2016,1
E01002218,Harrow,Drugs,Possession Of Drugs,0,2012,7
E01000410,Bexley,Violence Against the Person,Other violence,0,2009,5
E01001184,Croydon,Theft and Handling,Motor Vehicle Interference & Tampering,0,2014,5
E01003986,Southwark,Theft and Handling,Other Theft,0,2015,4
E01000740,Bromley,Theft and Handling,Other Theft Person,0,2009,8
E01004269,Tower Hamlets,Drugs,Other Drugs,0,2008,11
E01001174,Croydon,Theft and Handling,Other Theft Person,0,2009,6
E01003226,Lewisham,Theft and Handling,Other Theft Person,0,2008,9
E01002090,Haringey,Theft and Handling,Theft/Taking of Pedal Cycle,0,2013,1
E01001136,Croydon,Criminal Damage,Other Criminal Damage,0,2012,10
E01001271,Ealing,Violence Against the Person,Common Assault,0,2008,1
E01001021,Croydon,Violence Against the Person,Wounding/GBH,0,2009,2
E01000558,Brent,Fraud or Forgery,Counted per Victim,0,2016,11
E01000373,Bexley,Criminal Damage,Criminal Damage To Dwelling,1,2012,6
E01001614,Greenwich,Burglary,Burglary in a Dwelling,1,2012,10
E01000903,Camden,Violence Against the Person,Wounding/GBH,0,2010,1
E01001259,Ealing,Theft and Handling,Theft/Taking Of Motor Vehicle,3,2015,3
E01003078,Lambeth,Theft and Handling,Handling Stolen Goods,0,2015,11
E01003184,Lambeth,Criminal Damage,Criminal Damage To Motor Vehicle,2,2008,10
E01004404,Waltham Forest,Criminal Damage,Criminal Damage To Motor Vehicle,0,2009,4
E01000526,Brent,Theft and Handling,Theft/Taking of Pedal Cycle,1,2014,9
E01003201,Lewisham,Theft and Handling,Theft/Taking Of Motor Vehicle,0,2014,12
E01033593,Westminster,Violence Against the Person,Assault with Injury,0,2015,11
E01033584,Newham,Robbery,Personal Property,1,2015,4
E01003318,Lewisham,Violence Against the Person,Assault with Injury,3,2013,8
E01001452,Enfield,Violence Against the Person,Offensive Weapon,0,2015,9
E01001644,Greenwich,Robbery,Business Property,0,2014,5
E01004755,Westminster,Theft and Handling,Theft/Taking of Pedal Cycle,1,2013,4
E01002674,Hounslow,Criminal Damage,Other Criminal Damage,0,2008,6
E01000365,Bexley,Fraud or Forgery,Other Fraud & Forgery,0,2010,4
E01004399,Waltham Forest,Criminal Damage,Criminal Damage To Motor Vehicle,0,2014,3
E01002176,Harrow,Drugs,Drug Trafficking,0,2011,5
E01004387,Waltham Forest,Drugs,Possession Of Drugs,1,2012,8
E01001340,Ealing,Violence Against the Person,Other violence,0,2013,1
E01003145,Lambeth,Drugs,Possession Of Drugs,1,2008,12
E01004694,Westminster,Burglary,Burglary in a Dwelling,0,2014,6
E01000471,Brent,Criminal Damage,Criminal Damage To Motor Vehicle,0,2013,4
E01003586,Newham,Burglary,Burglary in Other Buildings,0,2010,4
E01004324,Tower Hamlets,Violence Against the Person,Murder,0,2008,2
E01003061,Lambeth,Violence Against the Person,Murder,0,2014,11
E01002673,Hounslow,Theft and Handling,Other Theft,1,2010,6
E01001091,Croydon,Violence Against the Person,Harassment,0,2011,8
E01001747,Hackney,Burglary,Burglary in a Dwelling,0,2015,5
E01002846,Kensington and Chelsea,Criminal Damage,Other Criminal Damage,0,2009,1
E01002063,Haringey,Theft and Handling,Handling Stolen Goods,0,2012,10
E01001197,Ealing,Violence Against the Person,Offensive Weapon,0,2016,1
E01001442,Enfield,Theft and Handling,Theft/Taking of Pedal Cycle,0,2012,4
E01003072,Lambeth,Violence Against the Person,Assault with Injury,2,2014,6
E01003171,Lambeth,Violence Against the Person,Harassment,0,2016,11
E01000684,Bromley,Theft and Handling,Theft/Taking Of Motor Vehicle,0,2010,3
E01001952,Hammersmith and Fulham,Theft and Handling,Motor Vehicle Interference & Tampering,0,2011,5
E01001907,Hammersmith and Fulham,Theft and Handling,Theft/Taking Of Motor Vehicle,0,2008,1
E01000449,Bexley,Theft and Handling,Theft/Taking of Pedal Cycle,0,2016,8
E01001906,Hammersmith and Fulham,Theft and Handling,Theft From Shops,0,2016,8
E01033081,Hounslow,Theft and Handling,Other Theft,0,2013,5
E01000261,Barnet,Other Notifiable Offences,Going Equipped,0,2015,5
E01002789,Islington,Theft and Handling,Theft/Taking Of Motor Vehicle,0,2012,11
E01003489,Newham,Theft and Handling,Theft/Taking of Pedal Cycle,0,2015,4
E01001435,Enfield,Theft and Handling,Theft/Taking of Pedal Cycle,0,2010,4
E01003248,Lewisham,Robbery,Personal Property,0,2014,1
E01003555,Newham,Violence Against the Person,Common Assault,1,2013,2
E01004174,Sutton,Theft and Handling,Theft/Taking Of Motor Vehicle,0,2009,5
E01004576,Wandsworth,Violence Against the Person,Offensive Weapon,0,2014,6
E01003076,Lambeth,Theft and Handling,Motor Vehicle Interference & Tampering,1,2011,12
E01004108,Sutton,Theft and Handling,Handling Stolen Goods,0,2015,7
E01000941,Camden,Burglary,Burglary in Other Buildings,0,2008,6
E01000782,Bromley,Other Notifiable Offences,Other Notifiable,0,2016,9
E01001115,Croydon,Violence Against the Person,Wounding/GBH,0,2012,2
E01001073,Croydon,Theft and Handling,Other Theft Person,0,2014,7
E01003515,Newham,Drugs,Possession Of Drugs,1,2009,9
E01001025,Croydon,Robbery,Business Property,0,2010,9
E01002802,Islington,Drugs,Drug Trafficking,0,2012,12
E01033575,Newham,Violence Against the Person,Wounding/GBH,0,2016,7
E01002281,Havering,Other Notifiable Offences,Going Equipped,0,2009,9
E01000711,Bromley,Robbery,Business Property,0,2011,7
E01004142,Sutton,Violence Against the Person,Harassment,3,2012,9
E01004478,Wandsworth,Violence Against the Person,Assault with Injury,0,2008,9
E01000735,Bromley,Violence Against the Person,Wounding/GBH,0,2010,12
E01000701,Bromley,Robbery,Personal Property,0,2015,6
E01032787,Tower Hamlets,Burglary,Burglary in Other Buildings,0,2012,5
E01000238,Barnet,Theft and Handling,Theft/Taking Of Motor Vehicle,1,2016,10
E01000979,Croydon,Violence Against the Person,Wounding/GBH,1,2015,12
E01002533,Hillingdon,Criminal Damage,Criminal Damage To Dwelling,0,2010,5
E01003379,Merton,Drugs,Possession Of Drugs,1,2012,12
E01002935,Kingston upon Thames,Criminal Damage,Criminal Damage To Motor Vehicle,0,2016,9
E01002435,Hillingdon,Criminal Damage,Criminal Damage To Other Building,0,2012,2
E01000967,Camden,Criminal Damage,Criminal Damage To Motor Vehicle,0,2016,12
E01000960,Camden,Violence Against the Person,Assault with Injury,0,2008,7
E01002985,Kingston upon Thames,Theft and Handling,Other Theft Person,0,2014,7
E01001718,Hackney,Violence Against the Person,Assault with Injury,1,2013,7
E01000509,Brent,Theft and Handling,Theft/Taking Of Motor Vehicle,0,2016,2
E01001508,Enfield,Theft and Handling,Motor Vehicle Interference & Tampering,0,2016,12
E01000678,Bromley,Burglary,Burglary in a Dwelling,1,2015,1
E01003603,Newham,Theft and Handling,Theft From Motor Vehicle,4,2009,3
E01003546,Newham,Burglary,Burglary in a Dwelling,2,2012,10
E01003076,Lambeth,Fraud or Forgery,Counted per Victim,0,2011,12
E01000905,Camden,Violence Against the Person,Offensive Weapon,0,2014,4
E01033733,Greenwich,Other Notifiable Offences,Other Notifiable,0,2012,2
E01002492,Hillingdon,Theft and Handling,Handling Stolen Goods,0,2010,6
E01004031,Southwark,Criminal Damage,Criminal Damage To Dwelling,0,2014,4
E01000623,Brent,Burglary,Burglary in Other Buildings,0,2008,1
E01004678,Westminster,Theft and Handling,Motor Vehicle Interference & Tampering,0,2008,11
E01002760,Islington,Robbery,Business Property,0,2010,1
E01002438,Hillingdon,Theft and Handling,Motor Vehicle Interference & Tampering,0,2016,1
E01001187,Croydon,Burglary,Burglary in Other Buildings,0,2013,1
E01001753,Hackney,Violence Against the Person,Common Assault,2,2016,5
E01001026,Croydon,Theft and Handling,Other Theft,0,2011,9
E01000010,Barking and Dagenham,Burglary,Burglary in Other Buildings,0,2016,12
E01003840,Richmond upon Thames,Other Notifiable Offences,Other Notifiable,0,2009,6
E01003793,Redbridge,Theft and Handling,Theft From Shops,0,2009,2
E01003597,Newham,Theft and Handling,Theft/Taking Of Motor Vehicle,0,2011,2
E01004112,Sutton,Burglary,Burglary in Other Buildings,0,2010,3
E01003531,Newham,Theft and Handling,Other Theft Person,0,2014,12
E01002398,Hillingdon,Theft and Handling,Theft/Taking of Pedal Cycle,0,2012,8
E01000471,Brent,Theft and Handling,Other Theft Person,0,2009,1
E01003036,Lambeth,Theft and Handling,Theft From Shops,0,2009,5
E01000308,Barnet,Drugs,Possession Of Drugs,0,2014,11
E01002300,Havering,Theft and Handling,Theft/Taking Of Motor Vehicle,0,2012,12
E01001963,Haringey,Drugs,Possession Of Drugs,0,2013,1
E01002494,Hillingdon,Violence Against the Person,Harassment,0,2012,4
E01002530,Hillingdon,Other Notifiable Offences,Other Notifiable,2,2014,7
E01001002,Croydon,Theft and Handling,Theft/Taking Of Motor Vehicle,0,2008,3
E01001011,Croydon,Violence Against the Person,Harassment,1,2013,5
E01000985,Croydon,Other Notifiable Offences,Other Notifiable,0,2014,4
E01003062,Lambeth,Theft and Handling,Other Theft Person,1,2008,1
E01002950,Kingston upon Thames,Theft and Handling,Other Theft,1,2012,7
E01002484,Hillingdon,Theft and Handling,Theft/Taking of Pedal Cycle,0,2012,6
E01003906,Richmond upon Thames,Violence Against the Person,Other violence,0,2013,5
E01000850,Camden,Violence Against the Person,Assault with Injury,5,2011,4
E01002623,Hounslow,Violence Against the Person,Harassment,1,2011,9
E01002767,Islington,Robbery,Business Property,0,2015,12
E01003921,Southwark,Theft and Handling,Theft From Motor Vehicle,2,2014,11
E01003943,Southwark,Burglary,Burglary in a Dwelling,0,2010,2
E01001335,Ealing,Drugs,Drug Trafficking,0,2009,4
E01003343,Lewisham,Robbery,Business Property,0,2010,3
E01004356,Waltham Forest,Drugs,Drug Trafficking,0,2010,11
E01004307,Tower Hamlets,Theft and Handling,Theft/Taking of Pedal Cycle,5,2013,2
E01003308,Lewisham,Other Notifiable Offences,Other Notifiable,0,2014,6
E01002814,Kensington and Chelsea,Violence Against the Person,Other violence,3,2009,8
E01002803,Islington,Violence Against the Person,Murder,0,2013,3
E01002158,Harrow,Robbery,Personal Property,0,2014,9
E01000987,Croydon,Violence Against the Person,Wounding/GBH,0,2016,11
E01004538,Wandsworth,Violence Against the Person,Offensive Weapon,0,2014,1
E01003875,Richmond upon Thames,Theft and Handling,Theft From Shops,0,2012,4
E01002563,Hounslow,Criminal Damage,Criminal Damage To Dwelling,1,2013,6
E01003819,Richmond upon Thames,Other Notifiable Offences,Going Equipped,0,2015,1
E01002037,Haringey,Criminal Damage,Criminal Damage To Motor Vehicle,1,2010,9
E01000144,Barnet,Theft and Handling,Other Theft Person,2,2011,5
E01000729,Bromley,Drugs,Drug Trafficking,0,2011,7
E01001483,Enfield,Violence Against the Person,Offensive Weapon,0,2010,11
E01001931,Hammersmith and Fulham,Violence Against the Person,Assault with Injury,0,2010,1
E01000524,Brent,Criminal Damage,Criminal Damage To Dwelling,2,2008,7
E01000477,Brent,Robbery,Personal Property,0,2008,12
E01001851,Hammersmith and Fulham,Sexual Offences,Other Sexual,0,2014,6
E01001609,Greenwich,Violence Against the Person,Offensive Weapon,0,2012,7
E01002954,Kingston upon Thames,Criminal Damage,Criminal Damage To Motor Vehicle,0,2009,11
E01002494,Hillingdon,Criminal Damage,Criminal Damage To Dwelling,0,2015,2
E01000510,Brent,Drugs,Possession Of Drugs,0,2015,10
E01001086,Croydon,Fraud or Forgery,Counted per Victim,0,2012,8
E01001289,Ealing,Criminal Damage,Criminal Damage To Motor Vehicle,0,2012,2
E01002053,Haringey,Drugs,Other Drugs,0,2014,12
E01002987,Kingston upon Thames,Robbery,Personal Property,0,2008,12
E01004345,Waltham Forest,Robbery,Personal Property,1,2010,4
E01000716,Bromley,Theft and Handling,Theft/Taking Of Motor Vehicle,0,2008,4
E01001470,Enfield,Burglary,Burglary in a Dwelling,1,2008,7
E01003888,Richmond upon Thames,Violence Against the Person,Common Assault,4,2016,2
E01003387,Merton,Drugs,Possession Of Drugs,0,2014,8
E01000558,Brent,Criminal Damage,Criminal Damage To Motor Vehicle,0,2014,2
E01003393,Merton,Criminal Damage,Criminal Damage To Other Building,0,2008,2
E01003061,Lambeth,Violence Against the Person,Common Assault,4,2013,8
E01004571,Wandsworth,Other Notifiable Offences,Other Notifiable,0,2015,5
E01000094,Barking and Dagenham,Burglary,Burglary in a Dwelling,2,2008,1
E01003003,Kingston upon Thames,Burglary,Burglary in a Dwelling,0,2015,9
E01003653,Redbridge,Violence Against the Person,Common Assault,3,2011,11
E01000423,Bexley,Theft and Handling,Theft/Taking of Pedal Cycle,0,2012,2
E01000658,Bromley,Criminal Damage,Criminal Damage To Other Building,0,2010,9
E01003661,Redbridge,Theft and Handling,Theft/Taking Of Motor Vehicle,0,2016,1
E01002809,Islington,Violence Against the Person,Wounding/GBH,0,2008,7
E01002484,Hillingdon,Theft and Handling,Handling Stolen Goods,0,2013,6
E01000916,Camden,Criminal Damage,Criminal Damage To Motor Vehicle,0,2009,4
E01003343,Lewisham,Violence Against the Person,Offensive Weapon,0,2014,1
E01001452,Enfield,Burglary,Burglary in a Dwelling,1,2012,10
E01001431,Enfield,Criminal Damage,Criminal Damage To Other Building,0,2016,2
E01002129,Harrow,Violence Against the Person,Harassment,4,2010,2
E01003132,Lambeth,Theft and Handling,Theft/Taking Of Motor Vehicle,0,2010,11
E01003456,Merton,Theft and Handling,Handling Stolen Goods,0,2015,9
E01002464,Hillingdon,Violence Against the Person,Assault with Injury,0,2011,1
E01000790,Bromley,Theft and Handling,Theft/Taking of Pedal Cycle,0,2014,2
E01003437,Merton,Drugs,Drug Trafficking,0,2011,11
E01002629,Hounslow,Drugs,Drug Trafficking,0,2013,5
E01000182,Barnet,Criminal Damage,Criminal Damage To Motor Vehicle,0,2010,10
E01004757,Westminster,Criminal Damage,Other Criminal Damage,0,2016,2
E01002073,Haringey,Robbery,Business Property,0,2009,7
E01001934,Hammersmith and Fulham,Theft and Handling,Other Theft,0,2011,8
E01001929,Hammersmith and Fulham,Criminal Damage,Criminal Damage To Dwelling,0,2016,8
E01004417,Waltham Forest,Sexual Offences,Rape,0,2012,5
E01003265,Lewisham,Criminal Damage,Criminal Damage To Dwelling,0,2016,5
E01001883,Hammersmith and Fulham,Theft and Handling,Other Theft Person,0,2010,10
E01000473,Brent,Violence Against the Person,Harassment,0,2009,1
E01003911,Southwark,Theft and Handling,Other Theft Person,0,2015,3
E01004731,Westminster,Theft and Handling,Other Theft Person,8,2010,8
E01004638,Wandsworth,Theft and Handling,Handling Stolen Goods,0,2016,10
E01000472,Brent,Violence Against the Person,Wounding/GBH,1,2015,7
E01001636,Greenwich,Robbery,Business Property,0,2011,6
E01002937,Kingston upon Thames,Theft and Handling,Motor Vehicle Interference & Tampering,0,2011,9
E01000642,Brent,Theft and Handling,Theft From Motor Vehicle,2,2010,8
E01002038,Haringey,Drugs,Drug Trafficking,0,2010,11
E01004264,Tower Hamlets,Burglary,Burglary in Other Buildings,0,2008,7
E01004020,Southwark,Violence Against the Person,Offensive Weapon,0,2010,3
E01004489,Wandsworth,Theft and Handling,Theft From Motor Vehicle,1,2008,12
E01004175,Sutton,Drugs,Drug Trafficking,0,2011,7
E01001147,Croydon,Violence Against the Person,Offensive Weapon,0,2015,7
E01004013,Southwark,Violence Against the Person,Common Assault,1,2010,5
E01000772,Bromley,Theft and Handling,Other Theft,0,2010,11
E01004199,Tower Hamlets,Burglary,Burglary in a Dwelling,0,2011,10
E01000850,Camden,Criminal Damage,Criminal Damage To Other Building,1,2014,7
E01003912,Southwark,Theft and Handling,Other Theft,0,2016,4
E01000160,Barnet,Robbery,Personal Property,0,2013,8
E01000797,Bromley,Theft and Handling,Other Theft Person,2,2016,3
E01004727,Westminster,Theft and Handling,Theft/Taking Of Motor Vehicle,1,2011,9
E01004300,Tower Hamlets,Criminal Damage,Other Criminal Damage,0,2013,8
E01033699,Hackney,Theft and Handling,Other Theft,11,2012,8
E01003874,Richmond upon Thames,Theft and Handling,Theft From Motor Vehicle,0,2010,7
E01002279,Havering,Other Notifiable Offences,Other Notifiable,0,2012,6
E01004332,Waltham Forest,Burglary,Burglary in Other Buildings,0,2011,10
E01004573,Wandsworth,Fraud or Forgery,Counted per Victim,0,2013,2
E01033573,Barnet,Theft and Handling,Other Theft,0,2010,4
E01004484,Wandsworth,Theft and Handling,Other Theft Person,0,2010,8
E01002358,Havering,Theft and Handling,Motor Vehicle Interference & Tampering,1,2016,1
E01001193,Croydon,Violence Against the Person,Offensive Weapon,0,2014,12
E01000596,Brent,Burglary,Burglary in Other Buildings,0,2010,8
E01032834,Southwark,Criminal Damage,Criminal Damage To Motor Vehicle,0,2012,1
E01001080,Croydon,Criminal Damage,Criminal Damage To Motor Vehicle,1,2010,7
E01002193,Harrow,Violence Against the Person,Common Assault,1,2014,2
E01002501,Hillingdon,Drugs,Drug Trafficking,0,2009,3
E01001522,Enfield,Criminal Damage,Criminal Damage To Dwelling,0,2013,1
E01003329,Lewisham,Drugs,Drug Trafficking,0,2009,5
E01002928,Kingston upon Thames,Violence Against the Person,Wounding/GBH,0,2016,12
E01004069,Southwark,Criminal Damage,Criminal Damage To Other Building,2,2008,7
E01004179,Sutton,Drugs,Drug Trafficking,0,2009,10
E01000859,Camden,Drugs,Possession Of Drugs,3,2012,9
E01003073,Lambeth,Theft and Handling,Theft/Taking of Pedal Cycle,1,2012,11
E01000482,Brent,Violence Against the Person,Assault with Injury,6,2014,4
E01000553,Brent,Criminal Damage,Other Criminal Damage,0,2016,6
E01004523,Wandsworth,Violence Against the Person,Offensive Weapon,0,2009,9
E01004667,Westminster,Theft and Handling,Theft From Motor Vehicle,2,2016,11
E01004708,Westminster,Other Notifiable Offences,Going Equipped,0,2008,12
E01001136,Croydon,Violence Against the Person,Wounding/GBH,0,2008,3
E01003926,Southwark,Violence Against the Person,Offensive Weapon,0,2009,7
E01032720,Southwark,Theft and Handling,Other Theft Person,9,2012,5
E01003739,Redbridge,Theft and Handling,Other Theft,0,2012,2
E01032785,Tower Hamlets,Theft and Handling,Theft/Taking Of Motor Vehicle,0,2008,5
E01001796,Hackney,Violence Against the Person,Murder,0,2009,4
E01001147,Croydon,Sexual Offences,Other Sexual,0,2014,6
E01002488,Hillingdon,Robbery,Business Property,0,2013,3
E01001493,Enfield,Theft and Handling,Theft/Taking of Pedal Cycle,0,2015,10
E01004158,Sutton,Theft and Handling,Other Theft,0,2011,6
E01000621,Brent,Burglary,Burglary in Other Buildings,1,2009,3
E01003777,Redbridge,Criminal Damage,Criminal Damage To Motor Vehicle,0,2013,4
E01001646,Greenwich,Drugs,Other Drugs,0,2008,3
E01000185,Barnet,Criminal Damage,Criminal Damage To Motor Vehicle,0,2012,8
E01004295,Tower Hamlets,Criminal Damage,Criminal Damage To Dwelling,0,2014,2
E01002573,Hounslow,Other Notifiable Offences,Other Notifiable,0,2010,3
E01000772,Bromley,Other Notifiable Offences,Other Notifiable,0,2014,3
E01001570,Enfield,Violence Against the Person,Assault with Injury,0,2016,12
E01004186,Sutton,Other Notifiable Offences,Other Notifiable,0,2015,8
E01004414,Waltham Forest,Theft and Handling,Handling Stolen Goods,0,2008,7
E01002429,Hillingdon,Drugs,Drug Trafficking,0,2008,2
E01001751,Hackney,Drugs,Drug Trafficking,0,2015,3
E01003807,Richmond upon Thames,Violence Against the Person,Other violence,0,2010,10
E01004052,Southwark,Robbery,Personal Property,0,2012,9
E01002894,Kensington and Chelsea,Theft and Handling,Theft From Shops,0,2013,3
E01032775,Tower Hamlets,Theft and Handling,Other Theft,0,2008,11
E01004490,Wandsworth,Criminal Damage,Criminal Damage To Other Building,0,2013,8
E01002555,Hounslow,Criminal Damage,Criminal Damage To Other Building,0,2010,5
E01001878,Hammersmith and Fulham,Criminal Damage,Criminal Damage To Dwelling,0,2016,12
E01002968,Kingston upon Thames,Other Notifiable Offences,Other Notifiable,2,2016,7
E01001254,Ealing,Robbery,Personal Property,0,2013,11
E01000646,Bromley,Theft and Handling,Theft/Taking Of Motor Vehicle,0,2016,4
E01004509,Wandsworth,Drugs,Possession Of Drugs,5,2010,8
E01001174,Croydon,Theft and Handling,Other Theft,0,2015,8
E01001060,Croydon,Violence Against the Person,Other violence,1,2013,9
E01002436,Hillingdon,Drugs,Drug Trafficking,0,2014,9
E01001504,Enfield,Burglary,Burglary in a Dwelling,1,2012,3
E01004545,Wandsworth,Theft and Handling,Other Theft Person,0,2015,12
E01002226,Harrow,Robbery,Business Property,0,2012,12
E01004488,Wandsworth,Theft and Handling,Theft From Motor Vehicle,1,2011,11
E01001980,Haringey,Theft and Handling,Theft/Taking of Pedal Cycle,0,2008,3
E01000643,Brent,Violence Against the Person,Wounding/GBH,1,2014,10
E01004651,Westminster,Criminal Damage,Criminal Damage To Dwelling,0,2013,5
E01001259,Ealing,Violence Against the Person,Offensive Weapon,1,2016,5
E01001833,Hackney,Fraud or Forgery,Counted per Victim,0,2014,4
E01000910,Camden,Violence Against the Person,Offensive Weapon,0,2010,1
E01004122,Sutton,Theft and Handling,Theft/Taking Of Motor Vehicle,0,2012,2
E01000067,Barking and Dagenham,Drugs,Drug Trafficking,0,2014,5
E01002987,Kingston upon Thames,Theft and Handling,Handling Stolen Goods,0,2014,9
E01002968,Kingston upon Thames,Sexual Offences,Other Sexual,0,2008,7
E01033093,Wandsworth,Theft and Handling,Theft/Taking of Pedal Cycle,1,2016,8
E01000489,Brent,Violence Against the Person,Wounding/GBH,0,2012,2
E01003348,Lewisham,Criminal Damage,Criminal Damage To Motor Vehicle,0,2010,1
E01003487,Newham,Theft and Handling,Handling Stolen Goods,0,2013,7
E01000074,Barking and Dagenham,Violence Against the Person,Common Assault,0,2016,10
E01000018,Barking and Dagenham,Violence Against the Person,Offensive Weapon,0,2009,5
E01000075,Barking and Dagenham,Theft and Handling,Theft/Taking of Pedal Cycle,2,2011,12
E01001646,Greenwich,Theft and Handling,Other Theft Person,0,2010,12
E01000524,Brent,Drugs,Other Drugs,0,2012,8
E01003298,Lewisham,Burglary,Burglary in Other Buildings,0,2012,4
E01000305,Barnet,Criminal Damage,Criminal Damage To Motor Vehicle,0,2015,10
E01002426,Hillingdon,Drugs,Possession Of Drugs,0,2010,2
E01004370,Waltham Forest,Drugs,Other Drugs,0,2014,11
E01003461,Merton,Violence Against the Person,Common Assault,1,2009,12
E01001327,Ealing,Fraud or Forgery,Counted per Victim,0,2012,6
E01002622,Hounslow,Theft and Handling,Motor Vehicle Interference & Tampering,0,2016,2
E01003649,Redbridge,Violence Against the Person,Harassment,0,2011,11
E01002262,Havering,Violence Against the Person,Assault with Injury,2,2015,12
E01002748,Islington,Violence Against the Person,Harassment,2,2010,6
E01000593,Brent,Violence Against the Person,Murder,0,2013,2
E01003568,Newham,Violence Against the Person,Wounding/GBH,0,2009,5
E01002745,Islington,Violence Against the Person,Common Assault,0,2010,4
E01033597,Westminster,Violence Against the Person,Other violence,0,2008,9
E01001753,Hackney,Theft and Handling,Motor Vehicle Interference & Tampering,0,2016,1
E01000329,Bexley,Robbery,Business Property,0,2014,2
E01003445,Merton,Criminal Damage,Criminal Damage To Motor Vehicle,1,2009,5
E01033489,Islington,Theft and Handling,Other Theft Person,6,2013,7
E01003383,Merton,Other Notifiable Offences,Going Equipped,0,2012,1
E01004572,Wandsworth,Theft and Handling,Theft/Taking Of Motor Vehicle,0,2010,3
E01001554,Enfield,Violence Against the Person,Wounding/GBH,0,2012,7
E01001512,Enfield,Theft and Handling,Theft From Shops,2,2010,12
E01002505,Hillingdon,Robbery,Personal Property,0,2013,6
E01002158,Harrow,Theft and Handling,Motor Vehicle Interference & Tampering,0,2016,5
E01000738,Bromley,Other Notifiable Offences,Other Notifiable,0,2011,8
E01000230,Barnet,Theft and Handling,Motor Vehicle Interference & Tampering,0,2009,7
E01002707,Islington,Burglary,Burglary in a Dwelling,1,2011,1
E01001831,Hackney,Drugs,Possession Of Drugs,3,2008,12
E01000127,Barnet,Violence Against the Person,Offensive Weapon,0,2009,5
E01003010,Kingston upon Thames,Theft and Handling,Theft From Shops,0,2012,2
E01000640,Brent,Robbery,Business Property,1,2011,12
E01002601,Hounslow,Drugs,Drug Trafficking,0,2012,6
E01000796,Bromley,Violence Against the Person,Other violence,0,2013,6
E01002628,Hounslow,Robbery,Personal Property,0,2012,8
E01033341,Lewisham,Violence Against the Person,Offensive Weapon,0,2011,2
E01004334,Waltham Forest,Theft and Handling,Other Theft,0,2009,12
E01002719,Islington,Drugs,Other Drugs,0,2014,12
E01000233,Barnet,Theft and Handling,Motor Vehicle Interference & Tampering,0,2008,3
E01000912,Camden,Criminal Damage,Criminal Damage To Other Building,0,2014,3
E01004221,Tower Hamlets,Theft and Handling,Theft/Taking Of Motor Vehicle,0,2012,3
E01001938,Hammersmith and Fulham,Violence Against the Person,Harassment,2,2009,6
E01000151,Barnet,Violence Against the Person,Offensive Weapon,0,2015,8
E01003249,Lewisham,Violence Against the Person,Assault with Injury,1,2014,3
E01003186,Lambeth,Violence Against the Person,Assault with Injury,2,2011,9
E01003395,Merton,Burglary,Burglary in Other Buildings,1,2008,11
E01004237,Tower Hamlets,Theft and Handling,Theft/Taking of Pedal Cycle,1,2012,9
E01001515,Enfield,Criminal Damage,Criminal Damage To Dwelling,1,2014,3
E01004094,Sutton,Robbery,Personal Property,0,2014,4
E01003465,Merton,Theft and Handling,Motor Vehicle Interference & Tampering,0,2016,7
E01004627,Wandsworth,Theft and Handling,Motor Vehicle Interference & Tampering,0,2011,10
E01000713,Bromley,Burglary,Burglary in a Dwelling,2,2010,6
E01000246,Barnet,Drugs,Possession Of Drugs,0,2016,9
E01002425,Hillingdon,Theft and Handling,Motor Vehicle Interference & Tampering,0,2014,4
E01003126,Lambeth,Criminal Damage,Other Criminal Damage,0,2014,11
E01033327,Lewisham,Theft and Handling,Other Theft,12,2015,3
E01000515,Brent,Violence Against the Person,Wounding/GBH,1,2014,2
E01003037,Lambeth,Violence Against the Person,Other violence,0,2016,4
E01002295,Havering,Violence Against the Person,Common Assault,0,2010,6
E01004237,Tower Hamlets,Violence Against the Person,Offensive Weapon,0,2010,6
E01002791,Islington,Robbery,Business Property,0,2011,3
E01000693,Bromley,Criminal Damage,Criminal Damage To Motor Vehicle,0,2013,1
E01000396,Bexley,Burglary,Burglary in a Dwelling,0,2016,7
E01002967,Kingston upon Thames,Violence Against the Person,Harassment,0,2012,10
E01000230,Barnet,Violence Against the Person,Offensive Weapon,0,2012,2
E01000475,Brent,Theft and Handling,Motor Vehicle Interference & Tampering,0,2011,9
E01002979,Kingston upon Thames,Violence Against the Person,Other violence,0,2008,8
E01003155,Lambeth,Criminal Damage,Criminal Damage To Motor Vehicle,0,2009,10
E01003313,Lewisham,Criminal Damage,Criminal Damage To Other Building,0,2009,7
E01002136,Harrow,Theft and Handling,Handling Stolen Goods,0,2016,10
E01004449,Waltham Forest,Violence Against the Person,Offensive Weapon,1,2012,12
E01032743,Ealing,Burglary,Burglary in a Dwelling,0,2015,6
E01002408,Hillingdon,Other Notifiable Offences,Other Notifiable,0,2010,5
E01003810,Richmond upon Thames,Criminal Damage,Other Criminal Damage,0,2016,5
E01002213,Harrow,Theft and Handling,Theft/Taking of Pedal Cycle,0,2009,7
E01000248,Barnet,Other Notifiable Offences,Going Equipped,0,2014,5
E01033713,Hackney,Violence Against the Person,Assault with Injury,3,2011,10
E01002910,Kensington and Chelsea,Drugs,Possession Of Drugs,1,2013,1
E01000697,Bromley,Burglary,Burglary in Other Buildings,0,2013,4
E01003943,Southwark,Drugs,Drug Trafficking,0,2010,11
E01001383,Ealing,Violence Against the Person,Common Assault,0,2008,2
