E01002638,Hounslow,Fraud or Forgery,Other Fraud & Forgery,0,2011,11
E01001423,Enfield,Burglary,Burglary in a Dwelling,1,2015,5
E01002386,Havering,Criminal Damage,Criminal Damage To Dwelling,0,2015,3
E01003156,Lambeth,Sexual Offences,Other Sexual,0,2011,11
E01004340,Waltham Forest,Other Notifiable Offences,Going Equipped,0,2008,1
E01004496,Wandsworth,Criminal Damage,Criminal Damage To Other Building,0,2013,11
E01002045,Haringey,Criminal Damage,Other Criminal Damage,0,2008,4
E01004198,Tower Hamlets,Burglary,Burglary in Other Buildings,0,2009,5
E01000487,Brent,Violence Against the Person,Common Assault,1,2016,10
E01002711,Islington,Theft and Handling,Theft/Taking of Pedal Cycle,4,2010,3
E01001897,Hammersmith and Fulham,Other Notifiable Offences,Going Equipped,0,2011,6
E01002818,Kensington and Chelsea,Criminal Damage,Criminal Damage To Dwelling,0,2011,5
E01004312,Tower Hamlets,Violence Against the Person,Assault with Injury,0,2014,7
E01002905,Kensington and Chelsea,Violence Against the Person,Harassment,0,2012,11
E01003437,Merton,Robbery,Personal Property,0,2011,7
E01000327,Bexley,Theft and Handling,Other Theft Person,0,2011,7
E01001868,Hammersmith and Fulham,Burglary,Burglary in Other Buildings,0,2012,3
E01002413,Hillingdon,Theft and Handling,Motor Vehicle Interference & Tampering,0,2013,12
E01001862,Hammersmith and Fulham,Theft and Handling,Theft/Taking Of Motor Vehicle,0,2013,11
E01000949,Camden,Theft and Handling,Theft From Shops,0,2010,9
E01004016,Southwark,Criminal Damage,Other Criminal Damage,1,2016,2
E01003315,Lewisham,Theft and Handling,Other Theft Person,0,2016,2
E01002063,Haringey,Theft and Handling,Theft From Motor Vehicle,5,2010,6
E01000896,Camden,Violence Against the Person,Common Assault,0,2016,7
E01003961,Southwark,Theft and Handling,Theft/Taking Of Motor Vehicle,0,2009,1
E01004446,Waltham Forest,Criminal Damage,Criminal Damage To Other Building,0,2008,10
E01002440,Hillingdon,Theft and Handling,Handling Stolen Goods,0,2014,9
E01002248,Havering,Robbery,Business Property,0,2011,4
E01001102,Croydon,Violence Against the Person,Common Assault,0,2009,5
E01004255,Tower Hamlets,Criminal Damage,Other Criminal Damage,0,2010,11
E01000567,Brent,Theft and Handling,Motor Vehicle Interference & Tampering,0,2009,3
E01000659,Bromley,Violence Against the Person,Assault with Injury,1,2009,2
E01004507,Wandsworth,Robbery,Business Property,0,2013,4
E01001524,Enfield,Other Notifiable Offences,Other Notifiable,0,2013,7
E01033708,Hackney,Other Notifiable Offences,Going Equipped,0,2010,3
E01002047,Haringey,Criminal Damage,Criminal Damage To Motor Vehicle,0,2010,7
E01000019,Barking and Dagenham,Violence Against the Person,Assault with Injury,0,2013,12
E01000794,Bromley,Violence Against the Person,Wounding/GBH,0,2011,1
E01002506,Hillingdon,Drugs,Drug Trafficking,0,2010,6
E01000580,Brent,Drugs,Drug Trafficking,0,2016,5
E01001349,Ealing,Theft and Handling,Theft From Motor Vehicle,2,2010,9
E01000860,Camden,Theft and Handling,Handling Stolen Goods,0,2012,9
E01002722,Islington,Violence Against the Person,Harassment,2,2016,6
E01000647,Bromley,Theft and Handling,Motor Vehicle Interference & Tampering,0,2015,9
E01003373,Merton,Other Notifiable Offences,Other Notifiable,0,2015,10
E01004232,Tower Hamlets,Drugs,Other Drugs,0,2011,1
E01000522,Brent,Drugs,Other Drugs,0,2015,8
E01001701,Greenwich,Burglary,Burglary in a Dwelling,0,2015,2
E01002386,Havering,Criminal Damage,Other Criminal Damage,0,2012,2
E01002814,Kensington and Chelsea,Theft and Handling,Other Theft,0,2015,9
E01002677,Hounslow,Burglary,Burglary in a Dwelling,3,2013,11
E01004294,Tower Hamlets,Robbery,Personal Property,0,2013,7
E01002622,Hounslow,Robbery,Business Property,0,2009,11
E01000984,Croydon,Criminal Damage,Criminal Damage To Dwelling,0,2010,12
E01003403,Merton,Criminal Damage,Criminal Damage To Other Building,0,2010,11
E01003452,Merton,Robbery,Personal Property,0,2009,9
E01000121,Barnet,Drugs,Possession Of Drugs,1,2013,10
E01003124,Lambeth,Criminal Damage,Other Criminal Damage,1,2009,12
E01000894,Camden,Theft and Handling,Theft/Taking Of Motor Vehicle,0,2012,12
E01002089,Haringey,Criminal Damage,Criminal Damage To Dwelling,0,2014,9
E01032575,Haringey,Burglary,Burglary in a Dwelling,0,2010,10
E01003521,Newham,Violence Against the Person,Wounding/GBH,2,2015,9
E01000824,Bromley,Sexual Offences,Rape,0,2009,4
E01004243,Tower Hamlets,Drugs,Drug Trafficking,0,2010,5
E01001430,Enfield,Violence Against the Person,Common Assault,0,2008,7
E01000116,Barnet,Violence Against the Person,Other violence,0,2012,3
E01001753,Hackney,Violence Against the Person,Wounding/GBH,0,2009,1
E01001264,Ealing,Fraud or Forgery,Counted per Victim,0,2015,11
E01002094,Haringey,Theft and Handling,Theft From Motor Vehicle,1,2011,4
E01000698,Bromley,Violence Against the Person,Assault with Injury,0,2011,9
E01001078,Croydon,Theft and Handling,Theft From Motor Vehicle,3,2009,12
E01002129,Harrow,Theft and Handling,Theft/Taking of Pedal Cycle,1,2016,6
E01002972,Kingston upon Thames,Drugs,Drug Trafficking,0,2009,6
E01000716,Bromley,Violence Against the Person,Wounding/GBH,0,2008,8
E01001290,Ealing,Burglary,Burglary in a Dwelling,0,2010,7
E01001415,Enfield,Robbery,Personal Property,0,2008,3
E01002862,Kensington and Chelsea,Robbery,Personal Property,0,2012,10
E01003082,Lambeth,Theft and Handling,Handling Stolen Goods,0,2014,1
E01002365,Havering,Theft and Handling,Motor Vehicle Interference & Tampering,0,2013,8
E01000418,Bexley,Criminal Damage,Criminal Damage To Motor Vehicle,0,2013,2
E01001582,Greenwich,Drugs,Possession Of Drugs,0,2016,5
E01000975,Croydon,Theft and Handling,Other Theft Person,0,2012,3
E01001315,Ealing,Theft and Handling,Theft From Motor Vehicle,1,2015,4
E01002738,Islington,Theft and Handling,Handling Stolen Goods,0,2008,8
E01003783,Redbridge,Theft and Handling,Theft From Motor Vehicle,2,2012,1
E01000447,Bexley,Theft and Handling,Theft From Shops,0,2010,9
E01003494,Newham,Theft and Handling,Theft/Taking of Pedal Cycle,1,2012,5
E01003562,Newham,Theft and Handling,Motor Vehicle Interference & Tampering,0,2016,2
E01002145,Harrow,Violence Against the Person,Harassment,0,2015,6
E01000267,Barnet,Theft and Handling,Theft From Motor Vehicle,0,2011,5
E01002224,Harrow,Violence Against the Person,Offensive Weapon,0,2009,11
E01001558,Enfield,Violence Against the Person,Murder,0,2011,6
E01001262,Ealing,Criminal Damage,Criminal Damage To Dwelling,0,2015,5
E01003395,Merton,Burglary,Burglary in a Dwelling,0,2011,12
E01004018,Southwark,Drugs,Drug Trafficking,0,2012,1
E01004698,Westminster,Drugs,Drug Trafficking,0,2012,5
E01000439,Bexley,Violence Against the Person,Assault with Injury,0,2014,8
E01004103,Sutton,Criminal Damage,Other Criminal Damage,0,2012,7
E01002424,Hillingdon,Violence Against the Person,Other violence,0,2008,12
E01001429,Enfield,Fraud or Forgery,Other Fraud & Forgery,0,2014,5
E01001487,Enfield,Violence Against the Person,Harassment,0,2012,6
E01003147,Lambeth,Theft and Handling,Motor Vehicle Interference & Tampering,0,2011,9
E01001445,Enfield,Burglary,Burglary in Other Buildings,0,2011,2
E01001526,Enfield,Theft and Handling,Motor Vehicle Interference & Tampering,0,2011,4
E01000539,Brent,Theft and Handling,Other Theft,0,2014,2
E01003214,Lewisham,Violence Against the Person,Common Assault,1,2009,8
E01002468,Hillingdon,Theft and Handling,Other Theft Person,0,2015,5
E01004305,Tower Hamlets,Drugs,Other Drugs,0,2013,12
E01004392,Waltham Forest,Theft and Handling,Motor Vehicle Interference & Tampering,1,2008,5
E01002227,Harrow,Violence Against the Person,Wounding/GBH,0,2011,3
E01002497,Hillingdon,Violence Against the Person,Other violence,0,2014,8
E01001646,Greenwich,Theft and Handling,Handling Stolen Goods,0,2016,4
E01001434,Enfield,Theft and Handling,Other Theft,1,2009,11
E01004085,Sutton,Violence Against the Person,Wounding/GBH,0,2011,3
E01000298,Barnet,Other Notifiable Offences,Other Notifiable,0,2016,2
E01001737,Hackney,Criminal Damage,Criminal Damage To Motor Vehicle,0,2010,5
E01003184,Lambeth,Theft and Handling,Theft/Taking of Pedal Cycle,0,2013,2
E01003319,Lewisham,Theft and Handling,Theft/Taking Of Motor Vehicle,0,2014,8
E01004724,Westminster,Theft and Handling,Theft From Motor Vehicle,2,2015,7
E01003156,Lambeth,Criminal Damage,Criminal Damage To Motor Vehicle,0,2013,3
E01002280,Havering,Theft and Handling,Other Theft,0,2012,6
E01002793,Islington,Theft and Handling,Theft/Taking Of Motor Vehicle,0,2008,1
E01004264,Tower Hamlets,Theft and Handling,Theft From Motor Vehicle,2,2015,3
E01004630,Wandsworth,Theft and Handling,Motor Vehicle Interference & Tampering,0,2013,4
E01001148,Croydon,Other Notifiable Offences,Other Notifiable,0,2009,5
E01001299,Ealing,Drugs,Possession Of Drugs,0,2015,9
E01001125,Croydon,Violence Against the Person,Offensive Weapon,0,2016,4
E01002784,Islington,Sexual Offences,Rape,0,2013,5
E01000065,Barking and Dagenham,Theft and Handling,Other Theft,1,2015,3
E01002431,Hillingdon,Violence Against the Person,Common Assault,1,2009,9
E01004269,Tower Hamlets,Criminal Damage,Criminal Damage To Dwelling,0,2011,6
E01001122,Croydon,Violence Against the Person,Common Assault,0,2009,4
E01000869,Camden,Violence Against the Person,Other violence,0,2015,9
E01004166,Sutton,Drugs,Drug Trafficking,0,2009,1
E01003449,Merton,Robbery,Personal Property,0,2015,1
E01001992,Haringey,Robbery,Business Property,0,2013,10
E01003468,Merton,Theft and Handling,Other Theft Person,0,2016,9
E01001970,Haringey,Theft and Handling,Theft/Taking of Pedal Cycle,0,2008,1
E01004737,Westminster,Drugs,Drug Trafficking,0,2015,7
E01001170,Croydon,Robbery,Business Property,0,2009,5
E01002796,Islington,Robbery,Business Property,0,2011,1
E01000191,Barnet,Criminal Damage,Criminal Damage To Motor Vehicle,1,2011,8
E01033597,Westminster,Robbery,Personal Property,1,2014,2
E01001464,Enfield,Theft and Handling,Other Theft,0,2012,12
E01003435,Merton,Drugs,Drug Trafficking,0,2016,12
E01002393,Hillingdon,Violence Against the Person,Other violence,0,2016,9
E01000334,Bexley,Criminal Damage,Criminal Damage To Dwelling,0,2010,12
E01003837,Richmond upon Thames,Other Notifiable Offences,Other Notifiable,0,2015,3
E01004438,Waltham Forest,Theft and Handling,Handling Stolen Goods,0,2015,2
E01001373,Ealing,Theft and Handling,Motor Vehicle Interference & Tampering,0,2010,9
E01003992,Southwark,Theft and Handling,Handling Stolen Goods,0,2012,10
E01000169,Barnet,Robbery,Personal Property,1,2011,10
E01004484,Wandsworth,Other Notifiable Offences,Going Equipped,0,2008,6
E01001414,Enfield,Robbery,Personal Property,0,2009,3
E01000655,Bromley,Violence Against the Person,Other violence,0,2011,1
E01001293,Ealing,Violence Against the Person,Harassment,0,2009,1
E01004011,Southwark,Theft and Handling,Handling Stolen Goods,0,2009,10
E01002915,Kingston upon Thames,Theft and Handling,Theft/Taking Of Motor Vehicle,0,2012,2
E01001302,Ealing,Violence Against the Person,Common Assault,1,2008,2
E01004680,Westminster,Drugs,Possession Of Drugs,0,2012,2
E01002377,Havering,Violence Against the Person,Other violence,0,2010,7
E01000543,Brent,Burglary,Burglary in Other Buildings,0,2016,4
E01000181,Barnet,Theft and Handling,Other Theft,1,2012,5
E01003832,Richmond upon Thames,Violence Against the Person,Wounding/GBH,0,2012,6
E01001941,Hammersmith and Fulham,Criminal Damage,Other Criminal Damage,1,2012,9
E01002360,Havering,Theft and Handling,Theft From Shops,0,2016,11
E01001432,Enfield,Robbery,Business Property,0,2011,3
E01001019,Croydon,Violence Against the Person,Wounding/GBH,0,2014,10
E01003303,Lewisham,Violence Against the Person,Common Assault,3,2013,9
E01001094,Croydon,Violence Against the Person,Wounding/GBH,0,2010,9
E01001782,Hackney,Violence Against the Person,Assault with Injury,0,2008,6
E01004325,Tower Hamlets,Violence Against the Person,Offensive Weapon,0,2014,10
E01001185,Croydon,Burglary,Burglary in a Dwelling,0,2009,12
E01004366,Waltham Forest,Theft and Handling,Theft/Taking of Pedal Cycle,0,2010,8
E01003650,Redbridge,Criminal Damage,Criminal Damage To Motor Vehicle,2,2010,7
E01001681,Greenwich,Robbery,Business Property,0,2008,8
E01002741,Islington,Theft and Handling,Handling Stolen Goods,0,2016,9
E01002364,Havering,Violence Against the Person,Wounding/GBH,0,2016,2
E01000292,Barnet,Robbery,Personal Property,0,2009,4
E01000975,Croydon,Criminal Damage,Other Criminal Damage,0,2009,10
E01004237,Tower Hamlets,Drugs,Drug Trafficking,0,2013,10
E01004063,Southwark,Theft and Handling,Theft/Taking of Pedal Cycle,0,2012,2
E01004434,Waltham Forest,Other Notifiable Offences,Other Notifiable,0,2009,8
E01001894,Hammersmith and Fulham,Theft and Handling,Theft From Motor Vehicle,4,2016,5
E01001744,Hackney,Theft and Handling,Theft/Taking Of Motor Vehicle,1,2009,12
E01001957,Hammersmith and Fulham,Violence Against the Person,Other violence,0,2008,12
E01001494,Enfield,Theft and Handling,Other Theft Person,0,2008,5
E01000605,Brent,Theft and Handling,Handling Stolen Goods,0,2012,4
E01001261,Ealing,Drugs,Other Drugs,0,2012,2
E01000631,Brent,Robbery,Business Property,0,2009,11
E01003320,Lewisham,Robbery,Personal Property,0,2011,9
E01003579,Newham,Robbery,Business Property,0,2013,2
E01004300,Tower Hamlets,Criminal Damage,Other Criminal Damage,0,2016,11
E01002742,Islington,Violence Against the Person,Offensive Weapon,0,2012,10
E01004225,Tower Hamlets,Criminal Damage,Other Criminal Damage,1,2014,12
E01002897,Kensington and Chelsea,Violence Against the Person,Harassment,0,2016,4
E01003048,Lambeth,Violence Against the Person,Harassment,0,2016,2
E01001607,Greenwich,Robbery,Business Property,0,2016,9
E01000623,Brent,Criminal Damage,Criminal Damage To Motor Vehicle,1,2012,11
E01000729,Bromley,Theft and Handling,Other Theft,0,2013,12
E01003197,Lewisham,Robbery,Business Property,0,2011,9
E01000848,Camden,Theft and Handling,Other Theft Person,0,2010,12
E01002230,Harrow,Burglary,Burglary in Other Buildings,0,2014,6
E01000783,Bromley,Other Notifiable Offences,Going Equipped,0,2016,1
E01002017,Haringey,Burglary,Burglary in Other Buildings,1,2013,11
E01003895,Richmond upon Thames,Burglary,Burglary in Other Buildings,4,2013,12
E01001354,Ealing,Theft and Handling,Theft From Shops,1,2008,3
E01003536,Newham,Robbery,Personal Property,1,2013,2
E01001047,Croydon,Criminal Damage,Criminal Damage To Other Building,0,2010,10
E01004456,Waltham Forest,Robbery,Personal Property,0,2008,7
E01000581,Brent,Violence Against the Person,Wounding/GBH,0,2012,7
E01002377,Havering,Other Notifiable Offences,Going Equipped,0,2008,7
E01001126,Croydon,Other Notifiable Offences,Other Notifiable,0,2016,11
E01002545,Hillingdon,Robbery,Business Property,0,2014,7
E01001504,Enfield,Violence Against the Person,Other violence,0,2016,12
E01001247,Ealing,Sexual Offences,Other Sexual,0,2008,6
E01000743,Bromley,Burglary,Burglary in Other Buildings,0,2016,4
E01001209,Ealing,Violence Against the Person,Offensive Weapon,0,2011,7
E01001130,Croydon,Theft and Handling,Theft/Taking of Pedal Cycle,0,2008,11
E01001661,Greenwich,Theft and Handling,Theft/Taking Of Motor Vehicle,1,2010,7
E01002896,Kensington and Chelsea,Robbery,Business Property,0,2011,8
E01000566,Brent,Robbery,Business Property,0,2016,10
E01003713,Redbridge,Theft and Handling,Theft/Taking of Pedal Cycle,0,2015,12
E01003546,Newham,Burglary,Burglary in a Dwelling,1,2009,10
E01000850,Camden,Violence Against the Person,Harassment,1,2014,7
E01001922,Hammersmith and Fulham,Burglary,Burglary in a Dwelling,3,2014,4
E01001158,Croydon,Violence Against the Person,Offensive Weapon,1,2008,7
E01000312,Barnet,Theft and Handling,Handling Stolen Goods,0,2014,3
E01001178,Croydon,Criminal Damage,Other Criminal Damage,1,2008,9
E01000631,Brent,Violence Against the Person,Offensive Weapon,1,2014,9
E01003399,Merton,Drugs,Other Drugs,0,2015,4
E01000900,Camden,Theft and Handling,Theft From Motor Vehicle,1,2010,7
E01002686,Hounslow,Theft and Handling,Handling Stolen Goods,0,2011,2
E01001708,Greenwich,Criminal Damage,Criminal Damage To Motor Vehicle,0,2012,2
E01001867,Hammersmith and Fulham,Violence Against the Person,Other violence,0,2009,10
E01000673,Bromley,Criminal Damage,Criminal Damage To Motor Vehicle,1,2011,2
E01000229,Barnet,Robbery,Personal Property,0,2009,6
E01001100,Croydon,Theft and Handling,Theft/Taking Of Motor Vehicle,1,2012,7
E01004057,Southwark,Theft and Handling,Handling Stolen Goods,0,2010,1
E01001145,Croydon,Violence Against the Person,Wounding/GBH,0,2011,2
E01002080,Haringey,Violence Against the Person,Offensive Weapon,0,2010,2
E01003248,Lewisham,Violence Against the Person,Assault with Injury,0,2009,10
E01002385,Havering,Burglary,Burglary in a Dwelling,1,2009,7
E01004342,Waltham Forest,Criminal Damage,Criminal Damage To Motor Vehicle,1,2016,7
E01004049,Southwark,Theft and Handling,Motor Vehicle Interference & Tampering,0,2011,9
E01004443,Waltham Forest,Burglary,Burglary in Other Buildings,1,2009,1
E01001240,Ealing,Robbery,Personal Property,0,2016,1
E01000771,Bromley,Criminal Damage,Criminal Damage To Motor Vehicle,1,2008,4
E01033576,Newham,Other Notifiable Offences,Other Notifiable,0,2010,10
E01000296,Barnet,Robbery,Business Property,0,2016,11
E01002203,Harrow,Theft and Handling,Theft/Taking of Pedal Cycle,0,2010,4
E01001392,Enfield,Violence Against the Person,Harassment,0,2014,12
E01002064,Haringey,Criminal Damage,Other Criminal Damage,0,2016,4
E01003379,Merton,Theft and Handling,Motor Vehicle Interference & Tampering,0,2010,10
E01002616,Hounslow,Burglary,Burglary in a Dwelling,0,2010,11
E01004741,Westminster,Burglary,Burglary in a Dwelling,0,2011,5
E01033207,Lambeth,Theft and Handling,Theft From Shops,1,2013,9
E01004253,Tower Hamlets,Violence Against the Person,Common Assault,1,2010,10
E01003335,Lewisham,Violence Against the Person,Offensive Weapon,0,2012,5
E01003460,Merton,Robbery,Personal Property,0,2011,6
E01001444,Enfield,Other Notifiable Offences,Going Equipped,0,2013,10
E01004653,Westminster,Criminal Damage,Criminal Damage To Motor Vehicle,0,2013,3
E01000825,Bromley,Violence Against the Person,Other violence,0,2016,6
E01004449,Waltham Forest,Violence Against the Person,Common Assault,3,2010,6
E01002412,Hillingdon,Violence Against the Person,Other violence,0,2013,1
E01002177,Harrow,Violence Against the Person,Common Assault,0,2016,7
E01002455,Hillingdon,Violence Against the Person,Assault with Injury,1,2016,10
E01001907,Hammersmith and Fulham,Violence Against the Person,Harassment,0,2013,12
E01002000,Haringey,Violence Against the Person,Offensive Weapon,0,2008,9
E01001557,Enfield,Theft and Handling,Other Theft,0,2011,7
E01002234,Harrow,Theft and Handling,Other Theft,0,2013,8
E01000558,Brent,Theft and Handling,Motor Vehicle Interference & Tampering,0,2010,3
E01001331,Ealing,Violence Against the Person,Other violence,0,2009,1
E01003110,Lambeth,Criminal Damage,Criminal Damage To Motor Vehicle,0,2009,10
E01004705,Westminster,Theft and Handling,Handling Stolen Goods,1,2011,1
E01004118,Sutton,Drugs,Drug Trafficking,0,2012,9
E01004572,Wandsworth,Violence Against the Person,Common Assault,0,2013,3
E01003146,Lambeth,Robbery,Business Property,0,2012,8
E01000507,Brent,Robbery,Personal Property,0,2015,8
E01001075,Croydon,Drugs,Possession Of Drugs,0,2008,5
E01003092,Lambeth,Drugs,Other Drugs,0,2011,11
E01001151,Croydon,Other Notifiable Offences,Other Notifiable,0,2008,7
E01003079,Lambeth,Burglary,Burglary in a Dwelling,1,2011,1
E01002569,Hounslow,Theft and Handling,Motor Vehicle Interference & Tampering,0,2010,1
E01003672,Redbridge,Violence Against the Person,Murder,0,2015,2
E01032564,Lewisham,Violence Against the Person,Common Assault,0,2009,1
E01003645,Redbridge,Robbery,Personal Property,0,2014,10
E01000591,Brent,Theft and Handling,Motor Vehicle Interference & Tampering,0,2011,6
E01000324,Barnet,Robbery,Personal Property,0,2012,5
E01002614,Hounslow,Violence Against the Person,Wounding/GBH,0,2012,12
E01002391,Havering,Criminal Damage,Criminal Damage To Dwelling,0,2011,3
E01004330,Waltham Forest,Theft and Handling,Theft/Taking Of Motor Vehicle,0,2009,4
E01000203,Barnet,Violence Against the Person,Assault with Injury,0,2013,8
E01003154,Lambeth,Criminal Damage,Other Criminal Damage,1,2015,1
E01002605,Hounslow,Criminal Damage,Criminal Damage To Dwelling,1,2016,1
E01032790,Hammersmith and Fulham,Burglary,Burglary in a Dwelling,0,2009,10
E01003827,Richmond upon Thames,Criminal Damage,Other Criminal Damage,1,2016,3
E01004741,Westminster,Criminal Damage,Criminal Damage To Dwelling,0,2015,2
E01004620,Wandsworth,Violence Against the Person,Other violence,0,2014,2
E01000570,Brent,Violence Against the Person,Offensive Weapon,0,2010,2
E01003303,Lewisham,Violence Against the Person,Assault with Injury,5,2008,5
E01000751,Bromley,Other Notifiable Offences,Other Notifiable,0,2010,10
E01004059,Southwark,Theft and Handling,Other Theft Person,1,2008,12
E01003827,Richmond upon Thames,Robbery,Personal Property,0,2009,8
E01001254,Ealing,Drugs,Possession Of Drugs,1,2010,4
E01002116,Harrow,Theft and Handling,Handling Stolen Goods,0,2010,2
E01002260,Havering,Criminal Damage,Criminal Damage To Other Building,0,2009,10
E01000010,Barking and Dagenham,Theft and Handling,Other Theft,20,2008,11
E01000024,Barking and Dagenham,Violence Against the Person,Wounding/GBH,0,2009,10
E01003582,Newham,Burglary,Burglary in Other Buildings,0,2008,7
E01001427,Enfield,Drugs,Other Drugs,0,2011,3
E01002782,Islington,Violence Against the Person,Wounding/GBH,0,2012,10
E01000663,Bromley,Drugs,Possession Of Drugs,0,2010,9
E01001402,Enfield,Violence Against the Person,Common Assault,1,2009,5
E01004175,Sutton,Violence Against the Person,Assault with Injury,0,2011,11
E01002566,Hounslow,Violence Against the Person,Common Assault,3,2016,12
E01001393,Enfield,Criminal Damage,Criminal Damage To Other Building,0,2015,10
E01002126,Harrow,Theft and Handling,Theft From Shops,0,2010,7
E01003216,Lewisham,Violence Against the Person,Other violence,0,2013,5
E01033601,Westminster,Drugs,Drug Trafficking,0,2014,11
E01004225,Tower Hamlets,Robbery,Business Property,0,2014,7
E01000631,Brent,Burglary,Burglary in a Dwelling,0,2010,5
E01000687,Bromley,Theft and Handling,Motor Vehicle Interference & Tampering,0,2008,12
E01000220,Barnet,Other Notifiable Offences,Other Notifiable,1,2012,11
E01001472,Enfield,Drugs,Possession Of Drugs,0,2013,3
E01002346,Havering,Other Notifiable Offences,Other Notifiable,0,2012,9
E01000093,Barking and Dagenham,Theft and Handling,Theft From Motor Vehicle,0,2013,3
E01001221,Ealing,Theft and Handling,Motor Vehicle Interference & Tampering,0,2016,9
E01000505,Brent,Criminal Damage,Other Criminal Damage,0,2015,10
E01004349,Waltham Forest,Burglary,Burglary in a Dwelling,2,2011,9
E01000031,Barking and Dagenham,Violence Against the Person,Wounding/GBH,0,2009,1
E01002051,Haringey,Drugs,Other Drugs,0,2014,9
E01003093,Lambeth,Violence Against the Person,Common Assault,2,2015,2
E01002883,Kensington and Chelsea,Theft and Handling,Theft/Taking of Pedal Cycle,0,2008,4
E01000837,Bromley,Violence Against the Person,Harassment,1,2014,9
E01002759,Islington,Theft and Handling,Handling Stolen Goods,0,2013,9
E01004479,Wandsworth,Drugs,Drug Trafficking,0,2016,10
E01000928,Camden,Theft and Handling,Other Theft Person,1,2012,6
E01000997,Croydon,Theft and Handling,Motor Vehicle Interference & Tampering,0,2010,6
E01001593,Greenwich,Criminal Damage,Criminal Damage To Dwelling,0,2013,7
E01000357,Bexley,Violence Against the Person,Assault with Injury,0,2009,6
E01003278,Lewisham,Violence Against the Person,Other violence,0,2015,3
E01003541,Newham,Theft and Handling,Theft/Taking Of Motor Vehicle,2,2016,1
E01000195,Barnet,Other Notifiable Offences,Going Equipped,0,2016,7
E01004143,Sutton,Theft and Handling,Theft/Taking Of Motor Vehicle,0,2009,4
E01004617,Wandsworth,Theft and Handling,Other Theft,5,2013,1
E01003431,Merton,Other Notifiable Offences,Going Equipped,0,2014,3
E01004527,Wandsworth,Theft and Handling,Theft From Motor Vehicle,3,2008,12
E01000896,Camden,Theft and Handling,Other Theft,2,2008,2
E01000337,Bexley,Robbery,Personal Property,0,2010,8
E01002158,Harrow,Theft and Handling,Other Theft,0,2016,10
E01003270,Lewisham,Violence Against the Person,Common Assault,1,2009,6
E01002299,Havering,Theft and Handling,Theft/Taking of Pedal Cycle,0,2010,3
E01002664,Hounslow,Violence Against the Person,Other violence,0,2009,9
E01001066,Croydon,Violence Against the Person,Harassment,2,2014,3
E01004086,Sutton,Drugs,Possession Of Drugs,0,2011,6
E01002087,Haringey,Criminal Damage,Criminal Damage To Other Building,0,2009,9
E01004624,Wandsworth,Robbery,Personal Property,0,2015,4
E01001536,Enfield,Criminal Damage,Other Criminal Damage,0,2009,11
E01000578,Brent,Violence Against the Person,Murder,0,2011,2
E01003128,Lambeth,Theft and Handling,Handling Stolen Goods,1,2012,5
E01002968,Kingston upon Thames,Sexual Offences,Other Sexual,0,2012,4
E01033608,Westminster,Violence Against the Person,Common Assault,0,2008,2
E01001884,Hammersmith and Fulham,Violence Against the Person,Other violence,0,2008,11
E01001023,Croydon,Criminal Damage,Criminal Damage To Dwelling,0,2015,6
E01000692,Bromley,Burglary,Burglary in Other Buildings,2,2009,4
E01002147,Harrow,Burglary,Burglary in Other Buildings,0,2016,10
E01002331,Havering,Theft and Handling,Theft/Taking of Pedal Cycle,0,2012,4
E01004623,Wandsworth,Criminal Damage,Criminal Damage To Other Building,0,2010,9
E01004363,Waltham Forest,Drugs,Possession Of Drugs,0,2015,4
E01000978,Croydon,Theft and Handling,Other Theft,0,2011,11
E01001306,Ealing,Violence Against the Person,Wounding/GBH,0,2011,6
E01004246,Tower Hamlets,Violence Against the Person,Offensive Weapon,1,2015,2
E01003119,Lambeth,Robbery,Business Property,0,2014,10
E01003018,Lambeth,Robbery,Business Property,0,2016,1
E01004461,Waltham Forest,Other Notifiable Offences,Other Notifiable,0,2015,9
E01001930,Hammersmith and Fulham,Criminal Damage,Criminal Damage To Dwelling,3,2009,2
E01000674,Bromley,Criminal Damage,Criminal Damage To Other Building,0,2015,7
E01004724,Westminster,Drugs,Other Drugs,0,2014,7
E01003828,Richmond upon Thames,Criminal Damage,Criminal Damage To Other Building,0,2013,8
E01002965,Kingston upon Thames,Other Notifiable Offences,Other Notifiable,0,2009,11
E01000080,Barking and Dagenham,Theft and Handling,Theft From Motor Vehicle,0,2015,6
E01003389,Merton,Robbery,Business Property,1,2010,1
E01002426,Hillingdon,Violence Against the Person,Assault with Injury,0,2012,12
E01000532,Brent,Drugs,Possession Of Drugs,1,2011,12
E01001666,Greenwich,Robbery,Business Property,0,2016,5
E01004051,Southwark,Theft and Handling,Theft/Taking Of Motor Vehicle,0,2015,12
E01002825,Kensington and Chelsea,Theft and Handling,Handling Stolen Goods,0,2008,9
E01003573,Newham,Violence Against the Person,Offensive Weapon,0,2016,9
E01000752,Bromley,Violence Against the Person,Harassment,0,2011,10
E01003407,Merton,Criminal Damage,Criminal Damage To Other Building,0,2010,9
E01002494,Hillingdon,Criminal Damage,Other Criminal Damage,0,2016,10
E01002892,Kensington and Chelsea,Burglary,Burglary in a Dwelling,0,2009,2
E01002580,Hounslow,Theft and Handling,Motor Vehicle Interference & Tampering,0,2009,3
E01003942,Southwark,Burglary,Burglary in Other Buildings,1,2008,7
E01002520,Hillingdon,Theft and Handling,Theft From Motor Vehicle,4,2009,1
E01002132,Harrow,Theft and Handling,Motor Vehicle Interference & Tampering,0,2008,9
E01000682,Bromley,Theft and Handling,Theft From Shops,0,2011,9
E01004471,Waltham Forest,Theft and Handling,Theft/Taking of Pedal Cycle,1,2009,9
E01003318,Lewisham,Fraud or Forgery,Counted per Victim,0,2009,12
E01002833,Kensington and Chelsea,Criminal Damage,Other Criminal Damage,0,2012,12
E01000976,Croydon,Theft and Handling,Theft/Taking of Pedal Cycle,0,2010,3
E01032784,Tower Hamlets,Violence Against the Person,Wounding/GBH,0,2014,2
E01004469,Waltham Forest,Theft and Handling,Handling Stolen Goods,0,2009,4
E01000216,Barnet,Theft and Handling,Other Theft Person,1,2009,5
E01000556,Brent,Robbery,Business Property,1,2008,2
E01003723,Redbridge,Violence Against the Person,Wounding/GBH,1,2014,7
E01000778,Bromley,Burglary,Burglary in a Dwelling,0,2015,7
E01000915,Camden,Drugs,Other Drugs,0,2011,4
E01032774,Tower Hamlets,Violence Against the Person,Other violence,0,2011,9
E01000976,Croydon,Other Notifiable Offences,Other Notifiable,0,2010,8
E01003570,Newham,Criminal Damage,Other Criminal Damage,0,2009,7
E01002315,Havering,Burglary,Burglary in Other Buildings,0,2010,1
E01001302,Ealing,Criminal Damage,Criminal Damage To Motor Vehicle,0,2015,12
E01002038,Haringey,Robbery,Personal Property,0,2012,8
E01032790,Hammersmith and Fulham,Violence Against the Person,Common Assault,0,2013,3
E01002256,Havering,Drugs,Possession Of Drugs,0,2013,2
E01003797,Richmond upon Thames,Theft and Handling,Handling Stolen Goods,0,2015,6
E01002749,Islington,Violence Against the Person,Harassment,1,2014,5
E01000235,Barnet,Other Notifiable Offences,Other Notifiable,0,2011,11
E01003963,Southwark,Drugs,Other Drugs,0,2009,7
E01003669,Redbridge,Fraud or Forgery,Counted per Victim,0,2016,10
E01002848,Kensington and Chelsea,Violence Against the Person,Offensive Weapon,0,2013,4
E01001303,Ealing,Theft and Handling,Handling Stolen Goods,0,2010,3
E01002479,Hillingdon,Burglary,Burglary in Other Buildings,0,2014,10
E01003884,Richmond upon Thames,Criminal Damage,Criminal Damage To Motor Vehicle,1,2011,10
E01002836,Kensington and Chelsea,Theft and Handling,Theft/Taking Of Motor Vehicle,0,2008,7
E01002873,Kensington and Chelsea,Violence Against the Person,Other violence,0,2008,5
E01002987,Kingston upon Thames,Criminal Damage,Other Criminal Damage,1,2012,8
E01032785,Tower Hamlets,Theft and Handling,Other Theft,2,2016,2
E01000066,Barking and Dagenham,Theft and Handling,Theft/Taking of Pedal Cycle,0,2012,4
E01002696,Islington,Other Notifiable Offences,Going Equipped,0,2015,4
E01000513,Brent,Drugs,Drug Trafficking,0,2016,12
E01000224,Barnet,Violence Against the Person,Offensive Weapon,0,2011,9
E01004251,Tower Hamlets,Drugs,Drug Trafficking,0,2011,11
E01000903,Camden,Violence Against the Person,Wounding/GBH,0,2009,6
E01001225,Ealing,Other Notifiable Offences,Going Equipped,0,2013,6
E01003266,Lewisham,Theft and Handling,Other Theft Person,0,2008,11
E01000296,Barnet,Other Notifiable Offences,Going Equipped,0,2013,7
E01000833,Bromley,Criminal Damage,Criminal Damage To Motor Vehicle,0,2014,8
E01004551,Wandsworth,Fraud or Forgery,Other Fraud & Forgery,0,2011,10
E01002287,Havering,Sexual Offences,Rape,0,2009,10
E01003634,Newham,Criminal Damage,Criminal Damage To Motor Vehicle,0,2011,3
E01002144,Harrow,Robbery,Personal Property,0,2014,12
E01001924,Hammersmith and Fulham,Violence Against the Person,Assault with Injury,0,2014,2
E01001012,Croydon,Violence Against the Person,Wounding/GBH,2,2013,11
E01003670,Redbridge,Violence Against the Person,Harassment,4,2009,9
E01002356,Havering,Theft and Handling,Other Theft Person,8,2014,12
E01002150,Harrow,Theft and Handling,Theft From Shops,6,2016,7
E01001084,Croydon,Drugs,Possession Of Drugs,1,2016,5
E01003374,Merton,Theft and Handling,Theft From Motor Vehicle,1,2015,11
E01000465,Bexley,Theft and Handling,Theft/Taking Of Motor Vehicle,0,2010,7
E01002212,Harrow,Burglary,Burglary in a Dwelling,0,2015,5
E01003413,Merton,Theft and Handling,Other Theft,1,2013,10
E01004454,Waltham Forest,Violence Against the Person,Assault with Injury,0,2014,10
E01000957,Camden,Burglary,Burglary in Other Buildings,0,2015,12
E01002789,Islington,Robbery,Business Property,0,2011,3
E01004660,Westminster,Violence Against the Person,Offensive Weapon,0,2014,4
E01003703,Redbridge,Other Notifiable Offences,Other Notifiable,1,2014,11
E01001782,Hackney,Robbery,Personal Property,0,2012,8
E01004208,Tower Hamlets,Other Notifiable Offences,Going Equipped,0,2016,12
E01000993,Croydon,Violence Against the Person,Other violence,0,2015,7
E01004052,Southwark,Theft and Handling,Theft/Taking Of Motor Vehicle,0,2012,5
E01000920,Camden,Violence Against the Person,Assault with Injury,2,2008,11
E01002419,Hillingdon,Burglary,Burglary in Other Buildings,0,2008,6
E01000592,Brent,Theft and Handling,Theft/Taking Of Motor Vehicle,0,2015,9
E01001276,Ealing,Criminal Damage,Criminal Damage To Other Building,0,2009,1
E01003221,Lewisham,Violence Against the Person,Harassment,4,2015,12
E01001723,Hackney,Drugs,Possession Of Drugs,0,2011,8
E01000521,Brent,Burglary,Burglary in Other Buildings,0,2011,2
E01004331,Waltham Forest,Violence Against the Person,Common Assault,0,2013,1
E01004175,Sutton,Theft and Handling,Theft From Motor Vehicle,0,2013,4
E01002664,Hounslow,Burglary,Burglary in Other Buildings,0,2013,6
E01000769,Bromley,Violence Against the Person,Harassment,0,2012,11
E01003615,Newham,Drugs,Possession Of Drugs,2,2012,9
E01004690,Westminster,Theft and Handling,Theft/Taking of Pedal Cycle,1,2011,9
E01004276,Tower Hamlets,Theft and Handling,Motor Vehicle Interference & Tampering,0,2016,4
E01000599,Brent,Criminal Damage,Criminal Damage To Other Building,0,2010,11
E01001601,Greenwich,Other Notifiable Offences,Other Notifiable,0,2013,7
E01003846,Richmond upon Thames,Theft and Handling,Theft From Shops,0,2015,3
E01001664,Greenwich,Drugs,Possession Of Drugs,0,2010,12
E01000738,Bromley,Criminal Damage,Other Criminal Damage,0,2009,6
E01001726,Hackney,Criminal Damage,Criminal Damage To Dwelling,0,2010,1
E01001340,Ealing,Violence Against the Person,Assault with Injury,7,2014,10
E01001204,Ealing,Theft and Handling,Theft/Taking Of Motor Vehicle,0,2008,10
E01003228,Lewisham,Theft and Handling,Theft/Taking of Pedal Cycle,0,2012,6
E01002320,Havering,Criminal Damage,Criminal Damage To Other Building,0,2011,9
E01001325,Ealing,Criminal Damage,Criminal Damage To Other Building,0,2011,3
E01000896,Camden,Violence Against the Person,Offensive Weapon,0,2013,4
E01002700,Islington,Drugs,Drug Trafficking,0,2013,12
E01003036,Lambeth,Theft and Handling,Theft From Motor Vehicle,1,2015,1
E01004563,Wandsworth,Criminal Damage,Criminal Damage To Other Building,0,2013,8
E01002255,Havering,Theft and Handling,Motor Vehicle Interference & Tampering,0,2008,2
E01000616,Brent,Violence Against the Person,Harassment,1,2009,11
E01000860,Camden,Burglary,Burglary in Other Buildings,0,2015,8
E01001647,Greenwich,Theft and Handling,Theft/Taking Of Motor Vehicle,0,2011,8
E01000337,Bexley,Violence Against the Person,Other violence,0,2011,1
E01001150,Croydon,Theft and Handling,Theft From Motor Vehicle,0,2015,1
E01003001,Kingston upon Thames,Burglary,Burglary in Other Buildings,0,2012,2
E01004427,Waltham Forest,Robbery,Business Property,0,2011,4
E01003658,Redbridge,Theft and Handling,Other Theft Person,0,2009,11
E01004631,Wandsworth,Violence Against the Person,Murder,0,2011,5
E01003116,Lambeth,Robbery,Business Property,0,2011,10
E01000861,Camden,Theft and Handling,Handling Stolen Goods,0,2009,6
E01003891,Richmond upon Thames,Theft and Handling,Motor Vehicle Interference & Tampering,0,2016,7
E01002724,Islington,Violence Against the Person,Wounding/GBH,1,2015,11
E01000621,Brent,Robbery,Personal Property,1,2010,11
E01003980,Southwark,Criminal Damage,Criminal Damage To Motor Vehicle,0,2013,11
E01003706,Redbridge,Theft and Handling,Motor Vehicle Interference & Tampering,0,2014,2
E01003364,Merton,Theft and Handling,Theft/Taking Of Motor Vehicle,0,2008,10
E01004637,Wandsworth,Violence Against the Person,Other violence,0,2008,12
E01000953,Camden,Theft and Handling,Other Theft Person,1,2010,4
E01004144,Sutton,Violence Against the Person,Other violence,0,2009,5
E01004349,Waltham Forest,Theft and Handling,Other Theft,2,2010,7
E01001478,Enfield,Other Notifiable Offences,Other Notifiable,0,2009,1
E01002877,Kensington and Chelsea,Criminal Damage,Other Criminal Damage,0,2015,2
E01001455,Enfield,Theft and Handling,Motor Vehicle Interference & Tampering,0,2016,9
E01002874,Kensington and Chelsea,Theft and Handling,Theft From Motor Vehicle,0,2014,5
E01001524,Enfield,Robbery,Personal Property,0,2009,2
E01003223,Lewisham,Criminal Damage,Criminal Damage To Dwelling,0,2010,4
E01001355,Ealing,Criminal Damage,Other Criminal Damage,0,2010,11
E01004033,Southwark,Drugs,Possession Of Drugs,2,2010,2
E01000685,Bromley,Other Notifiable Offences,Going Equipped,0,2016,8
E01004465,Waltham Forest,Violence Against the Person,Common Assault,0,2015,11
E01000871,Camden,Fraud or Forgery,Counted per Victim,0,2014,11
E01004463,Waltham Forest,Theft and Handling,Other Theft Person,0,2013,7
E01001014,Croydon,Theft and Handling,Theft/Taking Of Motor Vehicle,0,2014,6
E01004617,Wandsworth,Fraud or Forgery,Other Fraud & Forgery,1,2008,1
E01000093,Barking and Dagenham,Criminal Damage,Criminal Damage To Other Building,1,2015,10
E01003647,Redbridge,Theft and Handling,Handling Stolen Goods,0,2008,4
E01002134,Harrow,Burglary,Burglary in a Dwelling,0,2014,3
E01004413,Waltham Forest,Fraud or Forgery,Counted per Victim,0,2010,7
E01002069,Haringey,Drugs,Drug Trafficking,0,2008,5
E01003729,Redbridge,Violence Against the Person,Common Assault,0,2016,11
E01002865,Kensington and Chelsea,Violence Against the Person,Offensive Weapon,0,2013,3
E01003854,Richmond upon Thames,Violence Against the Person,Assault with Injury,0,2011,6
E01033320,Lewisham,Theft and Handling,Theft From Motor Vehicle,2,2013,6
E01003932,Southwark,Violence Against the Person,Assault with Injury,4,2008,12
E01000434,Bexley,Violence Against the Person,Common Assault,2,2011,5
E01002577,Hounslow,Theft and Handling,Theft/Taking of Pedal Cycle,0,2010,7
E01000550,Brent,Other Notifiable Offences,Other Notifiable,1,2013,4
E01002209,Harrow,Theft and Handling,Theft From Shops,3,2011,3
E01004188,Sutton,Burglary,Burglary in a Dwelling,2,2010,11
E01001593,Greenwich,Criminal Damage,Other Criminal Damage,0,2015,2
E01033208,Lambeth,Violence Against the Person,Wounding/GBH,0,2015,11
E01004493,Wandsworth,Burglary,Burglary in Other Buildings,0,2016,3
E01001716,Hackney,Robbery,Business Property,0,2014,3
E01002618,Hounslow,Criminal Damage,Criminal Damage To Dwelling,0,2016,7
E01002148,Harrow,Criminal Damage,Criminal Damage To Other Building,0,2013,11
E01001995,Haringey,Theft and Handling,Theft/Taking of Pedal Cycle,0,2012,8
E01004492,Wandsworth,Criminal Damage,Other Criminal Damage,0,2011,8
E01003261,Lewisham,Criminal Damage,Criminal Damage To Dwelling,0,2010,12
E01001440,Enfield,Criminal Damage,Other Criminal Damage,0,2011,12
E01003082,Lambeth,Criminal Damage,Criminal Damage To Other Building,0,2008,5
E01001648,Greenwich,Burglary,Burglary in a Dwelling,0,2011,2
E01004652,Westminster,Theft and Handling,Other Theft Person,2,2012,10
E01001840,Hackney,Theft and Handling,Theft From Shops,0,2016,2
E01004119,Sutton,Robbery,Business Property,0,2015,9
E01033324,Lewisham,Violence Against the Person,Common Assault,0,2010,9
E01000170,Barnet,Robbery,Personal Property,0,2010,6
E01004066,Southwark,Theft and Handling,Handling Stolen Goods,0,2013,1
E01004669,Westminster,Theft and Handling,Motor Vehicle Interference & Tampering,0,2011,7
E01002411,Hillingdon,Drugs,Possession Of Drugs,0,2012,11
E01003606,Newham,Burglary,Burglary in Other Buildings,0,2010,7
E01002495,Hillingdon,Violence Against the Person,Common Assault,0,2012,11
E01000799,Bromley,Criminal Damage,Other Criminal Damage,1,2012,9
E01001072,Croydon,Theft and Handling,Motor Vehicle Interference & Tampering,0,2011,12
E01004480,Wandsworth,Theft and Handling,Theft From Shops,0,2012,10
E01002961,Kingston upon Thames,Robbery,Personal Property,0,2011,5
E01032741,Havering,Violence Against the Person,Wounding/GBH,0,2013,1
E01002789,Islington,Theft and Handling,Other Theft Person,1,2014,2
E01003690,Redbridge,Theft and Handling,Theft From Motor Vehicle,1,2008,10
E01001619,Greenwich,Criminal Damage,Criminal Damage To Motor Vehicle,0,2014,5
E01000953,Camden,Violence Against the Person,Other violence,0,2015,10
E01003853,Richmond upon Thames,Fraud or Forgery,Counted per Victim,0,2012,10
E01004507,Wandsworth,Robbery,Personal Property,1,2014,5
E01001680,Greenwich,Criminal Damage,Criminal Damage To Other Building,0,2013,11
E01000867,Camden,Criminal Damage,Criminal Damage To Motor Vehicle,0,2013,4
E01002200,Harrow,Criminal Damage,Criminal Damage To Other Building,0,2010,4
E01004359,Waltham Forest,Violence Against the Person,Common Assault,4,2016,7
E01001102,Croydon,Violence Against the Person,Offensive Weapon,0,2015,9
E01001390,Enfield,Criminal Damage,Criminal Damage To Dwelling,0,2010,8
E01003676,Redbridge,Robbery,Personal Property,0,2010,4
E01000902,Camden,Theft and Handling,Theft/Taking of Pedal Cycle,0,2010,11
E01001044,Croydon,Burglary,Burglary in Other Buildings,1,2009,12
E01000904,Camden,Theft and Handling,Theft/Taking of Pedal Cycle,2,2010,4
E01000637,Brent,Burglary,Burglary in Other Buildings,0,2016,7
E01002610,Hounslow,Burglary,Burglary in Other Buildings,0,2016,4
E01002344,Havering,Robbery,Personal Property,0,2008,1
E01000490,Brent,Criminal Damage,Criminal Damage To Other Building,0,2016,7
E01002876,Kensington and Chelsea,Burglary,Burglary in a Dwelling,0,2012,3
E01003483,Newham,Drugs,Possession Of Drugs,1,2010,12
E01002724,Islington,Other Notifiable Offences,Going Equipped,0,2009,12
E01002109,Harrow,Violence Against the Person,Offensive Weapon,0,2012,7
E01003573,Newham,Violence Against the Person,Wounding/GBH,0,2014,6
E01002427,Hillingdon,Robbery,Personal Property,0,2016,6
E01002163,Harrow,Theft and Handling,Handling Stolen Goods,0,2013,3
E01001625,Greenwich,Violence Against the Person,Harassment,0,2010,1
E01001920,Hammersmith and Fulham,Theft and Handling,Theft/Taking of Pedal Cycle,0,2009,7
E01003760,Redbridge,Burglary,Burglary in Other Buildings,0,2012,11
E01001875,Hammersmith and Fulham,Criminal Damage,Criminal Damage To Dwelling,0,2016,5
E01003556,Newham,Sexual Offences,Other Sexual,0,2016,10
E01000126,Barnet,Theft and Handling,Theft From Motor Vehicle,1,2013,3
E01001525,Enfield,Violence Against the Person,Offensive Weapon,0,2013,12
E01003255,Lewisham,Criminal Damage,Criminal Damage To Dwelling,0,2015,12
E01004349,Waltham Forest,Burglary,Burglary in a Dwelling,1,2015,5
E01001301,Ealing,Drugs,Drug Trafficking,0,2012,3
E01000745,Bromley,Burglary,Burglary in a Dwelling,2,2011,5
E01001863,Hammersmith and Fulham,Theft and Handling,Other Theft,1,2008,5
E01004274,Tower Hamlets,Theft and Handling,Theft From Shops,0,2015,3
E01002477,Hillingdon,Drugs,Possession Of Drugs,0,2009,6
E01002927,Kingston upon Thames,Criminal Damage,Criminal Damage To Dwelling,1,2013,3
E01003933,Southwark,Burglary,Burglary in Other Buildings,0,2015,10
E01001393,Enfield,Violence Against the Person,Assault with Injury,1,2013,11
E01000820,Bromley,Other Notifiable Offences,Other Notifiable,0,2008,5
E01000905,Camden,Theft and Handling,Theft/Taking Of Motor Vehicle,0,2009,9
E01000788,Bromley,Theft and Handling,Theft/Taking of Pedal Cycle,0,2008,2
E01003918,Southwark,Criminal Damage,Criminal Damage To Other Building,0,2012,5
E01004355,Waltham Forest,Violence Against the Person,Common Assault,1,2009,9
E01002424,Hillingdon,Criminal Damage,Criminal Damage To Other Building,0,2008,7
E01002835,Kensington and Chelsea,Theft and Handling,Theft From Motor Vehicle,4,2011,11
E01002921,Kingston upon Thames,Theft and Handling,Other Theft Person,0,2013,1
E01004235,Tower Hamlets,Burglary,Burglary in a Dwelling,1,2012,3
E01033582,Newham,Violence Against the Person,Harassment,0,2010,1
E01003168,Lambeth,Violence Against the Person,Harassment,1,2009,4
E01003875,Richmond upon Thames,Violence Against the Person,Harassment,1,2014,10
E01003624,Newham,Fraud or Forgery,Counted per Victim,0,2015,2
E01002079,Haringey,Violence Against the Person,Other violence,0,2014,6
E01003221,Lewisham,Theft and Handling,Other Theft Person,0,2009,11
E01002853,Kensington and Chelsea,Theft and Handling,Motor Vehicle Interference & Tampering,0,2011,3
E01001435,Enfield,Violence Against the Person,Other violence,0,2011,3
E01000965,Camden,Burglary,Burglary in Other Buildings,1,2014,7
E01000354,Bexley,Theft and Handling,Theft From Motor Vehicle,0,2013,11
E01004706,Westminster,Theft and Handling,Theft/Taking of Pedal Cycle,0,2016,11
E01003599,Newham,Drugs,Drug Trafficking,0,2009,8
E01002032,Haringey,Theft and Handling,Theft From Motor Vehicle,0,2011,6
E01003839,Richmond upon Thames,Theft and Handling,Motor Vehicle Interference & Tampering,0,2012,11
E01003966,Southwark,Violence Against the Person,Assault with Injury,2,2014,8
E01003676,Redbridge,Violence Against the Person,Other violence,0,2016,8
E01000118,Barnet,Criminal Damage,Other Criminal Damage,0,2015,3
E01002264,Havering,Drugs,Drug Trafficking,0,2014,7
E01000332,Bexley,Criminal Damage,Other Criminal Damage,0,2015,10
E01003801,Richmond upon Thames,Burglary,Burglary in a Dwelling,0,2014,6
E01002285,Havering,Criminal Damage,Criminal Damage To Dwelling,0,2016,8
E01001011,Croydon,Drugs,Possession Of Drugs,3,2014,6
E01004563,Wandsworth,Drugs,Possession Of Drugs,2,2008,5
E01003551,Newham,Drugs,Other Drugs,0,2009,8
E01004243,Tower Hamlets,Theft and Handling,Motor Vehicle Interference & Tampering,0,2016,9
E01003238,Lewisham,Burglary,Burglary in Other Buildings,0,2012,1
E01004178,Sutton,Violence Against the Person,Other violence,0,2016,11
E01003088,Lambeth,Drugs,Drug Trafficking,0,2016,9
E01003388,Merton,Criminal Damage,Criminal Damage To Motor Vehicle,1,2014,12
E01001322,Ealing,Theft and Handling,Motor Vehicle Interference & Tampering,1,2015,12
E01001521,Enfield,Criminal Damage,Criminal Damage To Other Building,0,2008,7
E01032719,Southwark,Other Notifiable Offences,Other Notifiable,0,2010,10
E01001069,Croydon,Other Notifiable Offences,Other Notifiable,0,2014,5
E01001847,Hackney,Theft and Handling,Motor Vehicle Interference & Tampering,0,2008,8
E01001242,Ealing,Drugs,Drug Trafficking,0,2008,10
E01003704,Redbridge,Theft and Handling,Theft/Taking of Pedal Cycle,0,2012,3
E01000841,Bromley,Burglary,Burglary in a Dwelling,0,2010,12
E01001326,Ealing,Violence Against the Person,Harassment,0,2013,3
E01033485,Brent,Drugs,Drug Trafficking,0,2016,6
E01000491,Brent,Burglary,Burglary in a Dwelling,2,2014,8
E01004231,Tower Hamlets,Violence Against the Person,Offensive Weapon,0,2008,6
E01001690,Greenwich,Violence Against the Person,Assault with Injury,0,2014,4
E01001577,Greenwich,Sexual Offences,Other Sexual,0,2012,8
E01002833,Kensington and Chelsea,Robbery,Business Property,0,2012,10
E01001137,Croydon,Theft and Handling,Handling Stolen Goods,0,2013,6
E01004426,Waltham Forest,Robbery,Business Property,0,2009,7
E01001338,Ealing,Drugs,Drug Trafficking,0,2014,5
E01002919,Kingston upon Thames,Violence Against the Person,Assault with Injury,0,2013,9
E01002643,Hounslow,Theft and Handling,Motor Vehicle Interference & Tampering,0,2013,5
E01003970,Southwark,Theft and Handling,Theft/Taking Of Motor Vehicle,0,2010,7
E01000507,Brent,Criminal Damage,Criminal Damage To Motor Vehicle,0,2013,10
E01000411,Bexley,Robbery,Personal Property,0,2014,11
E01003827,Richmond upon Thames,Theft and Handling,Motor Vehicle Interference & Tampering,0,2013,1
E01000422,Bexley,Criminal Damage,Criminal Damage To Dwelling,5,2009,4
E01001254,Ealing,Criminal Damage,Criminal Damage To Other Building,0,2011,3
E01002139,Harrow,Criminal Damage,Criminal Damage To Other Building,0,2009,9
E01003074,Lambeth,Drugs,Possession Of Drugs,1,2011,1
E01003285,Lewisham,Drugs,Possession Of Drugs,0,2008,2
E01002179,Harrow,Theft and Handling,Other Theft,1,2009,11
E01001128,Croydon,Criminal Damage,Criminal Damage To Dwelling,2,2009,7
E01004606,Wandsworth,Violence Against the Person,Offensive Weapon,0,2014,5
E01004394,Waltham Forest,Violence Against the Person,Common Assault,1,2010,3
E01002601,Hounslow,Drugs,Possession Of Drugs,2,2011,8
E01000095,Barking and Dagenham,Other Notifiable Offences,Going Equipped,0,2014,9
E01001386,Ealing,Violence Against the Person,Offensive Weapon,0,2008,11
E01002142,Harrow,Drugs,Drug Trafficking,0,2009,5
E01003307,Lewisham,Theft and Handling,Theft From Shops,0,2015,11
E01001195,Ealing,Theft and Handling,Theft From Motor Vehicle,0,2013,7
E01003749,Redbridge,Theft and Handling,Theft/Taking of Pedal Cycle,0,2015,3
E01002659,Hounslow,Theft and Handling,Theft From Motor Vehicle,0,2011,2
E01003579,Newham,Violence Against the Person,Offensive Weapon,0,2015,1
E01003873,Richmond upon Thames,Robbery,Personal Property,0,2008,3
E01001091,Croydon,Theft and Handling,Other Theft,0,2015,1
E01002474,Hillingdon,Violence Against the Person,Harassment,0,2008,3
E01003073,Lambeth,Violence Against the Person,Other violence,1,2015,5
E01000548,Brent,Robbery,Business Property,0,2010,9
E01004108,Sutton,Robbery,Personal Property,0,2015,2
E01001488,Enfield,Theft and Handling,Theft From Motor Vehicle,2,2014,1
E01000697,Bromley,Violence Against the Person,Offensive Weapon,0,2013,12
E01003408,Merton,Violence Against the Person,Wounding/GBH,0,2015,7
E01001601,Greenwich,Violence Against the Person,Common Assault,0,2009,5
E01002826,Kensington and Chelsea,Criminal Damage,Criminal Damage To Other Building,0,2013,5
E01001795,Hackney,Robbery,Personal Property,1,2014,3
E01000294,Barnet,Criminal Damage,Criminal Damage To Motor Vehicle,1,2009,7
E01002650,Hounslow,Violence Against the Person,Offensive Weapon,0,2008,1
E01004303,Tower Hamlets,Violence Against the Person,Other violence,0,2008,10
E01003778,Redbridge,Violence Against the Person,Harassment,2,2014,5
E01002292,Havering,Other Notifiable Offences,Other Notifiable,0,2016,11
E01004631,Wandsworth,Robbery,Personal Property,0,2016,12
E01004059,Southwark,Violence Against the Person,Common Assault,1,2009,6
E01033573,Barnet,Drugs,Possession Of Drugs,0,2014,12
E01000061,Barking and Dagenham,Violence Against the Person,Other violence,0,2014,5
E01002817,Kensington and Chelsea,Drugs,Drug Trafficking,0,2016,7
E01000893,Camden,Burglary,Burglary in a Dwelling,1,2008,3
E01003419,Merton,Criminal Damage,Criminal Damage To Motor Vehicle,2,2016,6
E01003756,Redbridge,Theft and Handling,Motor Vehicle Interference & Tampering,0,2011,2
E01004360,Waltham Forest,Drugs,Drug Trafficking,0,2012,10
E01000290,Barnet,Criminal Damage,Criminal Damage To Other Building,0,2009,12
E01001343,Ealing,Violence Against the Person,Common Assault,4,2014,8
E01002193,Harrow,Theft and Handling,Other Theft,0,2008,4
E01002907,Kensington and Chelsea,Criminal Damage,Other Criminal Damage,0,2008,4
E01004494,Wandsworth,Robbery,Business Property,0,2014,5
E01001364,Ealing,Criminal Damage,Criminal Damage To Motor Vehicle,0,2008,3
E01001324,Ealing,Violence Against the Person,Wounding/GBH,0,2016,3
E01000864,Camden,Criminal Damage,Criminal Damage To Dwelling,0,2009,7
E01000431,Bexley,Theft and Handling,Theft From Shops,0,2009,3
E01003021,Lambeth,Other Notifiable Offences,Other Notifiable,1,2016,7
E01003277,Lewisham,Violence Against the Person,Wounding/GBH,0,2015,7
E01000287,Barnet,Criminal Damage,Criminal Damage To Other Building,0,2014,4
E01004384,Waltham Forest,Drugs,Drug Trafficking,0,2015,6
E01003640,Redbridge,Criminal Damage,Criminal Damage To Motor Vehicle,0,2008,7
E01001758,Hackney,Criminal Damage,Criminal Damage To Dwelling,1,2015,2
E01003617,Newham,Other Notifiable Offences,Other Notifiable,1,2010,12
E01004435,Waltham Forest,Burglary,Burglary in a Dwelling,2,2010,7
E01000901,Camden,Violence Against the Person,Common Assault,1,2008,2
E01003979,Southwark,Theft and Handling,Other Theft,1,2015,4
E01004116,Sutton,Criminal Damage,Criminal Damage To Other Building,0,2011,8
E01001041,Croydon,Violence Against the Person,Harassment,0,2012,5
E01001448,Enfield,Theft and Handling,Theft/Taking of Pedal Cycle,2,2016,10
E01002614,Hounslow,Violence Against the Person,Harassment,1,2016,10
E01001017,Croydon,Burglary,Burglary in a Dwelling,1,2010,1
E01001529,Enfield,Other Notifiable Offences,Going Equipped,0,2014,4
E01003322,Lewisham,Theft and Handling,Theft/Taking Of Motor Vehicle,0,2016,6
E01002700,Islington,Theft and Handling,Theft/Taking of Pedal Cycle,1,2010,11
E01003839,Richmond upon Thames,Criminal Damage,Criminal Damage To Dwelling,0,2009,2
E01003506,Newham,Violence Against the Person,Harassment,0,2009,1
E01004475,Wandsworth,Theft and Handling,Other Theft,0,2008,4
E01002572,Hounslow,Drugs,Possession Of Drugs,1,2014,3
E01000481,Brent,Violence Against the Person,Harassment,0,2011,6
E01000961,Camden,Theft and Handling,Theft From Motor Vehicle,1,2013,3
E01003247,Lewisham,Violence Against the Person,Harassment,0,2009,3
E01003733,Redbridge,Theft and Handling,Other Theft,0,2011,3
E01000431,Bexley,Criminal Damage,Criminal Damage To Dwelling,0,2015,4
E01002855,Kensington and Chelsea,Theft and Handling,Other Theft Person,4,2012,3
E01000987,Croydon,Theft and Handling,Theft/Taking Of Motor Vehicle,0,2013,3
E01004069,Southwark,Robbery,Personal Property,0,2009,11
E01001823,Hackney,Robbery,Personal Property,0,2015,8
E01003767,Redbridge,Other Notifiable Offences,Going Equipped,0,2014,5
E01001393,Enfield,Theft and Handling,Other Theft Person,0,2010,12
E01003664,Redbridge,Robbery,Business Property,0,2011,9
E01000525,Brent,Violence Against the Person,Assault with Injury,1,2012,4
E01002636,Hounslow,Criminal Damage,Criminal Damage To Other Building,0,2014,6
E01003533,Newham,Violence Against the Person,Assault with Injury,0,2016,3
E01002738,Islington,Theft and Handling,Other Theft Person,0,2012,8
E01003068,Lambeth,Violence Against the Person,Offensive Weapon,0,2010,1
E01004035,Southwark,Burglary,Burglary in Other Buildings,1,2008,6
E01000494,Brent,Theft and Handling,Motor Vehicle Interference & Tampering,0,2010,5
E01000548,Brent,Fraud or Forgery,Other Fraud & Forgery,0,2012,10
E01003048,Lambeth,Theft and Handling,Other Theft,6,2009,10
E01004390,Waltham Forest,Burglary,Burglary in a Dwelling,1,2012,12
E01001539,Enfield,Burglary,Burglary in a Dwelling,0,2014,3
E01002782,Islington,Violence Against the Person,Other violence,0,2016,12
E01004686,Westminster,Criminal Damage,Criminal Damage To Other Building,0,2011,10
E01004392,Waltham Forest,Burglary,Burglary in Other Buildings,2,2012,5
E01000365,Bexley,Violence Against the Person,Assault with Injury,0,2014,8
E01003359,Merton,Other Notifiable Offences,Other Notifiable,1,2008,3
E01001764,Hackney,Theft and Handling,Other Theft Person,0,2014,12
E01002083,Haringey,Drugs,Possession Of Drugs,0,2012,3
E01002193,Harrow,Burglary,Burglary in a Dwelling,1,2009,7
E01003444,Merton,Theft and Handling,Motor Vehicle Interference & Tampering,0,2012,12
E01000703,Bromley,Violence Against the Person,Harassment,1,2016,5
E01003404,Merton,Violence Against the Person,Wounding/GBH,0,2012,6
E01002197,Harrow,Violence Against the Person,Harassment,0,2012,10
E01004420,Waltham Forest,Violence Against the Person,Assault with Injury,4,2008,11
E01003157,Lambeth,Violence Against the Person,Common Assault,0,2014,9
E01000421,Bexley,Theft and Handling,Other Theft,0,2010,10
E01004348,Waltham Forest,Other Notifiable Offences,Other Notifiable,0,2009,9
E01004368,Waltham Forest,Other Notifiable Offences,Going Equipped,0,2014,1
E01000488,Brent,Theft and Handling,Theft From Motor Vehicle,0,2016,2
E01000492,Brent,Theft and Handling,Theft From Motor Vehicle,0,2008,11
E01002320,Havering,Drugs,Drug Trafficking,0,2009,8
E01001826,Hackney,Violence Against the Person,Harassment,0,2016,1
E01004720,Westminster,Burglary,Burglary in Other Buildings,0,2010,10
E01001953,Hammersmith and Fulham,Burglary,Burglary in Other Buildings,1,2011,8
E01004082,Sutton,Other Notifiable Offences,Other Notifiable,0,2011,4
E01001811,Hackney,Theft and Handling,Motor Vehicle Interference & Tampering,0,2010,1
E01002139,Harrow,Robbery,Personal Property,0,2009,9
E01003190,Lewisham,Robbery,Personal Property,2,2012,2
E01000457,Bexley,Theft and Handling,Theft From Shops,2,2010,8
E01000281,Barnet,Robbery,Business Property,0,2009,8
E01004698,Westminster,Theft and Handling,Other Theft Person,3,2010,11
E01000008,Barking and Dagenham,Other Notifiable Offences,Going Equipped,0,2014,1
E01003879,Richmond upon Thames,Violence Against the Person,Harassment,0,2013,9
E01003834,Richmond upon Thames,Theft and Handling,Handling Stolen Goods,0,2010,8
E01001420,Enfield,Criminal Damage,Criminal Damage To Motor Vehicle,0,2013,10
E01000074,Barking and Dagenham,Violence Against the Person,Harassment,0,2012,2
E01003933,Southwark,Theft and Handling,Theft/Taking of Pedal Cycle,2,2012,5
E01002709,Islington,Violence Against the Person,Wounding/GBH,0,2013,4
E01000939,Camden,Theft and Handling,Theft From Shops,0,2009,12
E01001906,Hammersmith and Fulham,Theft and Handling,Theft From Motor Vehicle,0,2015,11
E01001109,Croydon,Other Notifiable Offences,Other Notifiable,0,2012,7
E01002966,Kingston upon Thames,Criminal Damage,Criminal Damage To Other Building,0,2013,12
E01002655,Hounslow,Theft and Handling,Theft/Taking of Pedal Cycle,0,2010,10
E01000600,Brent,Burglary,Burglary in Other Buildings,5,2009,5
E01001994,Haringey,Violence Against the Person,Wounding/GBH,0,2009,7
E01000007,Barking and Dagenham,Criminal Damage,Other Criminal Damage,2,2013,8
E01000849,Camden,Criminal Damage,Other Criminal Damage,0,2015,5
E01003437,Merton,Theft and Handling,Theft From Motor Vehicle,0,2013,2
E01001492,Enfield,Theft and Handling,Other Theft Person,0,2016,3
E01002915,Kingston upon Thames,Violence Against the Person,Common Assault,0,2009,3
E01000898,Camden,Theft and Handling,Motor Vehicle Interference & Tampering,1,2013,6
E01000629,Brent,Theft and Handling,Other Theft,1,2014,2
E01000986,Croydon,Robbery,Business Property,0,2011,8
E01000898,Camden,Criminal Damage,Criminal Damage To Motor Vehicle,0,2016,6
E01002369,Havering,Drugs,Drug Trafficking,0,2008,6
E01000900,Camden,Drugs,Drug Trafficking,0,2016,11
E01004495,Wandsworth,Criminal Damage,Criminal Damage To Other Building,0,2013,3
E01000730,Bromley,Other Notifiable Offences,Going Equipped,0,2015,10
E01003067,Lambeth,Burglary,Burglary in a Dwelling,2,2011,8
E01001348,Ealing,Other Notifiable Offences,Other Notifiable,1,2012,1
E01001097,Croydon,Robbery,Personal Property,1,2016,1
E01004163,Sutton,Criminal Damage,Criminal Damage To Other Building,0,2014,2
E01000076,Barking and Dagenham,Violence Against the Person,Other violence,0,2015,6
E01001930,Hammersmith and Fulham,Theft and Handling,Motor Vehicle Interference & Tampering,0,2011,4
E01002110,Harrow,Burglary,Burglary in a Dwelling,0,2009,10
E01001720,Hackney,Violence Against the Person,Wounding/GBH,0,2013,6
E01001064,Croydon,Theft and Handling,Theft From Shops,1,2012,12
E01000826,Bromley,Other Notifiable Offences,Other Notifiable,0,2010,5
E01004017,Southwark,Drugs,Drug Trafficking,0,2008,7
E01003026,Lambeth,Criminal Damage,Criminal Damage To Other Building,0,2011,8
E01004093,Sutton,Theft and Handling,Theft From Motor Vehicle,0,2016,6
E01002623,Hounslow,Criminal Damage,Other Criminal Damage,0,2008,9
E01003994,Southwark,Other Notifiable Offences,Going Equipped,0,2013,2
E01001528,Enfield,Theft and Handling,Theft From Shops,0,2012,4
E01003952,Southwark,Theft and Handling,Theft/Taking Of Motor Vehicle,0,2016,3
E01001918,Hammersmith and Fulham,Theft and Handling,Motor Vehicle Interference & Tampering,0,2011,12
E01004027,Southwark,Violence Against the Person,Common Assault,2,2014,6
E01000815,Bromley,Violence Against the Person,Offensive Weapon,0,2016,4
E01003666,Redbridge,Theft and Handling,Handling Stolen Goods,0,2014,1
E01002087,Haringey,Violence Against the Person,Wounding/GBH,0,2015,3
E01001782,Hackney,Drugs,Possession Of Drugs,0,2011,1
E01000055,Barking and Dagenham,Other Notifiable Offences,Other Notifiable,0,2015,2
E01004538,Wandsworth,Criminal Damage,Other Criminal Damage,0,2010,9
E01002251,Havering,Violence Against the Person,Wounding/GBH,0,2009,7
E01001677,Greenwich,Criminal Damage,Criminal Damage To Dwelling,0,2011,4
E01003702,Redbridge,Burglary,Burglary in Other Buildings,0,2014,11
E01001117,Croydon,Violence Against the Person,Other violence,1,2015,9
E01002008,Haringey,Criminal Damage,Criminal Damage To Other Building,0,2008,1
E01000044,Barking and Dagenham,Drugs,Possession Of Drugs,0,2016,6
E01004092,Sutton,Other Notifiable Offences,Going Equipped,0,2011,4
E01004676,Westminster,Criminal Damage,Criminal Damage To Other Building,0,2012,9
E01003939,Southwark,Violence Against the Person,Other violence,1,2009,8
E01000292,Barnet,Criminal Damage,Criminal Damage To Dwelling,0,2011,10
E01004587,Wandsworth,Theft and Handling,Theft From Shops,0,2009,5
E01001695,Greenwich,Theft and Handling,Theft From Motor Vehicle,1,2016,11
E01000622,Brent,Violence Against the Person,Assault with Injury,1,2013,6
E01003910,Richmond upon Thames,Theft and Handling,Theft/Taking Of Motor Vehicle,0,2008,1
E01002565,Hounslow,Drugs,Other Drugs,0,2014,4
E01001555,Enfield,Theft and Handling,Motor Vehicle Interference & Tampering,1,2015,2
E01000583,Brent,Violence Against the Person,Common Assault,1,2011,7
E01002185,Harrow,Theft and Handling,Other Theft,0,2015,10
E01004147,Sutton,Violence Against the Person,Harassment,0,2011,8
E01004234,Tower Hamlets,Robbery,Personal Property,3,2011,4
E01004185,Sutton,Violence Against the Person,Other violence,0,2016,3
E01004654,Westminster,Criminal Damage,Criminal Damage To Dwelling,0,2016,6
E01000016,Barking and Dagenham,Violence Against the Person,Wounding/GBH,0,2011,1
E01000392,Bexley,Drugs,Other Drugs,0,2013,12
E01003321,Lewisham,Drugs,Other Drugs,0,2013,11
E01000595,Brent,Criminal Damage,Criminal Damage To Other Building,0,2008,11
E01002877,Kensington and Chelsea,Theft and Handling,Theft/Taking Of Motor Vehicle,2,2009,10
E01000162,Barnet,Violence Against the Person,Wounding/GBH,0,2014,9
E01003291,Lewisham,Violence Against the Person,Murder,0,2014,9
E01004529,Wandsworth,Criminal Damage,Criminal Damage To Other Building,0,2014,4
E01001572,Greenwich,Other Notifiable Offences,Other Notifiable,0,2014,11
E01033571,Richmond upon Thames,Theft and Handling,Other Theft,0,2016,4
E01033596,Westminster,Burglary,Burglary in a Dwelling,0,2016,10
E01002589,Hounslow,Violence Against the Person,Offensive Weapon,0,2010,11
E01000604,Brent,Burglary,Burglary in Other Buildings,0,2014,8
E01000853,Camden,Theft and Handling,Motor Vehicle Interference & Tampering,0,2008,7
E01003833,Richmond upon Thames,Drugs,Drug Trafficking,0,2008,9
E01004630,Wandsworth,Criminal Damage,Criminal Damage To Dwelling,0,2015,1
E01002187,Harrow,Violence Against the Person,Other violence,0,2015,9
E01004510,Wandsworth,Theft and Handling,Theft/Taking Of Motor Vehicle,1,2010,10
E01003374,Merton,Violence Against the Person,Common Assault,3,2011,9
E01000856,Camden,Theft and Handling,Other Theft Person,1,2013,4
E01003670,Redbridge,Theft and Handling,Motor Vehicle Interference & Tampering,1,2016,6
E01001647,Greenwich,Violence Against the Person,Other violence,0,2008,9
E01003381,Merton,Burglary,Burglary in Other Buildings,0,2014,11
E01002915,Kingston upon Thames,Violence Against the Person,Offensive Weapon,0,2015,3
E01001605,Greenwich,Violence Against the Person,Common Assault,0,2011,11
E01001871,Hammersmith and Fulham,Sexual Offences,Other Sexual,0,2008,9
E01001779,Hackney,Theft and Handling,Other Theft Person,6,2016,5
E01001495,Enfield,Criminal Damage,Criminal Damage To Dwelling,0,2009,4
E01000538,Brent,Violence Against the Person,Offensive Weapon,0,2013,4
E01002486,Hillingdon,Theft and Handling,Handling Stolen Goods,0,2010,5
E01002138,Harrow,Drugs,Possession Of Drugs,1,2016,8
E01000528,Brent,Drugs,Other Drugs,0,2016,7
E01000860,Camden,Theft and Handling,Theft From Motor Vehicle,0,2011,9
E01004526,Wandsworth,Criminal Damage,Criminal Damage To Motor Vehicle,1,2008,8
E01002003,Haringey,Other Notifiable Offences,Other Notifiable,1,2012,3
E01001808,Hackney,Criminal Damage,Criminal Damage To Motor Vehicle,1,2016,11
E01001429,Enfield,Theft and Handling,Theft/Taking of Pedal Cycle,0,2010,1
E01002638,Hounslow,Criminal Damage,Criminal Damage To Other Building,0,2014,4
E01000748,Bromley,Criminal Damage,Criminal Damage To Dwelling,0,2016,12
E01032579,Lewisham,Theft and Handling,Other Theft Person,1,2012,2
E01002642,Hounslow,Violence Against the Person,Assault with Injury,4,2012,1
E01003088,Lambeth,Drugs,Other Drugs,0,2014,3
E01000387,Bexley,Violence Against the Person,Wounding/GBH,0,2015,12
E01001213,Ealing,Theft and Handling,Motor Vehicle Interference & Tampering,0,2008,10
E01002862,Kensington and Chelsea,Violence Against the Person,Offensive Weapon,1,2008,7
E01003952,Southwark,Criminal Damage,Criminal Damage To Motor Vehicle,2,2011,10
E01000727,Bromley,Theft and Handling,Theft/Taking of Pedal Cycle,0,2008,7
E01001542,Enfield,Theft and Handling,Theft/Taking Of Motor Vehicle,2,2016,8
E01003493,Newham,Criminal Damage,Criminal Damage To Other Building,0,2009,4
E01000508,Brent,Violence Against the Person,Other violence,0,2016,4
E01004421,Waltham Forest,Theft and Handling,Theft/Taking Of Motor Vehicle,1,2015,11
E01000059,Barking and Dagenham,Other Notifiable Offences,Other Notifiable,0,2008,11
E01003471,Merton,Drugs,Drug Trafficking,0,2015,5
E01000966,Camden,Drugs,Possession Of Drugs,0,2016,12
E01000707,Bromley,Robbery,Personal Property,0,2015,5
E01032566,Bexley,Drugs,Drug Trafficking,0,2014,8
E01001676,Greenwich,Fraud or Forgery,Other Fraud & Forgery,0,2015,11
E01000995,Croydon,Theft and Handling,Theft From Shops,0,2010,7
E01004692,Westminster,Violence Against the Person,Common Assault,0,2012,3
E01001701,Greenwich,Violence Against the Person,Other violence,1,2008,1
E01001034,Croydon,Theft and Handling,Other Theft,1,2012,4
E01001675,Greenwich,Theft and Handling,Other Theft,2,2014,1
E01004466,Waltham Forest,Theft and Handling,Motor Vehicle Interference & Tampering,2,2016,12
E01004040,Southwark,Criminal Damage,Criminal Damage To Other Building,0,2008,7
E01001130,Croydon,Other Notifiable Offences,Other Notifiable,0,2016,8
E01004040,Southwark,Drugs,Drug Trafficking,0,2012,8
E01003832,Richmond upon Thames,Violence Against the Person,Other violence,0,2008,12
E01003402,Merton,Violence Against the Person,Assault with Injury,0,2014,7
E01002945,Kingston upon Thames,Violence Against the Person,Harassment,2,2012,5
E01002301,Havering,Burglary,Burglary in a Dwelling,1,2011,9
E01004690,Westminster,Violence Against the Person,Wounding/GBH,0,2013,12
E01002333,Havering,Other Notifiable Offences,Going Equipped,0,2012,12
E01004028,Southwark,Violence Against the Person,Common Assault,0,2012,12
E01003984,Southwark,Violence Against the Person,Murder,0,2011,8
E01001597,Greenwich,Drugs,Possession Of Drugs,0,2011,5
E01004736,Westminster,Violence Against the Person,Other violence,1,2012,7
E01003690,Redbridge,Theft and Handling,Motor Vehicle Interference & Tampering,0,2013,11
E01001013,Croydon,Theft and Handling,Motor Vehicle Interference & Tampering,1,2016,10
E01000882,Camden,Drugs,Drug Trafficking,0,2011,6
E01001979,Haringey,Theft and Handling,Theft/Taking Of Motor Vehicle,1,2013,2
E01003300,Lewisham,Theft and Handling,Motor Vehicle Interference & Tampering,0,2009,8
E01003377,Merton,Violence Against the Person,Other violence,0,2010,10
E01001806,Hackney,Robbery,Personal Property,0,2016,9
E01003046,Lambeth,Theft and Handling,Other Theft,0,2009,10
E01000744,Bromley,Burglary,Burglary in Other Buildings,0,2015,8
E01002692,Hounslow,Violence Against the Person,Offensive Weapon,0,2011,3
E01001963,Haringey,Robbery,Personal Property,0,2008,10
E01004594,Wandsworth,Drugs,Possession Of Drugs,0,2016,3
E01003430,Merton,Theft and Handling,Handling Stolen Goods,0,2013,12
E01001388,Ealing,Theft and Handling,Other Theft Person,3,2011,3
E01001007,Croydon,Robbery,Personal Property,1,2015,1
E01000977,Croydon,Theft and Handling,Theft/Taking Of Motor Vehicle,0,2008,9
E01002426,Hillingdon,Violence Against the Person,Harassment,1,2014,12
E01001116,Croydon,Theft and Handling,Theft From Shops,4,2016,4
E01004039,Southwark,Theft and Handling,Theft/Taking Of Motor Vehicle,0,2011,8
E01002879,Kensington and Chelsea,Criminal Damage,Other Criminal Damage,0,2016,3
E01001066,Croydon,Drugs,Other Drugs,0,2012,4
E01004501,Wandsworth,Violence Against the Person,Offensive Weapon,0,2014,3
E01001203,Ealing,Violence Against the Person,Wounding/GBH,1,2016,1
E01000852,Camden,Theft and Handling,Other Theft Person,2,2015,12
E01002904,Kensington and Chelsea,Robbery,Business Property,0,2016,9
E01004229,Tower Hamlets,Drugs,Drug Trafficking,0,2009,3
E01004442,Waltham Forest,Violence Against the Person,Harassment,0,2014,10
E01002427,Hillingdon,Robbery,Personal Property,0,2016,8
E01001472,Enfield,Criminal Damage,Criminal Damage To Dwelling,1,2014,10
E01000550,Brent,Violence Against the Person,Harassment,0,2014,5
E01000512,Brent,Theft and Handling,Handling Stolen Goods,0,2016,3
E01003697,Redbridge,Theft and Handling,Other Theft,0,2009,1
E01001823,Hackney,Theft and Handling,Theft From Motor Vehicle,1,2013,3
E01001985,Haringey,Robbery,Personal Property,0,2013,1
E01000565,Brent,Violence Against the Person,Offensive Weapon,0,2008,9
E01000407,Bexley,Theft and Handling,Theft From Shops,0,2016,10
E01003489,Newham,Robbery,Business Property,1,2016,5
E01000593,Brent,Violence Against the Person,Other violence,0,2010,1
E01000469,Bexley,Violence Against the Person,Common Assault,0,2010,7
E01002916,Kingston upon Thames,Violence Against the Person,Wounding/GBH,0,2015,10
E01001717,Hackney,Theft and Handling,Theft/Taking Of Motor Vehicle,0,2016,7
E01003376,Merton,Burglary,Burglary in Other Buildings,2,2010,8
E01003864,Richmond upon Thames,Violence Against the Person,Assault with Injury,0,2015,11
E01002202,Harrow,Other Notifiable Offences,Other Notifiable,1,2012,11
E01000252,Barnet,Theft and Handling,Other Theft Person,0,2010,1
E01002094,Haringey,Theft and Handling,Theft/Taking of Pedal Cycle,0,2010,7
