E01004629,Wandsworth,Theft and Handling,Motor Vehicle Interference & Tampering,0,2009,11
E01002162,Harrow,Violence Against the Person,Other violence,0,2009,2
E01000730,Bromley,Violence Against the Person,Assault with Injury,1,2013,12
E01002997,Kingston upon Thames,Violence Against the Person,Assault with Injury,0,2012,8
E01003444,Merton,Criminal Damage,Other Criminal Damage,0,2013,8
E01001371,Ealing,Robbery,Business Property,0,2013,7
E01001845,Hackney,Other Notifiable Offences,Other Notifiable,0,2008,10
E01002566,Hounslow,Violence Against the Person,Other violence,0,2015,4
E01000103,Barking and Dagenham,Burglary,Burglary in Other Buildings,0,2010,5
E01001621,Greenwich,Robbery,Personal Property,1,2008,8
E01004206,Tower Hamlets,Drugs,Possession Of Drugs,3,2013,5
E01003776,Redbridge,Drugs,Possession Of Drugs,0,2013,11
E01003224,Lewisham,Criminal Damage,Criminal Damage To Motor Vehicle,0,2016,8
E01003700,Redbridge,Violence Against the Person,Offensive Weapon,0,2010,2
E01002162,Harrow,Theft and Handling,Theft From Motor Vehicle,0,2015,9
E01003480,Newham,Theft and Handling,Theft/Taking of Pedal Cycle,1,2012,9
E01003184,Lambeth,Criminal Damage,Criminal Damage To Motor Vehicle,1,2013,2
E01002670,Hounslow,Criminal Damage,Criminal Damage To Other Building,0,2013,4
E01000948,Camden,Violence Against the Person,Wounding/GBH,0,2012,10
E01000194,Barnet,Theft and Handling,Theft From Shops,0,2009,11
E01004678,Westminster,Drugs,Drug Trafficking,0,2013,11
E01001299,Ealing,Violence Against the Person,Common Assault,0,2011,12
E01001886,Hammersmith and Fulham,Criminal Damage,Other Criminal Damage,0,2015,10
E01004043,Southwark,Robbery,Personal Property,0,2010,8
E01000055,Barking and Dagenham,Violence Against the Person,Assault with Injury,0,2011,9
E01003998,Southwark,Drugs,Other Drugs,0,2011,11
E01000402,Bexley,Violence Against the Person,Wounding/GBH,0,2014,9
E01002918,Kingston upon Thames,Violence Against the Person,Common Assault,0,2011,12
E01002671,Hounslow,Criminal Damage,Criminal Damage To Other Building,0,2013,1
E01004712,Westminster,Robbery,Personal Property,0,2009,9
E01003152,Lambeth,Drugs,Possession Of Drugs,0,2010,10
E01000350,Bexley,Violence Against the Person,Offensive Weapon,0,2008,9
E01000592,Brent,Drugs,Drug Trafficking,0,2015,8
E01001750,Hackney,Violence Against the Person,Common Assault,2,2010,4
E01000936,Camden,Fraud or Forgery,Other Fraud & Forgery,0,2012,8
E01004321,Tower Hamlets,Theft and Handling,Handling Stolen Goods,0,2011,4
E01000012,Barking and Dagenham,Theft and Handling,Theft From Motor Vehicle,0,2014,6
E01003264,Lewisham,Violence Against the Person,Common Assault,1,2016,11
E01003922,Southwark,Theft and Handling,Theft From Shops,0,2009,8
E01001371,Ealing,Theft and Handling,Other Theft,1,2015,8
E01001722,Hackney,Violence Against the Person,Murder,0,2010,4
E01003775,Redbridge,Violence Against the Person,Assault with Injury,0,2012,6
E01003803,Richmond upon Thames,Theft and Handling,Theft From Motor Vehicle,0,2014,12
E01000784,Bromley,Theft and Handling,Theft/Taking of Pedal Cycle,0,2011,11
E01000233,Barnet,Criminal Damage,Other Criminal Damage,0,2015,6
E01004258,Tower Hamlets,Robbery,Business Property,0,2010,1
E01002533,Hillingdon,Violence Against the Person,Harassment,0,2008,10
E01000914,Camden,Criminal Damage,Criminal Damage To Other Building,1,2008,10
E01004440,Waltham Forest,Criminal Damage,Criminal Damage To Other Building,0,2014,1
E01000146,Barnet,Drugs,Drug Trafficking,0,2012,3
E01002659,Hounslow,Violence Against the Person,Common Assault,0,2009,3
E01001175,Croydon,Violence Against the Person,Harassment,1,2015,3
E01000075,Barking and Dagenham,Robbery,Business Property,0,2011,8
E01002516,Hillingdon,Theft and Handling,Other Theft,0,2010,4
E01000654,Bromley,Drugs,Drug Trafficking,0,2008,10
E01001937,Hammersmith and Fulham,Drugs,Drug Trafficking,0,2010,3
E01003126,Lambeth,Theft and Handling,Theft/Taking of Pedal Cycle,1,2012,6
E01003486,Newham,Robbery,Business Property,0,2009,10
E01004029,Southwark,Violence Against the Person,Assault with Injury,0,2011,1
E01001011,Croydon,Theft and Handling,Handling Stolen Goods,0,2008,4
E01001546,Enfield,Criminal Damage,Other Criminal Damage,0,2008,10
E01002286,Havering,Violence Against the Person,Assault with Injury,0,2012,7
E01000621,Brent,Theft and Handling,Motor Vehicle Interference & Tampering,1,2010,5
E01002629,Hounslow,Violence Against the Person,Harassment,2,2009,11
E01001360,Ealing,Burglary,Burglary in a Dwelling,0,2013,6
E01032743,Ealing,Theft and Handling,Other Theft Person,1,2013,12
E01004286,Tower Hamlets,Theft and Handling,Other Theft Person,0,2015,4
E01002067,Haringey,Criminal Damage,Criminal Damage To Dwelling,0,2010,6
E01001539,Enfield,Burglary,Burglary in Other Buildings,0,2013,7
E01003885,Richmond upon Thames,Robbery,Personal Property,0,2012,1
E01000146,Barnet,Violence Against the Person,Offensive Weapon,0,2014,11
E01003113,Lambeth,Other Notifiable Offences,Other Notifiable,0,2008,1
E01001073,Croydon,Theft and Handling,Theft From Motor Vehicle,0,2016,11
E01003947,Southwark,Theft and Handling,Theft/Taking of Pedal Cycle,0,2010,11
E01002754,Islington,Violence Against the Person,Harassment,0,2012,5
E01003733,Redbridge,Theft and Handling,Theft From Shops,0,2014,2
E01003616,Newham,Criminal Damage,Criminal Damage To Motor Vehicle,2,2009,1
E01003892,Richmond upon Thames,Theft and Handling,Theft/Taking of Pedal Cycle,0,2008,8
E01000608,Brent,Other Notifiable Offences,Other Notifiable,1,2008,5
E01002674,Hounslow,Violence Against the Person,Common Assault,0,2014,11
E01002154,Harrow,Criminal Damage,Criminal Damage To Motor Vehicle,0,2011,5
E01001105,Croydon,Theft and Handling,Other Theft Person,0,2008,9
E01001553,Enfield,Violence Against the Person,Offensive Weapon,0,2014,9
E01003031,Lambeth,Robbery,Business Property,0,2009,3
E01002983,Kingston upon Thames,Theft and Handling,Other Theft Person,0,2015,10
E01001080,Croydon,Criminal Damage,Criminal Damage To Other Building,0,2013,4
E01000356,Bexley,Violence Against the Person,Harassment,1,2015,1
E01003461,Merton,Theft and Handling,Other Theft Person,0,2009,11
E01003810,Richmond upon Thames,Fraud or Forgery,Counted per Victim,0,2011,7
E01004551,Wandsworth,Theft and Handling,Theft/Taking of Pedal Cycle,0,2013,12
E01000493,Brent,Other Notifiable Offences,Other Notifiable,0,2016,7
E01003619,Newham,Fraud or Forgery,Counted per Victim,0,2014,4
E01033488,Islington,Criminal Damage,Other Criminal Damage,0,2008,8
E01004121,Sutton,Criminal Damage,Criminal Damage To Dwelling,0,2013,4
E01001451,Enfield,Theft and Handling,Theft/Taking Of Motor Vehicle,0,2011,10
E01002390,Havering,Criminal Damage,Criminal Damage To Motor Vehicle,1,2014,4
E01002463,Hillingdon,Criminal Damage,Other Criminal Damage,1,2011,3
E01003953,Southwark,Theft and Handling,Other Theft,4,2008,10
E01000839,Bromley,Burglary,Burglary in a Dwelling,0,2009,3
E01003047,Lambeth,Other Notifiable Offences,Other Notifiable,3,2009,2
E01004406,Waltham Forest,Theft and Handling,Handling Stolen Goods,0,2015,11
E01000213,Barnet,Robbery,Personal Property,0,2013,9
E01000554,Brent,Violence Against the Person,Harassment,0,2008,1
E01000715,Bromley,Drugs,Drug Trafficking,0,2014,9
E01003762,Redbridge,Violence Against the Person,Offensive Weapon,0,2008,4
E01002972,Kingston upon Thames,Drugs,Possession Of Drugs,0,2008,9
E01002322,Havering,Drugs,Possession Of Drugs,0,2016,1
E01001782,Hackney,Theft and Handling,Other Theft Person,0,2008,3
E01003572,Newham,Theft and Handling,Motor Vehicle Interference & Tampering,1,2011,3
E01002161,Harrow,Criminal Damage,Criminal Damage To Dwelling,0,2009,7
E01001722,Hackney,Theft and Handling,Theft From Motor Vehicle,2,2010,2
E01003174,Lambeth,Violence Against the Person,Other violence,0,2012,8
E01001357,Ealing,Criminal Damage,Other Criminal Damage,0,2011,1
E01004112,Sutton,Theft and Handling,Theft/Taking Of Motor Vehicle,2,2011,3
E01001155,Croydon,Robbery,Business Property,0,2013,2
E01002234,Harrow,Robbery,Business Property,0,2011,3
E01003576,Newham,Theft and Handling,Theft From Motor Vehicle,3,2008,10
E01033457,Brent,Violence Against the Person,Wounding/GBH,0,2008,3
E01000502,Brent,Robbery,Personal Property,0,2008,12
E01000321,Barnet,Other Notifiable Offences,Other Notifiable,0,2011,8
E01003795,Redbridge,Violence Against the Person,Common Assault,0,2016,12
E01001312,Ealing,Criminal Damage,Criminal Damage To Motor Vehicle,0,2008,10
E01002892,Kensington and Chelsea,Theft and Handling,Handling Stolen Goods,0,2011,6
E01004502,Wandsworth,Theft and Handling,Handling Stolen Goods,0,2015,11
E01003920,Southwark,Theft and Handling,Theft/Taking of Pedal Cycle,0,2010,9
E01002171,Harrow,Theft and Handling,Theft From Motor Vehicle,0,2008,4
E01001023,Croydon,Theft and Handling,Handling Stolen Goods,0,2016,12
E01004583,Wandsworth,Robbery,Personal Property,0,2011,6
E01004452,Waltham Forest,Other Notifiable Offences,Going Equipped,0,2015,11
E01002031,Haringey,Violence Against the Person,Harassment,1,2010,4
E01004036,Southwark,Violence Against the Person,Wounding/GBH,0,2011,5
E01003134,Lambeth,Violence Against the Person,Offensive Weapon,0,2012,9
E01004495,Wandsworth,Drugs,Drug Trafficking,0,2008,1
E01003511,Newham,Burglary,Burglary in a Dwelling,0,2016,4
E01002573,Hounslow,Robbery,Personal Property,0,2011,8
E01001585,Greenwich,Violence Against the Person,Common Assault,0,2013,11
E01003020,Lambeth,Drugs,Drug Trafficking,0,2015,4
E01002985,Kingston upon Thames,Criminal Damage,Criminal Damage To Motor Vehicle,1,2012,10
E01003238,Lewisham,Other Notifiable Offences,Other Notifiable,0,2011,4
E01001566,Enfield,Drugs,Drug Trafficking,0,2008,3
E01004465,Waltham Forest,Violence Against the Person,Assault with Injury,0,2011,2
E01000885,Camden,Theft and Handling,Theft From Motor Vehicle,2,2014,7
E01001955,Hammersmith and Fulham,Burglary,Burglary in Other Buildings,0,2008,3
E01001776,Hackney,Drugs,Possession Of Drugs,1,2010,11
E01003408,Merton,Robbery,Business Property,0,2009,2
E01002921,Kingston upon Thames,Drugs,Drug Trafficking,0,2014,8
E01001534,Enfield,Other Notifiable Offences,Going Equipped,0,2015,4
E01000972,Camden,Criminal Damage,Criminal Damage To Motor Vehicle,0,2013,5
E01003790,Redbridge,Criminal Damage,Criminal Damage To Motor Vehicle,0,2016,12
E01002427,Hillingdon,Burglary,Burglary in Other Buildings,0,2015,12
E01004559,Wandsworth,Drugs,Drug Trafficking,0,2009,10
E01032580,Barking and Dagenham,Theft and Handling,Handling Stolen Goods,0,2011,4
E01001382,Ealing,Theft and Handling,Other Theft,0,2015,1
E01002138,Harrow,Theft and Handling,Handling Stolen Goods,0,2013,7
E01001355,Ealing,Robbery,Business Property,0,2011,6
E01033456,Brent,Theft and Handling,Other Theft,0,2009,8
E01003277,Lewisham,Violence Against the Person,Offensive Weapon,0,2015,6
E01001595,Greenwich,Theft and Handling,Other Theft,0,2009,1
E01001078,Croydon,Violence Against the Person,Common Assault,2,2009,2
E01001355,Ealing,Burglary,Burglary in a Dwelling,3,2014,12
E01003720,Redbridge,Drugs,Possession Of Drugs,0,2015,5
E01002908,Kensington and Chelsea,Violence Against the Person,Wounding/GBH,0,2010,8
E01003264,Lewisham,Robbery,Business Property,0,2016,3
E01001161,Croydon,Drugs,Drug Trafficking,0,2009,3
E01003471,Merton,Fraud or Forgery,Other Fraud & Forgery,0,2015,9
E01000257,Barnet,Robbery,Personal Property,0,2016,10
E01000472,Brent,Violence Against the Person,Wounding/GBH,0,2016,12
E01004104,Sutton,Burglary,Burglary in Other Buildings,2,2016,6
E01001504,Enfield,Violence Against the Person,Offensive Weapon,0,2012,7
E01001316,Ealing,Criminal Damage,Criminal Damage To Dwelling,0,2016,6
E01003124,Lambeth,Robbery,Personal Property,0,2016,12
E01001808,Hackney,Burglary,Burglary in Other Buildings,1,2014,8
E01003594,Newham,Other Notifiable Offences,Going Equipped,0,2015,3
E01002118,Harrow,Burglary,Burglary in Other Buildings,1,2010,4
E01004350,Waltham Forest,Violence Against the Person,Wounding/GBH,0,2016,7
E01004546,Wandsworth,Theft and Handling,Other Theft Person,0,2010,7
E01000211,Barnet,Criminal Damage,Other Criminal Damage,0,2010,2
E01002926,Kingston upon Thames,Robbery,Personal Property,0,2014,3
E01000289,Barnet,Robbery,Personal Property,1,2013,7
E01001347,Ealing,Theft and Handling,Theft From Shops,3,2008,5
E01004047,Southwark,Drugs,Other Drugs,0,2008,3
E01001348,Ealing,Burglary,Burglary in a Dwelling,2,2011,4
E01001261,Ealing,Robbery,Business Property,0,2012,8
E01001478,Enfield,Theft and Handling,Theft/Taking Of Motor Vehicle,0,2014,10
E01000029,Barking and Dagenham,Theft and Handling,Theft/Taking Of Motor Vehicle,2,2015,3
E01002978,Kingston upon Thames,Violence Against the Person,Offensive Weapon,0,2013,6
E01001449,Enfield,Theft and Handling,Handling Stolen Goods,1,2014,11
E01003426,Merton,Drugs,Possession Of Drugs,3,2014,7
E01003981,Southwark,Criminal Damage,Criminal Damage To Dwelling,0,2009,12
E01000390,Bexley,Other Notifiable Offences,Other Notifiable,0,2012,1
E01000915,Camden,Criminal Damage,Criminal Damage To Motor Vehicle,0,2008,1
E01001802,Hackney,Drugs,Drug Trafficking,0,2015,10
E01002103,Haringey,Theft and Handling,Other Theft Person,0,2016,1
E01001172,Croydon,Drugs,Other Drugs,0,2010,12
E01004466,Waltham Forest,Criminal Damage,Criminal Damage To Dwelling,2,2011,10
E01001235,Ealing,Theft and Handling,Handling Stolen Goods,0,2013,10
E01003860,Richmond upon Thames,Theft and Handling,Theft/Taking Of Motor Vehicle,0,2014,11
E01001394,Enfield,Drugs,Drug Trafficking,0,2015,4
E01003939,Southwark,Theft and Handling,Theft From Shops,1,2015,7
E01003587,Newham,Criminal Damage,Criminal Damage To Other Building,0,2016,10
E01001206,Ealing,Other Notifiable Offences,Other Notifiable,0,2012,10
E01004474,Wandsworth,Theft and Handling,Other Theft,20,2011,5
E01004214,Tower Hamlets,Criminal Damage,Criminal Damage To Motor Vehicle,0,2015,4
E01000511,Brent,Theft and Handling,Other Theft,0,2009,1
E01000364,Bexley,Burglary,Burglary in Other Buildings,0,2015,4
E01001948,Hammersmith and Fulham,Theft and Handling,Theft/Taking of Pedal Cycle,0,2015,2
E01033595,Westminster,Robbery,Business Property,0,2009,6
E01001675,Greenwich,Theft and Handling,Handling Stolen Goods,0,2014,3
E01002159,Harrow,Burglary,Burglary in a Dwelling,1,2016,4
E01003122,Lambeth,Robbery,Personal Property,0,2008,12
E01004374,Waltham Forest,Drugs,Drug Trafficking,0,2010,5
E01004496,Wandsworth,Theft and Handling,Theft/Taking of Pedal Cycle,1,2012,11
E01000048,Barking and Dagenham,Violence Against the Person,Other violence,0,2011,9
E01000131,Barnet,Drugs,Drug Trafficking,0,2010,10
E01002714,Islington,Criminal Damage,Other Criminal Damage,1,2012,2
E01004608,Wandsworth,Theft and Handling,Other Theft Person,0,2013,2
E01003341,Lewisham,Burglary,Burglary in a Dwelling,2,2013,8
E01001430,Enfield,Other Notifiable Offences,Other Notifiable,0,2011,3
E01001130,Croydon,Robbery,Business Property,0,2011,5
E01001425,Enfield,Fraud or Forgery,Other Fraud & Forgery,0,2013,8
E01004177,Sutton,Violence Against the Person,Harassment,1,2016,6
E01004748,Westminster,Theft and Handling,Theft/Taking of Pedal Cycle,0,2013,3
E01002395,Hillingdon,Theft and Handling,Motor Vehicle Interference & Tampering,0,2009,9
E01004614,Wandsworth,Criminal Damage,Criminal Damage To Dwelling,0,2013,7
E01000231,Barnet,Violence Against the Person,Wounding/GBH,0,2011,6
E01002039,Haringey,Violence Against the Person,Common Assault,0,2009,2
E01001349,Ealing,Drugs,Other Drugs,0,2010,3
E01000553,Brent,Drugs,Drug Trafficking,0,2010,10
E01001559,Enfield,Criminal Damage,Other Criminal Damage,0,2016,9
E01004305,Tower Hamlets,Theft and Handling,Other Theft,3,2008,7
E01001476,Enfield,Other Notifiable Offences,Other Notifiable,1,2009,10
E01001700,Greenwich,Robbery,Personal Property,1,2010,9
E01003109,Lambeth,Theft and Handling,Theft From Motor Vehicle,1,2010,6
E01000985,Croydon,Violence Against the Person,Common Assault,0,2008,11
E01002794,Islington,Violence Against the Person,Wounding/GBH,1,2011,5
E01004146,Sutton,Theft and Handling,Motor Vehicle Interference & Tampering,1,2013,2
E01003220,Lewisham,Theft and Handling,Motor Vehicle Interference & Tampering,0,2013,12
E01002031,Haringey,Theft and Handling,Other Theft,20,2009,12
E01004683,Westminster,Drugs,Drug Trafficking,0,2009,2
E01000071,Barking and Dagenham,Theft and Handling,Theft/Taking of Pedal Cycle,0,2009,9
E01000414,Bexley,Theft and Handling,Theft From Shops,5,2014,10
E01004701,Westminster,Theft and Handling,Handling Stolen Goods,0,2008,8
E01001595,Greenwich,Drugs,Possession Of Drugs,0,2008,6
E01000946,Camden,Theft and Handling,Theft From Motor Vehicle,0,2013,10
E01033085,Haringey,Violence Against the Person,Offensive Weapon,0,2011,4
E01000449,Bexley,Theft and Handling,Other Theft,0,2011,7
E01001868,Hammersmith and Fulham,Other Notifiable Offences,Other Notifiable,0,2012,3
E01000024,Barking and Dagenham,Criminal Damage,Other Criminal Damage,0,2011,1
E01002841,Kensington and Chelsea,Criminal Damage,Criminal Damage To Other Building,0,2011,9
E01002201,Harrow,Robbery,Personal Property,0,2011,11
E01001366,Ealing,Theft and Handling,Theft From Shops,0,2009,3
E01002742,Islington,Criminal Damage,Other Criminal Damage,0,2016,8
E01002950,Kingston upon Thames,Violence Against the Person,Common Assault,0,2013,4
E01001442,Enfield,Criminal Damage,Other Criminal Damage,0,2014,4
E01000507,Brent,Theft and Handling,Other Theft,0,2015,8
E01002140,Harrow,Criminal Damage,Criminal Damage To Other Building,0,2013,9
E01000696,Bromley,Violence Against the Person,Wounding/GBH,0,2011,8
E01004028,Southwark,Theft and Handling,Theft From Motor Vehicle,0,2012,9
E01000132,Barnet,Drugs,Other Drugs,0,2012,11
E01000133,Barnet,Violence Against the Person,Offensive Weapon,0,2011,8
E01001786,Hackney,Burglary,Burglary in Other Buildings,0,2016,5
E01002365,Havering,Theft and Handling,Theft From Shops,2,2013,7
E01004553,Wandsworth,Violence Against the Person,Other violence,0,2009,2
E01001947,Hammersmith and Fulham,Violence Against the Person,Other violence,1,2013,5
E01002155,Harrow,Theft and Handling,Theft/Taking Of Motor Vehicle,0,2010,3
E01002702,Islington,Burglary,Burglary in Other Buildings,0,2010,6
E01004485,Wandsworth,Burglary,Burglary in a Dwelling,0,2013,1
E01000344,Bexley,Criminal Damage,Criminal Damage To Dwelling,0,2015,2
E01002656,Hounslow,Theft and Handling,Theft From Shops,0,2011,4
E01001278,Ealing,Criminal Damage,Criminal Damage To Motor Vehicle,0,2008,12
E01000307,Barnet,Theft and Handling,Other Theft Person,2,2008,1
E01000686,Bromley,Theft and Handling,Other Theft,0,2011,8
E01003248,Lewisham,Criminal Damage,Criminal Damage To Dwelling,0,2009,12
E01003425,Merton,Burglary,Burglary in a Dwelling,2,2011,11
E01004612,Wandsworth,Theft and Handling,Theft/Taking Of Motor Vehicle,0,2008,4
E01004744,Westminster,Other Notifiable Offences,Other Notifiable,0,2012,7
E01033702,Hackney,Theft and Handling,Other Theft Person,0,2014,3
E01000063,Barking and Dagenham,Robbery,Business Property,0,2008,9
E01004426,Waltham Forest,Violence Against the Person,Offensive Weapon,0,2009,3
E01001029,Croydon,Criminal Damage,Criminal Damage To Other Building,0,2015,5
E01003772,Redbridge,Violence Against the Person,Wounding/GBH,0,2014,12
E01001384,Ealing,Drugs,Possession Of Drugs,0,2010,9
E01004400,Waltham Forest,Robbery,Personal Property,0,2011,12
E01002777,Islington,Drugs,Drug Trafficking,0,2012,7
E01003174,Lambeth,Violence Against the Person,Offensive Weapon,0,2016,1
E01004355,Waltham Forest,Theft and Handling,Other Theft Person,0,2015,7
E01000487,Brent,Criminal Damage,Other Criminal Damage,0,2010,12
E01001380,Ealing,Criminal Damage,Other Criminal Damage,0,2012,4
E01000302,Barnet,Theft and Handling,Theft/Taking Of Motor Vehicle,0,2010,7
E01001240,Ealing,Violence Against the Person,Common Assault,1,2015,2
E01002875,Kensington and Chelsea,Drugs,Drug Trafficking,0,2015,3
E01003757,Redbridge,Burglary,Burglary in a Dwelling,2,2008,12
E01003640,Redbridge,Violence Against the Person,Common Assault,1,2012,1
E01000284,Barnet,Violence Against the Person,Common Assault,1,2009,11
E01000007,Barking and Dagenham,Criminal Damage,Criminal Damage To Motor Vehicle,0,2008,7
E01000977,Croydon,Criminal Damage,Criminal Damage To Other Building,0,2009,1
E01001738,Hackney,Theft and Handling,Theft/Taking of Pedal Cycle,0,2012,2
E01004193,Sutton,Theft and Handling,Theft/Taking Of Motor Vehicle,0,2012,11
E01001574,Greenwich,Criminal Damage,Criminal Damage To Motor Vehicle,3,2008,3
E01003162,Lambeth,Theft and Handling,Theft From Shops,0,2008,9
E01001586,Greenwich,Robbery,Business Property,0,2008,4
E01004011,Southwark,Violence Against the Person,Harassment,0,2013,11
E01004618,Wandsworth,Theft and Handling,Motor Vehicle Interference & Tampering,1,2014,8
E01001226,Ealing,Criminal Damage,Criminal Damage To Dwelling,1,2015,7
E01001650,Greenwich,Violence Against the Person,Harassment,1,2015,10
E01003392,Merton,Theft and Handling,Theft From Motor Vehicle,1,2013,12
E01004295,Tower Hamlets,Criminal Damage,Other Criminal Damage,1,2014,11
E01004732,Westminster,Burglary,Burglary in a Dwelling,0,2008,7
E01000617,Brent,Theft and Handling,Handling Stolen Goods,0,2015,1
E01000890,Camden,Other Notifiable Offences,Other Notifiable,0,2008,1
E01004577,Wandsworth,Theft and Handling,Theft From Motor Vehicle,2,2009,3
E01004639,Wandsworth,Burglary,Burglary in Other Buildings,0,2010,1
E01002210,Harrow,Theft and Handling,Other Theft Person,0,2011,4
E01001392,Enfield,Burglary,Burglary in a Dwelling,3,2013,8
E01001852,Hammersmith and Fulham,Criminal Damage,Other Criminal Damage,0,2009,10
E01032646,Southwark,Theft and Handling,Theft From Shops,0,2014,12
E01000315,Barnet,Robbery,Personal Property,0,2013,2
E01000706,Bromley,Violence Against the Person,Wounding/GBH,1,2013,10
E01004176,Sutton,Theft and Handling,Other Theft Person,0,2010,4
E01003534,Newham,Robbery,Personal Property,3,2015,11
E01000935,Camden,Theft and Handling,Other Theft Person,0,2013,12
E01003570,Newham,Drugs,Drug Trafficking,0,2010,11
E01002345,Havering,Burglary,Burglary in a Dwelling,3,2011,4
E01000119,Barnet,Theft and Handling,Other Theft,0,2015,4
E01003318,Lewisham,Fraud or Forgery,Other Fraud & Forgery,0,2008,12
E01003584,Newham,Violence Against the Person,Harassment,0,2008,11
E01002488,Hillingdon,Theft and Handling,Other Theft Person,0,2016,2
E01003378,Merton,Theft and Handling,Theft/Taking of Pedal Cycle,0,2008,1
E01003282,Lewisham,Theft and Handling,Theft From Shops,0,2013,6
E01032789,Hammersmith and Fulham,Drugs,Possession Of Drugs,0,2009,12
E01000111,Barking and Dagenham,Theft and Handling,Other Theft Person,0,2014,5
E01001856,Hammersmith and Fulham,Theft and Handling,Motor Vehicle Interference & Tampering,0,2015,10
E01003041,Lambeth,Criminal Damage,Criminal Damage To Other Building,0,2014,6
E01001798,Hackney,Theft and Handling,Theft From Shops,0,2013,3
E01000138,Barnet,Theft and Handling,Theft From Motor Vehicle,0,2009,8
E01001754,Hackney,Criminal Damage,Criminal Damage To Other Building,0,2016,2
E01002925,Kingston upon Thames,Theft and Handling,Theft/Taking of Pedal Cycle,0,2011,12
E01033574,Newham,Burglary,Burglary in Other Buildings,2,2014,12
E01004449,Waltham Forest,Drugs,Other Drugs,0,2012,12
E01000050,Barking and Dagenham,Theft and Handling,Theft From Motor Vehicle,1,2009,8
E01002755,Islington,Violence Against the Person,Wounding/GBH,0,2009,12
E01003649,Redbridge,Burglary,Burglary in Other Buildings,0,2015,2
E01004626,Wandsworth,Other Notifiable Offences,Other Notifiable,0,2012,9
E01002291,Havering,Burglary,Burglary in a Dwelling,0,2010,6
E01001049,Croydon,Other Notifiable Offences,Going Equipped,0,2016,10
E01001844,Hackney,Theft and Handling,Motor Vehicle Interference & Tampering,0,2009,8
E01033698,Hackney,Theft and Handling,Theft/Taking of Pedal Cycle,1,2015,11
E01003250,Lewisham,Theft and Handling,Theft/Taking of Pedal Cycle,0,2012,3
E01004324,Tower Hamlets,Burglary,Burglary in Other Buildings,1,2009,4
E01032770,Tower Hamlets,Criminal Damage,Criminal Damage To Motor Vehicle,0,2008,8
E01001345,Ealing,Theft and Handling,Theft/Taking Of Motor Vehicle,0,2011,8
E01000912,Camden,Theft and Handling,Other Theft Person,0,2008,7
E01003363,Merton,Theft and Handling,Other Theft Person,0,2011,8
E01001235,Ealing,Violence Against the Person,Assault with Injury,0,2009,7
E01001190,Croydon,Burglary,Burglary in Other Buildings,1,2011,5
E01003322,Lewisham,Violence Against the Person,Offensive Weapon,1,2010,12
E01001687,Greenwich,Drugs,Possession Of Drugs,1,2012,1
E01004252,Tower Hamlets,Violence Against the Person,Murder,0,2009,5
E01000073,Barking and Dagenham,Violence Against the Person,Offensive Weapon,0,2008,7
E01000414,Bexley,Criminal Damage,Criminal Damage To Other Building,0,2011,11
E01000934,Camden,Theft and Handling,Other Theft Person,0,2015,5
E01002117,Harrow,Violence Against the Person,Common Assault,1,2016,8
E01002018,Haringey,Violence Against the Person,Harassment,0,2008,5
E01000194,Barnet,Burglary,Burglary in Other Buildings,0,2014,3
E01001843,Hackney,Drugs,Drug Trafficking,0,2013,5
E01033725,Hillingdon,Criminal Damage,Other Criminal Damage,0,2014,8
E01001266,Ealing,Criminal Damage,Criminal Damage To Motor Vehicle,0,2016,12
E01001368,Ealing,Violence Against the Person,Wounding/GBH,0,2008,6
E01001070,Croydon,Violence Against the Person,Harassment,1,2009,8
E01002463,Hillingdon,Theft and Handling,Theft/Taking Of Motor Vehicle,0,2014,2
E01001131,Croydon,Violence Against the Person,Common Assault,0,2009,5
E01002804,Islington,Theft and Handling,Theft/Taking of Pedal Cycle,0,2016,3
E01003060,Lambeth,Theft and Handling,Other Theft,1,2009,11
E01002543,Hillingdon,Theft and Handling,Theft/Taking of Pedal Cycle,0,2010,5
E01003381,Merton,Theft and Handling,Motor Vehicle Interference & Tampering,0,2015,11
E01003389,Merton,Violence Against the Person,Other violence,0,2011,5
E01000798,Bromley,Theft and Handling,Theft/Taking Of Motor Vehicle,1,2014,10
E01002203,Harrow,Burglary,Burglary in a Dwelling,3,2015,12
E01000850,Camden,Fraud or Forgery,Counted per Victim,0,2010,1
E01002955,Kingston upon Thames,Drugs,Drug Trafficking,0,2013,4
E01003819,Richmond upon Thames,Theft and Handling,Motor Vehicle Interference & Tampering,0,2015,1
E01002865,Kensington and Chelsea,Violence Against the Person,Harassment,0,2009,5
E01002525,Hillingdon,Theft and Handling,Other Theft Person,0,2013,5
E01004162,Sutton,Burglary,Burglary in Other Buildings,2,2012,6
E01001160,Croydon,Robbery,Business Property,0,2010,1
E01003125,Lambeth,Violence Against the Person,Murder,0,2013,2
E01002193,Harrow,Theft and Handling,Handling Stolen Goods,0,2008,10
E01001855,Hammersmith and Fulham,Other Notifiable Offences,Going Equipped,0,2013,10
E01002004,Haringey,Sexual Offences,Other Sexual,0,2010,10
E01004176,Sutton,Robbery,Personal Property,0,2009,8
E01001835,Hackney,Violence Against the Person,Harassment,0,2012,10
E01001439,Enfield,Theft and Handling,Theft From Shops,0,2011,9
E01003497,Newham,Burglary,Burglary in a Dwelling,1,2010,1
E01001202,Ealing,Criminal Damage,Criminal Damage To Dwelling,0,2012,10
E01002434,Hillingdon,Criminal Damage,Other Criminal Damage,0,2015,2
E01000971,Camden,Criminal Damage,Criminal Damage To Motor Vehicle,0,2013,4
E01003062,Lambeth,Theft and Handling,Motor Vehicle Interference & Tampering,0,2012,11
E01002849,Kensington and Chelsea,Burglary,Burglary in a Dwelling,0,2012,11
E01002061,Haringey,Robbery,Business Property,0,2014,12
E01001725,Hackney,Other Notifiable Offences,Going Equipped,0,2011,4
E01001843,Hackney,Burglary,Burglary in Other Buildings,0,2016,9
E01000382,Bexley,Violence Against the Person,Common Assault,0,2010,10
E01000156,Barnet,Criminal Damage,Other Criminal Damage,0,2015,10
E01002971,Kingston upon Thames,Violence Against the Person,Common Assault,0,2013,3
E01003026,Lambeth,Drugs,Drug Trafficking,0,2014,2
E01000044,Barking and Dagenham,Violence Against the Person,Other violence,0,2008,4
E01003201,Lewisham,Violence Against the Person,Harassment,0,2013,10
E01002701,Islington,Violence Against the Person,Assault with Injury,0,2010,9
E01004196,Sutton,Theft and Handling,Theft From Shops,0,2014,12
E01002379,Havering,Violence Against the Person,Assault with Injury,0,2008,10
E01003721,Redbridge,Violence Against the Person,Harassment,0,2008,9
E01004116,Sutton,Burglary,Burglary in Other Buildings,0,2011,12
E01033093,Wandsworth,Violence Against the Person,Offensive Weapon,0,2009,10
E01003624,Newham,Theft and Handling,Handling Stolen Goods,0,2015,7
E01004552,Wandsworth,Theft and Handling,Theft From Motor Vehicle,1,2012,3
E01004140,Sutton,Burglary,Burglary in Other Buildings,0,2012,8
E01000052,Barking and Dagenham,Other Notifiable Offences,Other Notifiable,1,2015,10
E01004388,Waltham Forest,Criminal Damage,Other Criminal Damage,1,2015,11
E01004545,Wandsworth,Theft and Handling,Theft/Taking of Pedal Cycle,2,2010,8
E01000234,Barnet,Violence Against the Person,Other violence,0,2014,7
E01002126,Harrow,Theft and Handling,Theft From Motor Vehicle,2,2010,9
E01002212,Harrow,Criminal Damage,Criminal Damage To Other Building,0,2012,11
E01001359,Ealing,Theft and Handling,Other Theft Person,0,2015,3
E01003394,Merton,Robbery,Personal Property,1,2011,8
E01004695,Westminster,Burglary,Burglary in Other Buildings,5,2009,3
E01001240,Ealing,Theft and Handling,Theft From Motor Vehicle,1,2014,2
E01002974,Kingston upon Thames,Criminal Damage,Criminal Damage To Other Building,0,2015,6
E01001450,Enfield,Theft and Handling,Theft/Taking Of Motor Vehicle,1,2015,10
E01003640,Redbridge,Burglary,Burglary in Other Buildings,0,2016,12
E01003911,Southwark,Criminal Damage,Criminal Damage To Motor Vehicle,0,2008,4
E01003475,Merton,Criminal Damage,Criminal Damage To Motor Vehicle,2,2010,9
E01003040,Lambeth,Burglary,Burglary in a Dwelling,0,2008,11
E01004215,Tower Hamlets,Criminal Damage,Criminal Damage To Other Building,0,2015,12
E01000075,Barking and Dagenham,Violence Against the Person,Harassment,1,2014,7
E01002230,Harrow,Drugs,Drug Trafficking,1,2009,10
E01000097,Barking and Dagenham,Criminal Damage,Other Criminal Damage,0,2011,12
E01003320,Lewisham,Other Notifiable Offences,Other Notifiable,0,2016,11
E01001825,Hackney,Other Notifiable Offences,Going Equipped,0,2013,4
E01003530,Newham,Theft and Handling,Theft From Shops,0,2009,1
E01002323,Havering,Violence Against the Person,Harassment,0,2013,12
E01003166,Lambeth,Drugs,Drug Trafficking,0,2016,5
E01003650,Redbridge,Theft and Handling,Theft From Motor Vehicle,3,2009,6
E01003452,Merton,Drugs,Possession Of Drugs,2,2011,12
E01002898,Kensington and Chelsea,Theft and Handling,Theft/Taking Of Motor Vehicle,2,2016,9
E01003932,Southwark,Burglary,Burglary in Other Buildings,0,2009,7
E01003368,Merton,Theft and Handling,Theft From Shops,0,2009,9
E01003163,Lambeth,Theft and Handling,Handling Stolen Goods,1,2015,9
E01004339,Waltham Forest,Sexual Offences,Rape,0,2008,3
E01003240,Lewisham,Criminal Damage,Criminal Damage To Other Building,0,2015,8
E01004670,Westminster,Violence Against the Person,Harassment,1,2010,9
E01003152,Lambeth,Fraud or Forgery,Other Fraud & Forgery,0,2013,7
E01003685,Redbridge,Violence Against the Person,Common Assault,0,2013,9
E01003805,Richmond upon Thames,Theft and Handling,Motor Vehicle Interference & Tampering,0,2015,11
E01000238,Barnet,Drugs,Possession Of Drugs,0,2013,11
E01000217,Barnet,Theft and Handling,Other Theft Person,0,2015,7
E01000260,Barnet,Burglary,Burglary in a Dwelling,2,2011,7
E01002892,Kensington and Chelsea,Theft and Handling,Motor Vehicle Interference & Tampering,0,2009,10
E01003249,Lewisham,Burglary,Burglary in Other Buildings,0,2009,10
E01003323,Lewisham,Burglary,Burglary in Other Buildings,0,2009,2
E01002070,Haringey,Robbery,Personal Property,1,2011,6
E01004276,Tower Hamlets,Theft and Handling,Motor Vehicle Interference & Tampering,0,2010,9
E01001422,Enfield,Theft and Handling,Other Theft Person,0,2014,11
E01003143,Lambeth,Theft and Handling,Theft/Taking of Pedal Cycle,0,2010,8
E01002909,Kensington and Chelsea,Burglary,Burglary in a Dwelling,2,2009,8
E01003955,Southwark,Robbery,Personal Property,0,2009,8
E01033705,Hackney,Theft and Handling,Theft From Shops,0,2010,10
E01002986,Kingston upon Thames,Theft and Handling,Motor Vehicle Interference & Tampering,0,2015,4
E01004518,Wandsworth,Fraud or Forgery,Counted per Victim,0,2015,2
E01003565,Newham,Violence Against the Person,Wounding/GBH,0,2016,1
E01000788,Bromley,Drugs,Possession Of Drugs,0,2013,5
E01032765,Tower Hamlets,Drugs,Possession Of Drugs,0,2012,7
E01000156,Barnet,Burglary,Burglary in Other Buildings,0,2009,11
E01000550,Brent,Drugs,Other Drugs,0,2009,9
E01001905,Hammersmith and Fulham,Violence Against the Person,Other violence,0,2012,3
E01001573,Greenwich,Violence Against the Person,Harassment,0,2015,2
E01003586,Newham,Burglary,Burglary in a Dwelling,1,2016,6
E01000669,Bromley,Violence Against the Person,Harassment,0,2015,12
E01003511,Newham,Violence Against the Person,Other violence,0,2008,11
E01001470,Enfield,Burglary,Burglary in Other Buildings,2,2014,2
E01001040,Croydon,Violence Against the Person,Other violence,0,2013,12
E01002372,Havering,Burglary,Burglary in Other Buildings,1,2012,2
E01002385,Havering,Robbery,Business Property,0,2014,4
E01033703,Hackney,Theft and Handling,Theft From Motor Vehicle,0,2009,10
E01004144,Sutton,Violence Against the Person,Offensive Weapon,0,2009,5
E01001774,Hackney,Violence Against the Person,Offensive Weapon,2,2015,10
E01003507,Newham,Theft and Handling,Motor Vehicle Interference & Tampering,0,2013,6
E01000208,Barnet,Theft and Handling,Theft/Taking of Pedal Cycle,0,2015,12
E01003598,Newham,Criminal Damage,Criminal Damage To Dwelling,0,2011,11
E01001014,Croydon,Sexual Offences,Other Sexual,0,2012,8
E01000447,Bexley,Violence Against the Person,Common Assault,0,2010,3
E01004525,Wandsworth,Theft and Handling,Motor Vehicle Interference & Tampering,0,2014,1
E01002133,Harrow,Theft and Handling,Theft/Taking of Pedal Cycle,0,2008,6
E01004006,Southwark,Other Notifiable Offences,Going Equipped,0,2015,11
E01001240,Ealing,Theft and Handling,Theft/Taking of Pedal Cycle,0,2016,8
E01003076,Lambeth,Robbery,Personal Property,2,2013,11
E01000422,Bexley,Violence Against the Person,Other violence,0,2011,8
E01001947,Hammersmith and Fulham,Violence Against the Person,Harassment,1,2015,4
E01000685,Bromley,Theft and Handling,Motor Vehicle Interference & Tampering,0,2015,10
E01002274,Havering,Other Notifiable Offences,Going Equipped,0,2009,6
E01004390,Waltham Forest,Criminal Damage,Criminal Damage To Motor Vehicle,2,2013,12
E01002122,Harrow,Drugs,Drug Trafficking,0,2014,2
E01002402,Hillingdon,Violence Against the Person,Assault with Injury,2,2013,8
E01004591,Wandsworth,Theft and Handling,Other Theft Person,0,2015,5
E01000353,Bexley,Robbery,Personal Property,0,2016,11
E01004277,Tower Hamlets,Theft and Handling,Handling Stolen Goods,0,2012,6
E01001775,Hackney,Theft and Handling,Handling Stolen Goods,0,2013,1
E01001153,Croydon,Sexual Offences,Other Sexual,0,2016,10
E01001062,Croydon,Robbery,Personal Property,0,2012,10
E01002671,Hounslow,Criminal Damage,Criminal Damage To Other Building,0,2013,6
E01002455,Hillingdon,Violence Against the Person,Common Assault,1,2016,11
E01000498,Brent,Other Notifiable Offences,Going Equipped,1,2011,3
E01000100,Barking and Dagenham,Criminal Damage,Other Criminal Damage,0,2012,5
E01004127,Sutton,Burglary,Burglary in Other Buildings,1,2008,2
E01001819,Hackney,Theft and Handling,Motor Vehicle Interference & Tampering,1,2010,1
E01033574,Newham,Theft and Handling,Theft From Motor Vehicle,2,2013,10
E01001163,Croydon,Robbery,Personal Property,0,2009,5
E01001401,Enfield,Theft and Handling,Motor Vehicle Interference & Tampering,0,2012,11
E01004100,Sutton,Theft and Handling,Motor Vehicle Interference & Tampering,0,2009,11
E01000041,Barking and Dagenham,Violence Against the Person,Common Assault,0,2013,5
E01002909,Kensington and Chelsea,Criminal Damage,Criminal Damage To Dwelling,1,2012,8
E01001883,Hammersmith and Fulham,Violence Against the Person,Offensive Weapon,0,2013,6
E01002184,Harrow,Violence Against the Person,Assault with Injury,1,2011,10
E01000338,Bexley,Robbery,Personal Property,0,2012,3
E01001801,Hackney,Theft and Handling,Other Theft Person,0,2014,12
E01033711,Hackney,Theft and Handling,Theft/Taking Of Motor Vehicle,1,2015,6
E01000816,Bromley,Violence Against the Person,Other violence,0,2010,9
E01002927,Kingston upon Thames,Theft and Handling,Handling Stolen Goods,0,2014,3
E01000435,Bexley,Theft and Handling,Theft From Motor Vehicle,1,2012,4
E01000975,Croydon,Violence Against the Person,Offensive Weapon,0,2012,5
E01000475,Brent,Criminal Damage,Criminal Damage To Motor Vehicle,0,2014,6
E01003010,Kingston upon Thames,Theft and Handling,Theft/Taking of Pedal Cycle,0,2015,4
E01003413,Merton,Other Notifiable Offences,Going Equipped,0,2013,6
E01001960,Hammersmith and Fulham,Other Notifiable Offences,Other Notifiable,1,2008,12
E01001221,Ealing,Criminal Damage,Criminal Damage To Other Building,1,2011,2
E01033582,Newham,Robbery,Business Property,0,2012,8
E01000363,Bexley,Other Notifiable Offences,Other Notifiable,0,2016,3
E01002144,Harrow,Criminal Damage,Other Criminal Damage,1,2012,8
E01033706,Hackney,Theft and Handling,Theft From Shops,1,2011,9
E01002079,Haringey,Robbery,Personal Property,0,2010,3
E01003863,Richmond upon Thames,Violence Against the Person,Assault with Injury,0,2012,5
E01033707,Hackney,Robbery,Personal Property,0,2009,2
E01004049,Southwark,Fraud or Forgery,Counted per Victim,0,2009,12
E01003014,Lambeth,Robbery,Personal Property,3,2008,10
E01001714,Hackney,Violence Against the Person,Common Assault,0,2009,1
E01001812,Hackney,Criminal Damage,Criminal Damage To Dwelling,0,2012,6
E01001804,Hackney,Violence Against the Person,Assault with Injury,0,2013,8
E01000108,Barking and Dagenham,Theft and Handling,Motor Vehicle Interference & Tampering,0,2011,9
E01000038,Barking and Dagenham,Violence Against the Person,Offensive Weapon,0,2009,4
E01004632,Wandsworth,Theft and Handling,Motor Vehicle Interference & Tampering,0,2014,8
E01001738,Hackney,Violence Against the Person,Harassment,4,2010,6
E01003400,Merton,Criminal Damage,Criminal Damage To Other Building,0,2009,7
E01004537,Wandsworth,Theft and Handling,Theft/Taking Of Motor Vehicle,0,2015,7
E01004023,Southwark,Criminal Damage,Criminal Damage To Dwelling,2,2013,11
E01000314,Barnet,Drugs,Possession Of Drugs,2,2016,1
E01004148,Sutton,Theft and Handling,Theft From Motor Vehicle,4,2011,6
E01002420,Hillingdon,Violence Against the Person,Wounding/GBH,0,2010,8
E01004624,Wandsworth,Theft and Handling,Motor Vehicle Interference & Tampering,0,2010,3
E01000798,Bromley,Violence Against the Person,Offensive Weapon,0,2011,9
E01002926,Kingston upon Thames,Theft and Handling,Theft/Taking Of Motor Vehicle,0,2011,7
E01002829,Kensington and Chelsea,Theft and Handling,Other Theft Person,1,2012,4
E01002081,Haringey,Violence Against the Person,Offensive Weapon,0,2013,5
E01000118,Barnet,Robbery,Personal Property,0,2009,5
E01002887,Kensington and Chelsea,Fraud or Forgery,Counted per Victim,0,2012,12
E01004745,Westminster,Burglary,Burglary in Other Buildings,1,2009,10
E01003282,Lewisham,Burglary,Burglary in a Dwelling,0,2016,6
E01003048,Lambeth,Theft and Handling,Theft/Taking Of Motor Vehicle,0,2016,6
E01001911,Hammersmith and Fulham,Drugs,Possession Of Drugs,0,2016,12
E01003395,Merton,Theft and Handling,Motor Vehicle Interference & Tampering,1,2014,9
E01000906,Camden,Theft and Handling,Theft From Shops,0,2012,2
E01002577,Hounslow,Violence Against the Person,Harassment,3,2016,8
E01000463,Bexley,Theft and Handling,Theft/Taking Of Motor Vehicle,0,2015,11
E01000588,Brent,Violence Against the Person,Offensive Weapon,1,2016,1
E01002585,Hounslow,Theft and Handling,Handling Stolen Goods,0,2015,9
E01001738,Hackney,Theft and Handling,Other Theft,1,2016,1
E01004451,Waltham Forest,Theft and Handling,Theft/Taking Of Motor Vehicle,0,2015,10
E01004636,Wandsworth,Theft and Handling,Other Theft Person,0,2008,5
E01004541,Wandsworth,Drugs,Drug Trafficking,0,2012,7
E01001740,Hackney,Theft and Handling,Theft/Taking Of Motor Vehicle,0,2012,2
E01001843,Hackney,Criminal Damage,Criminal Damage To Motor Vehicle,0,2008,2
E01002850,Kensington and Chelsea,Fraud or Forgery,Counted per Victim,0,2012,10
E01002878,Kensington and Chelsea,Drugs,Drug Trafficking,0,2012,4
E01003992,Southwark,Other Notifiable Offences,Going Equipped,0,2013,1
E01003912,Southwark,Criminal Damage,Other Criminal Damage,0,2008,9
E01001060,Croydon,Robbery,Personal Property,0,2013,11
E01001368,Ealing,Burglary,Burglary in Other Buildings,0,2013,10
E01001047,Croydon,Criminal Damage,Criminal Damage To Other Building,0,2016,3
E01004405,Waltham Forest,Theft and Handling,Motor Vehicle Interference & Tampering,0,2009,2
E01001556,Enfield,Violence Against the Person,Wounding/GBH,0,2013,6
E01003236,Lewisham,Theft and Handling,Theft/Taking of Pedal Cycle,0,2016,6
E01003460,Merton,Theft and Handling,Other Theft Person,0,2014,1
E01000612,Brent,Criminal Damage,Criminal Damage To Dwelling,0,2014,1
E01002269,Havering,Theft and Handling,Motor Vehicle Interference & Tampering,0,2010,12
E01004033,Southwark,Violence Against the Person,Assault with Injury,0,2012,2
E01003734,Redbridge,Theft and Handling,Theft From Shops,0,2013,8
E01003651,Redbridge,Violence Against the Person,Wounding/GBH,0,2009,2
E01004486,Wandsworth,Theft and Handling,Handling Stolen Goods,0,2016,2
E01000579,Brent,Criminal Damage,Criminal Damage To Other Building,0,2012,2
E01000640,Brent,Theft and Handling,Motor Vehicle Interference & Tampering,0,2015,10
E01001251,Ealing,Fraud or Forgery,Counted per Victim,0,2012,6
E01004027,Southwark,Drugs,Other Drugs,0,2009,7
E01002971,Kingston upon Thames,Theft and Handling,Other Theft,2,2009,1
E01002151,Harrow,Theft and Handling,Theft From Shops,0,2009,12
E01002002,Haringey,Other Notifiable Offences,Other Notifiable,0,2011,8
E01000294,Barnet,Criminal Damage,Other Criminal Damage,0,2011,7
E01002377,Havering,Theft and Handling,Other Theft,1,2016,10
E01002836,Kensington and Chelsea,Sexual Offences,Other Sexual,0,2012,2
E01004165,Sutton,Theft and Handling,Motor Vehicle Interference & Tampering,0,2008,11
E01002494,Hillingdon,Theft and Handling,Other Theft Person,0,2014,11
E01001999,Haringey,Theft and Handling,Handling Stolen Goods,0,2015,2
E01001549,Enfield,Criminal Damage,Other Criminal Damage,1,2015,3
E01001162,Croydon,Theft and Handling,Theft From Shops,0,2013,6
E01001508,Enfield,Theft and Handling,Theft From Shops,0,2011,4
E01002080,Haringey,Violence Against the Person,Wounding/GBH,0,2008,6
E01002345,Havering,Fraud or Forgery,Other Fraud & Forgery,0,2008,2
E01002080,Haringey,Theft and Handling,Other Theft Person,1,2013,11
E01000464,Bexley,Other Notifiable Offences,Other Notifiable,0,2012,9
E01000634,Brent,Violence Against the Person,Assault with Injury,1,2016,6
E01002076,Haringey,Theft and Handling,Theft/Taking Of Motor Vehicle,1,2008,10
E01001336,Ealing,Violence Against the Person,Assault with Injury,0,2009,9
E01001418,Enfield,Robbery,Business Property,0,2016,1
E01002879,Kensington and Chelsea,Violence Against the Person,Harassment,2,2015,4
E01001457,Enfield,Burglary,Burglary in Other Buildings,0,2016,7
E01000984,Croydon,Theft and Handling,Handling Stolen Goods,0,2011,10
E01003977,Southwark,Violence Against the Person,Assault with Injury,2,2013,12
E01002737,Islington,Violence Against the Person,Wounding/GBH,0,2015,4
E01001051,Croydon,Robbery,Personal Property,0,2008,8
E01003866,Richmond upon Thames,Violence Against the Person,Harassment,1,2012,7
E01002062,Haringey,Theft and Handling,Theft From Shops,0,2012,10
E01002978,Kingston upon Thames,Theft and Handling,Theft/Taking Of Motor Vehicle,0,2013,5
E01004718,Westminster,Theft and Handling,Theft/Taking of Pedal Cycle,0,2012,7
E01003938,Southwark,Theft and Handling,Motor Vehicle Interference & Tampering,0,2009,9
E01002531,Hillingdon,Violence Against the Person,Wounding/GBH,0,2012,12
E01002900,Kensington and Chelsea,Criminal Damage,Criminal Damage To Dwelling,0,2014,5
E01002239,Harrow,Criminal Damage,Criminal Damage To Other Building,0,2014,8
E01001119,Croydon,Robbery,Personal Property,0,2016,1
E01003493,Newham,Theft and Handling,Other Theft Person,0,2015,7
E01002223,Harrow,Drugs,Other Drugs,0,2015,11
E01004150,Sutton,Drugs,Possession Of Drugs,0,2008,6
E01004092,Sutton,Violence Against the Person,Offensive Weapon,0,2016,6
E01002645,Hounslow,Burglary,Burglary in Other Buildings,1,2014,4
E01004174,Sutton,Criminal Damage,Other Criminal Damage,2,2014,6
E01001501,Enfield,Theft and Handling,Theft/Taking of Pedal Cycle,0,2014,11
E01004714,Westminster,Violence Against the Person,Common Assault,5,2015,1
E01000015,Barking and Dagenham,Robbery,Personal Property,0,2008,8
E01003661,Redbridge,Burglary,Burglary in a Dwelling,1,2008,10
E01001548,Enfield,Robbery,Business Property,0,2009,10
E01001692,Greenwich,Theft and Handling,Theft/Taking of Pedal Cycle,0,2015,3
E01003978,Southwark,Drugs,Other Drugs,0,2011,4
E01000575,Brent,Other Notifiable Offences,Other Notifiable,0,2009,3
E01002501,Hillingdon,Violence Against the Person,Common Assault,1,2015,11
E01000965,Camden,Theft and Handling,Other Theft,2,2016,4
E01002479,Hillingdon,Burglary,Burglary in a Dwelling,0,2011,11
E01003548,Newham,Criminal Damage,Criminal Damage To Other Building,1,2010,3
E01001346,Ealing,Burglary,Burglary in Other Buildings,0,2016,7
E01001216,Ealing,Other Notifiable Offences,Other Notifiable,1,2016,5
E01002575,Hounslow,Theft and Handling,Theft/Taking Of Motor Vehicle,0,2012,7
E01002798,Islington,Theft and Handling,Theft/Taking Of Motor Vehicle,0,2012,4
E01001890,Hammersmith and Fulham,Criminal Damage,Other Criminal Damage,1,2015,8
E01002136,Harrow,Theft and Handling,Theft From Motor Vehicle,3,2012,1
E01003587,Newham,Drugs,Possession Of Drugs,3,2012,1
E01002222,Harrow,Violence Against the Person,Harassment,0,2010,9
E01002638,Hounslow,Theft and Handling,Theft From Motor Vehicle,4,2016,12
E01001700,Greenwich,Other Notifiable Offences,Other Notifiable,0,2013,10
E01003299,Lewisham,Theft and Handling,Other Theft,3,2011,11
E01033588,Barking and Dagenham,Violence Against the Person,Assault with Injury,0,2009,3
E01000187,Barnet,Theft and Handling,Handling Stolen Goods,0,2011,10
E01002204,Harrow,Drugs,Possession Of Drugs,0,2016,6
E01000819,Bromley,Violence Against the Person,Assault with Injury,1,2012,8
E01002282,Havering,Violence Against the Person,Other violence,0,2010,11
E01002855,Kensington and Chelsea,Drugs,Drug Trafficking,1,2012,12
E01002687,Hounslow,Criminal Damage,Criminal Damage To Motor Vehicle,0,2014,6
E01003413,Merton,Criminal Damage,Other Criminal Damage,0,2010,7
E01003591,Newham,Fraud or Forgery,Other Fraud & Forgery,0,2009,12
E01003812,Richmond upon Thames,Violence Against the Person,Offensive Weapon,0,2016,7
E01003047,Lambeth,Robbery,Personal Property,4,2012,10
E01001489,Enfield,Burglary,Burglary in Other Buildings,0,2009,8
E01000408,Bexley,Theft and Handling,Theft/Taking Of Motor Vehicle,1,2011,4
E01001134,Croydon,Theft and Handling,Other Theft Person,0,2014,9
E01000998,Croydon,Criminal Damage,Other Criminal Damage,0,2012,9
E01001791,Hackney,Theft and Handling,Handling Stolen Goods,0,2015,5
E01001570,Enfield,Robbery,Personal Property,0,2008,2
E01000262,Barnet,Violence Against the Person,Harassment,0,2011,9
E01003396,Merton,Criminal Damage,Criminal Damage To Motor Vehicle,0,2016,1
E01003489,Newham,Theft and Handling,Theft From Motor Vehicle,0,2011,12
E01002336,Havering,Theft and Handling,Other Theft,0,2008,12
E01003263,Lewisham,Criminal Damage,Other Criminal Damage,0,2008,8
E01004511,Wandsworth,Burglary,Burglary in a Dwelling,0,2016,4
E01003720,Redbridge,Violence Against the Person,Offensive Weapon,0,2014,6
E01002526,Hillingdon,Violence Against the Person,Common Assault,0,2016,2
E01003645,Redbridge,Theft and Handling,Motor Vehicle Interference & Tampering,0,2011,10
E01003398,Merton,Burglary,Burglary in a Dwelling,0,2013,7
E01001597,Greenwich,Criminal Damage,Criminal Damage To Other Building,0,2011,5
E01002846,Kensington and Chelsea,Violence Against the Person,Wounding/GBH,0,2016,11
E01033581,Newham,Criminal Damage,Criminal Damage To Other Building,0,2010,11
E01001891,Hammersmith and Fulham,Theft and Handling,Handling Stolen Goods,0,2015,7
E01004323,Tower Hamlets,Violence Against the Person,Harassment,1,2014,9
E01004068,Southwark,Violence Against the Person,Wounding/GBH,1,2010,8
E01000083,Barking and Dagenham,Theft and Handling,Theft From Shops,0,2010,12
E01003956,Southwark,Drugs,Possession Of Drugs,1,2013,11
E01001014,Croydon,Theft and Handling,Theft/Taking of Pedal Cycle,1,2009,7
E01000444,Bexley,Violence Against the Person,Offensive Weapon,0,2011,7
E01000741,Bromley,Violence Against the Person,Assault with Injury,1,2014,3
E01003128,Lambeth,Theft and Handling,Other Theft,0,2013,10
E01004668,Westminster,Theft and Handling,Theft From Shops,0,2016,12
E01000796,Bromley,Theft and Handling,Theft/Taking of Pedal Cycle,0,2008,10
E01001524,Enfield,Drugs,Possession Of Drugs,0,2014,9
E01002295,Havering,Other Notifiable Offences,Other Notifiable,0,2008,3
E01003731,Redbridge,Robbery,Personal Property,2,2009,9
E01002860,Kensington and Chelsea,Criminal Damage,Criminal Damage To Dwelling,0,2014,4
E01000521,Brent,Criminal Damage,Other Criminal Damage,0,2010,7
E01004566,Wandsworth,Drugs,Possession Of Drugs,0,2015,8
E01000676,Bromley,Drugs,Other Drugs,0,2011,10
E01003315,Lewisham,Criminal Damage,Criminal Damage To Dwelling,0,2011,4
E01004190,Sutton,Violence Against the Person,Common Assault,0,2011,9
E01003833,Richmond upon Thames,Theft and Handling,Motor Vehicle Interference & Tampering,0,2013,5
E01001794,Hackney,Drugs,Drug Trafficking,0,2014,1
E01004421,Waltham Forest,Robbery,Personal Property,0,2013,12
E01002793,Islington,Drugs,Possession Of Drugs,1,2008,9
E01002609,Hounslow,Violence Against the Person,Wounding/GBH,0,2013,9
E01004390,Waltham Forest,Violence Against the Person,Common Assault,0,2012,8
E01004439,Waltham Forest,Violence Against the Person,Common Assault,0,2015,8
E01000459,Bexley,Theft and Handling,Theft From Motor Vehicle,0,2014,11
E01002781,Islington,Other Notifiable Offences,Other Notifiable,0,2012,4
E01004614,Wandsworth,Violence Against the Person,Offensive Weapon,0,2011,10
E01000092,Barking and Dagenham,Violence Against the Person,Offensive Weapon,1,2008,6
E01001191,Croydon,Other Notifiable Offences,Other Notifiable,0,2010,5
E01032567,Greenwich,Criminal Damage,Criminal Damage To Dwelling,0,2008,12
E01003821,Richmond upon Thames,Theft and Handling,Theft/Taking Of Motor Vehicle,1,2016,3
E01000765,Bromley,Theft and Handling,Other Theft Person,0,2015,11
E01003709,Redbridge,Other Notifiable Offences,Other Notifiable,0,2008,11
E01004067,Southwark,Violence Against the Person,Murder,0,2009,12
E01000823,Bromley,Criminal Damage,Other Criminal Damage,0,2014,5
E01002345,Havering,Criminal Damage,Other Criminal Damage,0,2011,2
E01003711,Redbridge,Theft and Handling,Motor Vehicle Interference & Tampering,0,2008,6
E01001895,Hammersmith and Fulham,Violence Against the Person,Wounding/GBH,0,2008,3
E01004056,Southwark,Criminal Damage,Criminal Damage To Dwelling,1,2008,9
E01001733,Hackney,Theft and Handling,Theft/Taking Of Motor Vehicle,0,2009,4
E01000318,Barnet,Violence Against the Person,Assault with Injury,2,2011,5
E01002478,Hillingdon,Violence Against the Person,Harassment,0,2016,5
E01001982,Haringey,Criminal Damage,Criminal Damage To Motor Vehicle,3,2008,11
E01001327,Ealing,Drugs,Drug Trafficking,0,2015,2
E01003244,Lewisham,Burglary,Burglary in Other Buildings,0,2014,11
E01003050,Lambeth,Theft and Handling,Theft/Taking Of Motor Vehicle,0,2012,9
E01004030,Southwark,Theft and Handling,Other Theft,2,2014,5
E01001002,Croydon,Violence Against the Person,Harassment,0,2013,7
E01002901,Kensington and Chelsea,Violence Against the Person,Assault with Injury,0,2014,12
E01002049,Haringey,Theft and Handling,Other Theft Person,0,2011,11
E01004274,Tower Hamlets,Theft and Handling,Other Theft,1,2014,2
E01001833,Hackney,Criminal Damage,Criminal Damage To Other Building,0,2011,1
E01002212,Harrow,Criminal Damage,Other Criminal Damage,0,2013,9
E01002126,Harrow,Theft and Handling,Theft From Shops,0,2012,12
E01000850,Camden,Theft and Handling,Handling Stolen Goods,0,2011,8
E01002554,Hillingdon,Fraud or Forgery,Other Fraud & Forgery,0,2010,12
E01003934,Southwark,Theft and Handling,Theft/Taking of Pedal Cycle,2,2015,9
E01001770,Hackney,Drugs,Possession Of Drugs,1,2013,4
E01003783,Redbridge,Theft and Handling,Theft From Shops,20,2016,1
E01003583,Newham,Theft and Handling,Theft/Taking of Pedal Cycle,0,2011,7
E01002789,Islington,Theft and Handling,Handling Stolen Goods,0,2013,11
E01004432,Waltham Forest,Robbery,Business Property,0,2012,3
E01001298,Ealing,Theft and Handling,Other Theft Person,0,2013,5
E01000370,Bexley,Burglary,Burglary in a Dwelling,1,2013,12
E01004548,Wandsworth,Fraud or Forgery,Counted per Victim,0,2012,3
E01003470,Merton,Criminal Damage,Criminal Damage To Other Building,0,2016,9
E01004041,Southwark,Other Notifiable Offences,Other Notifiable,0,2011,1
E01000480,Brent,Violence Against the Person,Wounding/GBH,2,2014,6
E01000595,Brent,Violence Against the Person,Offensive Weapon,0,2014,1
E01033569,Kingston upon Thames,Drugs,Drug Trafficking,0,2015,6
E01003033,Lambeth,Drugs,Drug Trafficking,0,2011,8
E01001555,Enfield,Violence Against the Person,Common Assault,0,2012,4
E01000968,Camden,Violence Against the Person,Assault with Injury,0,2010,8
E01003640,Redbridge,Robbery,Business Property,0,2014,11
E01000415,Bexley,Drugs,Possession Of Drugs,0,2009,4
E01003460,Merton,Theft and Handling,Theft/Taking Of Motor Vehicle,0,2011,10
E01004419,Waltham Forest,Violence Against the Person,Murder,0,2009,2
E01002674,Hounslow,Theft and Handling,Motor Vehicle Interference & Tampering,0,2010,12
E01000285,Barnet,Drugs,Possession Of Drugs,0,2008,11
E01003705,Redbridge,Fraud or Forgery,Counted per Victim,0,2011,4
E01001683,Greenwich,Violence Against the Person,Offensive Weapon,0,2013,10
E01004134,Sutton,Criminal Damage,Other Criminal Damage,0,2011,1
E01003946,Southwark,Violence Against the Person,Other violence,0,2015,3
E01004692,Westminster,Violence Against the Person,Harassment,1,2012,6
E01002303,Havering,Violence Against the Person,Wounding/GBH,0,2010,3
E01000167,Barnet,Other Notifiable Offences,Other Notifiable,0,2012,2
E01000236,Barnet,Violence Against the Person,Assault with Injury,0,2012,1
E01000196,Barnet,Criminal Damage,Other Criminal Damage,0,2010,9
E01001013,Croydon,Violence Against the Person,Murder,0,2013,3
E01001943,Hammersmith and Fulham,Theft and Handling,Handling Stolen Goods,0,2016,10
E01004615,Wandsworth,Violence Against the Person,Wounding/GBH,0,2009,7
E01000267,Barnet,Theft and Handling,Theft From Motor Vehicle,0,2014,12
E01001407,Enfield,Criminal Damage,Other Criminal Damage,1,2008,3
E01002477,Hillingdon,Criminal Damage,Criminal Damage To Other Building,0,2015,2
E01000437,Bexley,Criminal Damage,Criminal Damage To Motor Vehicle,0,2014,4
E01003647,Redbridge,Theft and Handling,Theft From Shops,0,2009,2
E01001904,Hammersmith and Fulham,Violence Against the Person,Offensive Weapon,0,2015,6
E01000021,Barking and Dagenham,Drugs,Other Drugs,0,2013,7
E01001938,Hammersmith and Fulham,Violence Against the Person,Wounding/GBH,1,2015,1
E01001571,Greenwich,Violence Against the Person,Common Assault,1,2011,1
E01003538,Newham,Criminal Damage,Other Criminal Damage,0,2009,6
E01000962,Camden,Violence Against the Person,Harassment,0,2012,8
E01004116,Sutton,Theft and Handling,Theft/Taking Of Motor Vehicle,0,2012,3
E01003072,Lambeth,Violence Against the Person,Harassment,0,2008,5
E01001178,Croydon,Drugs,Other Drugs,0,2011,12
E01003679,Redbridge,Theft and Handling,Other Theft,0,2012,3
E01003044,Lambeth,Violence Against the Person,Assault with Injury,0,2011,9
E01004648,Westminster,Theft and Handling,Theft/Taking of Pedal Cycle,0,2008,6
E01001761,Hackney,Theft and Handling,Theft/Taking Of Motor Vehicle,0,2013,2
E01003331,Lewisham,Violence Against the Person,Harassment,0,2010,10
E01001712,Greenwich,Burglary,Burglary in Other Buildings,0,2016,11
E01000292,Barnet,Burglary,Burglary in Other Buildings,0,2009,2
E01000984,Croydon,Theft and Handling,Other Theft,1,2009,10
E01002665,Hounslow,Violence Against the Person,Other violence,0,2009,4
E01000114,Barking and Dagenham,Criminal Damage,Criminal Damage To Motor Vehicle,1,2016,1
E01003269,Lewisham,Theft and Handling,Other Theft Person,0,2010,4
E01004027,Southwark,Violence Against the Person,Offensive Weapon,0,2013,9
E01002925,Kingston upon Thames,Theft and Handling,Theft From Motor Vehicle,0,2015,8
E01000379,Bexley,Theft and Handling,Other Theft Person,0,2015,4
E01004330,Waltham Forest,Violence Against the Person,Common Assault,1,2016,10
E01000433,Bexley,Violence Against the Person,Harassment,2,2015,5
E01001714,Hackney,Criminal Damage,Other Criminal Damage,1,2010,2
E01002570,Hounslow,Criminal Damage,Criminal Damage To Dwelling,0,2012,8
E01000072,Barking and Dagenham,Violence Against the Person,Harassment,0,2014,8
E01003785,Redbridge,Violence Against the Person,Harassment,0,2011,4
E01004615,Wandsworth,Criminal Damage,Criminal Damage To Other Building,0,2008,2
E01002077,Haringey,Violence Against the Person,Assault with Injury,3,2015,9
E01001997,Haringey,Drugs,Drug Trafficking,0,2015,12
E01002579,Hounslow,Robbery,Personal Property,0,2014,5
E01002987,Kingston upon Thames,Criminal Damage,Criminal Damage To Other Building,0,2010,12
E01003053,Lambeth,Theft and Handling,Theft/Taking Of Motor Vehicle,0,2008,1
E01003352,Lewisham,Other Notifiable Offences,Other Notifiable,0,2008,9
E01001406,Enfield,Theft and Handling,Theft From Motor Vehicle,0,2015,8
E01002346,Havering,Drugs,Drug Trafficking,0,2013,9
E01000940,Camden,Theft and Handling,Other Theft,1,2009,1
E01004129,Sutton,Theft and Handling,Other Theft Person,0,2015,9
E01003905,Richmond upon Thames,Theft and Handling,Theft From Shops,0,2011,2
E01004605,Wandsworth,Theft and Handling,Theft From Motor Vehicle,3,2016,9
E01002484,Hillingdon,Theft and Handling,Handling Stolen Goods,0,2016,7
E01000140,Barnet,Criminal Damage,Criminal Damage To Dwelling,0,2009,9
E01000376,Bexley,Violence Against the Person,Wounding/GBH,0,2010,6
E01000140,Barnet,Criminal Damage,Other Criminal Damage,1,2010,8
E01001398,Enfield,Burglary,Burglary in a Dwelling,1,2016,3
E01000481,Brent,Other Notifiable Offences,Other Notifiable,0,2012,12
E01000219,Barnet,Theft and Handling,Theft From Motor Vehicle,4,2008,8
E01032720,Southwark,Violence Against the Person,Wounding/GBH,0,2008,7
E01004067,Southwark,Criminal Damage,Criminal Damage To Dwelling,0,2012,10
E01001875,Hammersmith and Fulham,Burglary,Burglary in a Dwelling,1,2008,6
E01002030,Haringey,Criminal Damage,Other Criminal Damage,0,2010,3
E01003737,Redbridge,Criminal Damage,Criminal Damage To Motor Vehicle,0,2008,2
E01000118,Barnet,Theft and Handling,Handling Stolen Goods,0,2013,3
E01001777,Hackney,Violence Against the Person,Assault with Injury,3,2010,8
E01001271,Ealing,Burglary,Burglary in Other Buildings,0,2008,5
E01002872,Kensington and Chelsea,Criminal Damage,Criminal Damage To Motor Vehicle,0,2013,9
E01002421,Hillingdon,Drugs,Possession Of Drugs,0,2010,12
E01001550,Enfield,Theft and Handling,Theft/Taking of Pedal Cycle,0,2016,2
E01033574,Newham,Robbery,Personal Property,0,2011,1
E01001994,Haringey,Drugs,Possession Of Drugs,0,2012,1
E01032785,Tower Hamlets,Theft and Handling,Handling Stolen Goods,0,2014,2
E01000905,Camden,Theft and Handling,Theft/Taking Of Motor Vehicle,0,2011,2
E01001958,Hammersmith and Fulham,Theft and Handling,Theft From Shops,0,2009,8
E01002726,Islington,Criminal Damage,Criminal Damage To Motor Vehicle,1,2010,11
E01001786,Hackney,Criminal Damage,Criminal Damage To Dwelling,0,2013,10
E01002957,Kingston upon Thames,Drugs,Possession Of Drugs,0,2008,8
E01003507,Newham,Violence Against the Person,Other violence,0,2013,1
E01003130,Lambeth,Fraud or Forgery,Other Fraud & Forgery,0,2014,10
E01004103,Sutton,Theft and Handling,Theft/Taking of Pedal Cycle,0,2016,3
E01004525,Wandsworth,Violence Against the Person,Harassment,2,2013,9
E01003047,Lambeth,Theft and Handling,Other Theft,16,2010,8
E01003255,Lewisham,Violence Against the Person,Common Assault,0,2008,9
E01004606,Wandsworth,Violence Against the Person,Wounding/GBH,0,2015,12
E01000287,Barnet,Criminal Damage,Criminal Damage To Motor Vehicle,1,2014,12
E01002867,Kensington and Chelsea,Theft and Handling,Motor Vehicle Interference & Tampering,0,2008,4
E01004098,Sutton,Criminal Damage,Criminal Damage To Other Building,0,2012,5
E01000299,Barnet,Theft and Handling,Other Theft,4,2011,7
E01003979,Southwark,Violence Against the Person,Offensive Weapon,2,2016,5
E01004004,Southwark,Drugs,Possession Of Drugs,0,2012,11
E01002879,Kensington and Chelsea,Criminal Damage,Criminal Damage To Motor Vehicle,0,2013,6
E01002633,Hounslow,Violence Against the Person,Offensive Weapon,0,2014,4
E01003203,Lewisham,Criminal Damage,Criminal Damage To Dwelling,0,2016,11
E01002592,Hounslow,Drugs,Possession Of Drugs,1,2009,4
E01003832,Richmond upon Thames,Burglary,Burglary in Other Buildings,0,2009,2
E01002755,Islington,Violence Against the Person,Wounding/GBH,0,2009,5
E01003426,Merton,Drugs,Other Drugs,0,2011,11
E01003183,Lambeth,Theft and Handling,Theft/Taking of Pedal Cycle,0,2008,10
E01032581,Redbridge,Theft and Handling,Other Theft,0,2009,8
E01002531,Hillingdon,Theft and Handling,Theft/Taking of Pedal Cycle,0,2010,3
E01001629,Greenwich,Criminal Damage,Other Criminal Damage,1,2008,4
E01002084,Haringey,Violence Against the Person,Offensive Weapon,1,2015,12
E01000187,Barnet,Drugs,Drug Trafficking,0,2011,9
E01032770,Tower Hamlets,Drugs,Possession Of Drugs,0,2009,10
E01004304,Tower Hamlets,Burglary,Burglary in a Dwelling,1,2009,11
E01001543,Enfield,Theft and Handling,Motor Vehicle Interference & Tampering,0,2012,11
E01003571,Newham,Theft and Handling,Other Theft Person,1,2010,5
E01032765,Tower Hamlets,Violence Against the Person,Offensive Weapon,0,2011,2
E01000777,Bromley,Violence Against the Person,Other violence,0,2009,4
E01004191,Sutton,Violence Against the Person,Other violence,0,2014,12
E01004572,Wandsworth,Criminal Damage,Other Criminal Damage,0,2011,6
E01000950,Camden,Theft and Handling,Other Theft,0,2009,5
E01001799,Hackney,Drugs,Drug Trafficking,0,2012,10
E01000247,Barnet,Robbery,Business Property,0,2008,4
E01000581,Brent,Violence Against the Person,Common Assault,0,2008,6
E01002370,Havering,Fraud or Forgery,Counted per Victim,0,2011,1
E01004703,Westminster,Violence Against the Person,Other violence,0,2008,7
E01033733,Greenwich,Robbery,Personal Property,1,2016,3
E01002564,Hounslow,Theft and Handling,Handling Stolen Goods,0,2012,12
E01004755,Westminster,Theft and Handling,Other Theft,1,2014,2
E01000487,Brent,Criminal Damage,Other Criminal Damage,0,2010,1
E01000848,Camden,Theft and Handling,Handling Stolen Goods,0,2009,3
E01001362,Ealing,Burglary,Burglary in a Dwelling,0,2009,2
E01001568,Enfield,Drugs,Possession Of Drugs,1,2016,5
E01000342,Bexley,Other Notifiable Offences,Other Notifiable,0,2012,11
E01004348,Waltham Forest,Violence Against the Person,Offensive Weapon,0,2011,5
E01001702,Greenwich,Burglary,Burglary in a Dwelling,1,2010,11
E01002063,Haringey,Burglary,Burglary in a Dwelling,1,2016,12
E01003265,Lewisham,Criminal Damage,Criminal Damage To Motor Vehicle,0,2014,5
E01004102,Sutton,Theft and Handling,Other Theft,0,2012,11
E01003899,Richmond upon Thames,Robbery,Business Property,0,2014,5
E01033580,Newham,Violence Against the Person,Wounding/GBH,0,2015,2
E01000971,Camden,Theft and Handling,Theft From Motor Vehicle,1,2009,1
E01004323,Tower Hamlets,Violence Against the Person,Offensive Weapon,0,2015,1
E01004015,Southwark,Theft and Handling,Theft/Taking Of Motor Vehicle,1,2011,5
E01003968,Southwark,Theft and Handling,Motor Vehicle Interference & Tampering,0,2011,5
E01004284,Tower Hamlets,Other Notifiable Offences,Other Notifiable,0,2010,2
E01000692,Bromley,Drugs,Drug Trafficking,0,2016,11
E01004351,Waltham Forest,Violence Against the Person,Other violence,0,2010,10
E01002027,Haringey,Criminal Damage,Criminal Damage To Motor Vehicle,1,2010,6
E01004369,Waltham Forest,Violence Against the Person,Wounding/GBH,1,2014,2
E01004590,Wandsworth,Theft and Handling,Theft/Taking of Pedal Cycle,0,2014,5
E01004123,Sutton,Sexual Offences,Other Sexual,0,2013,5
E01004437,Waltham Forest,Theft and Handling,Handling Stolen Goods,0,2012,8
E01004391,Waltham Forest,Theft and Handling,Handling Stolen Goods,0,2011,1
E01003557,Newham,Criminal Damage,Criminal Damage To Dwelling,0,2015,5
E01000062,Barking and Dagenham,Criminal Damage,Criminal Damage To Other Building,1,2010,3
E01004640,Wandsworth,Fraud or Forgery,Counted per Victim,0,2008,5
E01003163,Lambeth,Burglary,Burglary in Other Buildings,0,2015,4
E01002247,Havering,Drugs,Possession Of Drugs,0,2008,9
E01002358,Havering,Drugs,Possession Of Drugs,1,2011,9
E01004266,Tower Hamlets,Theft and Handling,Motor Vehicle Interference & Tampering,0,2008,10
E01003967,Southwark,Criminal Damage,Other Criminal Damage,0,2013,7
E01002731,Islington,Burglary,Burglary in Other Buildings,0,2012,11
E01000168,Barnet,Theft and Handling,Motor Vehicle Interference & Tampering,0,2008,4
E01003973,Southwark,Violence Against the Person,Other violence,0,2011,2
E01003811,Richmond upon Thames,Burglary,Burglary in a Dwelling,0,2015,9
E01002835,Kensington and Chelsea,Criminal Damage,Criminal Damage To Other Building,1,2010,12
E01004711,Westminster,Criminal Damage,Criminal Damage To Other Building,0,2011,7
E01003483,Newham,Theft and Handling,Motor Vehicle Interference & Tampering,0,2009,4
E01001214,Ealing,Robbery,Personal Property,0,2011,7
E01003038,Lambeth,Violence Against the Person,Other violence,0,2013,2
E01004712,Westminster,Violence Against the Person,Offensive Weapon,0,2015,9
E01000038,Barking and Dagenham,Theft and Handling,Theft From Motor Vehicle,1,2014,5
E01000288,Barnet,Burglary,Burglary in Other Buildings,1,2011,11
E01004669,Westminster,Drugs,Possession Of Drugs,1,2008,9
E01000434,Bexley,Violence Against the Person,Assault with Injury,0,2013,12
E01001449,Enfield,Burglary,Burglary in a Dwelling,2,2014,2
E01002367,Havering,Theft and Handling,Other Theft Person,0,2014,12
E01003507,Newham,Theft and Handling,Theft/Taking of Pedal Cycle,0,2014,1
E01001896,Hammersmith and Fulham,Theft and Handling,Other Theft Person,0,2010,8
E01001332,Ealing,Drugs,Drug Trafficking,0,2016,2
E01002728,Islington,Drugs,Drug Trafficking,0,2014,11
E01003110,Lambeth,Violence Against the Person,Other violence,0,2008,2
E01002797,Islington,Violence Against the Person,Harassment,1,2015,5
E01001264,Ealing,Theft and Handling,Handling Stolen Goods,0,2010,1
E01004576,Wandsworth,Theft and Handling,Other Theft,1,2008,2
E01000161,Barnet,Violence Against the Person,Harassment,3,2015,11
E01000316,Barnet,Fraud or Forgery,Other Fraud & Forgery,0,2013,2
E01002257,Havering,Violence Against the Person,Common Assault,0,2008,11
E01001641,Greenwich,Drugs,Drug Trafficking,0,2015,2
E01004414,Waltham Forest,Criminal Damage,Criminal Damage To Other Building,0,2015,6
E01000551,Brent,Burglary,Burglary in Other Buildings,1,2015,1
E01004597,Wandsworth,Other Notifiable Offences,Other Notifiable,0,2015,9
E01003762,Redbridge,Theft and Handling,Theft From Shops,0,2016,9
E01002732,Islington,Other Notifiable Offences,Going Equipped,0,2008,2
E01002454,Hillingdon,Theft and Handling,Theft From Motor Vehicle,0,2016,11
E01004182,Sutton,Theft and Handling,Other Theft Person,0,2012,12
E01002612,Hounslow,Theft and Handling,Theft From Shops,0,2009,6
E01033491,Islington,Criminal Damage,Criminal Damage To Dwelling,0,2008,7
E01032764,Tower Hamlets,Violence Against the Person,Assault with Injury,0,2010,4
E01004204,Tower Hamlets,Theft and Handling,Motor Vehicle Interference & Tampering,0,2010,8
E01003185,Lambeth,Other Notifiable Offences,Other Notifiable,0,2010,3
E01000617,Brent,Drugs,Possession Of Drugs,2,2012,11
E01001417,Enfield,Theft and Handling,Other Theft Person,0,2008,3
E01000487,Brent,Violence Against the Person,Offensive Weapon,0,2008,8
E01003052,Lambeth,Criminal Damage,Criminal Damage To Motor Vehicle,1,2012,5
E01003043,Lambeth,Violence Against the Person,Other violence,0,2009,5
E01000535,Brent,Theft and Handling,Theft/Taking of Pedal Cycle,0,2016,11
E01002908,Kensington and Chelsea,Burglary,Burglary in Other Buildings,0,2015,12
E01002755,Islington,Criminal Damage,Criminal Damage To Other Building,0,2010,10
E01004525,Wandsworth,Theft and Handling,Theft/Taking of Pedal Cycle,1,2013,7
E01002368,Havering,Robbery,Business Property,0,2010,10
E01003870,Richmond upon Thames,Violence Against the Person,Assault with Injury,0,2011,6
E01002066,Haringey,Theft and Handling,Theft/Taking Of Motor Vehicle,0,2013,9
E01004551,Wandsworth,Criminal Damage,Criminal Damage To Other Building,0,2012,5
E01000862,Camden,Theft and Handling,Theft/Taking Of Motor Vehicle,0,2008,12
E01002791,Islington,Criminal Damage,Criminal Damage To Motor Vehicle,0,2013,8
E01000565,Brent,Theft and Handling,Theft From Shops,0,2014,10
E01001665,Greenwich,Criminal Damage,Criminal Damage To Other Building,0,2008,11
E01001220,Ealing,Theft and Handling,Theft From Shops,0,2015,7
E01000337,Bexley,Theft and Handling,Handling Stolen Goods,0,2008,11
E01004693,Westminster,Other Notifiable Offences,Going Equipped,1,2011,7
E01000854,Camden,Violence Against the Person,Wounding/GBH,0,2012,8
E01003333,Lewisham,Drugs,Other Drugs,0,2012,4
E01004711,Westminster,Other Notifiable Offences,Other Notifiable,0,2008,1
