E01001998,Haringey,Violence Against the Person,Common Assault,0,2008,4
E01001427,Enfield,Drugs,Drug Trafficking,0,2010,8
E01002420,Hillingdon,Other Notifiable Offences,Other Notifiable,0,2010,8
E01033735,Greenwich,Drugs,Possession Of Drugs,0,2009,4
E01003195,Lewisham,Robbery,Business Property,0,2009,12
E01001359,Ealing,Criminal Damage,Other Criminal Damage,1,2009,5
E01003016,Lambeth,Drugs,Drug Trafficking,0,2016,3
E01000805,Bromley,Violence Against the Person,Assault with Injury,0,2014,7
E01002789,Islington,Robbery,Business Property,0,2014,7
E01001306,Ealing,Theft and Handling,Theft From Motor Vehicle,0,2008,12
E01000490,Brent,Drugs,Possession Of Drugs,1,2008,2
E01004402,Waltham Forest,Burglary,Burglary in a Dwelling,1,2009,2
E01003397,Merton,Theft and Handling,Other Theft Person,0,2012,3
E01003073,Lambeth,Violence Against the Person,Wounding/GBH,1,2015,2
E01001178,Croydon,Violence Against the Person,Common Assault,1,2011,12
E01003858,Richmond upon Thames,Robbery,Personal Property,0,2013,2
E01000322,Barnet,Drugs,Possession Of Drugs,0,2015,8
E01000315,Barnet,Robbery,Business Property,0,2014,5
E01003538,Newham,Burglary,Burglary in a Dwelling,1,2016,1
E01000845,Camden,Criminal Damage,Criminal Damage To Dwelling,1,2015,1
E01001151,Croydon,Sexual Offences,Rape,0,2013,2
E01003388,Merton,Theft and Handling,Handling Stolen Goods,0,2012,2
E01001760,Hackney,Theft and Handling,Motor Vehicle Interference & Tampering,0,2012,6
E01003861,Richmond upon Thames,Criminal Damage,Criminal Damage To Other Building,0,2009,10
E01003462,Merton,Burglary,Burglary in Other Buildings,0,2015,11
E01004010,Southwark,Theft and Handling,Theft From Motor Vehicle,0,2014,3
E01002071,Haringey,Theft and Handling,Handling Stolen Goods,0,2013,7
E01001580,Greenwich,Theft and Handling,Handling Stolen Goods,0,2008,4
E01001705,Greenwich,Drugs,Possession Of Drugs,1,2012,12
E01002091,Haringey,Theft and Handling,Theft From Motor Vehicle,6,2016,12
E01003048,Lambeth,Criminal Damage,Criminal Damage To Motor Vehicle,2,2016,5
E01003341,Lewisham,Drugs,Drug Trafficking,0,2015,9
E01003264,Lewisham,Violence Against the Person,Harassment,1,2015,4
E01003595,Newham,Drugs,Other Drugs,0,2014,3
E01000183,Barnet,Theft and Handling,Motor Vehicle Interference & Tampering,1,2009,11
E01004493,Wandsworth,Violence Against the Person,Assault with Injury,1,2008,2
E01000265,Barnet,Drugs,Possession Of Drugs,0,2008,4
E01002540,Hillingdon,Violence Against the Person,Harassment,3,2012,12
E01004541,Wandsworth,Theft and Handling,Theft/Taking Of Motor Vehicle,0,2016,1
E01033708,Hackney,Criminal Damage,Criminal Damage To Other Building,1,2012,10
E01000535,Brent,Robbery,Personal Property,0,2013,2
E01004682,Westminster,Violence Against the Person,Harassment,0,2008,1
E01000275,Barnet,Robbery,Personal Property,0,2011,6
E01004091,Sutton,Criminal Damage,Criminal Damage To Dwelling,0,2016,7
E01003519,Newham,Violence Against the Person,Other violence,0,2011,3
E01001048,Croydon,Theft and Handling,Handling Stolen Goods,0,2014,6
E01003596,Newham,Criminal Damage,Other Criminal Damage,0,2014,11
E01002975,Kingston upon Thames,Criminal Damage,Criminal Damage To Motor Vehicle,1,2014,4
E01004559,Wandsworth,Drugs,Possession Of Drugs,0,2016,2
E01003772,Redbridge,Theft and Handling,Other Theft Person,0,2013,3
E01001977,Haringey,Theft and Handling,Theft From Motor Vehicle,4,2008,9
E01004533,Wandsworth,Theft and Handling,Theft/Taking Of Motor Vehicle,0,2015,4
E01000239,Barnet,Violence Against the Person,Harassment,0,2011,5
E01003992,Southwark,Theft and Handling,Theft/Taking of Pedal Cycle,1,2012,7
E01003183,Lambeth,Theft and Handling,Theft From Shops,0,2009,9
E01000054,Barking and Dagenham,Criminal Damage,Other Criminal Damage,0,2012,10
E01003675,Redbridge,Violence Against the Person,Common Assault,1,2016,1
E01001601,Greenwich,Violence Against the Person,Harassment,0,2015,5
E01001775,Hackney,Robbery,Business Property,0,2011,10
E01003543,Newham,Violence Against the Person,Other violence,0,2010,6
E01002310,Havering,Drugs,Possession Of Drugs,1,2013,10
E01001700,Greenwich,Violence Against the Person,Murder,0,2012,11
E01004659,Westminster,Theft and Handling,Theft/Taking Of Motor Vehicle,0,2008,11
E01003018,Lambeth,Other Notifiable Offences,Other Notifiable,0,2011,9
E01002308,Havering,Criminal Damage,Other Criminal Damage,0,2013,2
E01003489,Newham,Theft and Handling,Theft From Shops,0,2016,11
E01004499,Wandsworth,Theft and Handling,Motor Vehicle Interference & Tampering,0,2009,8
E01000602,Brent,Drugs,Possession Of Drugs,0,2010,4
E01000650,Bromley,Violence Against the Person,Offensive Weapon,0,2013,1
E01002460,Hillingdon,Criminal Damage,Criminal Damage To Dwelling,0,2015,7
E01003838,Richmond upon Thames,Violence Against the Person,Wounding/GBH,0,2015,10
E01032767,Tower Hamlets,Violence Against the Person,Assault with Injury,0,2008,12
E01001806,Hackney,Theft and Handling,Theft/Taking of Pedal Cycle,2,2009,5
E01001235,Ealing,Violence Against the Person,Harassment,0,2010,9
E01032582,Lambeth,Theft and Handling,Theft/Taking of Pedal Cycle,1,2015,2
E01004552,Wandsworth,Robbery,Business Property,0,2015,8
E01004522,Wandsworth,Violence Against the Person,Other violence,0,2014,5
E01002047,Haringey,Theft and Handling,Theft/Taking Of Motor Vehicle,0,2009,6
E01000580,Brent,Robbery,Business Property,0,2016,10
E01002781,Islington,Theft and Handling,Theft From Motor Vehicle,0,2013,5
E01003678,Redbridge,Criminal Damage,Criminal Damage To Motor Vehicle,0,2014,6
E01002758,Islington,Fraud or Forgery,Other Fraud & Forgery,0,2010,12
E01004633,Wandsworth,Criminal Damage,Criminal Damage To Other Building,0,2013,10
E01001935,Hammersmith and Fulham,Theft and Handling,Other Theft Person,0,2008,9
E01000802,Bromley,Violence Against the Person,Other violence,0,2015,2
E01000973,Camden,Violence Against the Person,Offensive Weapon,0,2011,1
E01003160,Lambeth,Violence Against the Person,Offensive Weapon,0,2010,12
E01033732,Greenwich,Theft and Handling,Other Theft Person,0,2010,3
E01002017,Haringey,Theft and Handling,Handling Stolen Goods,0,2013,2
E01004050,Southwark,Drugs,Possession Of Drugs,1,2011,10
E01002088,Haringey,Drugs,Possession Of Drugs,2,2016,10
E01001089,Croydon,Theft and Handling,Other Theft Person,1,2014,4
E01000193,Barnet,Robbery,Business Property,0,2010,6
E01002752,Islington,Robbery,Business Property,0,2009,5
E01001298,Ealing,Criminal Damage,Other Criminal Damage,0,2010,4
E01001052,Croydon,Violence Against the Person,Other violence,0,2010,6
E01002470,Hillingdon,Violence Against the Person,Harassment,0,2013,4
E01001470,Enfield,Theft and Handling,Other Theft Person,0,2013,10
E01000504,Brent,Violence Against the Person,Harassment,0,2016,3
E01004290,Tower Hamlets,Violence Against the Person,Offensive Weapon,0,2008,7
E01004599,Wandsworth,Theft and Handling,Theft/Taking of Pedal Cycle,1,2009,6
E01002486,Hillingdon,Criminal Damage,Criminal Damage To Other Building,0,2015,1
E01000231,Barnet,Burglary,Burglary in a Dwelling,1,2010,7
E01003055,Lambeth,Violence Against the Person,Harassment,5,2014,7
E01000482,Brent,Criminal Damage,Criminal Damage To Motor Vehicle,1,2009,3
E01002226,Harrow,Theft and Handling,Theft From Motor Vehicle,3,2010,11
E01002425,Hillingdon,Theft and Handling,Theft From Motor Vehicle,0,2009,11
E01004316,Tower Hamlets,Criminal Damage,Criminal Damage To Motor Vehicle,2,2011,9
E01002248,Havering,Theft and Handling,Other Theft Person,0,2009,12
E01001357,Ealing,Drugs,Drug Trafficking,0,2008,3
E01000665,Bromley,Theft and Handling,Other Theft Person,0,2016,1
E01001976,Haringey,Violence Against the Person,Other violence,0,2009,10
E01000072,Barking and Dagenham,Criminal Damage,Criminal Damage To Motor Vehicle,0,2013,4
E01001334,Ealing,Theft and Handling,Theft From Shops,0,2014,2
E01003602,Newham,Criminal Damage,Criminal Damage To Dwelling,2,2016,1
E01003716,Redbridge,Burglary,Burglary in a Dwelling,1,2012,6
E01003634,Newham,Robbery,Personal Property,1,2013,9
E01000466,Bexley,Violence Against the Person,Assault with Injury,1,2014,12
E01000068,Barking and Dagenham,Theft and Handling,Motor Vehicle Interference & Tampering,0,2013,1
E01000644,Brent,Drugs,Drug Trafficking,0,2010,7
E01003368,Merton,Violence Against the Person,Other violence,0,2016,8
E01002565,Hounslow,Criminal Damage,Criminal Damage To Dwelling,2,2010,6
E01003588,Newham,Other Notifiable Offences,Other Notifiable,0,2013,2
E01000688,Bromley,Drugs,Drug Trafficking,0,2010,4
E01033153,Waltham Forest,Other Notifiable Offences,Going Equipped,0,2016,11
E01003196,Lewisham,Violence Against the Person,Assault with Injury,2,2014,4
E01001427,Enfield,Drugs,Drug Trafficking,0,2009,5
E01003082,Lambeth,Violence Against the Person,Harassment,0,2011,8
E01003929,Southwark,Violence Against the Person,Other violence,0,2015,1
E01002198,Harrow,Criminal Damage,Other Criminal Damage,0,2012,5
E01001276,Ealing,Drugs,Drug Trafficking,0,2008,12
E01004197,Tower Hamlets,Theft and Handling,Theft From Motor Vehicle,0,2016,9
E01002305,Havering,Violence Against the Person,Harassment,1,2010,2
E01003067,Lambeth,Theft and Handling,Other Theft,0,2010,6
E01003545,Newham,Violence Against the Person,Assault with Injury,0,2010,12
E01001558,Enfield,Violence Against the Person,Harassment,4,2015,11
E01003904,Richmond upon Thames,Burglary,Burglary in a Dwelling,2,2012,12
E01001991,Haringey,Burglary,Burglary in Other Buildings,0,2013,2
E01003790,Redbridge,Theft and Handling,Theft/Taking of Pedal Cycle,0,2010,2
E01001903,Hammersmith and Fulham,Theft and Handling,Theft/Taking of Pedal Cycle,0,2013,5
E01002917,Kingston upon Thames,Violence Against the Person,Assault with Injury,0,2010,7
E01001808,Hackney,Robbery,Personal Property,0,2009,10
E01004669,Westminster,Drugs,Possession Of Drugs,0,2016,6
E01004530,Wandsworth,Violence Against the Person,Assault with Injury,1,2013,11
E01001917,Hammersmith and Fulham,Theft and Handling,Handling Stolen Goods,0,2008,5
E01001959,Hammersmith and Fulham,Theft and Handling,Theft/Taking of Pedal Cycle,1,2014,9
E01001666,Greenwich,Violence Against the Person,Wounding/GBH,1,2009,1
E01001948,Hammersmith and Fulham,Criminal Damage,Criminal Damage To Motor Vehicle,0,2008,7
E01001599,Greenwich,Other Notifiable Offences,Other Notifiable,0,2010,7
E01002013,Haringey,Violence Against the Person,Assault with Injury,0,2015,8
E01001939,Hammersmith and Fulham,Burglary,Burglary in a Dwelling,0,2016,8
E01002832,Kensington and Chelsea,Theft and Handling,Other Theft,4,2010,12
E01002773,Islington,Violence Against the Person,Harassment,1,2011,12
E01003720,Redbridge,Theft and Handling,Theft From Motor Vehicle,0,2014,9
E01002122,Harrow,Criminal Damage,Criminal Damage To Motor Vehicle,0,2008,7
E01000850,Camden,Theft and Handling,Handling Stolen Goods,0,2008,4
E01003190,Lewisham,Robbery,Business Property,0,2012,9
E01001370,Ealing,Violence Against the Person,Assault with Injury,0,2008,9
E01000633,Brent,Theft and Handling,Theft From Motor Vehicle,0,2010,6
E01001560,Enfield,Burglary,Burglary in a Dwelling,1,2011,4
E01001910,Hammersmith and Fulham,Robbery,Personal Property,0,2013,4
E01001408,Enfield,Violence Against the Person,Wounding/GBH,0,2014,3
E01001437,Enfield,Fraud or Forgery,Counted per Victim,0,2010,6
E01003093,Lambeth,Burglary,Burglary in Other Buildings,0,2009,7
E01002885,Kensington and Chelsea,Violence Against the Person,Offensive Weapon,0,2016,4
E01004274,Tower Hamlets,Violence Against the Person,Offensive Weapon,0,2016,10
E01002470,Hillingdon,Theft and Handling,Theft/Taking of Pedal Cycle,0,2015,12
E01002223,Harrow,Drugs,Possession Of Drugs,0,2016,5
E01033208,Lambeth,Theft and Handling,Theft/Taking of Pedal Cycle,4,2014,9
E01003869,Richmond upon Thames,Drugs,Possession Of Drugs,1,2010,3
E01001978,Haringey,Burglary,Burglary in a Dwelling,1,2015,10
E01004056,Southwark,Drugs,Possession Of Drugs,0,2011,5
E01004530,Wandsworth,Robbery,Business Property,0,2011,9
E01004118,Sutton,Drugs,Drug Trafficking,0,2009,3
E01001458,Enfield,Theft and Handling,Other Theft Person,0,2009,11
E01003463,Merton,Violence Against the Person,Assault with Injury,1,2015,5
E01000323,Barnet,Criminal Damage,Other Criminal Damage,1,2016,10
E01003039,Lambeth,Theft and Handling,Theft From Motor Vehicle,1,2012,11
E01001978,Haringey,Violence Against the Person,Assault with Injury,2,2011,8
E01003464,Merton,Burglary,Burglary in a Dwelling,0,2016,6
E01002318,Havering,Criminal Damage,Criminal Damage To Dwelling,0,2010,7
E01004294,Tower Hamlets,Theft and Handling,Other Theft Person,1,2013,3
E01004329,Waltham Forest,Other Notifiable Offences,Other Notifiable,0,2010,1
E01004148,Sutton,Drugs,Drug Trafficking,0,2014,2
E01033593,Westminster,Theft and Handling,Theft/Taking Of Motor Vehicle,0,2013,3
E01000774,Bromley,Theft and Handling,Theft/Taking of Pedal Cycle,0,2015,8
E01000249,Barnet,Violence Against the Person,Wounding/GBH,0,2012,4
E01003453,Merton,Violence Against the Person,Other violence,0,2011,3
E01001668,Greenwich,Theft and Handling,Theft/Taking Of Motor Vehicle,1,2010,1
E01002857,Kensington and Chelsea,Drugs,Possession Of Drugs,3,2009,3
E01000655,Bromley,Violence Against the Person,Assault with Injury,1,2008,2
E01000007,Barking and Dagenham,Burglary,Burglary in a Dwelling,0,2015,4
E01004680,Westminster,Burglary,Burglary in a Dwelling,0,2016,9
E01032513,Westminster,Drugs,Other Drugs,0,2009,5
E01003485,Newham,Fraud or Forgery,Counted per Victim,0,2008,11
E01003634,Newham,Drugs,Drug Trafficking,0,2010,10
E01002192,Harrow,Drugs,Possession Of Drugs,0,2013,5
E01002768,Islington,Violence Against the Person,Assault with Injury,1,2012,3
E01000570,Brent,Violence Against the Person,Common Assault,0,2009,3
E01004057,Southwark,Violence Against the Person,Assault with Injury,0,2009,11
E01001983,Haringey,Violence Against the Person,Offensive Weapon,0,2011,4
E01003255,Lewisham,Criminal Damage,Criminal Damage To Motor Vehicle,0,2012,6
E01001672,Greenwich,Other Notifiable Offences,Other Notifiable,0,2011,10
E01003100,Lambeth,Drugs,Other Drugs,0,2010,10
E01000836,Bromley,Robbery,Personal Property,1,2011,8
E01002381,Havering,Theft and Handling,Other Theft,1,2013,8
E01000985,Croydon,Theft and Handling,Other Theft,0,2011,3
E01003791,Redbridge,Theft and Handling,Motor Vehicle Interference & Tampering,0,2012,9
E01004711,Westminster,Other Notifiable Offences,Going Equipped,0,2016,1
E01004369,Waltham Forest,Violence Against the Person,Common Assault,0,2014,8
E01000350,Bexley,Violence Against the Person,Assault with Injury,0,2008,7
E01002937,Kingston upon Thames,Theft and Handling,Other Theft Person,0,2008,4
E01002100,Haringey,Criminal Damage,Criminal Damage To Dwelling,0,2014,6
E01002990,Kingston upon Thames,Theft and Handling,Theft From Motor Vehicle,0,2015,9
E01003776,Redbridge,Theft and Handling,Motor Vehicle Interference & Tampering,0,2010,6
E01003350,Lewisham,Theft and Handling,Theft From Shops,0,2015,12
E01002760,Islington,Robbery,Business Property,0,2013,12
E01004684,Westminster,Theft and Handling,Handling Stolen Goods,0,2011,9
E01002603,Hounslow,Robbery,Personal Property,0,2012,1
E01001087,Croydon,Criminal Damage,Other Criminal Damage,0,2012,4
E01002261,Havering,Burglary,Burglary in Other Buildings,0,2009,10
E01001310,Ealing,Criminal Damage,Criminal Damage To Dwelling,0,2009,11
E01001263,Ealing,Violence Against the Person,Wounding/GBH,0,2008,6
E01004246,Tower Hamlets,Drugs,Drug Trafficking,0,2016,7
E01001270,Ealing,Drugs,Other Drugs,0,2012,5
E01001415,Enfield,Burglary,Burglary in a Dwelling,1,2010,9
E01003470,Merton,Drugs,Possession Of Drugs,1,2011,4
E01033711,Hackney,Burglary,Burglary in Other Buildings,0,2009,1
E01001992,Haringey,Drugs,Possession Of Drugs,0,2014,7
E01004654,Westminster,Fraud or Forgery,Other Fraud & Forgery,0,2009,9
E01001967,Haringey,Violence Against the Person,Offensive Weapon,0,2015,4
E01000982,Croydon,Theft and Handling,Theft/Taking Of Motor Vehicle,0,2014,1
E01002476,Hillingdon,Theft and Handling,Other Theft Person,0,2012,8
E01002038,Haringey,Theft and Handling,Theft/Taking Of Motor Vehicle,1,2010,8
E01000722,Bromley,Burglary,Burglary in Other Buildings,0,2008,4
E01002931,Kingston upon Thames,Criminal Damage,Criminal Damage To Motor Vehicle,0,2015,9
E01001158,Croydon,Violence Against the Person,Assault with Injury,0,2014,4
E01000735,Bromley,Violence Against the Person,Other violence,0,2009,3
E01001669,Greenwich,Criminal Damage,Criminal Damage To Dwelling,0,2010,10
E01000704,Bromley,Burglary,Burglary in Other Buildings,0,2015,11
E01004675,Westminster,Violence Against the Person,Offensive Weapon,0,2010,10
E01004015,Southwark,Drugs,Possession Of Drugs,2,2012,4
E01004582,Wandsworth,Other Notifiable Offences,Other Notifiable,0,2012,11
E01004594,Wandsworth,Theft and Handling,Theft From Shops,0,2011,7
E01001107,Croydon,Drugs,Drug Trafficking,0,2011,12
E01004609,Wandsworth,Violence Against the Person,Harassment,2,2012,4
E01002882,Kensington and Chelsea,Violence Against the Person,Offensive Weapon,0,2015,5
E01003998,Southwark,Burglary,Burglary in a Dwelling,2,2008,10
E01004528,Wandsworth,Violence Against the Person,Other violence,0,2013,2
E01004733,Westminster,Other Notifiable Offences,Going Equipped,0,2009,2
E01003792,Redbridge,Criminal Damage,Criminal Damage To Motor Vehicle,0,2016,3
E01002885,Kensington and Chelsea,Drugs,Possession Of Drugs,1,2015,12
E01002798,Islington,Theft and Handling,Theft/Taking Of Motor Vehicle,0,2011,1
E01001789,Hackney,Violence Against the Person,Murder,0,2013,3
E01001592,Greenwich,Violence Against the Person,Common Assault,0,2012,3
E01032562,Bromley,Violence Against the Person,Wounding/GBH,0,2014,6
E01002808,Islington,Criminal Damage,Criminal Damage To Dwelling,1,2010,12
E01002974,Kingston upon Thames,Violence Against the Person,Assault with Injury,0,2010,9
E01003780,Redbridge,Violence Against the Person,Common Assault,0,2011,10
E01001047,Croydon,Violence Against the Person,Wounding/GBH,0,2014,9
E01002794,Islington,Theft and Handling,Motor Vehicle Interference & Tampering,0,2013,8
E01004733,Westminster,Criminal Damage,Criminal Damage To Dwelling,0,2016,2
E01003020,Lambeth,Theft and Handling,Theft From Motor Vehicle,0,2012,1
E01001652,Greenwich,Criminal Damage,Criminal Damage To Motor Vehicle,1,2015,7
E01002765,Islington,Violence Against the Person,Harassment,1,2013,3
E01004415,Waltham Forest,Criminal Damage,Criminal Damage To Dwelling,0,2013,10
E01002392,Hillingdon,Burglary,Burglary in Other Buildings,0,2016,1
E01000627,Brent,Violence Against the Person,Murder,0,2015,10
E01004252,Tower Hamlets,Violence Against the Person,Murder,0,2016,9
E01000469,Bexley,Criminal Damage,Other Criminal Damage,0,2012,6
E01003585,Newham,Violence Against the Person,Common Assault,0,2011,12
E01004360,Waltham Forest,Fraud or Forgery,Other Fraud & Forgery,0,2015,10
E01003338,Lewisham,Robbery,Business Property,0,2016,8
E01000916,Camden,Criminal Damage,Criminal Damage To Motor Vehicle,1,2014,3
E01000406,Bexley,Theft and Handling,Handling Stolen Goods,0,2011,2
E01001434,Enfield,Theft and Handling,Theft From Motor Vehicle,2,2013,9
E01003413,Merton,Criminal Damage,Criminal Damage To Other Building,0,2010,12
E01002080,Haringey,Other Notifiable Offences,Going Equipped,0,2011,5
E01003880,Richmond upon Thames,Theft and Handling,Handling Stolen Goods,0,2009,6
E01033604,Westminster,Burglary,Burglary in Other Buildings,1,2014,9
E01000091,Barking and Dagenham,Criminal Damage,Other Criminal Damage,1,2011,3
E01001007,Croydon,Burglary,Burglary in Other Buildings,0,2008,6
E01000992,Croydon,Theft and Handling,Motor Vehicle Interference & Tampering,0,2011,5
E01000288,Barnet,Theft and Handling,Theft/Taking of Pedal Cycle,0,2012,9
E01003875,Richmond upon Thames,Theft and Handling,Theft From Shops,0,2010,1
E01004717,Westminster,Theft and Handling,Theft/Taking Of Motor Vehicle,1,2014,8
E01002913,Kensington and Chelsea,Theft and Handling,Theft/Taking Of Motor Vehicle,2,2016,7
E01004465,Waltham Forest,Burglary,Burglary in a Dwelling,1,2012,5
E01002289,Havering,Criminal Damage,Criminal Damage To Other Building,0,2016,2
E01002474,Hillingdon,Criminal Damage,Other Criminal Damage,0,2010,3
E01000905,Camden,Theft and Handling,Theft From Shops,0,2008,5
E01003843,Richmond upon Thames,Burglary,Burglary in Other Buildings,0,2010,2
E01003190,Lewisham,Burglary,Burglary in a Dwelling,1,2010,9
E01003040,Lambeth,Theft and Handling,Theft/Taking Of Motor Vehicle,1,2010,1
E01004103,Sutton,Theft and Handling,Theft From Motor Vehicle,2,2012,10
E01000786,Bromley,Criminal Damage,Criminal Damage To Motor Vehicle,2,2011,12
E01004548,Wandsworth,Criminal Damage,Other Criminal Damage,0,2013,12
E01001569,Enfield,Robbery,Personal Property,0,2013,7
E01001505,Enfield,Violence Against the Person,Wounding/GBH,0,2011,12
E01001589,Greenwich,Criminal Damage,Criminal Damage To Dwelling,0,2013,3
E01001283,Ealing,Violence Against the Person,Harassment,0,2012,2
E01003921,Southwark,Theft and Handling,Other Theft,10,2008,10
E01002696,Islington,Fraud or Forgery,Counted per Victim,0,2011,7
E01004242,Tower Hamlets,Violence Against the Person,Assault with Injury,3,2013,6
E01002007,Haringey,Theft and Handling,Other Theft,1,2012,4
E01002721,Islington,Theft and Handling,Other Theft,0,2014,4
E01004131,Sutton,Burglary,Burglary in Other Buildings,1,2009,5
E01001829,Hackney,Violence Against the Person,Offensive Weapon,0,2009,4
E01000642,Brent,Fraud or Forgery,Counted per Victim,0,2009,10
E01001469,Enfield,Violence Against the Person,Other violence,0,2012,10
E01003139,Lambeth,Violence Against the Person,Offensive Weapon,0,2014,1
E01000808,Bromley,Theft and Handling,Other Theft,0,2014,6
E01000294,Barnet,Violence Against the Person,Assault with Injury,1,2014,4
E01000933,Camden,Criminal Damage,Criminal Damage To Other Building,0,2012,4
E01003595,Newham,Robbery,Personal Property,0,2008,5
E01001115,Croydon,Theft and Handling,Motor Vehicle Interference & Tampering,0,2010,5
E01003256,Lewisham,Drugs,Other Drugs,0,2013,7
E01001741,Hackney,Robbery,Personal Property,0,2011,11
E01002091,Haringey,Theft and Handling,Theft/Taking of Pedal Cycle,0,2008,8
E01001939,Hammersmith and Fulham,Criminal Damage,Criminal Damage To Motor Vehicle,0,2010,3
E01003917,Southwark,Violence Against the Person,Harassment,1,2014,5
E01001199,Ealing,Criminal Damage,Other Criminal Damage,0,2012,1
E01000416,Bexley,Violence Against the Person,Harassment,2,2016,1
E01000019,Barking and Dagenham,Violence Against the Person,Assault with Injury,2,2012,9
E01002314,Havering,Robbery,Personal Property,0,2008,7
E01001304,Ealing,Burglary,Burglary in a Dwelling,0,2012,10
E01002043,Haringey,Theft and Handling,Theft/Taking Of Motor Vehicle,0,2010,9
E01000054,Barking and Dagenham,Violence Against the Person,Other violence,0,2011,9
E01004550,Wandsworth,Theft and Handling,Other Theft,2,2015,7
E01002712,Islington,Criminal Damage,Criminal Damage To Motor Vehicle,0,2012,3
E01003301,Lewisham,Drugs,Possession Of Drugs,3,2009,11
E01002996,Kingston upon Thames,Theft and Handling,Handling Stolen Goods,0,2016,12
E01004120,Sutton,Violence Against the Person,Other violence,0,2015,11
E01004611,Wandsworth,Violence Against the Person,Harassment,0,2012,9
E01001759,Hackney,Robbery,Personal Property,2,2009,5
E01003760,Redbridge,Theft and Handling,Theft From Shops,0,2011,5
E01033424,Brent,Other Notifiable Offences,Other Notifiable,0,2011,2
E01001124,Croydon,Burglary,Burglary in Other Buildings,0,2015,2
E01000292,Barnet,Fraud or Forgery,Other Fraud & Forgery,0,2014,9
E01001803,Hackney,Theft and Handling,Other Theft,3,2015,8
E01003042,Lambeth,Violence Against the Person,Common Assault,1,2013,8
E01000309,Barnet,Drugs,Other Drugs,0,2014,2
E01002405,Hillingdon,Violence Against the Person,Other violence,0,2008,3
E01002092,Haringey,Violence Against the Person,Common Assault,1,2012,10
E01002040,Haringey,Burglary,Burglary in Other Buildings,0,2009,2
E01002876,Kensington and Chelsea,Other Notifiable Offences,Going Equipped,0,2010,10
E01003297,Lewisham,Robbery,Personal Property,0,2012,5
E01000763,Bromley,Theft and Handling,Theft From Motor Vehicle,0,2009,10
E01001698,Greenwich,Violence Against the Person,Harassment,2,2016,7
E01001501,Enfield,Violence Against the Person,Other violence,0,2015,5
E01000644,Brent,Theft and Handling,Motor Vehicle Interference & Tampering,0,2014,12
E01000717,Bromley,Burglary,Burglary in a Dwelling,0,2011,1
E01002823,Kensington and Chelsea,Theft and Handling,Other Theft Person,1,2008,8
E01001266,Ealing,Criminal Damage,Other Criminal Damage,1,2009,7
E01001938,Hammersmith and Fulham,Burglary,Burglary in a Dwelling,4,2012,10
E01003997,Southwark,Violence Against the Person,Murder,0,2015,4
E01001296,Ealing,Drugs,Drug Trafficking,0,2009,11
E01002987,Kingston upon Thames,Drugs,Other Drugs,0,2016,11
E01001332,Ealing,Criminal Damage,Other Criminal Damage,0,2016,2
E01002065,Haringey,Theft and Handling,Theft/Taking of Pedal Cycle,0,2012,9
E01001722,Hackney,Theft and Handling,Handling Stolen Goods,0,2015,12
E01003014,Lambeth,Violence Against the Person,Harassment,1,2011,3
E01003007,Kingston upon Thames,Violence Against the Person,Assault with Injury,0,2009,9
E01000174,Barnet,Violence Against the Person,Assault with Injury,1,2008,12
E01002864,Kensington and Chelsea,Criminal Damage,Criminal Damage To Dwelling,0,2012,12
E01002525,Hillingdon,Violence Against the Person,Wounding/GBH,3,2014,11
E01004254,Tower Hamlets,Other Notifiable Offences,Going Equipped,0,2009,8
E01002235,Harrow,Violence Against the Person,Assault with Injury,0,2011,1
E01002133,Harrow,Drugs,Possession Of Drugs,2,2012,6
E01004145,Sutton,Drugs,Possession Of Drugs,0,2008,11
E01000037,Barking and Dagenham,Violence Against the Person,Offensive Weapon,0,2012,8
E01003451,Merton,Theft and Handling,Other Theft,0,2014,6
E01001056,Croydon,Robbery,Business Property,0,2014,10
E01003088,Lambeth,Burglary,Burglary in a Dwelling,0,2009,3
E01004041,Southwark,Theft and Handling,Other Theft,1,2010,12
E01001993,Haringey,Sexual Offences,Other Sexual,0,2010,7
E01001634,Greenwich,Theft and Handling,Motor Vehicle Interference & Tampering,0,2013,10
E01000565,Brent,Theft and Handling,Motor Vehicle Interference & Tampering,0,2014,2
E01003227,Lewisham,Criminal Damage,Other Criminal Damage,0,2013,3
E01003843,Richmond upon Thames,Theft and Handling,Theft From Motor Vehicle,1,2008,1
E01000024,Barking and Dagenham,Other Notifiable Offences,Going Equipped,0,2009,12
E01000559,Brent,Theft and Handling,Other Theft Person,0,2013,10
E01002616,Hounslow,Theft and Handling,Theft/Taking of Pedal Cycle,0,2015,4
E01000446,Bexley,Robbery,Personal Property,0,2014,2
E01002719,Islington,Drugs,Drug Trafficking,0,2012,12
E01002463,Hillingdon,Theft and Handling,Theft From Shops,0,2012,11
E01004639,Wandsworth,Robbery,Personal Property,0,2014,1
E01003823,Richmond upon Thames,Theft and Handling,Other Theft Person,1,2009,3
E01001796,Hackney,Violence Against the Person,Wounding/GBH,1,2016,9
E01004463,Waltham Forest,Theft and Handling,Motor Vehicle Interference & Tampering,0,2015,2
E01001739,Hackney,Violence Against the Person,Other violence,0,2011,5
E01001545,Enfield,Burglary,Burglary in Other Buildings,0,2014,10
E01001859,Hammersmith and Fulham,Criminal Damage,Criminal Damage To Motor Vehicle,0,2011,7
E01004260,Tower Hamlets,Violence Against the Person,Harassment,1,2010,6
E01000415,Bexley,Violence Against the Person,Wounding/GBH,0,2012,4
E01003414,Merton,Theft and Handling,Other Theft,0,2009,1
E01004211,Tower Hamlets,Theft and Handling,Theft/Taking Of Motor Vehicle,0,2013,11
E01004737,Westminster,Criminal Damage,Criminal Damage To Motor Vehicle,0,2016,2
E01001447,Enfield,Theft and Handling,Other Theft,1,2008,4
E01001196,Ealing,Theft and Handling,Other Theft Person,0,2014,7
E01003287,Lewisham,Violence Against the Person,Offensive Weapon,0,2013,11
E01000075,Barking and Dagenham,Theft and Handling,Handling Stolen Goods,0,2008,3
E01002373,Havering,Violence Against the Person,Wounding/GBH,0,2016,1
E01002432,Hillingdon,Violence Against the Person,Wounding/GBH,0,2015,8
E01002199,Harrow,Theft and Handling,Other Theft,0,2013,1
E01000745,Bromley,Criminal Damage,Criminal Damage To Motor Vehicle,0,2015,4
E01003924,Southwark,Robbery,Personal Property,1,2012,2
E01001814,Hackney,Burglary,Burglary in a Dwelling,1,2012,10
E01000237,Barnet,Theft and Handling,Handling Stolen Goods,0,2016,9
E01000499,Brent,Theft and Handling,Theft From Shops,0,2012,7
E01033208,Lambeth,Violence Against the Person,Common Assault,2,2012,4
E01000498,Brent,Criminal Damage,Criminal Damage To Dwelling,0,2013,1
E01001675,Greenwich,Fraud or Forgery,Counted per Victim,0,2011,12
E01004078,Sutton,Violence Against the Person,Other violence,0,2011,8
E01004661,Westminster,Theft and Handling,Theft/Taking Of Motor Vehicle,1,2012,1
E01003350,Lewisham,Criminal Damage,Criminal Damage To Other Building,0,2014,12
E01002498,Hillingdon,Violence Against the Person,Common Assault,0,2008,4
E01002058,Haringey,Criminal Damage,Criminal Damage To Motor Vehicle,0,2009,5
E01001760,Hackney,Violence Against the Person,Wounding/GBH,0,2014,1
E01003858,Richmond upon Thames,Violence Against the Person,Offensive Weapon,0,2010,3
E01003054,Lambeth,Violence Against the Person,Offensive Weapon,0,2014,5
E01000590,Brent,Theft and Handling,Theft/Taking of Pedal Cycle,0,2010,6
E01002687,Hounslow,Drugs,Drug Trafficking,0,2015,12
E01000254,Barnet,Robbery,Personal Property,0,2014,10
E01004007,Southwark,Fraud or Forgery,Counted per Victim,0,2013,12
E01004012,Southwark,Fraud or Forgery,Other Fraud & Forgery,0,2015,10
E01002995,Kingston upon Thames,Theft and Handling,Theft From Motor Vehicle,0,2013,12
E01002056,Haringey,Drugs,Drug Trafficking,0,2013,5
E01003769,Redbridge,Theft and Handling,Theft From Shops,6,2013,3
E01000549,Brent,Criminal Damage,Criminal Damage To Motor Vehicle,0,2014,2
E01002081,Haringey,Drugs,Possession Of Drugs,3,2015,12
E01003315,Lewisham,Violence Against the Person,Wounding/GBH,0,2012,8
E01002618,Hounslow,Theft and Handling,Other Theft Person,0,2009,8
E01033588,Barking and Dagenham,Violence Against the Person,Assault with Injury,0,2011,1
E01003344,Lewisham,Burglary,Burglary in a Dwelling,0,2008,8
E01000467,Bexley,Theft and Handling,Theft From Motor Vehicle,0,2012,4
E01000702,Bromley,Theft and Handling,Handling Stolen Goods,0,2008,2
E01003072,Lambeth,Violence Against the Person,Assault with Injury,0,2016,1
E01003509,Newham,Theft and Handling,Theft/Taking of Pedal Cycle,0,2008,5
E01003566,Newham,Theft and Handling,Theft/Taking of Pedal Cycle,0,2011,1
E01003446,Merton,Burglary,Burglary in Other Buildings,3,2013,5
E01004006,Southwark,Violence Against the Person,Other violence,0,2009,8
E01000525,Brent,Theft and Handling,Other Theft,0,2011,12
E01000769,Bromley,Theft and Handling,Other Theft,0,2013,11
E01000825,Bromley,Theft and Handling,Motor Vehicle Interference & Tampering,0,2012,6
E01000058,Barking and Dagenham,Theft and Handling,Theft From Motor Vehicle,1,2009,3
E01004188,Sutton,Theft and Handling,Other Theft Person,0,2015,11
E01033603,Westminster,Criminal Damage,Other Criminal Damage,0,2016,9
E01002151,Harrow,Theft and Handling,Other Theft,0,2009,6
E01004535,Wandsworth,Burglary,Burglary in a Dwelling,0,2015,9
E01003027,Lambeth,Violence Against the Person,Other violence,0,2010,10
E01004367,Waltham Forest,Burglary,Burglary in a Dwelling,0,2013,8
E01003820,Richmond upon Thames,Violence Against the Person,Wounding/GBH,0,2012,1
E01000113,Barking and Dagenham,Violence Against the Person,Common Assault,1,2016,3
E01004763,Westminster,Drugs,Drug Trafficking,1,2008,2
E01001957,Hammersmith and Fulham,Violence Against the Person,Wounding/GBH,0,2013,3
E01002027,Haringey,Theft and Handling,Theft/Taking of Pedal Cycle,0,2015,6
E01001118,Croydon,Violence Against the Person,Offensive Weapon,1,2009,3
E01001093,Croydon,Burglary,Burglary in Other Buildings,1,2011,4
E01002834,Kensington and Chelsea,Violence Against the Person,Common Assault,2,2009,1
E01001999,Haringey,Fraud or Forgery,Counted per Victim,0,2016,4
E01004105,Sutton,Criminal Damage,Criminal Damage To Motor Vehicle,0,2014,10
E01000512,Brent,Theft and Handling,Theft From Shops,0,2008,9
E01000608,Brent,Theft and Handling,Motor Vehicle Interference & Tampering,0,2014,7
E01001227,Ealing,Violence Against the Person,Harassment,0,2010,10
E01000121,Barnet,Violence Against the Person,Other violence,0,2015,5
E01001422,Enfield,Theft and Handling,Other Theft Person,0,2008,12
E01004525,Wandsworth,Theft and Handling,Handling Stolen Goods,0,2016,10
E01002223,Harrow,Other Notifiable Offences,Other Notifiable,0,2010,7
E01002928,Kingston upon Thames,Theft and Handling,Other Theft Person,0,2012,5
E01000969,Camden,Theft and Handling,Theft From Shops,0,2010,5
E01004520,Wandsworth,Violence Against the Person,Other violence,0,2010,8
E01004409,Waltham Forest,Criminal Damage,Criminal Damage To Motor Vehicle,0,2013,4
E01004548,Wandsworth,Criminal Damage,Other Criminal Damage,0,2012,12
E01001624,Greenwich,Criminal Damage,Criminal Damage To Other Building,0,2015,12
E01004761,Westminster,Theft and Handling,Motor Vehicle Interference & Tampering,0,2012,11
E01001308,Ealing,Theft and Handling,Motor Vehicle Interference & Tampering,0,2015,10
E01002211,Harrow,Violence Against the Person,Common Assault,0,2012,5
E01001312,Ealing,Violence Against the Person,Other violence,0,2008,5
E01003950,Southwark,Theft and Handling,Theft/Taking Of Motor Vehicle,1,2014,11
E01004460,Waltham Forest,Criminal Damage,Criminal Damage To Other Building,0,2011,11
E01001227,Ealing,Fraud or Forgery,Counted per Victim,0,2012,11
E01000386,Bexley,Other Notifiable Offences,Other Notifiable,1,2014,7
E01001465,Enfield,Theft and Handling,Theft/Taking Of Motor Vehicle,0,2016,6
E01000748,Bromley,Violence Against the Person,Common Assault,0,2014,3
E01001667,Greenwich,Criminal Damage,Criminal Damage To Other Building,1,2009,10
E01000406,Bexley,Drugs,Drug Trafficking,0,2008,10
E01033743,Greenwich,Violence Against the Person,Assault with Injury,0,2009,1
E01000826,Bromley,Criminal Damage,Other Criminal Damage,0,2015,3
E01003391,Merton,Theft and Handling,Theft From Motor Vehicle,0,2010,12
E01000639,Brent,Theft and Handling,Other Theft Person,0,2010,9
E01003097,Lambeth,Drugs,Other Drugs,0,2011,5
E01003837,Richmond upon Thames,Criminal Damage,Criminal Damage To Motor Vehicle,0,2008,7
E01002443,Hillingdon,Theft and Handling,Motor Vehicle Interference & Tampering,0,2012,11
E01001374,Ealing,Robbery,Personal Property,0,2016,5
E01004237,Tower Hamlets,Theft and Handling,Other Theft,0,2012,2
E01004302,Tower Hamlets,Theft and Handling,Other Theft,1,2013,3
E01000504,Brent,Violence Against the Person,Wounding/GBH,1,2016,3
E01000093,Barking and Dagenham,Burglary,Burglary in a Dwelling,2,2014,8
E01032512,Westminster,Burglary,Burglary in a Dwelling,0,2008,4
E01000432,Bexley,Theft and Handling,Theft/Taking of Pedal Cycle,0,2009,7
E01001020,Croydon,Criminal Damage,Criminal Damage To Other Building,0,2009,2
E01001199,Ealing,Theft and Handling,Handling Stolen Goods,0,2012,8
E01004136,Sutton,Drugs,Possession Of Drugs,1,2014,7
E01001396,Enfield,Theft and Handling,Theft/Taking Of Motor Vehicle,0,2011,12
E01000241,Barnet,Violence Against the Person,Wounding/GBH,0,2013,7
E01004621,Wandsworth,Violence Against the Person,Murder,0,2010,11
E01000689,Bromley,Theft and Handling,Theft From Motor Vehicle,0,2015,12
E01000907,Camden,Violence Against the Person,Common Assault,0,2013,7
E01001653,Greenwich,Theft and Handling,Theft/Taking of Pedal Cycle,0,2016,5
E01000205,Barnet,Theft and Handling,Theft/Taking Of Motor Vehicle,0,2009,6
E01003047,Lambeth,Theft and Handling,Theft/Taking of Pedal Cycle,2,2010,2
E01004343,Waltham Forest,Violence Against the Person,Harassment,0,2015,10
E01004023,Southwark,Theft and Handling,Theft/Taking Of Motor Vehicle,0,2015,10
E01000517,Brent,Other Notifiable Offences,Other Notifiable,0,2010,9
E01000643,Brent,Violence Against the Person,Harassment,1,2014,1
E01000296,Barnet,Violence Against the Person,Harassment,2,2013,5
E01002664,Hounslow,Robbery,Business Property,0,2009,8
E01000406,Bexley,Violence Against the Person,Common Assault,0,2010,10
E01000507,Brent,Theft and Handling,Theft/Taking Of Motor Vehicle,0,2015,12
E01001536,Enfield,Theft and Handling,Motor Vehicle Interference & Tampering,0,2012,11
E01001345,Ealing,Burglary,Burglary in Other Buildings,0,2012,10
E01002648,Hounslow,Drugs,Drug Trafficking,0,2015,2
E01001519,Enfield,Criminal Damage,Criminal Damage To Motor Vehicle,2,2010,2
E01000502,Brent,Theft and Handling,Theft/Taking of Pedal Cycle,0,2008,10
E01002921,Kingston upon Thames,Theft and Handling,Theft From Motor Vehicle,0,2015,4
E01000637,Brent,Violence Against the Person,Wounding/GBH,1,2011,12
E01002069,Haringey,Criminal Damage,Criminal Damage To Other Building,0,2015,12
E01002315,Havering,Violence Against the Person,Common Assault,0,2012,12
E01000482,Brent,Theft and Handling,Theft/Taking of Pedal Cycle,0,2012,1
E01001881,Hammersmith and Fulham,Theft and Handling,Other Theft Person,3,2015,11
E01003873,Richmond upon Thames,Theft and Handling,Handling Stolen Goods,0,2009,10
E01000101,Barking and Dagenham,Theft and Handling,Motor Vehicle Interference & Tampering,0,2014,7
E01001957,Hammersmith and Fulham,Burglary,Burglary in a Dwelling,0,2015,1
E01001974,Haringey,Violence Against the Person,Assault with Injury,1,2011,2
E01002638,Hounslow,Violence Against the Person,Assault with Injury,3,2013,2
E01004473,Wandsworth,Burglary,Burglary in a Dwelling,7,2012,11
E01000300,Barnet,Other Notifiable Offences,Going Equipped,0,2011,10
E01000712,Bromley,Theft and Handling,Other Theft Person,0,2015,6
E01003827,Richmond upon Thames,Theft and Handling,Other Theft Person,0,2010,3
E01001754,Hackney,Theft and Handling,Theft From Motor Vehicle,1,2011,7
E01001520,Enfield,Burglary,Burglary in a Dwelling,1,2009,9
E01004465,Waltham Forest,Theft and Handling,Theft From Motor Vehicle,2,2011,3
E01004325,Tower Hamlets,Criminal Damage,Other Criminal Damage,0,2011,5
E01000226,Barnet,Fraud or Forgery,Other Fraud & Forgery,0,2016,2
E01004281,Tower Hamlets,Burglary,Burglary in Other Buildings,0,2014,5
E01002589,Hounslow,Robbery,Business Property,0,2016,4
E01002768,Islington,Criminal Damage,Other Criminal Damage,0,2013,6
E01002865,Kensington and Chelsea,Fraud or Forgery,Other Fraud & Forgery,0,2009,2
E01000006,Barking and Dagenham,Criminal Damage,Criminal Damage To Motor Vehicle,0,2016,1
E01003130,Lambeth,Theft and Handling,Theft/Taking Of Motor Vehicle,0,2010,5
E01002783,Islington,Violence Against the Person,Harassment,2,2011,3
E01000303,Barnet,Criminal Damage,Criminal Damage To Dwelling,0,2015,5
E01001351,Ealing,Theft and Handling,Theft From Motor Vehicle,1,2009,9
E01003082,Lambeth,Drugs,Other Drugs,0,2014,4
E01004354,Waltham Forest,Violence Against the Person,Common Assault,1,2011,10
E01001517,Enfield,Violence Against the Person,Other violence,0,2013,5
E01001593,Greenwich,Criminal Damage,Criminal Damage To Other Building,0,2016,7
E01003641,Redbridge,Robbery,Business Property,0,2009,9
E01003682,Redbridge,Violence Against the Person,Common Assault,0,2016,10
E01004649,Westminster,Theft and Handling,Other Theft,1,2015,2
E01003824,Richmond upon Thames,Violence Against the Person,Harassment,0,2013,10
E01004694,Westminster,Theft and Handling,Theft From Shops,0,2015,11
E01000208,Barnet,Other Notifiable Offences,Going Equipped,0,2012,12
E01003228,Lewisham,Theft and Handling,Theft From Motor Vehicle,0,2012,10
E01000912,Camden,Violence Against the Person,Common Assault,2,2009,9
E01004693,Westminster,Violence Against the Person,Common Assault,0,2014,7
E01001039,Croydon,Criminal Damage,Criminal Damage To Dwelling,0,2008,7
E01001553,Enfield,Criminal Damage,Criminal Damage To Motor Vehicle,0,2015,6
E01004416,Waltham Forest,Drugs,Drug Trafficking,0,2014,9
E01033589,Redbridge,Theft and Handling,Other Theft,0,2010,2
E01000089,Barking and Dagenham,Violence Against the Person,Common Assault,1,2014,8
E01001472,Enfield,Burglary,Burglary in a Dwelling,0,2016,6
E01001527,Enfield,Violence Against the Person,Harassment,0,2015,5
E01003557,Newham,Criminal Damage,Criminal Damage To Motor Vehicle,1,2011,6
E01001440,Enfield,Theft and Handling,Other Theft Person,1,2008,8
E01000750,Bromley,Violence Against the Person,Assault with Injury,1,2016,6
E01004581,Wandsworth,Violence Against the Person,Common Assault,0,2011,9
E01000346,Bexley,Theft and Handling,Other Theft,1,2015,5
E01000965,Camden,Violence Against the Person,Assault with Injury,0,2010,10
E01000747,Bromley,Violence Against the Person,Other violence,0,2010,10
E01003302,Lewisham,Theft and Handling,Other Theft Person,1,2010,4
E01001662,Greenwich,Criminal Damage,Other Criminal Damage,0,2009,4
E01002056,Haringey,Drugs,Possession Of Drugs,0,2010,3
E01000587,Brent,Criminal Damage,Other Criminal Damage,0,2014,1
E01000615,Brent,Burglary,Burglary in a Dwelling,2,2015,7
E01002956,Kingston upon Thames,Theft and Handling,Theft/Taking of Pedal Cycle,1,2009,4
E01000770,Bromley,Theft and Handling,Theft From Motor Vehicle,1,2011,6
E01003020,Lambeth,Violence Against the Person,Offensive Weapon,0,2012,10
E01000744,Bromley,Theft and Handling,Other Theft Person,0,2008,7
E01000479,Brent,Drugs,Possession Of Drugs,2,2014,4
E01004641,Wandsworth,Theft and Handling,Motor Vehicle Interference & Tampering,0,2009,8
E01004408,Waltham Forest,Burglary,Burglary in a Dwelling,0,2014,7
E01001339,Ealing,Robbery,Personal Property,0,2015,1
E01004023,Southwark,Drugs,Other Drugs,0,2011,6
E01002808,Islington,Burglary,Burglary in Other Buildings,1,2014,12
E01003442,Merton,Robbery,Personal Property,0,2011,12
E01003600,Newham,Robbery,Business Property,0,2011,3
E01002362,Havering,Theft and Handling,Handling Stolen Goods,0,2014,11
E01003417,Merton,Criminal Damage,Criminal Damage To Other Building,0,2014,10
E01003511,Newham,Violence Against the Person,Assault with Injury,0,2009,9
E01002608,Hounslow,Violence Against the Person,Common Assault,4,2011,5
E01003551,Newham,Violence Against the Person,Assault with Injury,1,2011,8
E01000724,Bromley,Criminal Damage,Other Criminal Damage,0,2009,10
E01001856,Hammersmith and Fulham,Burglary,Burglary in a Dwelling,3,2011,8
E01001114,Croydon,Theft and Handling,Other Theft,0,2016,11
E01002515,Hillingdon,Violence Against the Person,Common Assault,4,2011,3
E01003607,Newham,Violence Against the Person,Other violence,0,2011,4
E01004585,Wandsworth,Theft and Handling,Theft From Shops,0,2015,1
E01001681,Greenwich,Theft and Handling,Other Theft,0,2013,2
E01003357,Merton,Drugs,Possession Of Drugs,0,2013,3
E01004008,Southwark,Violence Against the Person,Harassment,1,2010,1
E01003752,Redbridge,Drugs,Possession Of Drugs,0,2016,12
E01002471,Hillingdon,Violence Against the Person,Assault with Injury,1,2016,11
E01003653,Redbridge,Violence Against the Person,Harassment,0,2015,7
E01003783,Redbridge,Violence Against the Person,Offensive Weapon,1,2010,11
E01003783,Redbridge,Theft and Handling,Other Theft Person,4,2014,8
E01002263,Havering,Violence Against the Person,Common Assault,0,2013,5
E01033455,Brent,Theft and Handling,Handling Stolen Goods,0,2014,1
E01002748,Islington,Theft and Handling,Other Theft Person,0,2016,3
E01001259,Ealing,Criminal Damage,Criminal Damage To Motor Vehicle,0,2015,8
E01003448,Merton,Violence Against the Person,Other violence,0,2012,6
E01004702,Westminster,Theft and Handling,Theft/Taking Of Motor Vehicle,1,2016,3
E01003323,Lewisham,Violence Against the Person,Common Assault,2,2013,10
E01000700,Bromley,Theft and Handling,Theft/Taking of Pedal Cycle,0,2009,6
E01001334,Ealing,Burglary,Burglary in a Dwelling,2,2008,6
E01003266,Lewisham,Other Notifiable Offences,Other Notifiable,0,2016,10
E01003064,Lambeth,Criminal Damage,Criminal Damage To Other Building,0,2015,8
E01000204,Barnet,Burglary,Burglary in a Dwelling,1,2011,10
E01000480,Brent,Violence Against the Person,Common Assault,0,2013,5
E01002254,Havering,Violence Against the Person,Wounding/GBH,0,2014,6
E01003216,Lewisham,Violence Against the Person,Common Assault,1,2011,11
E01001242,Ealing,Other Notifiable Offences,Other Notifiable,0,2011,9
E01003515,Newham,Criminal Damage,Criminal Damage To Dwelling,0,2010,9
E01002701,Islington,Theft and Handling,Theft From Shops,0,2012,9
E01004350,Waltham Forest,Drugs,Drug Trafficking,0,2012,12
E01004212,Tower Hamlets,Other Notifiable Offences,Other Notifiable,0,2016,12
E01003957,Southwark,Criminal Damage,Criminal Damage To Motor Vehicle,0,2016,4
E01002929,Kingston upon Thames,Theft and Handling,Motor Vehicle Interference & Tampering,0,2012,8
E01001168,Croydon,Criminal Damage,Other Criminal Damage,0,2011,10
E01004369,Waltham Forest,Violence Against the Person,Offensive Weapon,0,2008,6
E01000678,Bromley,Theft and Handling,Theft From Motor Vehicle,0,2010,12
E01003086,Lambeth,Criminal Damage,Other Criminal Damage,0,2009,2
E01004547,Wandsworth,Theft and Handling,Theft From Shops,0,2008,10
E01000568,Brent,Theft and Handling,Other Theft,5,2008,7
E01001605,Greenwich,Criminal Damage,Criminal Damage To Motor Vehicle,0,2009,3
E01001527,Enfield,Theft and Handling,Motor Vehicle Interference & Tampering,0,2015,2
E01002829,Kensington and Chelsea,Violence Against the Person,Offensive Weapon,0,2010,9
E01000781,Bromley,Criminal Damage,Criminal Damage To Other Building,0,2016,5
E01002782,Islington,Drugs,Possession Of Drugs,0,2013,4
E01000237,Barnet,Theft and Handling,Handling Stolen Goods,0,2016,12
E01003426,Merton,Other Notifiable Offences,Other Notifiable,0,2015,2
E01001785,Hackney,Violence Against the Person,Assault with Injury,0,2014,6
E01000063,Barking and Dagenham,Violence Against the Person,Other violence,0,2014,1
E01002271,Havering,Drugs,Drug Trafficking,0,2011,11
E01002064,Haringey,Theft and Handling,Handling Stolen Goods,0,2015,5
E01003052,Lambeth,Violence Against the Person,Harassment,3,2010,8
E01003069,Lambeth,Violence Against the Person,Wounding/GBH,0,2009,10
E01003496,Newham,Burglary,Burglary in Other Buildings,0,2013,3
E01000595,Brent,Drugs,Possession Of Drugs,0,2014,2
E01004506,Wandsworth,Criminal Damage,Criminal Damage To Dwelling,0,2013,2
E01001662,Greenwich,Robbery,Personal Property,0,2014,8
E01003187,Lambeth,Violence Against the Person,Harassment,0,2015,11
E01000701,Bromley,Criminal Damage,Criminal Damage To Dwelling,0,2009,7
E01004244,Tower Hamlets,Violence Against the Person,Assault with Injury,1,2012,2
E01003164,Lambeth,Violence Against the Person,Offensive Weapon,0,2009,9
E01002085,Haringey,Burglary,Burglary in a Dwelling,2,2013,7
E01002954,Kingston upon Thames,Theft and Handling,Handling Stolen Goods,0,2009,12
E01000843,Camden,Theft and Handling,Handling Stolen Goods,0,2013,9
E01001337,Ealing,Other Notifiable Offences,Going Equipped,0,2015,11
E01002014,Haringey,Robbery,Business Property,0,2011,3
E01003210,Lewisham,Theft and Handling,Theft/Taking Of Motor Vehicle,1,2012,1
E01002391,Havering,Theft and Handling,Motor Vehicle Interference & Tampering,0,2008,6
E01004228,Tower Hamlets,Robbery,Personal Property,1,2008,9
E01003900,Richmond upon Thames,Burglary,Burglary in Other Buildings,1,2009,11
E01003018,Lambeth,Theft and Handling,Theft/Taking of Pedal Cycle,1,2015,8
E01001209,Ealing,Theft and Handling,Motor Vehicle Interference & Tampering,0,2009,11
E01003631,Newham,Drugs,Possession Of Drugs,4,2009,10
E01003581,Newham,Robbery,Personal Property,0,2015,8
E01000468,Bexley,Robbery,Personal Property,0,2013,1
E01033606,Westminster,Criminal Damage,Other Criminal Damage,0,2008,2
E01002988,Kingston upon Thames,Robbery,Personal Property,0,2010,7
E01003842,Richmond upon Thames,Theft and Handling,Other Theft,0,2016,6
E01004116,Sutton,Criminal Damage,Criminal Damage To Dwelling,0,2008,7
E01001333,Ealing,Theft and Handling,Theft From Motor Vehicle,3,2010,12
E01001288,Ealing,Criminal Damage,Criminal Damage To Motor Vehicle,0,2016,9
E01004281,Tower Hamlets,Theft and Handling,Other Theft Person,0,2013,7
E01002540,Hillingdon,Theft and Handling,Theft/Taking of Pedal Cycle,1,2011,4
E01004732,Westminster,Criminal Damage,Criminal Damage To Dwelling,1,2012,4
E01000289,Barnet,Violence Against the Person,Offensive Weapon,1,2010,8
E01000947,Camden,Drugs,Other Drugs,0,2013,5
E01000686,Bromley,Criminal Damage,Criminal Damage To Motor Vehicle,0,2012,2
E01000667,Bromley,Theft and Handling,Theft From Motor Vehicle,0,2014,10
E01001433,Enfield,Violence Against the Person,Harassment,2,2014,8
E01032570,Bromley,Criminal Damage,Criminal Damage To Other Building,0,2009,12
E01002025,Haringey,Criminal Damage,Criminal Damage To Other Building,0,2013,7
E01000947,Camden,Other Notifiable Offences,Other Notifiable,0,2014,8
E01003662,Redbridge,Criminal Damage,Other Criminal Damage,0,2011,9
E01001698,Greenwich,Other Notifiable Offences,Going Equipped,0,2009,5
E01000040,Barking and Dagenham,Criminal Damage,Criminal Damage To Dwelling,0,2014,5
E01004677,Westminster,Violence Against the Person,Assault with Injury,2,2008,12
E01004581,Wandsworth,Violence Against the Person,Offensive Weapon,0,2012,1
E01004164,Sutton,Robbery,Business Property,0,2016,7
E01003456,Merton,Drugs,Possession Of Drugs,1,2008,11
E01004519,Wandsworth,Robbery,Business Property,0,2014,12
E01033463,Brent,Burglary,Burglary in Other Buildings,0,2011,2
E01002072,Haringey,Theft and Handling,Handling Stolen Goods,0,2012,4
E01033101,Wandsworth,Violence Against the Person,Wounding/GBH,1,2015,11
E01003963,Southwark,Theft and Handling,Other Theft,2,2011,11
E01033464,Brent,Criminal Damage,Criminal Damage To Motor Vehicle,1,2014,12
E01003178,Lambeth,Violence Against the Person,Wounding/GBH,2,2014,5
E01000359,Bexley,Theft and Handling,Other Theft,0,2016,5
E01004049,Southwark,Criminal Damage,Criminal Damage To Other Building,0,2014,3
E01000093,Barking and Dagenham,Violence Against the Person,Harassment,1,2009,7
E01004357,Waltham Forest,Theft and Handling,Theft/Taking Of Motor Vehicle,0,2014,2
E01003451,Merton,Theft and Handling,Other Theft Person,0,2015,3
E01003123,Lambeth,Theft and Handling,Other Theft Person,1,2008,5
E01001429,Enfield,Fraud or Forgery,Counted per Victim,0,2016,3
E01004583,Wandsworth,Theft and Handling,Handling Stolen Goods,0,2015,2
E01000719,Bromley,Other Notifiable Offences,Going Equipped,0,2013,10
E01002116,Harrow,Criminal Damage,Other Criminal Damage,0,2015,2
E01004376,Waltham Forest,Violence Against the Person,Wounding/GBH,0,2013,6
E01000153,Barnet,Violence Against the Person,Wounding/GBH,0,2016,9
E01000677,Bromley,Criminal Damage,Criminal Damage To Motor Vehicle,1,2011,6
E01003441,Merton,Criminal Damage,Other Criminal Damage,1,2011,10
E01002740,Islington,Robbery,Business Property,0,2010,9
E01001109,Croydon,Violence Against the Person,Common Assault,0,2013,7
E01001485,Enfield,Drugs,Possession Of Drugs,1,2014,6
E01004051,Southwark,Fraud or Forgery,Other Fraud & Forgery,0,2014,5
E01000842,Camden,Theft and Handling,Theft From Motor Vehicle,5,2011,11
E01002665,Hounslow,Violence Against the Person,Harassment,0,2010,3
E01001131,Croydon,Violence Against the Person,Assault with Injury,0,2014,12
E01004618,Wandsworth,Violence Against the Person,Common Assault,0,2013,1
E01000311,Barnet,Theft and Handling,Handling Stolen Goods,0,2016,11
E01004691,Westminster,Violence Against the Person,Harassment,1,2014,1
E01003946,Southwark,Violence Against the Person,Other violence,0,2009,3
E01002396,Hillingdon,Violence Against the Person,Wounding/GBH,0,2014,11
E01004374,Waltham Forest,Violence Against the Person,Other violence,0,2012,3
E01000241,Barnet,Theft and Handling,Theft/Taking Of Motor Vehicle,0,2010,11
E01002430,Hillingdon,Theft and Handling,Handling Stolen Goods,0,2010,5
E01004382,Waltham Forest,Theft and Handling,Other Theft,0,2016,4
E01004054,Southwark,Drugs,Drug Trafficking,0,2011,4
E01002944,Kingston upon Thames,Criminal Damage,Criminal Damage To Other Building,0,2010,10
E01002187,Harrow,Other Notifiable Offences,Other Notifiable,0,2008,5
E01002312,Havering,Theft and Handling,Motor Vehicle Interference & Tampering,0,2008,8
E01003374,Merton,Burglary,Burglary in a Dwelling,2,2016,9
E01001100,Croydon,Criminal Damage,Criminal Damage To Dwelling,0,2010,2
E01003002,Kingston upon Thames,Theft and Handling,Theft From Shops,0,2016,3
E01003885,Richmond upon Thames,Burglary,Burglary in Other Buildings,0,2008,7
E01002016,Haringey,Theft and Handling,Motor Vehicle Interference & Tampering,0,2014,10
E01003591,Newham,Drugs,Other Drugs,0,2010,9
E01002403,Hillingdon,Sexual Offences,Other Sexual,0,2008,9
E01003001,Kingston upon Thames,Theft and Handling,Theft/Taking Of Motor Vehicle,0,2013,10
E01002611,Hounslow,Robbery,Business Property,0,2016,12
E01003061,Lambeth,Robbery,Business Property,0,2008,2
E01000556,Brent,Violence Against the Person,Other violence,0,2011,6
E01004348,Waltham Forest,Robbery,Business Property,0,2011,4
E01004645,Wandsworth,Theft and Handling,Theft/Taking of Pedal Cycle,0,2016,1
E01001137,Croydon,Criminal Damage,Criminal Damage To Other Building,0,2015,6
E01003421,Merton,Violence Against the Person,Common Assault,0,2010,3
E01002107,Harrow,Theft and Handling,Other Theft,4,2011,1
E01000914,Camden,Burglary,Burglary in a Dwelling,0,2013,3
E01004553,Wandsworth,Violence Against the Person,Assault with Injury,0,2012,12
E01000512,Brent,Theft and Handling,Theft From Motor Vehicle,1,2010,10
E01000086,Barking and Dagenham,Other Notifiable Offences,Other Notifiable,0,2008,9
E01004182,Sutton,Violence Against the Person,Wounding/GBH,0,2016,8
E01002472,Hillingdon,Violence Against the Person,Harassment,1,2008,4
E01003873,Richmond upon Thames,Theft and Handling,Other Theft Person,0,2016,5
E01000125,Barnet,Burglary,Burglary in Other Buildings,0,2015,9
E01001624,Greenwich,Theft and Handling,Theft/Taking of Pedal Cycle,0,2009,8
E01001112,Croydon,Violence Against the Person,Other violence,0,2013,6
E01000591,Brent,Violence Against the Person,Common Assault,0,2013,8
E01002600,Hounslow,Violence Against the Person,Harassment,0,2014,5
E01004717,Westminster,Burglary,Burglary in Other Buildings,1,2016,5
E01002226,Harrow,Criminal Damage,Other Criminal Damage,1,2009,6
E01003383,Merton,Violence Against the Person,Wounding/GBH,0,2010,9
E01004417,Waltham Forest,Sexual Offences,Other Sexual,0,2014,4
E01001231,Ealing,Other Notifiable Offences,Going Equipped,0,2008,9
E01002445,Hillingdon,Theft and Handling,Theft/Taking Of Motor Vehicle,0,2015,1
E01003426,Merton,Criminal Damage,Criminal Damage To Dwelling,0,2012,10
E01001073,Croydon,Violence Against the Person,Harassment,0,2014,12
E01004293,Tower Hamlets,Fraud or Forgery,Counted per Victim,0,2016,10
E01000653,Bromley,Drugs,Drug Trafficking,0,2008,4
E01002204,Harrow,Theft and Handling,Handling Stolen Goods,0,2015,7
E01003224,Lewisham,Theft and Handling,Theft/Taking Of Motor Vehicle,0,2014,2
E01004118,Sutton,Theft and Handling,Theft From Motor Vehicle,0,2011,5
E01001545,Enfield,Robbery,Business Property,0,2009,11
E01000158,Barnet,Other Notifiable Offences,Other Notifiable,0,2010,5
E01004067,Southwark,Criminal Damage,Criminal Damage To Motor Vehicle,2,2013,5
E01004701,Westminster,Drugs,Drug Trafficking,0,2009,10
E01000585,Brent,Theft and Handling,Other Theft Person,0,2011,11
E01001603,Greenwich,Drugs,Drug Trafficking,0,2013,12
E01002804,Islington,Burglary,Burglary in a Dwelling,1,2014,3
E01001132,Croydon,Theft and Handling,Handling Stolen Goods,0,2013,8
E01002174,Harrow,Violence Against the Person,Assault with Injury,1,2010,7
E01001006,Croydon,Other Notifiable Offences,Going Equipped,0,2010,5
E01000477,Brent,Violence Against the Person,Offensive Weapon,0,2010,7
E01004240,Tower Hamlets,Theft and Handling,Theft/Taking of Pedal Cycle,0,2013,12
E01004754,Westminster,Burglary,Burglary in a Dwelling,0,2016,9
E01001269,Ealing,Criminal Damage,Other Criminal Damage,0,2013,6
E01003298,Lewisham,Burglary,Burglary in Other Buildings,0,2009,6
E01004255,Tower Hamlets,Theft and Handling,Theft/Taking Of Motor Vehicle,0,2008,7
E01001648,Greenwich,Theft and Handling,Theft From Motor Vehicle,3,2008,12
E01003841,Richmond upon Thames,Theft and Handling,Theft/Taking Of Motor Vehicle,1,2008,1
E01004552,Wandsworth,Other Notifiable Offences,Other Notifiable,0,2009,1
E01001168,Croydon,Violence Against the Person,Harassment,1,2014,9
E01000432,Bexley,Violence Against the Person,Offensive Weapon,0,2015,9
E01002578,Hounslow,Theft and Handling,Theft From Motor Vehicle,1,2008,4
E01002870,Kensington and Chelsea,Violence Against the Person,Wounding/GBH,1,2009,2
E01003940,Southwark,Burglary,Burglary in Other Buildings,0,2015,6
E01003763,Redbridge,Violence Against the Person,Common Assault,0,2010,12
E01033603,Westminster,Violence Against the Person,Offensive Weapon,0,2010,1
E01001398,Enfield,Violence Against the Person,Offensive Weapon,0,2015,12
E01003969,Southwark,Fraud or Forgery,Other Fraud & Forgery,0,2009,9
E01000860,Camden,Violence Against the Person,Offensive Weapon,0,2013,7
E01004083,Sutton,Violence Against the Person,Other violence,0,2011,3
E01001525,Enfield,Violence Against the Person,Offensive Weapon,0,2015,5
E01003115,Lambeth,Theft and Handling,Other Theft Person,0,2014,9
E01001938,Hammersmith and Fulham,Other Notifiable Offences,Other Notifiable,1,2016,3
E01002656,Hounslow,Robbery,Personal Property,0,2011,3
E01000151,Barnet,Theft and Handling,Theft/Taking Of Motor Vehicle,0,2008,6
E01003865,Richmond upon Thames,Theft and Handling,Other Theft,2,2008,5
E01001569,Enfield,Other Notifiable Offences,Other Notifiable,0,2013,4
E01000485,Brent,Violence Against the Person,Assault with Injury,0,2015,1
E01003535,Newham,Violence Against the Person,Other violence,1,2012,3
E01002027,Haringey,Violence Against the Person,Harassment,0,2008,8
E01003436,Merton,Drugs,Possession Of Drugs,0,2015,10
E01003807,Richmond upon Thames,Drugs,Other Drugs,0,2016,5
E01004212,Tower Hamlets,Theft and Handling,Handling Stolen Goods,0,2011,12
E01003716,Redbridge,Criminal Damage,Criminal Damage To Motor Vehicle,0,2013,6
E01002604,Hounslow,Theft and Handling,Other Theft,0,2008,9
E01002905,Kensington and Chelsea,Theft and Handling,Theft/Taking of Pedal Cycle,0,2010,7
E01033712,Hackney,Theft and Handling,Theft/Taking Of Motor Vehicle,0,2015,7
E01001148,Croydon,Theft and Handling,Other Theft Person,0,2014,11
E01003615,Newham,Theft and Handling,Handling Stolen Goods,0,2013,12
E01000939,Camden,Violence Against the Person,Common Assault,0,2015,4
E01000466,Bexley,Sexual Offences,Other Sexual,0,2010,4
E01003711,Redbridge,Criminal Damage,Criminal Damage To Other Building,0,2008,4
E01002454,Hillingdon,Robbery,Personal Property,0,2009,10
E01000155,Barnet,Violence Against the Person,Offensive Weapon,0,2011,6
E01004010,Southwark,Sexual Offences,Other Sexual,0,2015,2
E01001545,Enfield,Theft and Handling,Theft/Taking of Pedal Cycle,0,2015,6
E01001539,Enfield,Criminal Damage,Criminal Damage To Motor Vehicle,0,2016,11
E01001867,Hammersmith and Fulham,Burglary,Burglary in a Dwelling,0,2012,10
E01003277,Lewisham,Violence Against the Person,Harassment,0,2011,10
E01001977,Haringey,Theft and Handling,Motor Vehicle Interference & Tampering,0,2014,9
E01000123,Barnet,Burglary,Burglary in Other Buildings,0,2009,7
E01004499,Wandsworth,Criminal Damage,Criminal Damage To Dwelling,0,2013,11
E01004047,Southwark,Drugs,Drug Trafficking,0,2008,3
E01003057,Lambeth,Violence Against the Person,Murder,0,2015,9
E01003217,Lewisham,Burglary,Burglary in a Dwelling,0,2008,11
E01004117,Sutton,Theft and Handling,Theft/Taking Of Motor Vehicle,0,2014,10
E01002768,Islington,Other Notifiable Offences,Other Notifiable,0,2013,1
E01002812,Kensington and Chelsea,Theft and Handling,Handling Stolen Goods,0,2008,10
E01000177,Barnet,Drugs,Possession Of Drugs,0,2009,4
E01002333,Havering,Burglary,Burglary in a Dwelling,0,2015,10
E01004571,Wandsworth,Robbery,Personal Property,0,2015,8
E01001016,Croydon,Violence Against the Person,Other violence,0,2016,2
E01001882,Hammersmith and Fulham,Drugs,Drug Trafficking,0,2009,7
E01001033,Croydon,Theft and Handling,Other Theft Person,1,2015,2
E01033587,Barking and Dagenham,Robbery,Personal Property,1,2012,6
E01000605,Brent,Drugs,Drug Trafficking,0,2013,11
E01002175,Harrow,Drugs,Drug Trafficking,0,2015,9
E01033464,Brent,Burglary,Burglary in Other Buildings,0,2012,2
E01000439,Bexley,Theft and Handling,Theft From Motor Vehicle,0,2011,2
E01001822,Hackney,Violence Against the Person,Assault with Injury,5,2008,7
E01004422,Waltham Forest,Criminal Damage,Criminal Damage To Motor Vehicle,0,2011,6
E01000818,Bromley,Theft and Handling,Theft/Taking Of Motor Vehicle,0,2012,11
E01000689,Bromley,Violence Against the Person,Harassment,1,2012,1
E01001740,Hackney,Drugs,Drug Trafficking,0,2008,4
E01002896,Kensington and Chelsea,Violence Against the Person,Wounding/GBH,0,2013,12
E01000721,Bromley,Drugs,Drug Trafficking,0,2014,9
E01001193,Croydon,Violence Against the Person,Assault with Injury,1,2016,4
E01003019,Lambeth,Other Notifiable Offences,Other Notifiable,0,2016,11
E01003543,Newham,Drugs,Possession Of Drugs,0,2012,5
E01000322,Barnet,Violence Against the Person,Common Assault,0,2014,5
E01000908,Camden,Theft and Handling,Theft/Taking Of Motor Vehicle,1,2012,5
E01003189,Lewisham,Criminal Damage,Criminal Damage To Other Building,0,2016,10
E01001368,Ealing,Burglary,Burglary in a Dwelling,0,2010,4
E01002187,Harrow,Violence Against the Person,Harassment,0,2012,2
E01000990,Croydon,Theft and Handling,Theft/Taking Of Motor Vehicle,2,2009,3
E01033712,Hackney,Violence Against the Person,Common Assault,2,2014,10
E01000522,Brent,Robbery,Personal Property,1,2011,12
E01002971,Kingston upon Thames,Burglary,Burglary in a Dwelling,1,2008,3
E01001394,Enfield,Theft and Handling,Theft/Taking Of Motor Vehicle,0,2013,11
E01002490,Hillingdon,Violence Against the Person,Harassment,1,2012,7
E01001190,Croydon,Burglary,Burglary in Other Buildings,1,2012,1
E01002849,Kensington and Chelsea,Theft and Handling,Theft From Motor Vehicle,2,2011,7
E01001977,Haringey,Criminal Damage,Criminal Damage To Dwelling,1,2012,1
E01004141,Sutton,Theft and Handling,Theft/Taking Of Motor Vehicle,0,2014,2
E01004631,Wandsworth,Other Notifiable Offences,Other Notifiable,0,2014,6
E01004386,Waltham Forest,Burglary,Burglary in a Dwelling,5,2010,12
E01000617,Brent,Violence Against the Person,Assault with Injury,2,2016,4
E01033732,Greenwich,Criminal Damage,Other Criminal Damage,0,2013,11
E01004140,Sutton,Other Notifiable Offences,Going Equipped,0,2011,8
E01003740,Redbridge,Drugs,Drug Trafficking,0,2011,10
E01001585,Greenwich,Theft and Handling,Other Theft Person,0,2015,3
E01003423,Merton,Criminal Damage,Other Criminal Damage,0,2016,12
E01004542,Wandsworth,Theft and Handling,Handling Stolen Goods,0,2010,6
E01003031,Lambeth,Theft and Handling,Theft From Shops,0,2013,9
E01002603,Hounslow,Criminal Damage,Other Criminal Damage,0,2014,11
E01004319,Tower Hamlets,Criminal Damage,Other Criminal Damage,0,2013,7
E01033729,Greenwich,Theft and Handling,Theft/Taking of Pedal Cycle,1,2012,9
E01001917,Hammersmith and Fulham,Theft and Handling,Theft From Motor Vehicle,1,2011,3
E01002057,Haringey,Violence Against the Person,Other violence,0,2016,2
E01003245,Lewisham,Violence Against the Person,Offensive Weapon,0,2012,3
E01001558,Enfield,Violence Against the Person,Common Assault,0,2008,7
E01000750,Bromley,Violence Against the Person,Offensive Weapon,0,2015,12
E01001656,Greenwich,Theft and Handling,Theft From Shops,0,2008,9
E01002637,Hounslow,Theft and Handling,Other Theft,0,2009,2
E01002377,Havering,Robbery,Business Property,0,2009,11
E01004342,Waltham Forest,Theft and Handling,Handling Stolen Goods,0,2012,8
E01001477,Enfield,Drugs,Drug Trafficking,0,2012,11
E01000425,Bexley,Criminal Damage,Other Criminal Damage,0,2011,1
E01002843,Kensington and Chelsea,Criminal Damage,Other Criminal Damage,1,2011,4
E01002520,Hillingdon,Theft and Handling,Other Theft Person,0,2011,5
E01002625,Hounslow,Drugs,Other Drugs,0,2011,12
E01000634,Brent,Theft and Handling,Theft/Taking Of Motor Vehicle,0,2014,8
E01000794,Bromley,Violence Against the Person,Offensive Weapon,0,2010,5
E01002266,Havering,Drugs,Drug Trafficking,0,2016,10
E01004151,Sutton,Other Notifiable Offences,Other Notifiable,0,2011,5
E01002648,Hounslow,Violence Against the Person,Wounding/GBH,1,2012,12
E01000958,Camden,Fraud or Forgery,Counted per Victim,0,2016,5
E01000675,Bromley,Sexual Offences,Other Sexual,0,2012,4
E01003458,Merton,Criminal Damage,Other Criminal Damage,0,2015,12
E01000772,Bromley,Violence Against the Person,Wounding/GBH,0,2009,10
E01032574,Enfield,Drugs,Drug Trafficking,0,2010,3
E01001966,Haringey,Violence Against the Person,Wounding/GBH,0,2010,8
E01000194,Barnet,Burglary,Burglary in a Dwelling,4,2013,12
E01003501,Newham,Violence Against the Person,Common Assault,0,2012,7
E01003300,Lewisham,Drugs,Possession Of Drugs,0,2011,12
E01004520,Wandsworth,Burglary,Burglary in a Dwelling,1,2013,3
E01002315,Havering,Violence Against the Person,Other violence,0,2014,10
E01003724,Redbridge,Drugs,Possession Of Drugs,0,2008,8
E01001088,Croydon,Other Notifiable Offences,Other Notifiable,0,2009,3
E01001189,Croydon,Criminal Damage,Criminal Damage To Other Building,0,2013,1
E01003402,Merton,Burglary,Burglary in a Dwelling,0,2012,9
E01003372,Merton,Theft and Handling,Other Theft Person,0,2009,2
E01003158,Lambeth,Theft and Handling,Other Theft,0,2015,2
E01000314,Barnet,Fraud or Forgery,Counted per Victim,0,2009,10
E01001289,Ealing,Burglary,Burglary in Other Buildings,0,2008,7
E01001329,Ealing,Violence Against the Person,Other violence,0,2016,12
E01004422,Waltham Forest,Criminal Damage,Criminal Damage To Motor Vehicle,2,2010,8
E01000490,Brent,Violence Against the Person,Wounding/GBH,2,2016,12
E01001129,Croydon,Violence Against the Person,Harassment,0,2013,7
E01000948,Camden,Criminal Damage,Other Criminal Damage,0,2013,3
E01004717,Westminster,Violence Against the Person,Common Assault,1,2010,7
E01000035,Barking and Dagenham,Robbery,Business Property,0,2009,3
E01001314,Ealing,Drugs,Possession Of Drugs,0,2013,12
E01001427,Enfield,Robbery,Business Property,0,2016,2
E01002251,Havering,Other Notifiable Offences,Other Notifiable,0,2011,5
E01001260,Ealing,Violence Against the Person,Common Assault,0,2013,11
E01000181,Barnet,Theft and Handling,Theft/Taking Of Motor Vehicle,0,2015,2
E01000876,Camden,Robbery,Business Property,0,2009,3
E01001555,Enfield,Theft and Handling,Theft/Taking of Pedal Cycle,0,2008,12
E01001959,Hammersmith and Fulham,Robbery,Business Property,0,2009,8
E01000423,Bexley,Violence Against the Person,Assault with Injury,1,2016,5
E01001405,Enfield,Drugs,Drug Trafficking,0,2015,9
E01004653,Westminster,Criminal Damage,Other Criminal Damage,0,2013,1
E01000942,Camden,Theft and Handling,Theft From Shops,0,2008,9
E01004216,Tower Hamlets,Violence Against the Person,Assault with Injury,0,2015,7
E01004112,Sutton,Theft and Handling,Theft From Shops,0,2016,12
E01004003,Southwark,Robbery,Personal Property,0,2015,11
E01001938,Hammersmith and Fulham,Fraud or Forgery,Other Fraud & Forgery,0,2014,9
E01004074,Southwark,Violence Against the Person,Common Assault,1,2014,7
E01003847,Richmond upon Thames,Violence Against the Person,Other violence,0,2012,11
E01000420,Bexley,Violence Against the Person,Assault with Injury,0,2014,7
E01000965,Camden,Criminal Damage,Criminal Damage To Motor Vehicle,0,2009,12
E01002582,Hounslow,Criminal Damage,Criminal Damage To Motor Vehicle,0,2009,6
E01004189,Sutton,Criminal Damage,Criminal Damage To Dwelling,0,2009,7
E01003429,Merton,Robbery,Business Property,0,2011,12
E01004592,Wandsworth,Criminal Damage,Criminal Damage To Other Building,0,2016,3
E01002316,Havering,Criminal Damage,Other Criminal Damage,0,2008,11
E01003586,Newham,Violence Against the Person,Wounding/GBH,0,2009,7
E01002448,Hillingdon,Robbery,Business Property,1,2015,4
E01003857,Richmond upon Thames,Criminal Damage,Criminal Damage To Other Building,0,2009,6
E01000022,Barking and Dagenham,Criminal Damage,Criminal Damage To Motor Vehicle,1,2009,9
E01002192,Harrow,Violence Against the Person,Offensive Weapon,0,2015,2
E01000035,Barking and Dagenham,Other Notifiable Offences,Other Notifiable,0,2015,7
E01003071,Lambeth,Theft and Handling,Handling Stolen Goods,0,2015,3
E01002594,Hounslow,Violence Against the Person,Common Assault,4,2016,7
E01001792,Hackney,Other Notifiable Offences,Other Notifiable,0,2013,1
E01000204,Barnet,Robbery,Personal Property,0,2009,11
E01001164,Croydon,Violence Against the Person,Offensive Weapon,0,2008,5
E01001896,Hammersmith and Fulham,Theft and Handling,Other Theft Person,0,2011,2
E01002369,Havering,Violence Against the Person,Wounding/GBH,0,2012,9
E01002829,Kensington and Chelsea,Criminal Damage,Criminal Damage To Other Building,0,2016,11
E01002853,Kensington and Chelsea,Drugs,Drug Trafficking,0,2011,10
E01000858,Camden,Theft and Handling,Other Theft Person,13,2016,2
E01001792,Hackney,Theft and Handling,Theft From Shops,0,2010,6
E01001559,Enfield,Criminal Damage,Other Criminal Damage,0,2010,2
E01003245,Lewisham,Robbery,Personal Property,0,2013,1
E01000154,Barnet,Violence Against the Person,Assault with Injury,1,2008,7
E01000052,Barking and Dagenham,Violence Against the Person,Other violence,0,2013,11
E01003574,Newham,Criminal Damage,Other Criminal Damage,1,2008,8
E01001781,Hackney,Criminal Damage,Criminal Damage To Motor Vehicle,0,2012,7
E01003331,Lewisham,Burglary,Burglary in a Dwelling,1,2012,4
E01004380,Waltham Forest,Robbery,Personal Property,1,2010,11
E01000356,Bexley,Burglary,Burglary in Other Buildings,1,2009,10
E01004618,Wandsworth,Burglary,Burglary in Other Buildings,0,2014,5
