E01004509,Wandsworth,Violence Against the Person,Assault with Injury,0,2016,9
E01004637,Wandsworth,Drugs,Drug Trafficking,0,2016,2
E01033100,Wandsworth,Robbery,Business Property,0,2013,5
E01002645,Hounslow,Violence Against the Person,Assault with Injury,0,2014,6
E01002189,Harrow,Violence Against the Person,Wounding/GBH,0,2010,3
E01004270,Tower Hamlets,Theft and Handling,Theft From Shops,0,2011,7
E01003414,Merton,Criminal Damage,Other Criminal Damage,1,2016,3
E01002196,Harrow,Robbery,Personal Property,0,2016,12
E01000954,Camden,Criminal Damage,Other Criminal Damage,1,2010,9
E01001043,Croydon,Burglary,Burglary in Other Buildings,8,2011,10
E01000052,Barking and Dagenham,Violence Against the Person,Wounding/GBH,0,2016,2
E01004022,Southwark,Drugs,Drug Trafficking,0,2010,6
E01001476,Enfield,Violence Against the Person,Common Assault,0,2010,4
E01004426,Waltham Forest,Violence Against the Person,Assault with Injury,0,2013,1
E01002692,Hounslow,Theft and Handling,Other Theft Person,1,2012,4
E01003616,Newham,Theft and Handling,Theft From Motor Vehicle,2,2009,6
E01001983,Haringey,Violence Against the Person,Offensive Weapon,0,2009,3
E01033586,Newham,Other Notifiable Offences,Other Notifiable,0,2015,4
E01004001,Southwark,Violence Against the Person,Common Assault,1,2011,10
E01003933,Southwark,Theft and Handling,Theft From Motor Vehicle,1,2015,5
E01000558,Brent,Fraud or Forgery,Other Fraud & Forgery,0,2013,5
E01002281,Havering,Criminal Damage,Criminal Damage To Motor Vehicle,1,2013,9
E01003726,Redbridge,Violence Against the Person,Other violence,2,2014,4
E01003386,Merton,Theft and Handling,Theft/Taking of Pedal Cycle,0,2014,1
E01002609,Hounslow,Theft and Handling,Theft From Shops,0,2016,4
E01004632,Wandsworth,Theft and Handling,Theft From Motor Vehicle,0,2012,10
E01000771,Bromley,Violence Against the Person,Common Assault,0,2015,1
E01003046,Lambeth,Violence Against the Person,Harassment,2,2014,9
E01004542,Wandsworth,Theft and Handling,Other Theft Person,0,2010,3
E01002651,Hounslow,Theft and Handling,Other Theft Person,0,2014,9
E01004419,Waltham Forest,Theft and Handling,Other Theft,0,2016,11
E01001748,Hackney,Theft and Handling,Other Theft,12,2016,4
E01004676,Westminster,Drugs,Possession Of Drugs,0,2014,10
E01002354,Havering,Theft and Handling,Handling Stolen Goods,0,2015,4
E01004176,Sutton,Violence Against the Person,Common Assault,0,2008,12
E01003934,Southwark,Other Notifiable Offences,Going Equipped,1,2015,4
E01001666,Greenwich,Criminal Damage,Criminal Damage To Other Building,0,2012,5
E01032775,Tower Hamlets,Theft and Handling,Theft/Taking Of Motor Vehicle,0,2008,8
E01002757,Islington,Theft and Handling,Motor Vehicle Interference & Tampering,1,2011,4
E01003491,Newham,Theft and Handling,Other Theft Person,5,2008,3
E01000713,Bromley,Criminal Damage,Criminal Damage To Other Building,0,2016,7
E01001172,Croydon,Theft and Handling,Other Theft Person,0,2010,6
E01004170,Sutton,Drugs,Drug Trafficking,0,2010,7
E01001232,Ealing,Violence Against the Person,Wounding/GBH,0,2012,11
E01001486,Enfield,Theft and Handling,Motor Vehicle Interference & Tampering,0,2009,3
E01004339,Waltham Forest,Drugs,Drug Trafficking,0,2012,10
E01002797,Islington,Theft and Handling,Theft From Motor Vehicle,0,2013,7
E01033082,Hounslow,Theft and Handling,Other Theft Person,0,2008,10
E01004160,Sutton,Criminal Damage,Criminal Damage To Motor Vehicle,0,2015,5
E01003038,Lambeth,Other Notifiable Offences,Other Notifiable,0,2016,3
E01003153,Lambeth,Criminal Damage,Criminal Damage To Motor Vehicle,0,2010,4
E01003112,Lambeth,Theft and Handling,Theft/Taking Of Motor Vehicle,0,2016,4
E01001124,Croydon,Burglary,Burglary in Other Buildings,1,2013,11
E01004355,Waltham Forest,Theft and Handling,Other Theft,1,2014,8
E01002889,Kensington and Chelsea,Drugs,Other Drugs,0,2011,11
E01001309,Ealing,Violence Against the Person,Assault with Injury,1,2011,4
E01002946,Kingston upon Thames,Theft and Handling,Theft From Motor Vehicle,1,2014,10
E01000612,Brent,Violence Against the Person,Harassment,0,2013,1
E01000148,Barnet,Sexual Offences,Other Sexual,0,2009,8
E01004035,Southwark,Theft and Handling,Other Theft,2,2011,2
E01002969,Kingston upon Thames,Robbery,Personal Property,0,2013,4
E01004083,Sutton,Criminal Damage,Other Criminal Damage,0,2016,8
E01001576,Greenwich,Theft and Handling,Theft From Shops,0,2010,10
E01002820,Kensington and Chelsea,Criminal Damage,Criminal Damage To Dwelling,0,2013,3
E01003105,Lambeth,Theft and Handling,Handling Stolen Goods,0,2016,1
E01000023,Barking and Dagenham,Criminal Damage,Criminal Damage To Dwelling,0,2013,9
E01004715,Westminster,Criminal Damage,Criminal Damage To Other Building,1,2016,11
E01000634,Brent,Theft and Handling,Other Theft Person,1,2013,10
E01003291,Lewisham,Violence Against the Person,Offensive Weapon,0,2012,11
E01004592,Wandsworth,Theft and Handling,Theft/Taking Of Motor Vehicle,1,2015,6
E01004439,Waltham Forest,Violence Against the Person,Harassment,0,2010,6
E01002671,Hounslow,Violence Against the Person,Offensive Weapon,0,2012,8
E01001413,Enfield,Theft and Handling,Other Theft,2,2014,3
E01003022,Lambeth,Robbery,Business Property,0,2009,11
E01000805,Bromley,Theft and Handling,Other Theft Person,0,2010,1
E01003706,Redbridge,Violence Against the Person,Wounding/GBH,0,2014,7
E01033727,Greenwich,Theft and Handling,Motor Vehicle Interference & Tampering,0,2014,5
E01001641,Greenwich,Drugs,Possession Of Drugs,4,2008,7
E01000935,Camden,Burglary,Burglary in a Dwelling,0,2010,8
E01003998,Southwark,Theft and Handling,Handling Stolen Goods,0,2013,10
E01003163,Lambeth,Theft and Handling,Handling Stolen Goods,0,2013,9
E01002733,Islington,Drugs,Drug Trafficking,0,2014,9
E01002610,Hounslow,Burglary,Burglary in Other Buildings,2,2012,4
E01003532,Newham,Theft and Handling,Other Theft Person,0,2011,3
E01001890,Hammersmith and Fulham,Violence Against the Person,Assault with Injury,0,2008,6
E01001053,Croydon,Theft and Handling,Handling Stolen Goods,0,2015,4
E01002759,Islington,Drugs,Drug Trafficking,0,2012,9
E01000992,Croydon,Criminal Damage,Criminal Damage To Other Building,0,2008,3
E01002143,Harrow,Theft and Handling,Handling Stolen Goods,0,2008,11
E01000065,Barking and Dagenham,Theft and Handling,Other Theft Person,0,2011,10
E01004017,Southwark,Criminal Damage,Other Criminal Damage,0,2009,7
E01000675,Bromley,Criminal Damage,Other Criminal Damage,0,2010,4
E01000876,Camden,Burglary,Burglary in a Dwelling,2,2012,11
E01003187,Lambeth,Robbery,Business Property,0,2015,4
E01003101,Lambeth,Violence Against the Person,Wounding/GBH,2,2016,4
E01003498,Newham,Criminal Damage,Criminal Damage To Dwelling,3,2012,5
E01004182,Sutton,Theft and Handling,Theft From Shops,1,2008,11
E01001550,Enfield,Criminal Damage,Criminal Damage To Dwelling,1,2015,3
E01002662,Hounslow,Criminal Damage,Criminal Damage To Motor Vehicle,0,2012,12
E01001552,Enfield,Theft and Handling,Theft/Taking of Pedal Cycle,0,2012,11
E01000878,Camden,Theft and Handling,Motor Vehicle Interference & Tampering,0,2009,1
E01002509,Hillingdon,Theft and Handling,Theft From Shops,0,2016,2
E01001910,Hammersmith and Fulham,Theft and Handling,Motor Vehicle Interference & Tampering,0,2014,1
E01032566,Bexley,Violence Against the Person,Wounding/GBH,0,2012,10
E01000373,Bexley,Violence Against the Person,Offensive Weapon,0,2016,7
E01001929,Hammersmith and Fulham,Theft and Handling,Handling Stolen Goods,0,2010,1
E01000920,Camden,Robbery,Business Property,0,2009,8
E01001479,Enfield,Violence Against the Person,Wounding/GBH,1,2011,10
E01002511,Hillingdon,Violence Against the Person,Assault with Injury,0,2014,4
E01000930,Camden,Criminal Damage,Criminal Damage To Other Building,1,2011,4
E01003943,Southwark,Violence Against the Person,Assault with Injury,0,2008,3
E01004362,Waltham Forest,Violence Against the Person,Murder,0,2016,1
E01004413,Waltham Forest,Robbery,Business Property,0,2008,4
E01002704,Islington,Violence Against the Person,Wounding/GBH,0,2011,12
E01002546,Hillingdon,Robbery,Personal Property,0,2015,5
E01000659,Bromley,Violence Against the Person,Offensive Weapon,0,2013,12
E01033341,Lewisham,Theft and Handling,Other Theft,2,2014,3
E01003414,Merton,Criminal Damage,Other Criminal Damage,0,2011,10
E01003066,Lambeth,Violence Against the Person,Murder,0,2014,6
E01002267,Havering,Violence Against the Person,Harassment,1,2013,5
E01003865,Richmond upon Thames,Criminal Damage,Criminal Damage To Motor Vehicle,0,2013,11
E01002309,Havering,Violence Against the Person,Offensive Weapon,0,2009,5
E01002564,Hounslow,Violence Against the Person,Offensive Weapon,0,2015,6
E01003641,Redbridge,Burglary,Burglary in Other Buildings,0,2009,4
E01003433,Merton,Other Notifiable Offences,Going Equipped,0,2016,10
E01003520,Newham,Robbery,Business Property,1,2014,5
E01000835,Bromley,Theft and Handling,Theft From Shops,2,2010,7
E01001960,Hammersmith and Fulham,Violence Against the Person,Harassment,5,2015,8
E01004765,Westminster,Theft and Handling,Theft/Taking Of Motor Vehicle,0,2009,5
E01003011,Kingston upon Thames,Criminal Damage,Criminal Damage To Motor Vehicle,0,2011,4
E01033703,Hackney,Other Notifiable Offences,Going Equipped,0,2008,11
E01003229,Lewisham,Theft and Handling,Theft/Taking of Pedal Cycle,0,2008,3
E01033726,Greenwich,Theft and Handling,Motor Vehicle Interference & Tampering,0,2015,10
E01004392,Waltham Forest,Violence Against the Person,Wounding/GBH,1,2009,2
E01033725,Hillingdon,Drugs,Possession Of Drugs,3,2013,5
E01003221,Lewisham,Criminal Damage,Criminal Damage To Other Building,0,2016,3
E01003443,Merton,Robbery,Personal Property,0,2009,11
E01001399,Enfield,Other Notifiable Offences,Going Equipped,0,2013,8
E01000955,Camden,Theft and Handling,Theft From Motor Vehicle,2,2016,4
E01033086,Haringey,Theft and Handling,Theft/Taking of Pedal Cycle,0,2010,6
E01002923,Kingston upon Thames,Criminal Damage,Criminal Damage To Other Building,0,2016,2
E01000333,Bexley,Burglary,Burglary in Other Buildings,0,2012,10
E01001196,Ealing,Robbery,Personal Property,0,2013,12
E01003296,Lewisham,Violence Against the Person,Assault with Injury,3,2014,11
E01003495,Newham,Sexual Offences,Other Sexual,0,2011,8
E01000396,Bexley,Theft and Handling,Theft/Taking Of Motor Vehicle,1,2008,9
E01001469,Enfield,Violence Against the Person,Harassment,0,2012,1
E01003630,Newham,Theft and Handling,Other Theft Person,3,2008,10
E01003551,Newham,Violence Against the Person,Harassment,0,2008,3
E01003966,Southwark,Theft and Handling,Motor Vehicle Interference & Tampering,0,2008,9
E01002973,Kingston upon Thames,Violence Against the Person,Other violence,0,2012,1
E01003623,Newham,Sexual Offences,Other Sexual,0,2012,4
E01000174,Barnet,Robbery,Business Property,0,2009,6
E01001425,Enfield,Theft and Handling,Other Theft Person,0,2010,10
E01002342,Havering,Criminal Damage,Criminal Damage To Dwelling,0,2011,7
E01001188,Croydon,Violence Against the Person,Wounding/GBH,0,2011,6
E01000295,Barnet,Theft and Handling,Other Theft,0,2016,12
E01001901,Hammersmith and Fulham,Criminal Damage,Criminal Damage To Other Building,0,2009,7
E01000117,Barnet,Drugs,Drug Trafficking,0,2009,4
E01001765,Hackney,Violence Against the Person,Common Assault,1,2008,2
E01000938,Camden,Violence Against the Person,Offensive Weapon,0,2015,12
E01001074,Croydon,Other Notifiable Offences,Other Notifiable,0,2008,9
E01004221,Tower Hamlets,Theft and Handling,Theft From Motor Vehicle,0,2011,9
E01001910,Hammersmith and Fulham,Other Notifiable Offences,Going Equipped,0,2016,10
E01004586,Wandsworth,Theft and Handling,Theft/Taking of Pedal Cycle,0,2010,5
E01000721,Bromley,Violence Against the Person,Wounding/GBH,0,2014,9
E01004370,Waltham Forest,Violence Against the Person,Common Assault,4,2008,6
E01000685,Bromley,Theft and Handling,Theft From Shops,0,2011,2
E01003801,Richmond upon Thames,Robbery,Business Property,0,2014,7
E01003170,Lambeth,Theft and Handling,Other Theft,0,2014,7
E01000150,Barnet,Theft and Handling,Theft/Taking Of Motor Vehicle,0,2011,4
E01002949,Kingston upon Thames,Violence Against the Person,Harassment,1,2010,10
E01004249,Tower Hamlets,Fraud or Forgery,Other Fraud & Forgery,0,2009,5
E01000869,Camden,Violence Against the Person,Harassment,1,2015,12
E01004473,Wandsworth,Criminal Damage,Other Criminal Damage,0,2016,6
E01004677,Westminster,Criminal Damage,Other Criminal Damage,0,2010,5
E01003269,Lewisham,Drugs,Drug Trafficking,0,2009,4
E01004301,Tower Hamlets,Drugs,Drug Trafficking,0,2016,7
E01003411,Merton,Theft and Handling,Theft/Taking Of Motor Vehicle,1,2013,5
E01001866,Hammersmith and Fulham,Theft and Handling,Theft From Motor Vehicle,0,2008,10
E01001178,Croydon,Theft and Handling,Theft From Motor Vehicle,0,2014,8
E01003341,Lewisham,Theft and Handling,Other Theft,0,2012,9
E01000578,Brent,Robbery,Personal Property,0,2014,10
E01033148,Enfield,Theft and Handling,Theft/Taking Of Motor Vehicle,0,2008,5
E01000877,Camden,Violence Against the Person,Other violence,0,2011,7
E01001368,Ealing,Violence Against the Person,Offensive Weapon,0,2010,8
E01000816,Bromley,Drugs,Drug Trafficking,0,2014,9
E01003625,Newham,Theft and Handling,Other Theft Person,0,2009,7
E01003314,Lewisham,Violence Against the Person,Offensive Weapon,0,2010,2
E01004090,Sutton,Robbery,Business Property,0,2013,9
E01002071,Haringey,Violence Against the Person,Harassment,0,2009,3
E01003157,Lambeth,Violence Against the Person,Assault with Injury,0,2014,9
E01001903,Hammersmith and Fulham,Other Notifiable Offences,Other Notifiable,0,2010,5
E01004386,Waltham Forest,Drugs,Possession Of Drugs,0,2016,11
E01002608,Hounslow,Theft and Handling,Theft/Taking of Pedal Cycle,1,2009,7
E01004205,Tower Hamlets,Criminal Damage,Other Criminal Damage,0,2016,3
E01000716,Bromley,Criminal Damage,Other Criminal Damage,0,2012,9
E01003117,Lambeth,Theft and Handling,Theft/Taking Of Motor Vehicle,0,2011,12
E01004439,Waltham Forest,Theft and Handling,Motor Vehicle Interference & Tampering,0,2009,6
E01001006,Croydon,Theft and Handling,Other Theft,2,2008,5
E01003619,Newham,Other Notifiable Offences,Other Notifiable,0,2009,8
E01003887,Richmond upon Thames,Theft and Handling,Theft/Taking Of Motor Vehicle,0,2011,2
E01001974,Haringey,Robbery,Business Property,0,2010,6
E01002873,Kensington and Chelsea,Violence Against the Person,Other violence,0,2011,7
E01000977,Croydon,Theft and Handling,Theft/Taking Of Motor Vehicle,0,2011,2
E01001749,Hackney,Theft and Handling,Motor Vehicle Interference & Tampering,0,2014,7
E01003624,Newham,Theft and Handling,Other Theft,0,2015,3
E01003333,Lewisham,Theft and Handling,Motor Vehicle Interference & Tampering,0,2010,11
E01000768,Bromley,Violence Against the Person,Common Assault,0,2008,12
E01001794,Hackney,Theft and Handling,Theft/Taking Of Motor Vehicle,0,2015,10
E01003024,Lambeth,Burglary,Burglary in Other Buildings,0,2010,2
E01003274,Lewisham,Violence Against the Person,Assault with Injury,1,2009,5
E01004687,Westminster,Criminal Damage,Other Criminal Damage,0,2011,4
E01000842,Camden,Drugs,Possession Of Drugs,0,2016,7
E01000250,Barnet,Criminal Damage,Criminal Damage To Motor Vehicle,0,2015,5
E01001282,Ealing,Criminal Damage,Other Criminal Damage,1,2016,9
E01002881,Kensington and Chelsea,Violence Against the Person,Offensive Weapon,0,2011,6
E01001666,Greenwich,Burglary,Burglary in a Dwelling,0,2009,10
E01001784,Hackney,Theft and Handling,Motor Vehicle Interference & Tampering,0,2010,7
E01004468,Waltham Forest,Drugs,Possession Of Drugs,2,2011,10
E01000284,Barnet,Burglary,Burglary in Other Buildings,0,2010,4
E01002755,Islington,Violence Against the Person,Assault with Injury,0,2008,5
E01002489,Hillingdon,Other Notifiable Offences,Going Equipped,0,2013,7
E01001337,Ealing,Theft and Handling,Handling Stolen Goods,0,2013,10
E01000747,Bromley,Theft and Handling,Theft/Taking Of Motor Vehicle,0,2008,11
E01001182,Croydon,Violence Against the Person,Wounding/GBH,0,2014,1
E01003497,Newham,Drugs,Other Drugs,0,2014,2
E01001197,Ealing,Theft and Handling,Handling Stolen Goods,0,2009,2
E01001739,Hackney,Burglary,Burglary in a Dwelling,2,2011,2
E01003635,Newham,Drugs,Other Drugs,0,2014,1
E01004763,Westminster,Other Notifiable Offences,Going Equipped,0,2008,7
E01003803,Richmond upon Thames,Other Notifiable Offences,Other Notifiable,0,2012,7
E01003080,Lambeth,Drugs,Drug Trafficking,0,2012,4
E01000707,Bromley,Theft and Handling,Theft/Taking of Pedal Cycle,0,2008,12
E01000174,Barnet,Theft and Handling,Theft/Taking Of Motor Vehicle,1,2013,5
E01003524,Newham,Robbery,Business Property,0,2016,7
E01002640,Hounslow,Criminal Damage,Criminal Damage To Other Building,0,2010,7
E01000674,Bromley,Violence Against the Person,Other violence,0,2011,6
E01002557,Hounslow,Burglary,Burglary in Other Buildings,0,2008,12
E01004466,Waltham Forest,Criminal Damage,Criminal Damage To Other Building,0,2008,7
E01002606,Hounslow,Burglary,Burglary in Other Buildings,1,2008,6
E01003845,Richmond upon Thames,Other Notifiable Offences,Other Notifiable,1,2015,7
E01003785,Redbridge,Criminal Damage,Criminal Damage To Other Building,0,2010,1
E01000964,Camden,Fraud or Forgery,Counted per Victim,0,2010,5
E01003574,Newham,Criminal Damage,Criminal Damage To Motor Vehicle,0,2011,1
E01000819,Bromley,Violence Against the Person,Offensive Weapon,0,2009,4
E01004053,Southwark,Other Notifiable Offences,Other Notifiable,0,2009,8
E01001679,Greenwich,Other Notifiable Offences,Other Notifiable,0,2013,9
E01003453,Merton,Violence Against the Person,Assault with Injury,0,2008,4
E01000792,Bromley,Violence Against the Person,Common Assault,0,2014,10
E01000922,Camden,Drugs,Drug Trafficking,0,2011,6
E01004680,Westminster,Theft and Handling,Theft From Shops,1,2014,12
E01000107,Barking and Dagenham,Violence Against the Person,Offensive Weapon,0,2012,3
E01000572,Brent,Burglary,Burglary in a Dwelling,0,2015,8
E01004514,Wandsworth,Drugs,Possession Of Drugs,0,2008,3
E01001792,Hackney,Robbery,Personal Property,0,2015,10
E01002103,Haringey,Violence Against the Person,Offensive Weapon,0,2014,2
E01001935,Hammersmith and Fulham,Theft and Handling,Theft From Shops,0,2016,9
E01000121,Barnet,Theft and Handling,Motor Vehicle Interference & Tampering,0,2008,7
E01004624,Wandsworth,Drugs,Possession Of Drugs,0,2009,10
E01003560,Newham,Theft and Handling,Other Theft,1,2010,3
E01002865,Kensington and Chelsea,Violence Against the Person,Common Assault,0,2011,9
E01000963,Camden,Criminal Damage,Criminal Damage To Other Building,0,2010,10
E01004263,Tower Hamlets,Theft and Handling,Handling Stolen Goods,0,2013,12
E01033607,Westminster,Violence Against the Person,Wounding/GBH,0,2013,9
E01004485,Wandsworth,Burglary,Burglary in Other Buildings,1,2013,11
E01003921,Southwark,Sexual Offences,Rape,0,2011,12
E01003973,Southwark,Burglary,Burglary in a Dwelling,1,2009,5
E01000467,Bexley,Theft and Handling,Theft From Motor Vehicle,0,2014,12
E01003582,Newham,Drugs,Drug Trafficking,0,2009,8
E01004755,Westminster,Theft and Handling,Theft/Taking of Pedal Cycle,0,2015,6
E01001453,Enfield,Violence Against the Person,Other violence,0,2015,8
E01000993,Croydon,Theft and Handling,Handling Stolen Goods,0,2013,8
E01032637,Southwark,Violence Against the Person,Common Assault,1,2012,1
E01002343,Havering,Fraud or Forgery,Other Fraud & Forgery,0,2016,1
E01000861,Camden,Theft and Handling,Theft From Shops,0,2010,3
E01004674,Westminster,Burglary,Burglary in Other Buildings,0,2012,3
E01004223,Tower Hamlets,Criminal Damage,Criminal Damage To Other Building,0,2010,4
E01001912,Hammersmith and Fulham,Criminal Damage,Criminal Damage To Motor Vehicle,0,2008,5
E01033709,Hackney,Theft and Handling,Handling Stolen Goods,0,2013,1
E01003365,Merton,Drugs,Possession Of Drugs,0,2012,1
E01000994,Croydon,Violence Against the Person,Common Assault,3,2014,8
E01001821,Hackney,Criminal Damage,Criminal Damage To Other Building,0,2012,3
E01002499,Hillingdon,Theft and Handling,Theft From Shops,0,2009,8
E01000840,Bromley,Theft and Handling,Theft From Shops,0,2011,12
E01001676,Greenwich,Violence Against the Person,Assault with Injury,1,2016,12
E01003288,Lewisham,Robbery,Personal Property,1,2008,12
E01003883,Richmond upon Thames,Theft and Handling,Motor Vehicle Interference & Tampering,0,2011,10
E01001650,Greenwich,Violence Against the Person,Harassment,7,2016,7
E01002785,Islington,Drugs,Other Drugs,0,2009,7
E01000724,Bromley,Burglary,Burglary in Other Buildings,0,2010,12
E01002016,Haringey,Theft and Handling,Theft From Motor Vehicle,0,2014,11
E01004577,Wandsworth,Theft and Handling,Theft/Taking Of Motor Vehicle,0,2016,8
E01001733,Hackney,Sexual Offences,Other Sexual,0,2010,8
E01003692,Redbridge,Violence Against the Person,Wounding/GBH,0,2008,4
E01002871,Kensington and Chelsea,Theft and Handling,Motor Vehicle Interference & Tampering,0,2010,8
E01003095,Lambeth,Other Notifiable Offences,Going Equipped,0,2010,10
E01000789,Bromley,Burglary,Burglary in Other Buildings,0,2016,2
E01004427,Waltham Forest,Violence Against the Person,Other violence,0,2011,10
E01000563,Brent,Theft and Handling,Other Theft,0,2012,9
E01002931,Kingston upon Thames,Other Notifiable Offences,Other Notifiable,0,2012,9
E01000068,Barking and Dagenham,Burglary,Burglary in a Dwelling,1,2008,3
E01003212,Lewisham,Violence Against the Person,Offensive Weapon,0,2016,8
E01000161,Barnet,Drugs,Possession Of Drugs,0,2008,6
E01002928,Kingston upon Thames,Violence Against the Person,Offensive Weapon,0,2016,11
E01001966,Haringey,Violence Against the Person,Other violence,0,2014,3
E01003608,Newham,Theft and Handling,Other Theft,0,2015,1
E01002843,Kensington and Chelsea,Other Notifiable Offences,Going Equipped,0,2008,9
E01001321,Ealing,Criminal Damage,Criminal Damage To Dwelling,1,2012,2
E01004412,Waltham Forest,Theft and Handling,Theft/Taking of Pedal Cycle,0,2014,10
E01000354,Bexley,Drugs,Possession Of Drugs,0,2008,2
E01004725,Westminster,Theft and Handling,Theft/Taking Of Motor Vehicle,2,2008,9
E01004637,Wandsworth,Theft and Handling,Motor Vehicle Interference & Tampering,0,2013,9
E01003998,Southwark,Theft and Handling,Other Theft,1,2014,5
E01001195,Ealing,Theft and Handling,Theft From Motor Vehicle,4,2009,2
E01004473,Wandsworth,Other Notifiable Offences,Going Equipped,0,2012,7
E01003021,Lambeth,Theft and Handling,Other Theft,1,2014,1
E01000434,Bexley,Theft and Handling,Theft/Taking of Pedal Cycle,0,2009,2
E01000470,Bexley,Theft and Handling,Motor Vehicle Interference & Tampering,1,2013,5
E01001762,Hackney,Theft and Handling,Theft From Motor Vehicle,1,2014,1
E01002412,Hillingdon,Fraud or Forgery,Counted per Victim,0,2010,9
E01003827,Richmond upon Thames,Theft and Handling,Theft/Taking Of Motor Vehicle,0,2012,7
E01002888,Kensington and Chelsea,Theft and Handling,Other Theft Person,1,2013,1
E01004153,Sutton,Theft and Handling,Theft From Shops,0,2008,2
E01001203,Ealing,Criminal Damage,Criminal Damage To Other Building,1,2011,4
E01000468,Bexley,Violence Against the Person,Common Assault,3,2009,11
E01001748,Hackney,Theft and Handling,Other Theft,8,2010,3
E01000682,Bromley,Violence Against the Person,Other violence,0,2011,3
E01001419,Enfield,Fraud or Forgery,Counted per Victim,0,2010,9
E01000475,Brent,Violence Against the Person,Other violence,0,2012,8
E01003029,Lambeth,Theft and Handling,Theft From Motor Vehicle,1,2009,5
E01003615,Newham,Criminal Damage,Criminal Damage To Dwelling,0,2010,12
E01003958,Southwark,Criminal Damage,Criminal Damage To Other Building,0,2011,11
E01000717,Bromley,Robbery,Business Property,0,2010,1
E01004103,Sutton,Violence Against the Person,Offensive Weapon,0,2010,3
E01004593,Wandsworth,Theft and Handling,Theft From Motor Vehicle,1,2009,8
E01000922,Camden,Burglary,Burglary in a Dwelling,1,2008,9
E01004573,Wandsworth,Theft and Handling,Other Theft Person,0,2010,2
E01000742,Bromley,Theft and Handling,Theft/Taking of Pedal Cycle,1,2013,8
E01001587,Greenwich,Burglary,Burglary in Other Buildings,2,2014,5
E01003857,Richmond upon Thames,Burglary,Burglary in Other Buildings,0,2013,8
E01000548,Brent,Theft and Handling,Theft From Shops,1,2011,5
E01002325,Havering,Criminal Damage,Other Criminal Damage,1,2012,1
E01003924,Southwark,Drugs,Possession Of Drugs,3,2012,10
E01033464,Brent,Burglary,Burglary in a Dwelling,0,2014,12
E01003957,Southwark,Violence Against the Person,Offensive Weapon,0,2009,11
E01001577,Greenwich,Violence Against the Person,Other violence,0,2011,7
E01002396,Hillingdon,Criminal Damage,Other Criminal Damage,0,2008,6
E01001715,Hackney,Robbery,Personal Property,1,2013,11
E01002157,Harrow,Theft and Handling,Other Theft,0,2008,4
E01004529,Wandsworth,Violence Against the Person,Wounding/GBH,0,2015,2
E01001555,Enfield,Criminal Damage,Other Criminal Damage,1,2011,11
E01001289,Ealing,Drugs,Drug Trafficking,0,2013,5
E01002065,Haringey,Burglary,Burglary in Other Buildings,1,2011,12
E01000412,Bexley,Theft and Handling,Motor Vehicle Interference & Tampering,0,2015,6
E01001659,Greenwich,Theft and Handling,Other Theft,1,2010,10
E01002086,Haringey,Robbery,Business Property,0,2008,10
E01004399,Waltham Forest,Criminal Damage,Other Criminal Damage,0,2016,10
E01003201,Lewisham,Theft and Handling,Theft From Motor Vehicle,2,2010,5
E01004753,Westminster,Robbery,Business Property,0,2013,6
E01000011,Barking and Dagenham,Drugs,Possession Of Drugs,1,2014,2
E01001925,Hammersmith and Fulham,Theft and Handling,Theft From Shops,0,2010,4
E01000095,Barking and Dagenham,Theft and Handling,Theft From Shops,7,2013,7
E01004181,Sutton,Violence Against the Person,Wounding/GBH,0,2015,7
E01003488,Newham,Burglary,Burglary in Other Buildings,0,2009,2
E01001888,Hammersmith and Fulham,Theft and Handling,Handling Stolen Goods,0,2016,6
E01001383,Ealing,Burglary,Burglary in a Dwelling,1,2013,11
E01000139,Barnet,Violence Against the Person,Assault with Injury,2,2013,8
E01002587,Hounslow,Violence Against the Person,Offensive Weapon,1,2012,5
E01002343,Havering,Criminal Damage,Criminal Damage To Other Building,0,2014,1
E01002740,Islington,Criminal Damage,Other Criminal Damage,0,2012,8
E01004224,Tower Hamlets,Theft and Handling,Theft From Shops,0,2015,12
E01001648,Greenwich,Violence Against the Person,Common Assault,0,2011,8
E01002973,Kingston upon Thames,Drugs,Drug Trafficking,0,2015,2
E01001137,Croydon,Theft and Handling,Other Theft,3,2012,1
E01001599,Greenwich,Criminal Damage,Criminal Damage To Dwelling,0,2014,8
E01000850,Camden,Drugs,Drug Trafficking,1,2011,7
E01001238,Ealing,Criminal Damage,Criminal Damage To Motor Vehicle,1,2016,7
E01001722,Hackney,Theft and Handling,Motor Vehicle Interference & Tampering,0,2012,11
E01001501,Enfield,Violence Against the Person,Other violence,0,2012,9
E01002101,Haringey,Theft and Handling,Other Theft Person,0,2015,8
E01002036,Haringey,Drugs,Possession Of Drugs,2,2009,5
E01001802,Hackney,Violence Against the Person,Harassment,0,2010,1
E01002601,Hounslow,Burglary,Burglary in Other Buildings,1,2008,1
E01000629,Brent,Theft and Handling,Theft/Taking of Pedal Cycle,0,2010,9
E01002950,Kingston upon Thames,Theft and Handling,Other Theft,2,2014,5
E01000274,Barnet,Criminal Damage,Criminal Damage To Dwelling,0,2012,11
E01001503,Enfield,Violence Against the Person,Assault with Injury,0,2013,9
E01003054,Lambeth,Drugs,Possession Of Drugs,0,2008,5
E01033086,Haringey,Robbery,Personal Property,0,2012,2
E01003237,Lewisham,Burglary,Burglary in Other Buildings,1,2011,6
E01001746,Hackney,Burglary,Burglary in a Dwelling,0,2015,11
E01004247,Tower Hamlets,Violence Against the Person,Wounding/GBH,1,2015,12
E01001712,Greenwich,Theft and Handling,Theft From Shops,0,2012,5
E01001857,Hammersmith and Fulham,Theft and Handling,Motor Vehicle Interference & Tampering,0,2015,7
E01004004,Southwark,Violence Against the Person,Harassment,2,2014,4
E01004166,Sutton,Other Notifiable Offences,Other Notifiable,0,2009,11
E01003156,Lambeth,Violence Against the Person,Common Assault,1,2014,3
E01000368,Bexley,Other Notifiable Offences,Other Notifiable,0,2011,5
E01003369,Merton,Burglary,Burglary in Other Buildings,0,2009,9
E01003817,Richmond upon Thames,Theft and Handling,Other Theft,0,2008,9
E01003247,Lewisham,Burglary,Burglary in a Dwelling,0,2015,12
E01004312,Tower Hamlets,Criminal Damage,Criminal Damage To Dwelling,0,2015,9
E01003066,Lambeth,Theft and Handling,Handling Stolen Goods,0,2011,9
E01003479,Newham,Robbery,Personal Property,2,2009,11
E01003156,Lambeth,Theft and Handling,Theft/Taking Of Motor Vehicle,0,2009,6
E01001734,Hackney,Other Notifiable Offences,Going Equipped,0,2015,8
E01000590,Brent,Violence Against the Person,Assault with Injury,1,2014,4
E01001594,Greenwich,Theft and Handling,Theft From Motor Vehicle,5,2010,11
E01003221,Lewisham,Theft and Handling,Handling Stolen Goods,0,2008,4
E01002301,Havering,Drugs,Drug Trafficking,0,2010,3
E01003501,Newham,Burglary,Burglary in a Dwelling,2,2009,8
E01004105,Sutton,Violence Against the Person,Common Assault,0,2014,6
E01004375,Waltham Forest,Violence Against the Person,Harassment,1,2015,8
E01000227,Barnet,Theft and Handling,Handling Stolen Goods,0,2008,4
E01004065,Southwark,Criminal Damage,Criminal Damage To Other Building,0,2013,6
E01003722,Redbridge,Violence Against the Person,Offensive Weapon,0,2016,7
E01001215,Ealing,Theft and Handling,Theft From Motor Vehicle,2,2009,1
E01032567,Greenwich,Criminal Damage,Criminal Damage To Dwelling,1,2012,9
E01000204,Barnet,Burglary,Burglary in Other Buildings,0,2013,4
E01002181,Harrow,Burglary,Burglary in Other Buildings,0,2009,9
E01033455,Brent,Theft and Handling,Theft/Taking of Pedal Cycle,0,2011,4
E01000104,Barking and Dagenham,Theft and Handling,Handling Stolen Goods,1,2008,1
E01001002,Croydon,Violence Against the Person,Assault with Injury,0,2011,5
E01004526,Wandsworth,Theft and Handling,Handling Stolen Goods,0,2009,12
E01000446,Bexley,Violence Against the Person,Other violence,0,2009,7
E01003366,Merton,Theft and Handling,Theft From Motor Vehicle,0,2010,10
E01002710,Islington,Other Notifiable Offences,Going Equipped,0,2016,8
E01000186,Barnet,Drugs,Drug Trafficking,0,2013,12
E01003183,Lambeth,Theft and Handling,Handling Stolen Goods,0,2008,2
E01001021,Croydon,Theft and Handling,Motor Vehicle Interference & Tampering,0,2008,1
E01000018,Barking and Dagenham,Burglary,Burglary in Other Buildings,0,2016,10
E01001193,Croydon,Theft and Handling,Motor Vehicle Interference & Tampering,0,2016,11
E01004022,Southwark,Violence Against the Person,Offensive Weapon,0,2010,12
E01001582,Greenwich,Theft and Handling,Theft From Motor Vehicle,0,2012,4
E01003102,Lambeth,Theft and Handling,Theft From Shops,0,2009,9
E01002041,Haringey,Violence Against the Person,Other violence,0,2008,12
E01003935,Southwark,Theft and Handling,Theft From Shops,0,2015,9
E01004073,Southwark,Theft and Handling,Handling Stolen Goods,0,2010,4
E01001340,Ealing,Violence Against the Person,Harassment,3,2012,10
E01001164,Croydon,Criminal Damage,Criminal Damage To Other Building,0,2009,9
E01003634,Newham,Violence Against the Person,Offensive Weapon,0,2016,7
E01003582,Newham,Drugs,Drug Trafficking,0,2012,6
E01002569,Hounslow,Criminal Damage,Criminal Damage To Motor Vehicle,1,2009,5
E01000363,Bexley,Other Notifiable Offences,Other Notifiable,0,2014,4
E01000573,Brent,Criminal Damage,Other Criminal Damage,0,2009,7
E01002227,Harrow,Drugs,Drug Trafficking,0,2011,11
E01002077,Haringey,Criminal Damage,Criminal Damage To Dwelling,2,2009,10
E01003742,Redbridge,Violence Against the Person,Murder,0,2011,1
E01003016,Lambeth,Theft and Handling,Other Theft,10,2015,7
E01004486,Wandsworth,Violence Against the Person,Wounding/GBH,0,2010,10
E01000559,Brent,Theft and Handling,Other Theft,0,2012,7
E01002785,Islington,Robbery,Personal Property,0,2016,12
E01001463,Enfield,Theft and Handling,Theft/Taking Of Motor Vehicle,0,2016,6
E01002055,Haringey,Criminal Damage,Criminal Damage To Dwelling,0,2014,3
E01003833,Richmond upon Thames,Violence Against the Person,Other violence,0,2009,10
E01002543,Hillingdon,Theft and Handling,Handling Stolen Goods,0,2015,2
E01004528,Wandsworth,Criminal Damage,Criminal Damage To Motor Vehicle,0,2016,3
E01002632,Hounslow,Other Notifiable Offences,Other Notifiable,0,2012,2
E01001080,Croydon,Violence Against the Person,Harassment,0,2013,6
E01003099,Lambeth,Violence Against the Person,Other violence,1,2013,6
E01002374,Havering,Drugs,Drug Trafficking,0,2014,7
E01001520,Enfield,Theft and Handling,Handling Stolen Goods,0,2016,11
E01002257,Havering,Criminal Damage,Criminal Damage To Motor Vehicle,0,2016,3
E01004148,Sutton,Theft and Handling,Theft/Taking Of Motor Vehicle,0,2010,3
E01001851,Hammersmith and Fulham,Violence Against the Person,Harassment,3,2012,4
E01001973,Haringey,Theft and Handling,Theft/Taking Of Motor Vehicle,0,2010,7
E01033598,Westminster,Criminal Damage,Criminal Damage To Other Building,0,2012,10
E01001045,Croydon,Drugs,Possession Of Drugs,8,2012,9
E01000240,Barnet,Fraud or Forgery,Other Fraud & Forgery,0,2010,7
E01003758,Redbridge,Violence Against the Person,Murder,0,2015,11
E01033739,Greenwich,Theft and Handling,Theft/Taking of Pedal Cycle,0,2015,4
E01000813,Bromley,Theft and Handling,Motor Vehicle Interference & Tampering,0,2013,6
E01000744,Bromley,Violence Against the Person,Common Assault,0,2014,5
E01004254,Tower Hamlets,Criminal Damage,Other Criminal Damage,2,2013,1
E01003601,Newham,Criminal Damage,Other Criminal Damage,0,2016,9
E01003990,Southwark,Drugs,Possession Of Drugs,1,2016,9
E01002482,Hillingdon,Theft and Handling,Handling Stolen Goods,0,2011,2
E01002999,Kingston upon Thames,Violence Against the Person,Harassment,3,2014,8
E01003111,Lambeth,Violence Against the Person,Wounding/GBH,0,2009,3
E01003749,Redbridge,Violence Against the Person,Harassment,0,2009,8
E01004660,Westminster,Theft and Handling,Other Theft Person,0,2015,9
E01000120,Barnet,Burglary,Burglary in a Dwelling,0,2016,9
E01003995,Southwark,Fraud or Forgery,Other Fraud & Forgery,0,2013,2
E01001950,Hammersmith and Fulham,Drugs,Possession Of Drugs,0,2011,10
E01033698,Hackney,Violence Against the Person,Offensive Weapon,0,2011,6
E01002674,Hounslow,Robbery,Personal Property,1,2010,1
E01004598,Wandsworth,Violence Against the Person,Assault with Injury,1,2012,8
E01001571,Greenwich,Violence Against the Person,Assault with Injury,0,2008,11
E01004488,Wandsworth,Criminal Damage,Criminal Damage To Other Building,0,2014,8
E01002774,Islington,Burglary,Burglary in a Dwelling,1,2012,3
E01004331,Waltham Forest,Burglary,Burglary in Other Buildings,0,2008,5
E01032623,Sutton,Burglary,Burglary in a Dwelling,0,2009,3
E01002831,Kensington and Chelsea,Other Notifiable Offences,Other Notifiable,0,2016,2
E01004287,Tower Hamlets,Theft and Handling,Theft From Shops,0,2008,9
E01002053,Haringey,Criminal Damage,Other Criminal Damage,0,2009,1
E01004018,Southwark,Theft and Handling,Theft From Shops,0,2013,8
E01000781,Bromley,Drugs,Drug Trafficking,0,2015,9
E01033568,Kingston upon Thames,Violence Against the Person,Other violence,0,2009,4
E01004620,Wandsworth,Criminal Damage,Criminal Damage To Dwelling,2,2015,12
E01000316,Barnet,Sexual Offences,Other Sexual,0,2016,8
E01003742,Redbridge,Violence Against the Person,Common Assault,0,2013,8
E01002590,Hounslow,Theft and Handling,Other Theft Person,1,2009,5
E01000921,Camden,Theft and Handling,Theft/Taking Of Motor Vehicle,1,2009,2
E01000299,Barnet,Other Notifiable Offences,Going Equipped,0,2013,11
E01004107,Sutton,Criminal Damage,Criminal Damage To Other Building,0,2010,9
E01002175,Harrow,Other Notifiable Offences,Other Notifiable,0,2011,3
E01001651,Greenwich,Violence Against the Person,Assault with Injury,2,2008,3
E01003392,Merton,Other Notifiable Offences,Going Equipped,0,2012,4
E01003152,Lambeth,Drugs,Drug Trafficking,0,2011,9
E01002906,Kensington and Chelsea,Drugs,Drug Trafficking,0,2016,2
E01003004,Kingston upon Thames,Drugs,Drug Trafficking,0,2010,8
E01003876,Richmond upon Thames,Drugs,Other Drugs,0,2011,12
E01004456,Waltham Forest,Violence Against the Person,Other violence,0,2015,7
E01001788,Hackney,Theft and Handling,Handling Stolen Goods,0,2015,2
E01003343,Lewisham,Violence Against the Person,Common Assault,0,2013,10
E01003552,Newham,Violence Against the Person,Other violence,0,2011,6
E01003438,Merton,Violence Against the Person,Harassment,2,2015,9
E01001702,Greenwich,Theft and Handling,Handling Stolen Goods,0,2008,6
E01000212,Barnet,Robbery,Personal Property,0,2009,2
E01001897,Hammersmith and Fulham,Theft and Handling,Motor Vehicle Interference & Tampering,0,2008,4
E01001906,Hammersmith and Fulham,Criminal Damage,Criminal Damage To Other Building,0,2008,11
E01000596,Brent,Theft and Handling,Handling Stolen Goods,0,2010,10
E01002172,Harrow,Theft and Handling,Other Theft,0,2014,6
E01002054,Haringey,Theft and Handling,Other Theft,1,2010,7
E01001577,Greenwich,Violence Against the Person,Wounding/GBH,0,2011,2
E01000914,Camden,Burglary,Burglary in Other Buildings,7,2011,11
E01001938,Hammersmith and Fulham,Fraud or Forgery,Counted per Victim,0,2013,7
E01002359,Havering,Theft and Handling,Theft/Taking of Pedal Cycle,0,2014,12
E01002421,Hillingdon,Robbery,Business Property,0,2015,7
E01000385,Bexley,Violence Against the Person,Wounding/GBH,0,2010,2
E01033607,Westminster,Theft and Handling,Theft From Shops,0,2015,9
E01002307,Havering,Violence Against the Person,Assault with Injury,2,2011,10
E01001954,Hammersmith and Fulham,Burglary,Burglary in a Dwelling,0,2011,8
E01003129,Lambeth,Other Notifiable Offences,Going Equipped,0,2010,7
E01000573,Brent,Criminal Damage,Criminal Damage To Dwelling,0,2012,8
E01004538,Wandsworth,Theft and Handling,Other Theft,0,2015,7
E01002523,Hillingdon,Burglary,Burglary in Other Buildings,0,2014,5
E01001666,Greenwich,Theft and Handling,Other Theft,7,2015,7
E01002442,Hillingdon,Violence Against the Person,Wounding/GBH,0,2014,9
E01002821,Kensington and Chelsea,Criminal Damage,Criminal Damage To Dwelling,0,2010,5
E01000291,Barnet,Theft and Handling,Handling Stolen Goods,0,2009,3
E01000672,Bromley,Other Notifiable Offences,Going Equipped,0,2012,4
E01002586,Hounslow,Robbery,Business Property,0,2012,3
E01003248,Lewisham,Theft and Handling,Theft/Taking of Pedal Cycle,1,2010,2
E01003130,Lambeth,Other Notifiable Offences,Other Notifiable,0,2008,12
E01003034,Lambeth,Theft and Handling,Other Theft Person,0,2010,7
E01000699,Bromley,Criminal Damage,Criminal Damage To Dwelling,1,2014,3
E01002093,Haringey,Burglary,Burglary in a Dwelling,1,2015,2
E01004459,Waltham Forest,Violence Against the Person,Harassment,1,2016,4
E01003508,Newham,Violence Against the Person,Other violence,0,2014,11
E01003715,Redbridge,Robbery,Personal Property,1,2008,6
E01004739,Westminster,Violence Against the Person,Other violence,0,2015,2
E01003084,Lambeth,Criminal Damage,Criminal Damage To Motor Vehicle,2,2016,7
E01002934,Kingston upon Thames,Theft and Handling,Motor Vehicle Interference & Tampering,1,2016,4
E01000494,Brent,Theft and Handling,Other Theft Person,0,2008,3
E01000751,Bromley,Criminal Damage,Other Criminal Damage,0,2015,7
E01003978,Southwark,Robbery,Business Property,0,2008,5
E01000927,Camden,Drugs,Possession Of Drugs,4,2009,12
E01000547,Brent,Burglary,Burglary in a Dwelling,0,2012,4
E01004468,Waltham Forest,Violence Against the Person,Assault with Injury,1,2015,9
E01001985,Haringey,Robbery,Personal Property,0,2009,12
E01000177,Barnet,Theft and Handling,Other Theft,2,2011,7
E01000255,Barnet,Burglary,Burglary in Other Buildings,0,2009,8
E01003068,Lambeth,Theft and Handling,Other Theft,0,2009,5
E01000950,Camden,Drugs,Other Drugs,0,2011,7
E01001475,Enfield,Criminal Damage,Criminal Damage To Dwelling,0,2008,5
E01000540,Brent,Violence Against the Person,Assault with Injury,0,2015,4
E01000443,Bexley,Theft and Handling,Other Theft Person,0,2016,5
E01002281,Havering,Theft and Handling,Theft/Taking Of Motor Vehicle,0,2014,2
E01033148,Enfield,Theft and Handling,Handling Stolen Goods,0,2016,6
E01003302,Lewisham,Sexual Offences,Rape,0,2008,8
E01001568,Enfield,Theft and Handling,Theft From Motor Vehicle,0,2015,9
E01001098,Croydon,Theft and Handling,Motor Vehicle Interference & Tampering,0,2009,3
E01001494,Enfield,Robbery,Personal Property,0,2014,1
E01000126,Barnet,Violence Against the Person,Harassment,0,2009,9
E01002004,Haringey,Theft and Handling,Handling Stolen Goods,0,2015,7
E01000274,Barnet,Theft and Handling,Other Theft,2,2008,10
E01003267,Lewisham,Criminal Damage,Criminal Damage To Other Building,0,2010,10
E01003729,Redbridge,Drugs,Possession Of Drugs,2,2013,8
E01004691,Westminster,Other Notifiable Offences,Going Equipped,0,2010,12
E01000533,Brent,Drugs,Other Drugs,0,2008,10
E01001198,Ealing,Violence Against the Person,Common Assault,0,2015,3
E01001787,Hackney,Drugs,Other Drugs,0,2012,10
E01000962,Camden,Criminal Damage,Criminal Damage To Other Building,0,2012,8
E01003652,Redbridge,Theft and Handling,Theft From Motor Vehicle,1,2011,7
E01000010,Barking and Dagenham,Violence Against the Person,Wounding/GBH,0,2015,2
E01004629,Wandsworth,Burglary,Burglary in a Dwelling,2,2012,8
E01032739,City of London,Criminal Damage,Criminal Damage To Motor Vehicle,0,2011,3
E01003974,Southwark,Theft and Handling,Theft From Motor Vehicle,0,2009,11
E01004444,Waltham Forest,Theft and Handling,Handling Stolen Goods,0,2009,6
E01001674,Greenwich,Criminal Damage,Criminal Damage To Dwelling,1,2012,12
E01002742,Islington,Other Notifiable Offences,Going Equipped,0,2009,3
E01003369,Merton,Theft and Handling,Other Theft,1,2016,3
E01004140,Sutton,Theft and Handling,Other Theft Person,0,2015,12
E01004268,Tower Hamlets,Violence Against the Person,Wounding/GBH,0,2015,12
E01000792,Bromley,Violence Against the Person,Wounding/GBH,0,2012,1
E01000675,Bromley,Other Notifiable Offences,Other Notifiable,2,2009,7
E01001239,Ealing,Violence Against the Person,Harassment,0,2008,2
E01002317,Havering,Other Notifiable Offences,Other Notifiable,0,2014,11
E01002430,Hillingdon,Criminal Damage,Criminal Damage To Dwelling,0,2013,9
E01002982,Kingston upon Thames,Drugs,Drug Trafficking,0,2012,4
E01000871,Camden,Other Notifiable Offences,Other Notifiable,0,2008,2
E01001568,Enfield,Criminal Damage,Criminal Damage To Other Building,0,2008,2
E01001153,Croydon,Drugs,Possession Of Drugs,0,2013,7
E01001483,Enfield,Theft and Handling,Other Theft,0,2008,3
E01004463,Waltham Forest,Violence Against the Person,Harassment,1,2010,5
E01003611,Newham,Fraud or Forgery,Counted per Victim,0,2012,8
E01001420,Enfield,Theft and Handling,Theft From Shops,0,2015,7
E01004160,Sutton,Violence Against the Person,Other violence,0,2014,10
E01032720,Southwark,Violence Against the Person,Wounding/GBH,4,2015,10
E01003831,Richmond upon Thames,Criminal Damage,Criminal Damage To Motor Vehicle,0,2014,10
E01004335,Waltham Forest,Theft and Handling,Theft/Taking Of Motor Vehicle,1,2011,5
E01004010,Southwark,Theft and Handling,Handling Stolen Goods,0,2012,7
E01000143,Barnet,Robbery,Personal Property,1,2016,1
E01003082,Lambeth,Theft and Handling,Theft From Motor Vehicle,2,2012,12
E01000923,Camden,Violence Against the Person,Assault with Injury,0,2015,5
E01002423,Hillingdon,Criminal Damage,Criminal Damage To Other Building,0,2012,7
E01004157,Sutton,Violence Against the Person,Common Assault,0,2013,10
E01002182,Harrow,Violence Against the Person,Murder,0,2010,2
E01003213,Lewisham,Burglary,Burglary in Other Buildings,1,2010,7
E01002442,Hillingdon,Theft and Handling,Theft From Shops,0,2010,6
E01002267,Havering,Criminal Damage,Other Criminal Damage,0,2008,4
E01002312,Havering,Violence Against the Person,Offensive Weapon,0,2014,1
E01003974,Southwark,Theft and Handling,Handling Stolen Goods,0,2015,9
E01004038,Southwark,Theft and Handling,Theft From Motor Vehicle,0,2016,7
E01000326,Bexley,Robbery,Business Property,0,2016,10
E01002947,Kingston upon Thames,Theft and Handling,Theft/Taking Of Motor Vehicle,0,2013,1
E01000438,Bexley,Violence Against the Person,Other violence,0,2015,10
E01004321,Tower Hamlets,Criminal Damage,Criminal Damage To Other Building,0,2016,5
E01001019,Croydon,Burglary,Burglary in Other Buildings,1,2009,9
E01003464,Merton,Drugs,Possession Of Drugs,0,2008,6
E01003775,Redbridge,Robbery,Business Property,0,2014,1
E01001964,Haringey,Robbery,Personal Property,0,2009,10
E01002607,Hounslow,Burglary,Burglary in Other Buildings,0,2016,2
E01000283,Barnet,Violence Against the Person,Offensive Weapon,0,2009,9
E01001748,Hackney,Fraud or Forgery,Counted per Victim,0,2010,1
E01002763,Islington,Violence Against the Person,Offensive Weapon,0,2015,2
E01000156,Barnet,Drugs,Drug Trafficking,0,2014,10
E01004722,Westminster,Criminal Damage,Criminal Damage To Other Building,0,2015,12
E01004450,Waltham Forest,Criminal Damage,Other Criminal Damage,0,2012,6
E01003352,Lewisham,Theft and Handling,Theft/Taking Of Motor Vehicle,2,2009,12
E01002016,Haringey,Theft and Handling,Other Theft Person,0,2011,1
E01002438,Hillingdon,Theft and Handling,Theft/Taking Of Motor Vehicle,0,2014,5
E01004633,Wandsworth,Drugs,Drug Trafficking,0,2013,6
E01000508,Brent,Burglary,Burglary in Other Buildings,2,2015,10
E01003311,Lewisham,Violence Against the Person,Harassment,0,2008,7
E01002240,Harrow,Theft and Handling,Handling Stolen Goods,0,2010,1
E01000635,Brent,Theft and Handling,Motor Vehicle Interference & Tampering,0,2016,3
E01002313,Havering,Criminal Damage,Criminal Damage To Motor Vehicle,0,2016,7
E01002085,Haringey,Theft and Handling,Theft From Shops,0,2015,10
E01003214,Lewisham,Burglary,Burglary in a Dwelling,2,2013,7
E01000728,Bromley,Burglary,Burglary in a Dwelling,0,2009,2
E01004022,Southwark,Violence Against the Person,Offensive Weapon,0,2015,4
E01001950,Hammersmith and Fulham,Violence Against the Person,Offensive Weapon,0,2010,10
E01001185,Croydon,Criminal Damage,Criminal Damage To Motor Vehicle,0,2013,7
E01002812,Kensington and Chelsea,Violence Against the Person,Other violence,0,2010,9
E01002827,Kensington and Chelsea,Theft and Handling,Motor Vehicle Interference & Tampering,2,2012,2
E01004406,Waltham Forest,Other Notifiable Offences,Other Notifiable,0,2011,9
E01001829,Hackney,Theft and Handling,Motor Vehicle Interference & Tampering,0,2016,7
E01002063,Haringey,Violence Against the Person,Common Assault,0,2011,9
E01002564,Hounslow,Theft and Handling,Handling Stolen Goods,0,2015,2
E01001705,Greenwich,Violence Against the Person,Other violence,0,2011,12
E01002579,Hounslow,Theft and Handling,Other Theft Person,0,2009,8
E01004741,Westminster,Theft and Handling,Theft From Shops,0,2013,10
E01002825,Kensington and Chelsea,Burglary,Burglary in a Dwelling,0,2016,11
E01001750,Hackney,Drugs,Possession Of Drugs,0,2013,11
E01001568,Enfield,Violence Against the Person,Offensive Weapon,0,2008,7
E01000168,Barnet,Criminal Damage,Other Criminal Damage,0,2009,7
E01002476,Hillingdon,Criminal Damage,Other Criminal Damage,0,2013,3
E01000182,Barnet,Violence Against the Person,Offensive Weapon,0,2010,7
E01000340,Bexley,Criminal Damage,Criminal Damage To Dwelling,0,2012,10
E01001956,Hammersmith and Fulham,Other Notifiable Offences,Other Notifiable,0,2013,5
E01032584,Southwark,Drugs,Drug Trafficking,0,2016,3
E01000701,Bromley,Criminal Damage,Other Criminal Damage,0,2015,8
E01003897,Richmond upon Thames,Violence Against the Person,Other violence,0,2011,8
E01003929,Southwark,Criminal Damage,Other Criminal Damage,0,2012,1
E01004238,Tower Hamlets,Drugs,Other Drugs,0,2008,9
E01000826,Bromley,Drugs,Possession Of Drugs,0,2010,3
E01001345,Ealing,Criminal Damage,Criminal Damage To Other Building,0,2016,10
E01001000,Croydon,Robbery,Business Property,0,2011,6
E01001959,Hammersmith and Fulham,Theft and Handling,Theft/Taking Of Motor Vehicle,0,2009,5
E01002229,Harrow,Drugs,Drug Trafficking,0,2015,12
E01003001,Kingston upon Thames,Violence Against the Person,Assault with Injury,0,2012,9
E01004468,Waltham Forest,Theft and Handling,Theft From Motor Vehicle,1,2009,9
E01001161,Croydon,Burglary,Burglary in Other Buildings,0,2014,4
E01001104,Croydon,Theft and Handling,Theft From Motor Vehicle,4,2010,6
E01002879,Kensington and Chelsea,Violence Against the Person,Wounding/GBH,2,2014,8
E01000764,Bromley,Drugs,Possession Of Drugs,0,2014,9
E01000479,Brent,Robbery,Personal Property,1,2015,4
E01001595,Greenwich,Criminal Damage,Other Criminal Damage,1,2014,11
E01001714,Hackney,Theft and Handling,Motor Vehicle Interference & Tampering,0,2011,9
E01001143,Croydon,Theft and Handling,Other Theft,2,2011,5
E01001018,Croydon,Criminal Damage,Other Criminal Damage,1,2008,8
E01000326,Bexley,Burglary,Burglary in a Dwelling,1,2010,9
E01000678,Bromley,Drugs,Possession Of Drugs,0,2011,3
E01000837,Bromley,Other Notifiable Offences,Going Equipped,0,2008,4
E01001000,Croydon,Theft and Handling,Other Theft Person,0,2014,12
E01002422,Hillingdon,Violence Against the Person,Other violence,0,2010,6
E01002890,Kensington and Chelsea,Sexual Offences,Other Sexual,0,2015,8
E01001874,Hammersmith and Fulham,Robbery,Personal Property,1,2008,12
E01001143,Croydon,Theft and Handling,Other Theft,0,2010,12
E01000231,Barnet,Violence Against the Person,Offensive Weapon,0,2015,1
E01003322,Lewisham,Burglary,Burglary in a Dwelling,0,2014,9
E01000406,Bexley,Theft and Handling,Other Theft Person,0,2008,2
E01003492,Newham,Violence Against the Person,Common Assault,0,2010,1
E01004765,Westminster,Criminal Damage,Criminal Damage To Other Building,3,2011,3
E01003462,Merton,Violence Against the Person,Wounding/GBH,0,2009,12
E01002352,Havering,Criminal Damage,Other Criminal Damage,0,2010,1
E01001333,Ealing,Criminal Damage,Other Criminal Damage,1,2012,8
E01001884,Hammersmith and Fulham,Other Notifiable Offences,Going Equipped,0,2011,6
E01004757,Westminster,Theft and Handling,Theft/Taking Of Motor Vehicle,0,2012,10
E01001948,Hammersmith and Fulham,Burglary,Burglary in Other Buildings,0,2009,1
E01033578,Newham,Theft and Handling,Theft/Taking of Pedal Cycle,0,2013,9
E01000786,Bromley,Theft and Handling,Theft From Motor Vehicle,0,2012,1
E01000568,Brent,Violence Against the Person,Offensive Weapon,0,2008,11
E01033099,Wandsworth,Criminal Damage,Criminal Damage To Dwelling,0,2010,1
E01002592,Hounslow,Criminal Damage,Other Criminal Damage,0,2013,8
E01004395,Waltham Forest,Violence Against the Person,Assault with Injury,2,2011,6
E01001604,Greenwich,Burglary,Burglary in Other Buildings,0,2016,2
E01001765,Hackney,Criminal Damage,Criminal Damage To Other Building,0,2011,4
E01000570,Brent,Criminal Damage,Criminal Damage To Motor Vehicle,10,2011,2
E01001045,Croydon,Burglary,Burglary in Other Buildings,3,2010,8
E01001601,Greenwich,Burglary,Burglary in a Dwelling,1,2016,5
E01003580,Newham,Theft and Handling,Theft From Shops,0,2012,8
E01003484,Newham,Violence Against the Person,Common Assault,1,2008,11
E01001879,Hammersmith and Fulham,Violence Against the Person,Wounding/GBH,0,2013,8
E01003036,Lambeth,Drugs,Possession Of Drugs,1,2008,4
E01000042,Barking and Dagenham,Criminal Damage,Criminal Damage To Dwelling,0,2013,6
E01001018,Croydon,Criminal Damage,Criminal Damage To Motor Vehicle,0,2013,8
E01001649,Greenwich,Violence Against the Person,Offensive Weapon,0,2014,3
E01003920,Southwark,Criminal Damage,Criminal Damage To Motor Vehicle,0,2009,2
E01001950,Hammersmith and Fulham,Criminal Damage,Other Criminal Damage,0,2011,9
E01004462,Waltham Forest,Violence Against the Person,Other violence,0,2008,5
E01001757,Hackney,Violence Against the Person,Other violence,0,2012,7
E01003286,Lewisham,Theft and Handling,Theft/Taking of Pedal Cycle,1,2015,8
E01003889,Richmond upon Thames,Theft and Handling,Other Theft Person,0,2014,8
E01002506,Hillingdon,Fraud or Forgery,Other Fraud & Forgery,0,2008,7
E01003488,Newham,Violence Against the Person,Harassment,1,2008,9
E01004369,Waltham Forest,Theft and Handling,Handling Stolen Goods,0,2015,9
E01004310,Tower Hamlets,Criminal Damage,Criminal Damage To Dwelling,0,2016,9
E01000260,Barnet,Theft and Handling,Other Theft Person,0,2009,8
E01002477,Hillingdon,Violence Against the Person,Harassment,2,2011,12
E01004586,Wandsworth,Other Notifiable Offences,Going Equipped,0,2008,3
E01002985,Kingston upon Thames,Theft and Handling,Theft/Taking of Pedal Cycle,0,2013,11
E01000227,Barnet,Theft and Handling,Other Theft,0,2016,4
E01000339,Bexley,Theft and Handling,Handling Stolen Goods,0,2009,1
E01002897,Kensington and Chelsea,Theft and Handling,Theft From Shops,0,2015,2
E01001534,Enfield,Violence Against the Person,Assault with Injury,0,2014,3
E01003354,Lewisham,Violence Against the Person,Harassment,1,2016,2
E01001155,Croydon,Burglary,Burglary in a Dwelling,1,2010,3
E01000060,Barking and Dagenham,Drugs,Other Drugs,0,2013,1
E01002160,Harrow,Fraud or Forgery,Counted per Victim,0,2014,12
E01003438,Merton,Criminal Damage,Criminal Damage To Other Building,0,2013,3
E01000118,Barnet,Burglary,Burglary in a Dwelling,0,2014,10
E01004579,Wandsworth,Criminal Damage,Criminal Damage To Motor Vehicle,0,2015,8
E01002875,Kensington and Chelsea,Violence Against the Person,Wounding/GBH,0,2012,3
E01001383,Ealing,Theft and Handling,Other Theft,0,2009,5
E01002852,Kensington and Chelsea,Drugs,Drug Trafficking,0,2015,9
E01001765,Hackney,Criminal Damage,Criminal Damage To Other Building,0,2011,10
E01000378,Bexley,Drugs,Other Drugs,0,2015,8
E01004734,Westminster,Violence Against the Person,Murder,0,2009,7
E01002938,Kingston upon Thames,Violence Against the Person,Other violence,0,2011,12
E01002284,Havering,Theft and Handling,Theft/Taking Of Motor Vehicle,0,2013,1
E01002731,Islington,Criminal Damage,Other Criminal Damage,1,2014,5
E01003040,Lambeth,Sexual Offences,Other Sexual,0,2014,10
E01003265,Lewisham,Criminal Damage,Other Criminal Damage,1,2009,2
E01001678,Greenwich,Violence Against the Person,Offensive Weapon,0,2008,9
E01003461,Merton,Fraud or Forgery,Counted per Victim,0,2009,1
E01033083,Hounslow,Criminal Damage,Criminal Damage To Dwelling,0,2008,12
E01004383,Waltham Forest,Violence Against the Person,Common Assault,1,2009,6
E01002276,Havering,Violence Against the Person,Other violence,0,2009,4
E01004423,Waltham Forest,Criminal Damage,Criminal Damage To Motor Vehicle,1,2009,6
E01002556,Hounslow,Violence Against the Person,Wounding/GBH,0,2013,5
E01002710,Islington,Theft and Handling,Other Theft Person,0,2009,2
E01002263,Havering,Theft and Handling,Motor Vehicle Interference & Tampering,0,2011,3
E01001287,Ealing,Drugs,Possession Of Drugs,0,2010,1
E01000507,Brent,Drugs,Other Drugs,0,2012,12
E01000211,Barnet,Burglary,Burglary in Other Buildings,2,2015,5
E01002022,Haringey,Criminal Damage,Criminal Damage To Other Building,0,2009,5
E01002541,Hillingdon,Theft and Handling,Theft/Taking of Pedal Cycle,0,2015,2
E01001830,Hackney,Theft and Handling,Theft From Shops,0,2010,4
E01002446,Hillingdon,Burglary,Burglary in Other Buildings,3,2012,3
E01000073,Barking and Dagenham,Violence Against the Person,Assault with Injury,2,2009,11
E01004501,Wandsworth,Violence Against the Person,Harassment,1,2016,5
E01003912,Southwark,Theft and Handling,Other Theft Person,0,2009,9
E01001042,Croydon,Violence Against the Person,Common Assault,1,2013,5
E01000617,Brent,Drugs,Other Drugs,0,2011,10
E01000852,Camden,Theft and Handling,Theft From Motor Vehicle,3,2014,5
E01001482,Enfield,Criminal Damage,Criminal Damage To Other Building,0,2015,7
E01001889,Hammersmith and Fulham,Violence Against the Person,Common Assault,1,2015,6
E01004613,Wandsworth,Violence Against the Person,Offensive Weapon,0,2016,12
E01000556,Brent,Violence Against the Person,Other violence,0,2013,7
E01004729,Westminster,Other Notifiable Offences,Going Equipped,0,2014,10
E01002909,Kensington and Chelsea,Other Notifiable Offences,Other Notifiable,0,2014,6
E01000969,Camden,Violence Against the Person,Offensive Weapon,0,2008,11
E01003961,Southwark,Violence Against the Person,Harassment,1,2013,9
E01002537,Hillingdon,Burglary,Burglary in a Dwelling,3,2016,12
E01000712,Bromley,Burglary,Burglary in Other Buildings,0,2014,8
E01004144,Sutton,Robbery,Personal Property,0,2013,11
E01002501,Hillingdon,Drugs,Possession Of Drugs,0,2009,7
E01000165,Barnet,Criminal Damage,Criminal Damage To Motor Vehicle,0,2013,2
E01003679,Redbridge,Theft and Handling,Handling Stolen Goods,0,2012,6
E01003763,Redbridge,Theft and Handling,Theft/Taking of Pedal Cycle,0,2016,1
E01033598,Westminster,Theft and Handling,Other Theft Person,0,2011,7
E01002857,Kensington and Chelsea,Criminal Damage,Other Criminal Damage,0,2016,12
E01003333,Lewisham,Theft and Handling,Handling Stolen Goods,0,2011,7
E01004530,Wandsworth,Violence Against the Person,Harassment,2,2015,7
E01003822,Richmond upon Thames,Theft and Handling,Other Theft Person,0,2013,2
E01004652,Westminster,Robbery,Personal Property,1,2013,1
E01003601,Newham,Theft and Handling,Motor Vehicle Interference & Tampering,0,2014,2
E01002161,Harrow,Theft and Handling,Handling Stolen Goods,0,2008,2
E01001943,Hammersmith and Fulham,Criminal Damage,Criminal Damage To Dwelling,0,2011,12
E01002267,Havering,Violence Against the Person,Other violence,0,2008,3
E01004452,Waltham Forest,Violence Against the Person,Other violence,0,2011,1
E01004217,Tower Hamlets,Violence Against the Person,Assault with Injury,1,2008,6
E01004750,Westminster,Theft and Handling,Other Theft,16,2008,12
E01000446,Bexley,Criminal Damage,Other Criminal Damage,0,2011,9
E01001634,Greenwich,Drugs,Drug Trafficking,0,2015,7
E01002422,Hillingdon,Drugs,Possession Of Drugs,1,2009,2
E01000239,Barnet,Theft and Handling,Other Theft Person,0,2014,1
E01004367,Waltham Forest,Theft and Handling,Theft From Shops,1,2013,6
E01003836,Richmond upon Thames,Violence Against the Person,Harassment,0,2015,4
E01002202,Harrow,Violence Against the Person,Other violence,1,2012,7
E01003528,Newham,Theft and Handling,Other Theft Person,1,2010,11
E01004719,Westminster,Criminal Damage,Criminal Damage To Dwelling,2,2016,1
E01000142,Barnet,Theft and Handling,Theft/Taking of Pedal Cycle,0,2009,11
E01004566,Wandsworth,Theft and Handling,Other Theft Person,0,2011,12
E01000238,Barnet,Criminal Damage,Criminal Damage To Motor Vehicle,0,2011,10
E01004145,Sutton,Violence Against the Person,Harassment,0,2012,2
E01002311,Havering,Theft and Handling,Theft From Motor Vehicle,0,2015,9
E01002947,Kingston upon Thames,Violence Against the Person,Wounding/GBH,0,2013,11
E01002103,Haringey,Drugs,Drug Trafficking,0,2012,9
E01001636,Greenwich,Burglary,Burglary in a Dwelling,0,2014,8
E01003054,Lambeth,Drugs,Possession Of Drugs,0,2010,5
E01001237,Ealing,Criminal Damage,Criminal Damage To Other Building,0,2015,9
E01004415,Waltham Forest,Drugs,Possession Of Drugs,0,2009,8
E01004562,Wandsworth,Burglary,Burglary in a Dwelling,1,2012,4
E01004236,Tower Hamlets,Theft and Handling,Other Theft Person,0,2013,2
E01000512,Brent,Theft and Handling,Theft/Taking Of Motor Vehicle,0,2011,2
E01003735,Redbridge,Theft and Handling,Theft/Taking of Pedal Cycle,0,2011,4
E01002895,Kensington and Chelsea,Fraud or Forgery,Other Fraud & Forgery,0,2016,8
E01002509,Hillingdon,Criminal Damage,Other Criminal Damage,0,2012,9
E01003672,Redbridge,Burglary,Burglary in Other Buildings,3,2008,8
E01002854,Kensington and Chelsea,Theft and Handling,Theft From Shops,1,2015,10
E01004718,Westminster,Criminal Damage,Criminal Damage To Dwelling,2,2011,12
E01001469,Enfield,Sexual Offences,Other Sexual,0,2015,2
E01004732,Westminster,Criminal Damage,Criminal Damage To Other Building,1,2009,5
E01002643,Hounslow,Criminal Damage,Criminal Damage To Motor Vehicle,2,2009,6
E01002708,Islington,Theft and Handling,Other Theft Person,6,2014,5
E01003077,Lambeth,Violence Against the Person,Common Assault,0,2008,4
E01004193,Sutton,Criminal Damage,Criminal Damage To Motor Vehicle,1,2016,1
E01033734,Greenwich,Theft and Handling,Theft From Motor Vehicle,0,2012,7
E01001602,Greenwich,Theft and Handling,Theft/Taking of Pedal Cycle,0,2011,12
E01004007,Southwark,Theft and Handling,Theft From Shops,0,2016,11
E01004296,Tower Hamlets,Fraud or Forgery,Counted per Victim,0,2014,7
E01001121,Croydon,Fraud or Forgery,Counted per Victim,0,2016,6
E01000481,Brent,Criminal Damage,Criminal Damage To Motor Vehicle,1,2009,6
E01004618,Wandsworth,Theft and Handling,Other Theft,0,2013,1
E01004565,Wandsworth,Theft and Handling,Theft From Shops,1,2014,9
E01003919,Southwark,Violence Against the Person,Common Assault,0,2010,1
E01001241,Ealing,Violence Against the Person,Wounding/GBH,0,2009,9
E01002503,Hillingdon,Theft and Handling,Other Theft,2,2016,7
E01001537,Enfield,Drugs,Drug Trafficking,0,2013,8
E01000100,Barking and Dagenham,Drugs,Drug Trafficking,0,2009,4
E01002748,Islington,Criminal Damage,Criminal Damage To Dwelling,0,2014,3
E01003851,Richmond upon Thames,Other Notifiable Offences,Other Notifiable,0,2009,11
E01004200,Tower Hamlets,Criminal Damage,Criminal Damage To Motor Vehicle,0,2012,3
E01000501,Brent,Drugs,Drug Trafficking,0,2013,10
E01000317,Barnet,Theft and Handling,Theft From Shops,0,2012,8
E01004247,Tower Hamlets,Violence Against the Person,Offensive Weapon,0,2009,4
E01000226,Barnet,Theft and Handling,Other Theft Person,0,2009,1
E01001905,Hammersmith and Fulham,Theft and Handling,Other Theft Person,0,2009,11
E01003955,Southwark,Criminal Damage,Other Criminal Damage,0,2013,1
E01002125,Harrow,Drugs,Drug Trafficking,0,2012,5
E01002151,Harrow,Theft and Handling,Theft From Shops,0,2016,2
E01002779,Islington,Criminal Damage,Criminal Damage To Dwelling,0,2008,2
E01033739,Greenwich,Criminal Damage,Criminal Damage To Motor Vehicle,0,2013,2
E01000930,Camden,Robbery,Personal Property,0,2009,8
E01033732,Greenwich,Violence Against the Person,Harassment,0,2014,9
E01004763,Westminster,Drugs,Drug Trafficking,2,2009,6
E01001351,Ealing,Burglary,Burglary in Other Buildings,1,2009,2
E01000950,Camden,Criminal Damage,Criminal Damage To Other Building,0,2015,3
E01003992,Southwark,Violence Against the Person,Offensive Weapon,0,2014,6
E01002976,Kingston upon Thames,Other Notifiable Offences,Other Notifiable,0,2014,11
E01004518,Wandsworth,Criminal Damage,Criminal Damage To Motor Vehicle,2,2008,3
E01000575,Brent,Criminal Damage,Other Criminal Damage,0,2016,3
E01000474,Brent,Criminal Damage,Criminal Damage To Other Building,0,2009,10
E01000943,Camden,Violence Against the Person,Offensive Weapon,0,2016,2
E01000086,Barking and Dagenham,Theft and Handling,Theft/Taking of Pedal Cycle,0,2008,1
E01001749,Hackney,Robbery,Business Property,0,2015,6
E01000864,Camden,Theft and Handling,Motor Vehicle Interference & Tampering,0,2008,4
E01004726,Westminster,Violence Against the Person,Murder,0,2014,8
E01001324,Ealing,Criminal Damage,Other Criminal Damage,0,2015,9
E01032573,Hounslow,Other Notifiable Offences,Going Equipped,0,2010,6
E01003458,Merton,Violence Against the Person,Assault with Injury,0,2015,3
E01004002,Southwark,Drugs,Drug Trafficking,0,2013,9
E01000427,Bexley,Theft and Handling,Theft From Shops,0,2009,5
E01004460,Waltham Forest,Criminal Damage,Criminal Damage To Motor Vehicle,1,2009,8
E01004480,Wandsworth,Theft and Handling,Motor Vehicle Interference & Tampering,0,2008,6
E01003456,Merton,Theft and Handling,Motor Vehicle Interference & Tampering,0,2014,8
E01001861,Hammersmith and Fulham,Violence Against the Person,Assault with Injury,1,2016,11
E01003147,Lambeth,Violence Against the Person,Assault with Injury,2,2009,2
E01002541,Hillingdon,Theft and Handling,Other Theft,0,2009,5
E01004657,Westminster,Robbery,Personal Property,2,2014,2
E01000073,Barking and Dagenham,Violence Against the Person,Assault with Injury,0,2009,4
E01001937,Hammersmith and Fulham,Drugs,Possession Of Drugs,0,2011,6
E01002464,Hillingdon,Drugs,Drug Trafficking,0,2011,9
E01032764,Tower Hamlets,Drugs,Possession Of Drugs,0,2009,2
E01000173,Barnet,Criminal Damage,Criminal Damage To Motor Vehicle,0,2014,8
E01002155,Harrow,Violence Against the Person,Other violence,0,2012,8
E01001216,Ealing,Other Notifiable Offences,Other Notifiable,0,2009,9
E01001458,Enfield,Theft and Handling,Other Theft,2,2015,9
E01004425,Waltham Forest,Theft and Handling,Other Theft,0,2010,10
E01003715,Redbridge,Criminal Damage,Criminal Damage To Motor Vehicle,3,2014,3
E01003860,Richmond upon Thames,Burglary,Burglary in a Dwelling,0,2011,11
E01002943,Kingston upon Thames,Other Notifiable Offences,Going Equipped,0,2016,8
E01002654,Hounslow,Violence Against the Person,Other violence,0,2016,6
E01004138,Sutton,Violence Against the Person,Harassment,4,2014,10
E01004636,Wandsworth,Theft and Handling,Motor Vehicle Interference & Tampering,0,2015,11
E01002068,Haringey,Criminal Damage,Criminal Damage To Other Building,0,2012,12
E01001984,Haringey,Criminal Damage,Criminal Damage To Dwelling,0,2016,3
E01001362,Ealing,Drugs,Possession Of Drugs,3,2014,9
E01002234,Harrow,Violence Against the Person,Harassment,0,2010,7
E01001772,Hackney,Criminal Damage,Criminal Damage To Motor Vehicle,1,2009,10
E01002232,Harrow,Burglary,Burglary in a Dwelling,1,2014,10
E01004315,Tower Hamlets,Drugs,Other Drugs,0,2014,8
E01003909,Richmond upon Thames,Violence Against the Person,Harassment,1,2015,11
E01004432,Waltham Forest,Robbery,Business Property,1,2009,3
E01002103,Haringey,Criminal Damage,Criminal Damage To Dwelling,0,2011,1
E01003794,Redbridge,Criminal Damage,Other Criminal Damage,0,2016,11
E01004689,Westminster,Theft and Handling,Other Theft Person,4,2016,5
E01003201,Lewisham,Drugs,Other Drugs,1,2015,11
E01003869,Richmond upon Thames,Violence Against the Person,Other violence,0,2012,4
E01000925,Camden,Theft and Handling,Other Theft,1,2016,12
E01000294,Barnet,Criminal Damage,Other Criminal Damage,0,2008,7
E01004447,Waltham Forest,Theft and Handling,Handling Stolen Goods,0,2016,2
E01003395,Merton,Theft and Handling,Other Theft Person,2,2011,11
E01003398,Merton,Violence Against the Person,Other violence,0,2012,7
E01000720,Bromley,Theft and Handling,Theft From Motor Vehicle,2,2008,8
E01001706,Greenwich,Violence Against the Person,Offensive Weapon,0,2015,2
E01001029,Croydon,Other Notifiable Offences,Other Notifiable,0,2014,9
E01000194,Barnet,Theft and Handling,Theft/Taking Of Motor Vehicle,1,2016,10
E01000694,Bromley,Violence Against the Person,Assault with Injury,0,2009,4
E01004686,Westminster,Violence Against the Person,Wounding/GBH,2,2010,4
E01003924,Southwark,Theft and Handling,Theft From Shops,1,2015,9
E01002013,Haringey,Theft and Handling,Theft/Taking of Pedal Cycle,2,2009,6
E01001455,Enfield,Violence Against the Person,Murder,0,2010,12
E01000767,Bromley,Robbery,Personal Property,0,2016,5
E01000514,Brent,Burglary,Burglary in Other Buildings,0,2014,3
E01004663,Westminster,Theft and Handling,Handling Stolen Goods,0,2015,5
E01004537,Wandsworth,Violence Against the Person,Other violence,0,2014,2
E01001954,Hammersmith and Fulham,Theft and Handling,Theft From Shops,0,2013,12
E01001887,Hammersmith and Fulham,Burglary,Burglary in Other Buildings,0,2012,6
E01001827,Hackney,Violence Against the Person,Wounding/GBH,0,2010,8
E01004232,Tower Hamlets,Violence Against the Person,Wounding/GBH,1,2012,10
E01003322,Lewisham,Other Notifiable Offences,Other Notifiable,1,2012,7
E01004372,Waltham Forest,Criminal Damage,Criminal Damage To Motor Vehicle,1,2014,2
E01001737,Hackney,Violence Against the Person,Wounding/GBH,0,2010,5
E01004527,Wandsworth,Violence Against the Person,Offensive Weapon,0,2013,3
E01000790,Bromley,Criminal Damage,Other Criminal Damage,0,2012,11
E01032562,Bromley,Robbery,Business Property,0,2015,5
E01003708,Redbridge,Burglary,Burglary in Other Buildings,0,2012,9
E01004100,Sutton,Theft and Handling,Theft From Motor Vehicle,1,2011,2
E01003088,Lambeth,Criminal Damage,Criminal Damage To Motor Vehicle,0,2013,5
E01002174,Harrow,Other Notifiable Offences,Other Notifiable,0,2011,2
E01003106,Lambeth,Drugs,Possession Of Drugs,3,2011,3
E01033737,Greenwich,Violence Against the Person,Assault with Injury,0,2009,9
E01003798,Richmond upon Thames,Drugs,Possession Of Drugs,0,2008,7
E01002410,Hillingdon,Violence Against the Person,Assault with Injury,1,2010,10
E01002591,Hounslow,Criminal Damage,Criminal Damage To Dwelling,0,2013,3
E01003690,Redbridge,Theft and Handling,Other Theft Person,2,2012,12
E01003168,Lambeth,Violence Against the Person,Harassment,0,2008,1
E01000956,Camden,Burglary,Burglary in Other Buildings,2,2009,2
E01001109,Croydon,Theft and Handling,Theft/Taking of Pedal Cycle,0,2009,3
E01003124,Lambeth,Theft and Handling,Theft/Taking of Pedal Cycle,0,2015,2
E01004732,Westminster,Criminal Damage,Criminal Damage To Motor Vehicle,0,2014,3
E01004700,Westminster,Theft and Handling,Theft/Taking Of Motor Vehicle,0,2010,7
E01001614,Greenwich,Criminal Damage,Criminal Damage To Dwelling,0,2013,1
E01001090,Croydon,Criminal Damage,Other Criminal Damage,0,2013,9
E01004240,Tower Hamlets,Drugs,Possession Of Drugs,0,2015,1
E01002318,Havering,Criminal Damage,Criminal Damage To Dwelling,0,2009,11
E01004472,Wandsworth,Violence Against the Person,Harassment,2,2008,8
E01004053,Southwark,Robbery,Personal Property,1,2016,1
E01001298,Ealing,Other Notifiable Offences,Going Equipped,0,2011,6
E01002785,Islington,Violence Against the Person,Harassment,3,2014,12
E01004715,Westminster,Fraud or Forgery,Other Fraud & Forgery,0,2009,2
E01004296,Tower Hamlets,Criminal Damage,Criminal Damage To Other Building,0,2016,10
E01001425,Enfield,Theft and Handling,Motor Vehicle Interference & Tampering,0,2015,8
E01004261,Tower Hamlets,Drugs,Other Drugs,0,2016,7
E01001222,Ealing,Criminal Damage,Criminal Damage To Other Building,1,2016,1
E01003375,Merton,Drugs,Drug Trafficking,0,2016,8
E01003166,Lambeth,Other Notifiable Offences,Going Equipped,0,2013,2
E01032774,Tower Hamlets,Criminal Damage,Other Criminal Damage,0,2010,3
E01002742,Islington,Violence Against the Person,Common Assault,1,2009,2
E01032640,Southwark,Violence Against the Person,Assault with Injury,0,2016,2
E01003301,Lewisham,Criminal Damage,Criminal Damage To Motor Vehicle,2,2012,3
E01003125,Lambeth,Theft and Handling,Other Theft Person,0,2016,4
E01002899,Kensington and Chelsea,Theft and Handling,Handling Stolen Goods,0,2014,12
E01002044,Haringey,Violence Against the Person,Assault with Injury,1,2010,4
