E01002848,Kensington and Chelsea,Burglary,Burglary in a Dwelling,3,2015,5
E01000447,Bexley,Robbery,Business Property,0,2013,6
E01004331,Waltham Forest,Other Notifiable Offences,Other Notifiable,0,2011,10
E01000386,Bexley,Theft and Handling,Other Theft,1,2016,8
E01001934,Hammersmith and Fulham,Burglary,Burglary in Other Buildings,0,2012,10
E01000572,Brent,Theft and Handling,Other Theft,0,2009,4
E01002803,Islington,Burglary,Burglary in a Dwelling,1,2008,7
E01002442,Hillingdon,Robbery,Personal Property,0,2016,1
E01001089,Croydon,Other Notifiable Offences,Other Notifiable,1,2016,6
E01003549,Newham,Robbery,Business Property,0,2013,9
E01000809,Bromley,Theft and Handling,Motor Vehicle Interference & Tampering,0,2010,1
E01003728,Redbridge,Fraud or Forgery,Other Fraud & Forgery,0,2012,12
E01000610,Brent,Violence Against the Person,Other violence,0,2012,4
E01033700,Hackney,Theft and Handling,Theft From Shops,0,2011,2
E01001145,Croydon,Criminal Damage,Criminal Damage To Other Building,0,2015,8
E01002462,Hillingdon,Burglary,Burglary in a Dwelling,4,2016,10
E01002487,Hillingdon,Robbery,Personal Property,1,2014,8
E01001850,Hackney,Drugs,Drug Trafficking,0,2015,12
E01002456,Hillingdon,Fraud or Forgery,Counted per Victim,0,2009,2
E01004410,Waltham Forest,Theft and Handling,Theft From Motor Vehicle,3,2009,12
E01002401,Hillingdon,Robbery,Business Property,0,2008,6
E01003121,Lambeth,Theft and Handling,Other Theft,0,2016,4
E01004104,Sutton,Criminal Damage,Criminal Damage To Motor Vehicle,0,2016,9
E01001238,Ealing,Violence Against the Person,Wounding/GBH,1,2013,11
E01003627,Newham,Theft and Handling,Motor Vehicle Interference & Tampering,1,2012,11
E01003181,Lambeth,Fraud or Forgery,Other Fraud & Forgery,0,2009,3
E01004315,Tower Hamlets,Theft and Handling,Theft From Shops,1,2014,4
E01003767,Redbridge,Theft and Handling,Motor Vehicle Interference & Tampering,0,2016,1
E01002448,Hillingdon,Violence Against the Person,Other violence,1,2009,12
E01000437,Bexley,Criminal Damage,Criminal Damage To Motor Vehicle,0,2015,6
E01001247,Ealing,Theft and Handling,Theft From Shops,2,2016,9
E01004215,Tower Hamlets,Violence Against the Person,Harassment,0,2010,3
E01000198,Barnet,Drugs,Possession Of Drugs,0,2009,2
E01002107,Harrow,Theft and Handling,Theft/Taking of Pedal Cycle,0,2008,3
E01000541,Brent,Violence Against the Person,Wounding/GBH,0,2014,6
E01000193,Barnet,Other Notifiable Offences,Going Equipped,0,2010,3
E01004248,Tower Hamlets,Drugs,Possession Of Drugs,0,2009,11
E01004676,Westminster,Violence Against the Person,Wounding/GBH,1,2013,8
E01002983,Kingston upon Thames,Theft and Handling,Other Theft Person,0,2013,6
E01001334,Ealing,Theft and Handling,Theft From Shops,0,2016,9
E01003460,Merton,Criminal Damage,Criminal Damage To Other Building,0,2009,10
E01001977,Haringey,Theft and Handling,Other Theft Person,0,2010,2
E01002930,Kingston upon Thames,Theft and Handling,Theft/Taking Of Motor Vehicle,0,2009,2
E01003365,Merton,Criminal Damage,Criminal Damage To Dwelling,0,2009,5
E01000974,Camden,Drugs,Possession Of Drugs,1,2014,1
E01001367,Ealing,Theft and Handling,Theft From Motor Vehicle,4,2008,11
E01001943,Hammersmith and Fulham,Drugs,Other Drugs,0,2012,10
E01002017,Haringey,Theft and Handling,Handling Stolen Goods,0,2011,9
E01000374,Bexley,Theft and Handling,Theft From Motor Vehicle,2,2015,5
E01002208,Harrow,Theft and Handling,Motor Vehicle Interference & Tampering,0,2014,12
E01000894,Camden,Drugs,Drug Trafficking,0,2015,9
E01002179,Harrow,Criminal Damage,Criminal Damage To Other Building,0,2012,11
E01000187,Barnet,Robbery,Personal Property,0,2015,2
E01000495,Brent,Other Notifiable Offences,Going Equipped,0,2015,11
E01004359,Waltham Forest,Theft and Handling,Other Theft,0,2012,2
E01003633,Newham,Robbery,Business Property,0,2012,6
E01003168,Lambeth,Criminal Damage,Criminal Damage To Other Building,0,2009,12
E01002098,Haringey,Drugs,Other Drugs,0,2012,2
E01002533,Hillingdon,Theft and Handling,Motor Vehicle Interference & Tampering,1,2010,9
E01000605,Brent,Theft and Handling,Motor Vehicle Interference & Tampering,0,2012,5
E01003977,Southwark,Robbery,Personal Property,0,2014,11
E01000965,Camden,Robbery,Business Property,0,2009,5
E01004384,Waltham Forest,Theft and Handling,Theft/Taking Of Motor Vehicle,0,2009,1
E01002829,Kensington and Chelsea,Burglary,Burglary in Other Buildings,1,2015,1
E01003601,Newham,Burglary,Burglary in a Dwelling,0,2010,5
E01001036,Croydon,Drugs,Possession Of Drugs,0,2014,2
E01004533,Wandsworth,Burglary,Burglary in a Dwelling,3,2012,11
E01000591,Brent,Theft and Handling,Other Theft,2,2016,10
E01002586,Hounslow,Theft and Handling,Theft From Shops,0,2011,3
E01002610,Hounslow,Violence Against the Person,Common Assault,0,2009,2
E01000586,Brent,Criminal Damage,Criminal Damage To Dwelling,0,2008,10
E01004077,Sutton,Theft and Handling,Theft From Shops,0,2011,10
E01004211,Tower Hamlets,Fraud or Forgery,Other Fraud & Forgery,0,2013,4
E01001155,Croydon,Violence Against the Person,Assault with Injury,2,2010,7
E01001357,Ealing,Violence Against the Person,Other violence,0,2011,10
E01001587,Greenwich,Violence Against the Person,Assault with Injury,0,2016,12
E01000526,Brent,Sexual Offences,Rape,0,2009,7
E01004256,Tower Hamlets,Theft and Handling,Theft/Taking Of Motor Vehicle,0,2008,4
E01003412,Merton,Theft and Handling,Theft/Taking of Pedal Cycle,0,2008,9
E01003758,Redbridge,Theft and Handling,Theft From Motor Vehicle,1,2009,10
E01001685,Greenwich,Criminal Damage,Criminal Damage To Other Building,0,2015,5
E01002682,Hounslow,Drugs,Drug Trafficking,0,2012,10
E01001905,Hammersmith and Fulham,Theft and Handling,Handling Stolen Goods,0,2014,7
E01002227,Harrow,Theft and Handling,Theft From Shops,0,2014,6
E01003836,Richmond upon Thames,Violence Against the Person,Other violence,0,2015,11
E01002738,Islington,Robbery,Business Property,0,2011,10
E01002418,Hillingdon,Other Notifiable Offences,Other Notifiable,0,2015,7
E01004142,Sutton,Theft and Handling,Theft/Taking of Pedal Cycle,2,2014,3
E01001855,Hammersmith and Fulham,Drugs,Possession Of Drugs,0,2012,2
E01001472,Enfield,Theft and Handling,Motor Vehicle Interference & Tampering,0,2012,2
E01001759,Hackney,Theft and Handling,Theft/Taking Of Motor Vehicle,0,2011,4
E01004422,Waltham Forest,Violence Against the Person,Other violence,0,2014,6
E01004260,Tower Hamlets,Burglary,Burglary in a Dwelling,0,2015,5
E01003520,Newham,Theft and Handling,Theft/Taking Of Motor Vehicle,0,2012,9
E01003697,Redbridge,Criminal Damage,Other Criminal Damage,0,2014,8
E01002542,Hillingdon,Burglary,Burglary in a Dwelling,1,2011,11
E01001036,Croydon,Violence Against the Person,Offensive Weapon,0,2014,10
E01002160,Harrow,Robbery,Personal Property,0,2015,6
E01002994,Kingston upon Thames,Drugs,Possession Of Drugs,0,2011,10
E01003992,Southwark,Theft and Handling,Handling Stolen Goods,0,2016,12
E01004305,Tower Hamlets,Violence Against the Person,Common Assault,1,2016,10
E01003058,Lambeth,Theft and Handling,Theft From Motor Vehicle,4,2013,2
E01003292,Lewisham,Criminal Damage,Criminal Damage To Dwelling,0,2012,9
E01004201,Tower Hamlets,Theft and Handling,Theft From Motor Vehicle,1,2010,6
E01002177,Harrow,Criminal Damage,Criminal Damage To Dwelling,0,2009,11
E01004226,Tower Hamlets,Drugs,Possession Of Drugs,0,2012,12
E01004365,Waltham Forest,Theft and Handling,Theft/Taking Of Motor Vehicle,0,2008,8
E01000366,Bexley,Drugs,Possession Of Drugs,0,2013,3
E01033464,Brent,Theft and Handling,Theft/Taking Of Motor Vehicle,0,2010,4
E01003087,Lambeth,Theft and Handling,Motor Vehicle Interference & Tampering,0,2015,5
E01000322,Barnet,Robbery,Business Property,0,2015,1
E01002111,Harrow,Violence Against the Person,Wounding/GBH,1,2014,2
E01003226,Lewisham,Theft and Handling,Theft From Shops,0,2013,6
E01001294,Ealing,Violence Against the Person,Assault with Injury,1,2014,2
E01004583,Wandsworth,Burglary,Burglary in a Dwelling,0,2013,11
E01004142,Sutton,Other Notifiable Offences,Going Equipped,0,2010,5
E01004168,Sutton,Violence Against the Person,Wounding/GBH,0,2008,4
E01002938,Kingston upon Thames,Violence Against the Person,Harassment,0,2008,12
E01004214,Tower Hamlets,Robbery,Personal Property,0,2012,10
E01000871,Camden,Fraud or Forgery,Counted per Victim,0,2013,6
E01000018,Barking and Dagenham,Theft and Handling,Motor Vehicle Interference & Tampering,0,2013,7
E01000554,Brent,Criminal Damage,Criminal Damage To Motor Vehicle,0,2013,2
E01003638,Redbridge,Theft and Handling,Other Theft Person,1,2009,1
E01001053,Croydon,Criminal Damage,Criminal Damage To Other Building,0,2013,3
E01001610,Greenwich,Robbery,Personal Property,0,2016,2
E01001306,Ealing,Violence Against the Person,Offensive Weapon,0,2008,9
E01033740,Greenwich,Violence Against the Person,Other violence,0,2015,6
E01001698,Greenwich,Robbery,Business Property,0,2015,3
E01002988,Kingston upon Thames,Criminal Damage,Criminal Damage To Dwelling,0,2008,11
E01001454,Enfield,Violence Against the Person,Wounding/GBH,0,2013,12
E01001085,Croydon,Theft and Handling,Motor Vehicle Interference & Tampering,0,2013,7
E01002091,Haringey,Violence Against the Person,Offensive Weapon,0,2011,4
E01004231,Tower Hamlets,Criminal Damage,Criminal Damage To Dwelling,0,2013,5
E01003373,Merton,Criminal Damage,Other Criminal Damage,1,2010,9
E01001411,Enfield,Violence Against the Person,Wounding/GBH,0,2009,3
E01001161,Croydon,Criminal Damage,Criminal Damage To Other Building,0,2011,8
E01000604,Brent,Violence Against the Person,Harassment,0,2014,1
E01002026,Haringey,Robbery,Business Property,0,2010,10
E01002006,Haringey,Other Notifiable Offences,Other Notifiable,0,2010,9
E01033575,Newham,Violence Against the Person,Offensive Weapon,0,2014,3
E01001064,Croydon,Theft and Handling,Theft/Taking Of Motor Vehicle,0,2013,11
E01000435,Bexley,Violence Against the Person,Wounding/GBH,0,2009,10
E01003884,Richmond upon Thames,Theft and Handling,Handling Stolen Goods,0,2011,8
E01001436,Enfield,Other Notifiable Offences,Other Notifiable,0,2016,7
E01004076,Sutton,Drugs,Drug Trafficking,0,2009,7
E01004255,Tower Hamlets,Theft and Handling,Theft/Taking of Pedal Cycle,1,2008,5
E01004443,Waltham Forest,Criminal Damage,Criminal Damage To Other Building,0,2014,9
E01000354,Bexley,Criminal Damage,Criminal Damage To Motor Vehicle,0,2016,11
E01003067,Lambeth,Drugs,Drug Trafficking,0,2012,6
E01001202,Ealing,Criminal Damage,Criminal Damage To Motor Vehicle,2,2015,1
E01001683,Greenwich,Theft and Handling,Theft From Shops,1,2016,9
E01004616,Wandsworth,Violence Against the Person,Harassment,0,2009,10
E01003904,Richmond upon Thames,Theft and Handling,Motor Vehicle Interference & Tampering,0,2009,4
E01002657,Hounslow,Sexual Offences,Other Sexual,0,2009,4
E01002165,Harrow,Other Notifiable Offences,Other Notifiable,0,2014,3
E01004554,Wandsworth,Robbery,Personal Property,0,2016,1
E01002280,Havering,Theft and Handling,Handling Stolen Goods,0,2016,9
E01000052,Barking and Dagenham,Violence Against the Person,Offensive Weapon,0,2015,8
E01002784,Islington,Theft and Handling,Other Theft Person,0,2008,12
E01033725,Hillingdon,Theft and Handling,Theft From Motor Vehicle,0,2008,10
E01003889,Richmond upon Thames,Violence Against the Person,Offensive Weapon,0,2008,2
E01002295,Havering,Criminal Damage,Criminal Damage To Dwelling,0,2008,7
E01003695,Redbridge,Violence Against the Person,Assault with Injury,1,2008,2
E01004339,Waltham Forest,Theft and Handling,Theft From Motor Vehicle,0,2008,8
E01003494,Newham,Theft and Handling,Theft/Taking Of Motor Vehicle,1,2009,7
E01003116,Lambeth,Violence Against the Person,Other violence,0,2012,2
E01000656,Bromley,Criminal Damage,Criminal Damage To Other Building,0,2011,9
E01000160,Barnet,Theft and Handling,Theft/Taking of Pedal Cycle,0,2013,4
E01003597,Newham,Drugs,Drug Trafficking,0,2009,10
E01002072,Haringey,Criminal Damage,Criminal Damage To Other Building,0,2014,7
E01003320,Lewisham,Violence Against the Person,Harassment,3,2011,4
E01002268,Havering,Criminal Damage,Criminal Damage To Other Building,0,2016,1
E01002594,Hounslow,Fraud or Forgery,Other Fraud & Forgery,0,2011,9
E01002179,Harrow,Violence Against the Person,Other violence,0,2011,12
E01004653,Westminster,Criminal Damage,Other Criminal Damage,0,2009,10
E01000606,Brent,Theft and Handling,Handling Stolen Goods,0,2011,6
E01002615,Hounslow,Violence Against the Person,Wounding/GBH,0,2011,4
E01001175,Croydon,Theft and Handling,Theft From Motor Vehicle,1,2009,5
E01004015,Southwark,Robbery,Business Property,0,2013,4
E01033324,Lewisham,Violence Against the Person,Wounding/GBH,0,2015,12
E01002298,Havering,Criminal Damage,Criminal Damage To Other Building,0,2016,3
E01000682,Bromley,Criminal Damage,Other Criminal Damage,2,2015,8
E01000634,Brent,Theft and Handling,Theft From Motor Vehicle,3,2009,5
E01002546,Hillingdon,Fraud or Forgery,Counted per Victim,0,2015,2
E01003512,Newham,Theft and Handling,Theft From Motor Vehicle,7,2009,7
E01004066,Southwark,Other Notifiable Offences,Other Notifiable,0,2010,10
E01000895,Camden,Drugs,Drug Trafficking,0,2016,2
E01002345,Havering,Violence Against the Person,Offensive Weapon,0,2013,8
E01000313,Barnet,Violence Against the Person,Common Assault,0,2013,9
E01003889,Richmond upon Thames,Violence Against the Person,Wounding/GBH,0,2016,2
E01001352,Ealing,Criminal Damage,Criminal Damage To Dwelling,0,2015,8
E01004111,Sutton,Burglary,Burglary in Other Buildings,0,2013,11
E01002074,Haringey,Sexual Offences,Other Sexual,0,2015,9
E01001593,Greenwich,Theft and Handling,Motor Vehicle Interference & Tampering,0,2014,4
E01002851,Kensington and Chelsea,Criminal Damage,Criminal Damage To Other Building,0,2014,1
E01003368,Merton,Drugs,Other Drugs,0,2010,10
E01003512,Newham,Burglary,Burglary in Other Buildings,0,2012,9
E01003152,Lambeth,Criminal Damage,Other Criminal Damage,1,2012,1
E01032787,Tower Hamlets,Theft and Handling,Theft/Taking of Pedal Cycle,1,2012,10
E01002629,Hounslow,Violence Against the Person,Assault with Injury,1,2011,1
E01003427,Merton,Theft and Handling,Theft/Taking of Pedal Cycle,0,2011,11
E01001336,Ealing,Theft and Handling,Motor Vehicle Interference & Tampering,0,2012,3
E01000569,Brent,Drugs,Drug Trafficking,0,2016,3
E01002642,Hounslow,Criminal Damage,Criminal Damage To Dwelling,1,2010,9
E01002760,Islington,Drugs,Possession Of Drugs,1,2013,7
E01000482,Brent,Theft and Handling,Theft/Taking Of Motor Vehicle,2,2009,2
E01000788,Bromley,Criminal Damage,Other Criminal Damage,0,2016,4
E01001277,Ealing,Robbery,Personal Property,1,2014,4
E01000940,Camden,Criminal Damage,Other Criminal Damage,0,2008,5
E01003023,Lambeth,Theft and Handling,Other Theft Person,1,2008,11
E01001990,Haringey,Drugs,Other Drugs,0,2014,12
E01001908,Hammersmith and Fulham,Burglary,Burglary in a Dwelling,1,2015,10
E01001799,Hackney,Burglary,Burglary in Other Buildings,0,2008,5
E01002709,Islington,Theft and Handling,Other Theft Person,0,2016,4
E01002168,Harrow,Criminal Damage,Criminal Damage To Dwelling,1,2015,2
E01001275,Ealing,Drugs,Possession Of Drugs,1,2011,8
E01000157,Barnet,Robbery,Personal Property,0,2013,2
E01001197,Ealing,Other Notifiable Offences,Going Equipped,0,2013,1
E01003163,Lambeth,Theft and Handling,Other Theft,0,2008,9
E01004146,Sutton,Robbery,Business Property,0,2014,6
E01000675,Bromley,Other Notifiable Offences,Other Notifiable,1,2010,12
E01002858,Kensington and Chelsea,Violence Against the Person,Assault with Injury,0,2010,2
E01004135,Sutton,Theft and Handling,Theft From Shops,0,2014,3
E01002605,Hounslow,Other Notifiable Offences,Other Notifiable,0,2015,9
E01033742,Greenwich,Theft and Handling,Motor Vehicle Interference & Tampering,0,2008,9
E01003675,Redbridge,Theft and Handling,Handling Stolen Goods,0,2015,5
E01004465,Waltham Forest,Theft and Handling,Other Theft,0,2014,10
E01004455,Waltham Forest,Robbery,Business Property,0,2011,4
E01004447,Waltham Forest,Violence Against the Person,Assault with Injury,0,2016,10
E01003864,Richmond upon Thames,Fraud or Forgery,Counted per Victim,0,2008,10
E01004119,Sutton,Violence Against the Person,Other violence,0,2010,7
E01003304,Lewisham,Burglary,Burglary in Other Buildings,0,2012,2
E01033727,Greenwich,Theft and Handling,Handling Stolen Goods,0,2015,9
E01003567,Newham,Drugs,Possession Of Drugs,2,2016,9
E01001185,Croydon,Theft and Handling,Other Theft Person,0,2010,5
E01004393,Waltham Forest,Criminal Damage,Criminal Damage To Dwelling,1,2016,9
E01000511,Brent,Theft and Handling,Handling Stolen Goods,0,2009,1
E01001724,Hackney,Violence Against the Person,Assault with Injury,1,2009,9
E01000554,Brent,Theft and Handling,Theft From Motor Vehicle,1,2015,1
E01004195,Sutton,Drugs,Possession Of Drugs,0,2015,3
E01000150,Barnet,Criminal Damage,Criminal Damage To Other Building,0,2008,4
E01000309,Barnet,Theft and Handling,Theft/Taking of Pedal Cycle,0,2013,12
E01002306,Havering,Robbery,Business Property,0,2015,9
E01004723,Westminster,Robbery,Business Property,0,2013,12
E01001303,Ealing,Violence Against the Person,Other violence,0,2012,4
E01001170,Croydon,Violence Against the Person,Common Assault,0,2016,6
E01000196,Barnet,Theft and Handling,Other Theft,3,2011,9
E01003375,Merton,Theft and Handling,Theft/Taking Of Motor Vehicle,0,2009,9
E01003768,Redbridge,Robbery,Business Property,0,2015,10
E01003961,Southwark,Burglary,Burglary in Other Buildings,1,2014,11
E01004572,Wandsworth,Violence Against the Person,Harassment,0,2008,11
E01003091,Lambeth,Theft and Handling,Theft/Taking Of Motor Vehicle,0,2009,5
E01003204,Lewisham,Theft and Handling,Other Theft Person,0,2010,7
E01000717,Bromley,Theft and Handling,Other Theft,0,2016,4
E01000106,Barking and Dagenham,Burglary,Burglary in a Dwelling,1,2010,5
E01003433,Merton,Criminal Damage,Other Criminal Damage,0,2012,2
E01000960,Camden,Theft and Handling,Theft/Taking of Pedal Cycle,0,2009,12
E01000062,Barking and Dagenham,Violence Against the Person,Offensive Weapon,0,2014,1
E01002868,Kensington and Chelsea,Criminal Damage,Other Criminal Damage,0,2010,1
E01000343,Bexley,Other Notifiable Offences,Other Notifiable,1,2014,1
E01000977,Croydon,Violence Against the Person,Harassment,1,2008,8
E01000457,Bexley,Criminal Damage,Criminal Damage To Dwelling,0,2008,11
E01003072,Lambeth,Criminal Damage,Criminal Damage To Dwelling,0,2011,6
E01000686,Bromley,Theft and Handling,Motor Vehicle Interference & Tampering,0,2009,1
E01001586,Greenwich,Theft and Handling,Theft From Motor Vehicle,0,2010,6
E01004322,Tower Hamlets,Other Notifiable Offences,Going Equipped,0,2013,1
E01003315,Lewisham,Violence Against the Person,Other violence,0,2016,4
E01004601,Wandsworth,Violence Against the Person,Offensive Weapon,0,2015,12
E01001034,Croydon,Theft and Handling,Theft/Taking of Pedal Cycle,0,2009,7
E01000293,Barnet,Robbery,Personal Property,0,2009,10
E01000737,Bromley,Theft and Handling,Motor Vehicle Interference & Tampering,0,2014,4
E01001394,Enfield,Theft and Handling,Theft/Taking Of Motor Vehicle,3,2014,3
E01001295,Ealing,Theft and Handling,Theft/Taking Of Motor Vehicle,0,2012,1
E01001844,Hackney,Other Notifiable Offences,Going Equipped,0,2014,2
E01004176,Sutton,Theft and Handling,Theft/Taking Of Motor Vehicle,1,2010,6
E01032637,Southwark,Violence Against the Person,Assault with Injury,0,2011,1
E01003810,Richmond upon Thames,Violence Against the Person,Wounding/GBH,0,2016,12
E01001250,Ealing,Violence Against the Person,Other violence,1,2013,2
E01001760,Hackney,Theft and Handling,Theft From Motor Vehicle,1,2009,11
E01033743,Greenwich,Violence Against the Person,Other violence,0,2016,1
E01001424,Enfield,Violence Against the Person,Other violence,0,2010,11
E01000012,Barking and Dagenham,Criminal Damage,Criminal Damage To Dwelling,1,2012,10
E01002616,Hounslow,Criminal Damage,Criminal Damage To Other Building,1,2009,7
E01003719,Redbridge,Violence Against the Person,Wounding/GBH,0,2013,10
E01001692,Greenwich,Violence Against the Person,Other violence,0,2010,1
E01003969,Southwark,Fraud or Forgery,Other Fraud & Forgery,0,2009,1
E01001425,Enfield,Criminal Damage,Criminal Damage To Other Building,0,2011,2
E01000308,Barnet,Theft and Handling,Theft From Motor Vehicle,1,2013,6
E01000878,Camden,Robbery,Personal Property,0,2011,2
E01000249,Barnet,Violence Against the Person,Offensive Weapon,0,2009,10
E01001536,Enfield,Theft and Handling,Theft/Taking of Pedal Cycle,0,2014,8
E01003362,Merton,Theft and Handling,Other Theft,2,2012,7
E01001954,Hammersmith and Fulham,Theft and Handling,Theft/Taking Of Motor Vehicle,0,2016,7
E01001242,Ealing,Theft and Handling,Theft From Motor Vehicle,3,2008,3
E01004622,Wandsworth,Burglary,Burglary in Other Buildings,5,2011,3
E01003058,Lambeth,Drugs,Drug Trafficking,0,2012,1
E01000949,Camden,Drugs,Drug Trafficking,0,2011,7
E01032568,Bromley,Criminal Damage,Criminal Damage To Motor Vehicle,0,2008,9
E01000297,Barnet,Theft and Handling,Motor Vehicle Interference & Tampering,0,2010,1
E01000488,Brent,Theft and Handling,Other Theft,0,2009,9
E01000470,Bexley,Violence Against the Person,Wounding/GBH,0,2010,8
E01004343,Waltham Forest,Theft and Handling,Other Theft Person,0,2015,1
E01000756,Bromley,Burglary,Burglary in Other Buildings,0,2011,6
E01001564,Enfield,Criminal Damage,Criminal Damage To Motor Vehicle,0,2012,3
E01000441,Bexley,Drugs,Drug Trafficking,0,2013,12
E01001758,Hackney,Burglary,Burglary in Other Buildings,0,2010,2
E01001421,Enfield,Violence Against the Person,Other violence,0,2014,8
E01000735,Bromley,Violence Against the Person,Offensive Weapon,0,2016,10
E01001399,Enfield,Theft and Handling,Theft/Taking of Pedal Cycle,0,2008,11
E01002556,Hounslow,Other Notifiable Offences,Going Equipped,0,2011,7
E01004041,Southwark,Theft and Handling,Handling Stolen Goods,0,2013,6
E01002753,Islington,Violence Against the Person,Murder,0,2013,1
E01003863,Richmond upon Thames,Violence Against the Person,Offensive Weapon,0,2008,5
E01001552,Enfield,Burglary,Burglary in Other Buildings,1,2009,11
E01000581,Brent,Theft and Handling,Theft/Taking Of Motor Vehicle,0,2015,1
E01001988,Haringey,Violence Against the Person,Harassment,1,2015,2
E01002302,Havering,Burglary,Burglary in Other Buildings,0,2010,4
E01004710,Westminster,Theft and Handling,Theft/Taking Of Motor Vehicle,0,2014,7
E01001132,Croydon,Theft and Handling,Motor Vehicle Interference & Tampering,1,2009,4
E01001238,Ealing,Violence Against the Person,Offensive Weapon,0,2013,10
E01001619,Greenwich,Drugs,Possession Of Drugs,0,2010,6
E01000944,Camden,Violence Against the Person,Assault with Injury,1,2009,5
E01002143,Harrow,Other Notifiable Offences,Other Notifiable,0,2013,3
E01001730,Hackney,Theft and Handling,Theft/Taking of Pedal Cycle,0,2011,11
E01033745,Greenwich,Theft and Handling,Theft From Shops,0,2010,7
E01003680,Redbridge,Other Notifiable Offences,Other Notifiable,0,2008,2
E01003670,Redbridge,Criminal Damage,Other Criminal Damage,0,2008,11
E01002397,Hillingdon,Criminal Damage,Criminal Damage To Other Building,0,2016,7
E01000159,Barnet,Criminal Damage,Criminal Damage To Dwelling,0,2011,5
E01003786,Redbridge,Burglary,Burglary in a Dwelling,1,2016,10
E01003714,Redbridge,Violence Against the Person,Offensive Weapon,0,2008,3
E01002994,Kingston upon Thames,Violence Against the Person,Other violence,0,2008,8
E01003628,Newham,Robbery,Personal Property,1,2014,3
E01003855,Richmond upon Thames,Other Notifiable Offences,Going Equipped,0,2008,10
E01003017,Lambeth,Theft and Handling,Motor Vehicle Interference & Tampering,0,2010,5
E01002186,Harrow,Theft and Handling,Other Theft,3,2012,5
E01003784,Redbridge,Burglary,Burglary in a Dwelling,0,2009,8
E01001101,Croydon,Theft and Handling,Theft From Motor Vehicle,0,2013,5
E01003739,Redbridge,Theft and Handling,Other Theft Person,0,2014,4
E01001322,Ealing,Theft and Handling,Theft/Taking of Pedal Cycle,4,2016,8
E01003618,Newham,Criminal Damage,Criminal Damage To Motor Vehicle,1,2011,7
E01000477,Brent,Burglary,Burglary in a Dwelling,2,2008,9
E01001505,Enfield,Theft and Handling,Theft From Motor Vehicle,1,2011,10
E01000842,Camden,Burglary,Burglary in Other Buildings,0,2016,3
E01004659,Westminster,Violence Against the Person,Common Assault,0,2008,8
E01003841,Richmond upon Thames,Burglary,Burglary in a Dwelling,0,2013,5
E01002431,Hillingdon,Theft and Handling,Other Theft,1,2009,8
E01003151,Lambeth,Criminal Damage,Criminal Damage To Other Building,0,2011,9
E01003123,Lambeth,Violence Against the Person,Harassment,0,2011,2
E01003921,Southwark,Violence Against the Person,Other violence,0,2012,1
E01000488,Brent,Violence Against the Person,Wounding/GBH,0,2010,8
E01003362,Merton,Theft and Handling,Motor Vehicle Interference & Tampering,0,2011,3
E01004085,Sutton,Criminal Damage,Other Criminal Damage,0,2012,5
E01003555,Newham,Theft and Handling,Theft From Shops,0,2008,4
E01003745,Redbridge,Violence Against the Person,Harassment,0,2013,4
E01004555,Wandsworth,Violence Against the Person,Assault with Injury,1,2016,5
E01001843,Hackney,Robbery,Personal Property,0,2008,9
E01000224,Barnet,Criminal Damage,Criminal Damage To Motor Vehicle,0,2012,3
E01001594,Greenwich,Drugs,Other Drugs,0,2013,4
E01002856,Kensington and Chelsea,Theft and Handling,Theft From Shops,2,2013,11
E01000345,Bexley,Burglary,Burglary in Other Buildings,0,2011,4
E01001006,Croydon,Violence Against the Person,Harassment,3,2015,2
E01001312,Ealing,Theft and Handling,Other Theft,2,2013,2
E01002828,Kensington and Chelsea,Drugs,Possession Of Drugs,3,2010,7
E01004566,Wandsworth,Burglary,Burglary in Other Buildings,1,2011,8
E01002470,Hillingdon,Theft and Handling,Theft/Taking Of Motor Vehicle,0,2015,8
E01003552,Newham,Violence Against the Person,Murder,0,2009,8
E01002706,Islington,Burglary,Burglary in a Dwelling,1,2013,7
E01033706,Hackney,Criminal Damage,Criminal Damage To Other Building,0,2012,8
E01004619,Wandsworth,Robbery,Personal Property,0,2012,6
E01002055,Haringey,Violence Against the Person,Harassment,0,2009,7
E01001392,Enfield,Other Notifiable Offences,Going Equipped,0,2016,4
E01000166,Barnet,Theft and Handling,Handling Stolen Goods,0,2009,8
E01003491,Newham,Criminal Damage,Criminal Damage To Other Building,0,2009,6
E01003964,Southwark,Theft and Handling,Theft From Motor Vehicle,0,2009,12
E01001832,Hackney,Theft and Handling,Theft/Taking of Pedal Cycle,0,2008,6
E01001569,Enfield,Violence Against the Person,Harassment,1,2016,2
E01032570,Bromley,Criminal Damage,Criminal Damage To Dwelling,0,2011,3
E01003566,Newham,Other Notifiable Offences,Going Equipped,0,2016,7
E01033486,Islington,Violence Against the Person,Assault with Injury,0,2009,7
E01000514,Brent,Theft and Handling,Motor Vehicle Interference & Tampering,0,2011,5
E01001041,Croydon,Violence Against the Person,Offensive Weapon,0,2009,4
E01003391,Merton,Drugs,Other Drugs,0,2016,7
E01003769,Redbridge,Theft and Handling,Theft From Shops,6,2016,12
E01001688,Greenwich,Theft and Handling,Theft From Shops,2,2016,3
E01002029,Haringey,Criminal Damage,Criminal Damage To Other Building,0,2014,3
E01002650,Hounslow,Burglary,Burglary in Other Buildings,1,2008,6
E01000905,Camden,Criminal Damage,Other Criminal Damage,0,2008,3
E01000502,Brent,Theft and Handling,Theft From Motor Vehicle,2,2015,6
E01033585,Newham,Violence Against the Person,Assault with Injury,7,2015,9
E01004444,Waltham Forest,Theft and Handling,Other Theft,3,2011,9
E01000011,Barking and Dagenham,Robbery,Personal Property,0,2010,12
E01004461,Waltham Forest,Theft and Handling,Theft/Taking of Pedal Cycle,0,2010,7
E01001161,Croydon,Theft and Handling,Theft From Motor Vehicle,0,2014,5
E01000459,Bexley,Theft and Handling,Theft From Motor Vehicle,0,2015,7
E01004311,Tower Hamlets,Robbery,Business Property,0,2011,9
E01003133,Lambeth,Burglary,Burglary in Other Buildings,0,2008,10
E01000108,Barking and Dagenham,Theft and Handling,Other Theft Person,0,2015,3
E01003028,Lambeth,Criminal Damage,Criminal Damage To Dwelling,0,2012,9
E01002724,Islington,Drugs,Other Drugs,0,2009,3
E01002703,Islington,Drugs,Drug Trafficking,0,2008,12
E01001814,Hackney,Violence Against the Person,Common Assault,4,2016,3
E01000936,Camden,Theft and Handling,Other Theft Person,0,2014,9
E01003501,Newham,Robbery,Personal Property,0,2011,5
E01004665,Westminster,Burglary,Burglary in a Dwelling,0,2016,3
E01002768,Islington,Violence Against the Person,Other violence,0,2015,4
E01002067,Haringey,Violence Against the Person,Wounding/GBH,0,2014,10
E01000929,Camden,Theft and Handling,Other Theft Person,0,2009,10
E01004367,Waltham Forest,Violence Against the Person,Wounding/GBH,1,2013,1
E01000160,Barnet,Fraud or Forgery,Counted per Victim,0,2009,6
E01004309,Tower Hamlets,Criminal Damage,Criminal Damage To Dwelling,0,2014,1
E01001669,Greenwich,Theft and Handling,Theft/Taking of Pedal Cycle,0,2009,5
E01000967,Camden,Criminal Damage,Criminal Damage To Motor Vehicle,1,2016,1
E01002829,Kensington and Chelsea,Theft and Handling,Motor Vehicle Interference & Tampering,0,2009,11
E01001053,Croydon,Burglary,Burglary in a Dwelling,0,2015,10
E01002319,Havering,Theft and Handling,Handling Stolen Goods,0,2010,7
E01000565,Brent,Other Notifiable Offences,Other Notifiable,0,2011,8
E01002487,Hillingdon,Violence Against the Person,Other violence,0,2015,5
E01004342,Waltham Forest,Other Notifiable Offences,Other Notifiable,1,2014,8
E01004162,Sutton,Drugs,Drug Trafficking,0,2014,3
E01001723,Hackney,Violence Against the Person,Offensive Weapon,0,2011,2
E01004634,Wandsworth,Theft and Handling,Theft/Taking Of Motor Vehicle,1,2015,5
E01002796,Islington,Theft and Handling,Theft/Taking Of Motor Vehicle,0,2008,1
E01003783,Redbridge,Violence Against the Person,Assault with Injury,2,2008,4
E01004212,Tower Hamlets,Theft and Handling,Theft From Motor Vehicle,2,2010,11
E01004566,Wandsworth,Theft and Handling,Theft/Taking of Pedal Cycle,0,2015,10
E01003290,Lewisham,Theft and Handling,Handling Stolen Goods,0,2015,6
E01001398,Enfield,Violence Against the Person,Assault with Injury,1,2012,3
E01001415,Enfield,Violence Against the Person,Harassment,0,2014,1
E01003867,Richmond upon Thames,Fraud or Forgery,Other Fraud & Forgery,0,2016,5
E01004144,Sutton,Violence Against the Person,Offensive Weapon,0,2009,3
E01001776,Hackney,Sexual Offences,Other Sexual,0,2013,12
E01001132,Croydon,Robbery,Personal Property,0,2015,4
E01001437,Enfield,Drugs,Possession Of Drugs,4,2009,9
E01000260,Barnet,Theft and Handling,Theft From Shops,0,2016,9
E01000972,Camden,Drugs,Drug Trafficking,0,2013,12
E01000243,Barnet,Theft and Handling,Theft/Taking Of Motor Vehicle,0,2013,2
E01003149,Lambeth,Theft and Handling,Theft/Taking of Pedal Cycle,0,2009,9
E01001063,Croydon,Violence Against the Person,Common Assault,1,2015,6
E01000465,Bexley,Drugs,Possession Of Drugs,0,2011,5
E01004357,Waltham Forest,Violence Against the Person,Common Assault,1,2010,6
E01001471,Enfield,Theft and Handling,Motor Vehicle Interference & Tampering,0,2013,5
E01002201,Harrow,Violence Against the Person,Wounding/GBH,0,2013,7
E01004310,Tower Hamlets,Theft and Handling,Theft From Shops,0,2012,7
E01000943,Camden,Violence Against the Person,Wounding/GBH,0,2014,7
E01000874,Camden,Burglary,Burglary in a Dwelling,1,2012,7
E01000570,Brent,Violence Against the Person,Harassment,0,2016,4
E01000068,Barking and Dagenham,Drugs,Possession Of Drugs,0,2015,12
E01001856,Hammersmith and Fulham,Criminal Damage,Other Criminal Damage,1,2014,4
E01001421,Enfield,Theft and Handling,Other Theft Person,0,2013,7
E01002260,Havering,Violence Against the Person,Wounding/GBH,1,2010,3
E01003447,Merton,Burglary,Burglary in Other Buildings,0,2013,1
E01003872,Richmond upon Thames,Violence Against the Person,Assault with Injury,0,2011,9
E01000240,Barnet,Violence Against the Person,Offensive Weapon,0,2013,9
E01000835,Bromley,Criminal Damage,Criminal Damage To Dwelling,0,2016,1
E01003202,Lewisham,Violence Against the Person,Other violence,0,2012,4
E01003235,Lewisham,Drugs,Possession Of Drugs,0,2015,2
E01003067,Lambeth,Violence Against the Person,Other violence,0,2012,11
E01002908,Kensington and Chelsea,Theft and Handling,Other Theft,1,2013,6
E01002781,Islington,Other Notifiable Offences,Going Equipped,0,2016,2
E01000151,Barnet,Criminal Damage,Criminal Damage To Motor Vehicle,2,2011,9
E01003214,Lewisham,Other Notifiable Offences,Going Equipped,0,2013,8
E01000685,Bromley,Theft and Handling,Theft From Motor Vehicle,1,2014,3
E01001748,Hackney,Robbery,Business Property,0,2015,1
E01004184,Sutton,Theft and Handling,Motor Vehicle Interference & Tampering,0,2010,2
E01000569,Brent,Drugs,Other Drugs,0,2008,6
E01003414,Merton,Criminal Damage,Criminal Damage To Other Building,0,2015,8
E01001657,Greenwich,Violence Against the Person,Other violence,0,2012,12
E01003221,Lewisham,Robbery,Personal Property,2,2011,1
E01000695,Bromley,Theft and Handling,Other Theft,0,2016,12
E01003313,Lewisham,Theft and Handling,Theft/Taking Of Motor Vehicle,2,2008,1
E01001276,Ealing,Fraud or Forgery,Counted per Victim,0,2016,12
E01000295,Barnet,Violence Against the Person,Common Assault,1,2016,7
E01000650,Bromley,Theft and Handling,Theft/Taking Of Motor Vehicle,0,2009,1
E01003679,Redbridge,Violence Against the Person,Wounding/GBH,0,2014,5
E01004728,Westminster,Drugs,Drug Trafficking,0,2012,10
E01003598,Newham,Theft and Handling,Theft/Taking Of Motor Vehicle,0,2016,3
E01000678,Bromley,Criminal Damage,Criminal Damage To Other Building,0,2013,10
E01001859,Hammersmith and Fulham,Theft and Handling,Other Theft,0,2008,2
E01003937,Southwark,Robbery,Business Property,0,2011,2
E01002000,Haringey,Criminal Damage,Criminal Damage To Dwelling,1,2012,10
E01002310,Havering,Theft and Handling,Theft/Taking of Pedal Cycle,0,2016,6
E01001016,Croydon,Burglary,Burglary in a Dwelling,1,2013,8
E01003024,Lambeth,Other Notifiable Offences,Other Notifiable,2,2015,11
E01000140,Barnet,Theft and Handling,Theft From Shops,0,2016,1
E01002180,Harrow,Criminal Damage,Other Criminal Damage,1,2009,3
E01000447,Bexley,Theft and Handling,Handling Stolen Goods,1,2014,3
E01002739,Islington,Criminal Damage,Criminal Damage To Other Building,0,2012,5
E01001104,Croydon,Theft and Handling,Motor Vehicle Interference & Tampering,0,2014,2
E01000699,Bromley,Theft and Handling,Handling Stolen Goods,0,2009,2
E01002673,Hounslow,Burglary,Burglary in Other Buildings,2,2012,3
E01002466,Hillingdon,Criminal Damage,Criminal Damage To Motor Vehicle,0,2014,4
E01002073,Haringey,Burglary,Burglary in Other Buildings,1,2011,7
E01002872,Kensington and Chelsea,Drugs,Possession Of Drugs,0,2015,6
E01000637,Brent,Burglary,Burglary in a Dwelling,1,2015,3
E01004530,Wandsworth,Drugs,Other Drugs,0,2009,1
E01000577,Brent,Violence Against the Person,Wounding/GBH,1,2011,6
E01002535,Hillingdon,Violence Against the Person,Other violence,0,2015,5
E01001258,Ealing,Violence Against the Person,Harassment,0,2011,10
E01003296,Lewisham,Theft and Handling,Other Theft,8,2009,7
E01001336,Ealing,Theft and Handling,Other Theft Person,1,2012,4
E01002595,Hounslow,Burglary,Burglary in Other Buildings,0,2009,11
E01003632,Newham,Violence Against the Person,Other violence,0,2013,2
E01001705,Greenwich,Violence Against the Person,Common Assault,1,2010,5
E01003044,Lambeth,Robbery,Personal Property,0,2010,9
E01002406,Hillingdon,Theft and Handling,Theft/Taking of Pedal Cycle,0,2014,1
E01000388,Bexley,Violence Against the Person,Offensive Weapon,0,2016,8
E01002117,Harrow,Violence Against the Person,Other violence,1,2013,9
E01001650,Greenwich,Violence Against the Person,Harassment,1,2012,8
E01000326,Bexley,Burglary,Burglary in Other Buildings,0,2011,1
E01002760,Islington,Theft and Handling,Other Theft Person,0,2010,6
E01002092,Haringey,Other Notifiable Offences,Other Notifiable,0,2010,7
E01001538,Enfield,Theft and Handling,Motor Vehicle Interference & Tampering,0,2010,3
E01000446,Bexley,Burglary,Burglary in Other Buildings,0,2009,3
E01001205,Ealing,Theft and Handling,Theft/Taking of Pedal Cycle,0,2012,2
E01000372,Bexley,Violence Against the Person,Wounding/GBH,0,2013,12
E01000314,Barnet,Theft and Handling,Other Theft Person,1,2008,9
E01001101,Croydon,Other Notifiable Offences,Other Notifiable,1,2011,5
E01000416,Bexley,Theft and Handling,Handling Stolen Goods,0,2009,1
E01001003,Croydon,Theft and Handling,Other Theft Person,0,2011,6
E01032566,Bexley,Criminal Damage,Criminal Damage To Dwelling,0,2012,12
E01033700,Hackney,Burglary,Burglary in a Dwelling,2,2015,10
E01033606,Westminster,Criminal Damage,Criminal Damage To Other Building,0,2015,4
E01032646,Southwark,Criminal Damage,Criminal Damage To Motor Vehicle,0,2011,2
E01000035,Barking and Dagenham,Robbery,Business Property,0,2010,3
E01002969,Kingston upon Thames,Criminal Damage,Other Criminal Damage,0,2013,7
E01004507,Wandsworth,Violence Against the Person,Wounding/GBH,0,2009,7
E01001480,Enfield,Violence Against the Person,Offensive Weapon,0,2013,12
E01003148,Lambeth,Theft and Handling,Theft/Taking Of Motor Vehicle,0,2008,4
E01002946,Kingston upon Thames,Sexual Offences,Rape,0,2010,10
E01001249,Ealing,Theft and Handling,Theft From Shops,5,2011,12
E01001774,Hackney,Violence Against the Person,Common Assault,1,2014,1
E01001110,Croydon,Criminal Damage,Criminal Damage To Motor Vehicle,1,2010,6
E01001606,Greenwich,Theft and Handling,Motor Vehicle Interference & Tampering,0,2016,11
E01002251,Havering,Theft and Handling,Theft/Taking of Pedal Cycle,0,2008,10
E01004300,Tower Hamlets,Theft and Handling,Handling Stolen Goods,0,2011,2
E01004606,Wandsworth,Theft and Handling,Motor Vehicle Interference & Tampering,0,2008,2
E01002771,Islington,Theft and Handling,Other Theft Person,0,2011,11
E01001358,Ealing,Burglary,Burglary in Other Buildings,0,2013,10
E01003239,Lewisham,Violence Against the Person,Other violence,0,2013,2
E01032638,Southwark,Theft and Handling,Theft/Taking of Pedal Cycle,0,2012,6
E01001321,Ealing,Drugs,Drug Trafficking,0,2009,11
E01002773,Islington,Theft and Handling,Other Theft Person,1,2015,9
E01000157,Barnet,Other Notifiable Offences,Other Notifiable,0,2014,9
E01001556,Enfield,Theft and Handling,Theft From Motor Vehicle,1,2012,2
E01004514,Wandsworth,Burglary,Burglary in a Dwelling,0,2016,4
E01001079,Croydon,Other Notifiable Offences,Other Notifiable,0,2010,5
E01003927,Southwark,Other Notifiable Offences,Going Equipped,0,2013,3
E01003898,Richmond upon Thames,Theft and Handling,Theft/Taking Of Motor Vehicle,0,2013,8
E01001887,Hammersmith and Fulham,Theft and Handling,Handling Stolen Goods,0,2010,4
E01000423,Bexley,Criminal Damage,Other Criminal Damage,0,2009,12
E01002587,Hounslow,Criminal Damage,Criminal Damage To Motor Vehicle,0,2013,11
E01002678,Hounslow,Fraud or Forgery,Counted per Victim,0,2013,1
E01001786,Hackney,Violence Against the Person,Wounding/GBH,0,2011,3
E01003360,Merton,Drugs,Drug Trafficking,0,2009,8
E01001671,Greenwich,Violence Against the Person,Assault with Injury,0,2009,2
E01001724,Hackney,Theft and Handling,Motor Vehicle Interference & Tampering,0,2011,11
E01002998,Kingston upon Thames,Criminal Damage,Other Criminal Damage,0,2016,3
E01004056,Southwark,Violence Against the Person,Harassment,4,2016,10
E01002594,Hounslow,Fraud or Forgery,Other Fraud & Forgery,0,2010,8
E01003548,Newham,Criminal Damage,Criminal Damage To Other Building,0,2015,11
E01000697,Bromley,Theft and Handling,Theft From Shops,0,2011,7
E01003764,Redbridge,Other Notifiable Offences,Going Equipped,0,2016,7
E01003676,Redbridge,Violence Against the Person,Common Assault,1,2011,12
E01002010,Haringey,Theft and Handling,Handling Stolen Goods,0,2009,1
E01004231,Tower Hamlets,Violence Against the Person,Wounding/GBH,2,2011,10
E01000699,Bromley,Robbery,Business Property,1,2008,12
E01002576,Hounslow,Violence Against the Person,Other violence,0,2008,2
E01000459,Bexley,Criminal Damage,Criminal Damage To Motor Vehicle,0,2012,6
E01004024,Southwark,Drugs,Drug Trafficking,0,2008,3
E01000739,Bromley,Drugs,Possession Of Drugs,2,2013,7
E01002803,Islington,Drugs,Drug Trafficking,0,2010,4
E01000842,Camden,Other Notifiable Offences,Going Equipped,0,2014,4
E01000781,Bromley,Violence Against the Person,Assault with Injury,3,2015,7
E01003810,Richmond upon Thames,Violence Against the Person,Common Assault,0,2008,12
E01001261,Ealing,Criminal Damage,Other Criminal Damage,1,2016,1
E01000419,Bexley,Robbery,Personal Property,0,2012,11
E01002380,Havering,Violence Against the Person,Other violence,0,2008,9
E01004533,Wandsworth,Criminal Damage,Criminal Damage To Dwelling,1,2009,10
E01004434,Waltham Forest,Theft and Handling,Theft/Taking Of Motor Vehicle,0,2008,9
E01000102,Barking and Dagenham,Criminal Damage,Other Criminal Damage,1,2016,3
E01033490,Islington,Criminal Damage,Criminal Damage To Dwelling,0,2010,1
E01000288,Barnet,Theft and Handling,Theft From Motor Vehicle,0,2010,5
E01003739,Redbridge,Theft and Handling,Theft/Taking of Pedal Cycle,0,2009,6
E01003455,Merton,Violence Against the Person,Offensive Weapon,0,2013,6
E01000508,Brent,Violence Against the Person,Other violence,0,2012,7
E01000327,Bexley,Theft and Handling,Theft/Taking Of Motor Vehicle,0,2015,8
E01003992,Southwark,Robbery,Personal Property,1,2014,3
E01003695,Redbridge,Violence Against the Person,Offensive Weapon,0,2010,11
E01001807,Hackney,Theft and Handling,Other Theft Person,0,2011,2
E01004727,Westminster,Theft and Handling,Theft/Taking Of Motor Vehicle,0,2013,12
E01000530,Brent,Burglary,Burglary in Other Buildings,0,2010,3
E01000673,Bromley,Criminal Damage,Other Criminal Damage,1,2013,9
E01002418,Hillingdon,Other Notifiable Offences,Other Notifiable,0,2009,4
E01001360,Ealing,Burglary,Burglary in a Dwelling,0,2016,4
E01000246,Barnet,Violence Against the Person,Harassment,0,2011,1
E01003630,Newham,Theft and Handling,Other Theft Person,0,2014,10
E01000751,Bromley,Criminal Damage,Criminal Damage To Other Building,0,2014,7
E01002257,Havering,Burglary,Burglary in Other Buildings,0,2015,4
E01001169,Croydon,Burglary,Burglary in a Dwelling,3,2008,8
E01004105,Sutton,Theft and Handling,Theft/Taking Of Motor Vehicle,0,2014,6
E01002024,Haringey,Violence Against the Person,Other violence,0,2014,12
E01001412,Enfield,Burglary,Burglary in a Dwelling,0,2016,9
E01003548,Newham,Drugs,Possession Of Drugs,2,2009,5
E01000411,Bexley,Theft and Handling,Theft/Taking Of Motor Vehicle,0,2015,1
E01002468,Hillingdon,Theft and Handling,Handling Stolen Goods,0,2011,7
E01001058,Croydon,Drugs,Drug Trafficking,0,2012,7
E01000211,Barnet,Theft and Handling,Other Theft Person,2,2013,12
E01003869,Richmond upon Thames,Theft and Handling,Theft From Motor Vehicle,0,2015,10
E01003038,Lambeth,Violence Against the Person,Murder,0,2008,3
E01002777,Islington,Violence Against the Person,Assault with Injury,1,2011,8
E01002044,Haringey,Violence Against the Person,Offensive Weapon,0,2009,1
E01002065,Haringey,Theft and Handling,Theft/Taking of Pedal Cycle,0,2015,3
E01000527,Brent,Theft and Handling,Theft/Taking Of Motor Vehicle,3,2013,9
E01003821,Richmond upon Thames,Criminal Damage,Criminal Damage To Motor Vehicle,0,2011,10
E01000128,Barnet,Theft and Handling,Theft/Taking Of Motor Vehicle,0,2012,11
E01002212,Harrow,Drugs,Drug Trafficking,0,2015,2
E01002422,Hillingdon,Criminal Damage,Other Criminal Damage,0,2014,1
E01001252,Ealing,Theft and Handling,Theft/Taking Of Motor Vehicle,0,2011,7
E01000796,Bromley,Criminal Damage,Other Criminal Damage,1,2009,10
E01003174,Lambeth,Criminal Damage,Criminal Damage To Motor Vehicle,2,2011,4
E01000018,Barking and Dagenham,Violence Against the Person,Harassment,1,2015,3
E01002388,Havering,Criminal Damage,Criminal Damage To Dwelling,0,2013,1
E01001623,Greenwich,Burglary,Burglary in a Dwelling,0,2014,5
E01032776,Tower Hamlets,Theft and Handling,Other Theft,2,2012,6
E01003819,Richmond upon Thames,Violence Against the Person,Other violence,0,2008,11
E01000211,Barnet,Theft and Handling,Theft From Shops,1,2013,9
E01003447,Merton,Fraud or Forgery,Other Fraud & Forgery,0,2008,6
E01004143,Sutton,Burglary,Burglary in a Dwelling,0,2009,5
E01001137,Croydon,Robbery,Personal Property,1,2012,4
E01003813,Richmond upon Thames,Violence Against the Person,Harassment,0,2013,4
E01004338,Waltham Forest,Violence Against the Person,Offensive Weapon,0,2010,2
E01000732,Bromley,Theft and Handling,Theft/Taking of Pedal Cycle,0,2016,3
E01004410,Waltham Forest,Theft and Handling,Theft From Shops,0,2013,4
E01003824,Richmond upon Thames,Criminal Damage,Other Criminal Damage,0,2016,1
E01003693,Redbridge,Robbery,Personal Property,0,2012,10
E01004166,Sutton,Violence Against the Person,Other violence,0,2009,4
E01000704,Bromley,Violence Against the Person,Assault with Injury,0,2016,2
E01002502,Hillingdon,Violence Against the Person,Assault with Injury,2,2014,4
E01001496,Enfield,Drugs,Drug Trafficking,0,2011,10
E01001100,Croydon,Theft and Handling,Theft From Motor Vehicle,0,2015,8
E01003469,Merton,Theft and Handling,Other Theft Person,1,2008,3
E01003699,Redbridge,Drugs,Drug Trafficking,0,2009,2
E01002439,Hillingdon,Violence Against the Person,Assault with Injury,0,2010,10
E01000060,Barking and Dagenham,Other Notifiable Offences,Other Notifiable,0,2016,11
E01001595,Greenwich,Other Notifiable Offences,Going Equipped,0,2011,6
E01002282,Havering,Drugs,Possession Of Drugs,1,2015,8
E01001709,Greenwich,Theft and Handling,Theft/Taking of Pedal Cycle,2,2009,3
E01001057,Croydon,Theft and Handling,Theft/Taking Of Motor Vehicle,2,2009,4
E01003386,Merton,Sexual Offences,Rape,0,2015,10
E01002156,Harrow,Theft and Handling,Theft/Taking Of Motor Vehicle,0,2012,3
E01004158,Sutton,Violence Against the Person,Wounding/GBH,0,2013,2
E01000603,Brent,Theft and Handling,Theft From Motor Vehicle,0,2012,11
E01000216,Barnet,Violence Against the Person,Other violence,0,2013,1
E01000103,Barking and Dagenham,Criminal Damage,Criminal Damage To Dwelling,0,2013,7
E01003974,Southwark,Drugs,Drug Trafficking,0,2012,5
E01000968,Camden,Criminal Damage,Other Criminal Damage,1,2008,12
E01000697,Bromley,Violence Against the Person,Common Assault,0,2011,5
E01001808,Hackney,Burglary,Burglary in a Dwelling,0,2016,1
E01001767,Hackney,Violence Against the Person,Other violence,0,2016,7
E01000972,Camden,Theft and Handling,Other Theft Person,1,2008,9
E01004752,Westminster,Robbery,Personal Property,0,2013,5
E01001552,Enfield,Theft and Handling,Motor Vehicle Interference & Tampering,0,2012,9
E01000738,Bromley,Violence Against the Person,Assault with Injury,1,2016,5
E01002133,Harrow,Theft and Handling,Motor Vehicle Interference & Tampering,0,2010,3
E01003652,Redbridge,Criminal Damage,Criminal Damage To Motor Vehicle,0,2010,12
E01001590,Greenwich,Burglary,Burglary in Other Buildings,0,2009,7
E01004001,Southwark,Criminal Damage,Other Criminal Damage,0,2009,11
E01004644,Wandsworth,Theft and Handling,Motor Vehicle Interference & Tampering,0,2010,6
E01032639,Southwark,Violence Against the Person,Wounding/GBH,1,2016,7
E01000606,Brent,Robbery,Personal Property,0,2016,3
E01002819,Kensington and Chelsea,Criminal Damage,Criminal Damage To Dwelling,0,2014,1
E01000584,Brent,Violence Against the Person,Offensive Weapon,0,2013,11
E01001717,Hackney,Violence Against the Person,Offensive Weapon,0,2011,5
E01002433,Hillingdon,Violence Against the Person,Offensive Weapon,0,2013,2
E01003158,Lambeth,Burglary,Burglary in Other Buildings,1,2011,12
E01004371,Waltham Forest,Theft and Handling,Theft/Taking of Pedal Cycle,0,2016,2
E01003424,Merton,Robbery,Personal Property,0,2008,7
E01033327,Lewisham,Theft and Handling,Handling Stolen Goods,0,2016,9
E01002891,Kensington and Chelsea,Criminal Damage,Criminal Damage To Dwelling,0,2012,9
E01000962,Camden,Theft and Handling,Theft/Taking Of Motor Vehicle,0,2008,8
E01002692,Hounslow,Robbery,Business Property,0,2008,6
E01003203,Lewisham,Robbery,Business Property,0,2012,10
E01003037,Lambeth,Criminal Damage,Criminal Damage To Dwelling,0,2013,4
E01002711,Islington,Violence Against the Person,Murder,0,2013,2
E01001966,Haringey,Criminal Damage,Other Criminal Damage,5,2011,7
E01000297,Barnet,Robbery,Business Property,1,2014,10
E01002904,Kensington and Chelsea,Criminal Damage,Other Criminal Damage,0,2014,10
E01001927,Hammersmith and Fulham,Drugs,Drug Trafficking,0,2008,6
E01000703,Bromley,Theft and Handling,Other Theft,2,2010,6
E01001048,Croydon,Criminal Damage,Other Criminal Damage,1,2014,3
E01000563,Brent,Violence Against the Person,Harassment,2,2012,7
E01032780,Tower Hamlets,Theft and Handling,Other Theft,4,2015,7
E01002692,Hounslow,Theft and Handling,Theft From Motor Vehicle,5,2011,4
E01001997,Haringey,Other Notifiable Offences,Other Notifiable,0,2015,10
E01000076,Barking and Dagenham,Theft and Handling,Theft From Shops,0,2009,1
E01002030,Haringey,Drugs,Possession Of Drugs,1,2009,10
E01001761,Hackney,Theft and Handling,Handling Stolen Goods,0,2009,3
E01001541,Enfield,Theft and Handling,Theft From Motor Vehicle,0,2012,3
E01002367,Havering,Criminal Damage,Criminal Damage To Dwelling,0,2014,3
E01000070,Barking and Dagenham,Other Notifiable Offences,Going Equipped,0,2016,7
E01002717,Islington,Violence Against the Person,Offensive Weapon,0,2015,2
E01000370,Bexley,Violence Against the Person,Harassment,0,2009,12
E01001115,Croydon,Burglary,Burglary in a Dwelling,1,2009,1
E01001647,Greenwich,Robbery,Personal Property,0,2008,12
E01001726,Hackney,Violence Against the Person,Assault with Injury,0,2009,5
E01000279,Barnet,Theft and Handling,Theft/Taking Of Motor Vehicle,0,2016,9
E01001671,Greenwich,Violence Against the Person,Murder,0,2013,11
E01004069,Southwark,Violence Against the Person,Common Assault,2,2013,12
E01000693,Bromley,Drugs,Drug Trafficking,0,2016,7
E01001442,Enfield,Violence Against the Person,Offensive Weapon,0,2012,3
E01003127,Lambeth,Robbery,Business Property,0,2010,12
E01004222,Tower Hamlets,Theft and Handling,Handling Stolen Goods,0,2015,6
E01004620,Wandsworth,Violence Against the Person,Harassment,0,2010,1
E01001399,Enfield,Criminal Damage,Criminal Damage To Other Building,0,2012,1
E01000332,Bexley,Drugs,Possession Of Drugs,0,2012,1
E01002147,Harrow,Criminal Damage,Criminal Damage To Other Building,0,2010,2
E01003966,Southwark,Violence Against the Person,Harassment,1,2014,11
E01002174,Harrow,Robbery,Business Property,0,2012,10
E01000600,Brent,Theft and Handling,Theft/Taking of Pedal Cycle,1,2011,11
E01002555,Hounslow,Theft and Handling,Theft/Taking of Pedal Cycle,0,2011,8
E01000550,Brent,Criminal Damage,Other Criminal Damage,0,2013,7
E01002803,Islington,Theft and Handling,Handling Stolen Goods,0,2011,9
E01001699,Greenwich,Violence Against the Person,Offensive Weapon,0,2012,11
E01000746,Bromley,Theft and Handling,Theft From Shops,0,2011,10
E01032786,Tower Hamlets,Other Notifiable Offences,Other Notifiable,0,2010,10
E01002553,Hillingdon,Drugs,Possession Of Drugs,1,2010,7
E01004107,Sutton,Criminal Damage,Other Criminal Damage,1,2013,12
E01000674,Bromley,Criminal Damage,Criminal Damage To Other Building,1,2016,5
E01002950,Kingston upon Thames,Robbery,Personal Property,0,2010,9
E01002639,Hounslow,Theft and Handling,Other Theft,0,2015,7
E01001745,Hackney,Criminal Damage,Criminal Damage To Other Building,0,2008,7
E01001524,Enfield,Violence Against the Person,Wounding/GBH,0,2011,8
E01000787,Bromley,Violence Against the Person,Common Assault,0,2010,3
E01002446,Hillingdon,Theft and Handling,Theft From Motor Vehicle,0,2015,9
E01004476,Wandsworth,Criminal Damage,Other Criminal Damage,0,2014,9
E01000200,Barnet,Drugs,Possession Of Drugs,0,2016,8
E01000027,Barking and Dagenham,Burglary,Burglary in Other Buildings,0,2016,9
E01002662,Hounslow,Violence Against the Person,Wounding/GBH,0,2012,4
E01001114,Croydon,Theft and Handling,Handling Stolen Goods,0,2012,5
E01003033,Lambeth,Theft and Handling,Theft/Taking of Pedal Cycle,0,2009,2
E01000514,Brent,Theft and Handling,Theft From Shops,0,2009,3
E01002147,Harrow,Theft and Handling,Motor Vehicle Interference & Tampering,0,2014,8
E01004258,Tower Hamlets,Violence Against the Person,Assault with Injury,1,2009,10
E01002735,Islington,Violence Against the Person,Other violence,0,2010,9
E01002575,Hounslow,Burglary,Burglary in a Dwelling,0,2014,9
E01004182,Sutton,Burglary,Burglary in a Dwelling,0,2008,4
E01001878,Hammersmith and Fulham,Violence Against the Person,Other violence,0,2013,7
E01001494,Enfield,Theft and Handling,Theft From Motor Vehicle,1,2016,9
E01004599,Wandsworth,Theft and Handling,Theft From Shops,0,2012,10
E01004159,Sutton,Violence Against the Person,Offensive Weapon,0,2012,9
E01004747,Westminster,Criminal Damage,Criminal Damage To Motor Vehicle,1,2010,3
E01001313,Ealing,Violence Against the Person,Common Assault,0,2014,11
E01002532,Hillingdon,Violence Against the Person,Murder,0,2011,9
E01001482,Enfield,Criminal Damage,Criminal Damage To Dwelling,1,2016,2
E01003943,Southwark,Drugs,Drug Trafficking,0,2009,3
E01001954,Hammersmith and Fulham,Theft and Handling,Other Theft Person,0,2014,1
E01002897,Kensington and Chelsea,Other Notifiable Offences,Other Notifiable,0,2013,9
E01003485,Newham,Theft and Handling,Motor Vehicle Interference & Tampering,0,2016,2
E01000989,Croydon,Theft and Handling,Handling Stolen Goods,0,2008,10
E01003743,Redbridge,Violence Against the Person,Assault with Injury,0,2010,5
E01003769,Redbridge,Drugs,Possession Of Drugs,7,2009,11
E01033456,Brent,Other Notifiable Offences,Other Notifiable,1,2016,8
E01004404,Waltham Forest,Theft and Handling,Theft From Shops,0,2016,6
E01001386,Ealing,Other Notifiable Offences,Other Notifiable,0,2012,10
E01003438,Merton,Theft and Handling,Theft From Motor Vehicle,1,2015,1
E01032741,Havering,Theft and Handling,Theft From Shops,10,2014,7
E01003355,Merton,Theft and Handling,Theft/Taking of Pedal Cycle,0,2010,12
E01000037,Barking and Dagenham,Violence Against the Person,Harassment,0,2012,5
E01004222,Tower Hamlets,Robbery,Personal Property,1,2012,1
E01003647,Redbridge,Theft and Handling,Motor Vehicle Interference & Tampering,0,2009,8
E01003831,Richmond upon Thames,Violence Against the Person,Other violence,0,2013,3
E01002734,Islington,Violence Against the Person,Murder,0,2014,11
E01002386,Havering,Robbery,Personal Property,2,2011,6
E01004404,Waltham Forest,Violence Against the Person,Assault with Injury,3,2014,11
E01002356,Havering,Other Notifiable Offences,Going Equipped,0,2008,3
E01004483,Wandsworth,Criminal Damage,Criminal Damage To Other Building,0,2012,11
E01000304,Barnet,Theft and Handling,Motor Vehicle Interference & Tampering,0,2009,1
E01002281,Havering,Violence Against the Person,Offensive Weapon,0,2014,2
E01000986,Croydon,Robbery,Personal Property,0,2012,6
E01003640,Redbridge,Theft and Handling,Handling Stolen Goods,0,2015,4
E01001668,Greenwich,Drugs,Possession Of Drugs,1,2016,9
E01002865,Kensington and Chelsea,Other Notifiable Offences,Going Equipped,0,2012,3
E01001878,Hammersmith and Fulham,Violence Against the Person,Harassment,1,2010,1
E01004352,Waltham Forest,Violence Against the Person,Other violence,0,2009,1
E01002130,Harrow,Burglary,Burglary in a Dwelling,0,2015,4
E01002048,Haringey,Criminal Damage,Other Criminal Damage,0,2011,5
E01001285,Ealing,Burglary,Burglary in a Dwelling,1,2008,2
E01000282,Barnet,Other Notifiable Offences,Other Notifiable,0,2015,1
E01004167,Sutton,Theft and Handling,Theft/Taking of Pedal Cycle,0,2011,3
E01003236,Lewisham,Theft and Handling,Theft From Shops,0,2014,11
E01033712,Hackney,Theft and Handling,Theft From Motor Vehicle,6,2011,10
E01001153,Croydon,Theft and Handling,Motor Vehicle Interference & Tampering,0,2016,8
E01003719,Redbridge,Other Notifiable Offences,Other Notifiable,0,2014,4
E01001225,Ealing,Theft and Handling,Other Theft,8,2015,10
E01001141,Croydon,Theft and Handling,Other Theft Person,0,2008,8
E01001317,Ealing,Violence Against the Person,Offensive Weapon,0,2014,6
E01000497,Brent,Criminal Damage,Criminal Damage To Dwelling,2,2009,4
E01002627,Hounslow,Violence Against the Person,Assault with Injury,3,2011,6
E01002745,Islington,Theft and Handling,Theft/Taking Of Motor Vehicle,0,2016,4
E01003247,Lewisham,Burglary,Burglary in Other Buildings,0,2012,1
E01001483,Enfield,Burglary,Burglary in Other Buildings,0,2015,4
E01001714,Hackney,Theft and Handling,Theft From Shops,0,2008,1
E01000259,Barnet,Other Notifiable Offences,Going Equipped,0,2014,9
E01002994,Kingston upon Thames,Robbery,Personal Property,0,2012,8
E01002381,Havering,Drugs,Drug Trafficking,0,2012,11
E01002645,Hounslow,Theft and Handling,Theft/Taking of Pedal Cycle,0,2010,3
E01001093,Croydon,Violence Against the Person,Other violence,0,2010,12
E01003933,Southwark,Theft and Handling,Other Theft Person,3,2011,3
E01000962,Camden,Violence Against the Person,Harassment,1,2015,2
E01004211,Tower Hamlets,Theft and Handling,Motor Vehicle Interference & Tampering,0,2013,8
E01000053,Barking and Dagenham,Violence Against the Person,Other violence,2,2011,3
E01001545,Enfield,Burglary,Burglary in a Dwelling,0,2012,10
E01004615,Wandsworth,Theft and Handling,Handling Stolen Goods,0,2008,2
E01004741,Westminster,Burglary,Burglary in a Dwelling,0,2014,2
E01003656,Redbridge,Violence Against the Person,Murder,0,2012,11
E01003625,Newham,Violence Against the Person,Offensive Weapon,0,2013,7
E01001614,Greenwich,Drugs,Drug Trafficking,0,2012,5
E01000596,Brent,Drugs,Possession Of Drugs,2,2014,8
E01003456,Merton,Other Notifiable Offences,Other Notifiable,0,2008,3
E01000257,Barnet,Theft and Handling,Theft From Motor Vehicle,3,2011,10
E01000999,Croydon,Violence Against the Person,Common Assault,0,2016,5
E01002880,Kensington and Chelsea,Theft and Handling,Theft From Shops,0,2014,8
E01004182,Sutton,Criminal Damage,Other Criminal Damage,0,2015,7
E01002272,Havering,Theft and Handling,Theft/Taking Of Motor Vehicle,0,2009,6
E01000864,Camden,Criminal Damage,Criminal Damage To Motor Vehicle,1,2016,1
E01003846,Richmond upon Thames,Violence Against the Person,Assault with Injury,0,2011,8
E01000761,Bromley,Criminal Damage,Other Criminal Damage,0,2015,2
E01003408,Merton,Violence Against the Person,Offensive Weapon,0,2014,8
E01000153,Barnet,Drugs,Possession Of Drugs,1,2015,3
E01003849,Richmond upon Thames,Criminal Damage,Criminal Damage To Motor Vehicle,0,2014,7
E01001304,Ealing,Theft and Handling,Theft/Taking of Pedal Cycle,2,2016,6
E01003317,Lewisham,Drugs,Possession Of Drugs,5,2016,4
E01002804,Islington,Other Notifiable Offences,Other Notifiable,0,2014,10
E01000766,Bromley,Theft and Handling,Theft/Taking of Pedal Cycle,0,2010,9
E01000595,Brent,Other Notifiable Offences,Other Notifiable,0,2011,5
E01000576,Brent,Other Notifiable Offences,Other Notifiable,0,2013,9
E01004622,Wandsworth,Fraud or Forgery,Counted per Victim,0,2013,6
E01001640,Greenwich,Robbery,Business Property,0,2012,11
E01003903,Richmond upon Thames,Burglary,Burglary in a Dwelling,0,2015,5
E01001601,Greenwich,Criminal Damage,Criminal Damage To Dwelling,0,2016,3
E01002062,Haringey,Robbery,Personal Property,1,2016,1
E01002998,Kingston upon Thames,Violence Against the Person,Other violence,0,2015,4
E01000536,Brent,Robbery,Business Property,0,2011,6
E01002646,Hounslow,Theft and Handling,Other Theft,1,2016,1
E01004567,Wandsworth,Criminal Damage,Other Criminal Damage,0,2014,10
E01003020,Lambeth,Fraud or Forgery,Other Fraud & Forgery,0,2010,5
E01004212,Tower Hamlets,Violence Against the Person,Harassment,2,2012,2
E01003465,Merton,Violence Against the Person,Assault with Injury,3,2013,3
E01002160,Harrow,Criminal Damage,Criminal Damage To Other Building,0,2013,12
E01001741,Hackney,Theft and Handling,Other Theft,7,2013,1
E01002466,Hillingdon,Theft and Handling,Other Theft Person,0,2012,10
E01004625,Wandsworth,Violence Against the Person,Harassment,0,2015,11
E01003375,Merton,Violence Against the Person,Harassment,0,2008,2
E01004424,Waltham Forest,Violence Against the Person,Offensive Weapon,0,2016,4
E01002891,Kensington and Chelsea,Violence Against the Person,Wounding/GBH,0,2013,9
E01003286,Lewisham,Sexual Offences,Other Sexual,0,2009,10
E01003157,Lambeth,Criminal Damage,Criminal Damage To Other Building,0,2016,11
E01002407,Hillingdon,Theft and Handling,Other Theft Person,0,2012,8
E01003764,Redbridge,Criminal Damage,Other Criminal Damage,0,2012,11
E01003258,Lewisham,Criminal Damage,Criminal Damage To Motor Vehicle,0,2013,12
E01000785,Bromley,Criminal Damage,Criminal Damage To Dwelling,0,2009,5
E01000584,Brent,Violence Against the Person,Assault with Injury,0,2014,4
E01001283,Ealing,Burglary,Burglary in Other Buildings,0,2015,2
E01003264,Lewisham,Robbery,Business Property,0,2015,2
E01002242,Harrow,Drugs,Drug Trafficking,0,2008,7
E01003819,Richmond upon Thames,Criminal Damage,Criminal Damage To Motor Vehicle,0,2009,5
E01000810,Bromley,Violence Against the Person,Assault with Injury,0,2009,5
E01033320,Lewisham,Theft and Handling,Motor Vehicle Interference & Tampering,0,2011,2
E01003502,Newham,Theft and Handling,Other Theft Person,3,2008,8
E01001319,Ealing,Criminal Damage,Criminal Damage To Other Building,0,2015,12
E01001461,Enfield,Robbery,Business Property,0,2008,9
E01001029,Croydon,Theft and Handling,Theft From Motor Vehicle,2,2011,3
E01002155,Harrow,Criminal Damage,Criminal Damage To Dwelling,0,2008,11
E01001752,Hackney,Burglary,Burglary in Other Buildings,1,2008,12
E01002201,Harrow,Violence Against the Person,Other violence,0,2010,1
E01003911,Southwark,Violence Against the Person,Assault with Injury,1,2013,12
E01000211,Barnet,Theft and Handling,Theft From Shops,3,2015,6
E01004489,Wandsworth,Drugs,Drug Trafficking,0,2016,2
E01002763,Islington,Theft and Handling,Theft/Taking of Pedal Cycle,2,2016,12
E01033731,Greenwich,Drugs,Other Drugs,0,2008,11
E01002570,Hounslow,Violence Against the Person,Assault with Injury,1,2010,1
E01002211,Harrow,Violence Against the Person,Wounding/GBH,0,2016,3
E01001201,Ealing,Criminal Damage,Criminal Damage To Dwelling,1,2015,12
E01002911,Kensington and Chelsea,Criminal Damage,Other Criminal Damage,0,2011,7
E01000432,Bexley,Violence Against the Person,Assault with Injury,0,2009,10
E01001958,Hammersmith and Fulham,Criminal Damage,Criminal Damage To Motor Vehicle,0,2013,12
E01001996,Haringey,Burglary,Burglary in a Dwelling,1,2010,10
E01033575,Newham,Theft and Handling,Other Theft Person,0,2015,11
E01003517,Newham,Drugs,Possession Of Drugs,3,2009,12
E01000350,Bexley,Violence Against the Person,Assault with Injury,0,2011,5
E01001514,Enfield,Criminal Damage,Criminal Damage To Motor Vehicle,2,2008,6
E01001992,Haringey,Violence Against the Person,Common Assault,0,2008,10
E01004406,Waltham Forest,Burglary,Burglary in Other Buildings,1,2009,10
E01000055,Barking and Dagenham,Theft and Handling,Other Theft,1,2010,1
E01003047,Lambeth,Burglary,Burglary in a Dwelling,0,2013,8
E01003210,Lewisham,Violence Against the Person,Harassment,1,2012,10
E01003686,Redbridge,Theft and Handling,Handling Stolen Goods,0,2014,4
E01002967,Kingston upon Thames,Robbery,Personal Property,0,2009,9
E01001698,Greenwich,Burglary,Burglary in a Dwelling,1,2015,8
E01004258,Tower Hamlets,Criminal Damage,Criminal Damage To Motor Vehicle,1,2011,6
E01002723,Islington,Violence Against the Person,Other violence,0,2013,4
E01004378,Waltham Forest,Theft and Handling,Handling Stolen Goods,0,2012,4
E01001545,Enfield,Robbery,Personal Property,0,2015,8
E01003922,Southwark,Theft and Handling,Other Theft,8,2014,2
E01002494,Hillingdon,Robbery,Personal Property,0,2008,3
E01000558,Brent,Theft and Handling,Theft/Taking Of Motor Vehicle,0,2013,8
E01000071,Barking and Dagenham,Theft and Handling,Theft From Shops,0,2013,5
E01004357,Waltham Forest,Violence Against the Person,Common Assault,1,2008,11
E01032764,Tower Hamlets,Theft and Handling,Theft/Taking of Pedal Cycle,1,2015,8
E01001730,Hackney,Robbery,Personal Property,4,2008,4
E01003210,Lewisham,Robbery,Personal Property,1,2009,4
E01000177,Barnet,Theft and Handling,Theft From Motor Vehicle,0,2010,12
E01000822,Bromley,Violence Against the Person,Assault with Injury,0,2016,9
E01000648,Bromley,Criminal Damage,Other Criminal Damage,0,2016,12
E01003291,Lewisham,Theft and Handling,Theft/Taking of Pedal Cycle,0,2013,6
E01001795,Hackney,Robbery,Personal Property,1,2011,5
E01000878,Camden,Violence Against the Person,Assault with Injury,0,2011,2
E01001734,Hackney,Burglary,Burglary in Other Buildings,0,2014,5
E01003759,Redbridge,Violence Against the Person,Assault with Injury,0,2009,1
E01004124,Sutton,Robbery,Business Property,0,2008,4
E01000384,Bexley,Theft and Handling,Theft From Motor Vehicle,0,2014,12
E01001732,Hackney,Sexual Offences,Other Sexual,0,2008,8
E01002483,Hillingdon,Criminal Damage,Criminal Damage To Motor Vehicle,0,2015,8
E01001965,Haringey,Criminal Damage,Criminal Damage To Other Building,0,2010,7
E01003818,Richmond upon Thames,Burglary,Burglary in a Dwelling,0,2008,11
E01002473,Hillingdon,Robbery,Business Property,0,2013,1
E01003479,Newham,Drugs,Drug Trafficking,0,2008,5
E01004406,Waltham Forest,Drugs,Other Drugs,0,2016,5
E01001658,Greenwich,Criminal Damage,Criminal Damage To Motor Vehicle,0,2008,6
E01000884,Camden,Theft and Handling,Other Theft,2,2009,7
E01003423,Merton,Criminal Damage,Criminal Damage To Other Building,0,2013,10
E01000566,Brent,Violence Against the Person,Wounding/GBH,0,2013,10
E01004356,Waltham Forest,Violence Against the Person,Assault with Injury,0,2012,1
E01000764,Bromley,Violence Against the Person,Other violence,0,2015,8
E01001946,Hammersmith and Fulham,Other Notifiable Offences,Other Notifiable,0,2014,9
E01000116,Barnet,Theft and Handling,Theft From Shops,0,2012,10
E01001909,Hammersmith and Fulham,Robbery,Personal Property,0,2016,9
E01003230,Lewisham,Criminal Damage,Other Criminal Damage,0,2015,2
E01004622,Wandsworth,Theft and Handling,Motor Vehicle Interference & Tampering,0,2008,10
E01003033,Lambeth,Criminal Damage,Criminal Damage To Dwelling,0,2011,6
E01001540,Enfield,Drugs,Drug Trafficking,0,2011,5
E01001527,Enfield,Burglary,Burglary in a Dwelling,2,2013,3
E01000638,Brent,Theft and Handling,Motor Vehicle Interference & Tampering,0,2010,11
E01000819,Bromley,Violence Against the Person,Harassment,2,2015,5
E01003372,Merton,Theft and Handling,Other Theft Person,1,2013,4
E01002635,Hounslow,Theft and Handling,Handling Stolen Goods,0,2009,3
E01003351,Lewisham,Theft and Handling,Handling Stolen Goods,0,2013,8
E01004169,Sutton,Violence Against the Person,Offensive Weapon,1,2010,11
E01001705,Greenwich,Violence Against the Person,Other violence,0,2009,9
E01004357,Waltham Forest,Violence Against the Person,Offensive Weapon,0,2009,12
E01000855,Camden,Criminal Damage,Criminal Damage To Other Building,0,2009,10
E01001230,Ealing,Theft and Handling,Other Theft Person,0,2008,7
E01004235,Tower Hamlets,Violence Against the Person,Other violence,0,2009,8
E01000045,Barking and Dagenham,Violence Against the Person,Assault with Injury,2,2014,8
E01002428,Hillingdon,Robbery,Personal Property,0,2016,10
E01002002,Haringey,Other Notifiable Offences,Other Notifiable,0,2011,2
E01000864,Camden,Burglary,Burglary in Other Buildings,0,2013,7
E01003890,Richmond upon Thames,Theft and Handling,Theft From Shops,0,2013,6
E01001978,Haringey,Theft and Handling,Theft From Motor Vehicle,3,2010,6
E01000173,Barnet,Criminal Damage,Criminal Damage To Dwelling,0,2009,2
E01003286,Lewisham,Theft and Handling,Other Theft,2,2008,5
E01002229,Harrow,Violence Against the Person,Offensive Weapon,0,2014,2
E01004315,Tower Hamlets,Violence Against the Person,Common Assault,1,2013,2
E01003377,Merton,Other Notifiable Offences,Other Notifiable,0,2012,8
E01004662,Westminster,Robbery,Business Property,0,2011,2
E01000490,Brent,Violence Against the Person,Harassment,0,2012,7
E01000015,Barking and Dagenham,Theft and Handling,Theft From Motor Vehicle,0,2014,10
E01002882,Kensington and Chelsea,Theft and Handling,Handling Stolen Goods,0,2015,6
E01001391,Enfield,Theft and Handling,Handling Stolen Goods,0,2010,4
E01000566,Brent,Theft and Handling,Other Theft,0,2014,8
E01001638,Greenwich,Violence Against the Person,Other violence,0,2008,6
E01000019,Barking and Dagenham,Theft and Handling,Handling Stolen Goods,0,2016,11
E01000840,Bromley,Robbery,Personal Property,0,2014,12
E01000003,City of London,Theft and Handling,Other Theft,0,2012,11
E01001550,Enfield,Drugs,Possession Of Drugs,2,2011,1
E01001732,Hackney,Violence Against the Person,Assault with Injury,0,2012,8
E01004252,Tower Hamlets,Violence Against the Person,Common Assault,4,2016,6
E01003513,Newham,Violence Against the Person,Common Assault,1,2009,9
E01002932,Kingston upon Thames,Criminal Damage,Criminal Damage To Dwelling,2,2015,4
E01001776,Hackney,Fraud or Forgery,Counted per Victim,1,2008,1
E01001493,Enfield,Theft and Handling,Other Theft Person,1,2008,10
E01004576,Wandsworth,Violence Against the Person,Wounding/GBH,1,2013,5
E01002443,Hillingdon,Violence Against the Person,Harassment,0,2014,1
E01002037,Haringey,Theft and Handling,Theft/Taking of Pedal Cycle,0,2011,12
E01001437,Enfield,Criminal Damage,Other Criminal Damage,0,2009,4
E01000952,Camden,Burglary,Burglary in Other Buildings,0,2014,11
E01003087,Lambeth,Criminal Damage,Other Criminal Damage,0,2014,11
E01002401,Hillingdon,Burglary,Burglary in Other Buildings,0,2013,10
E01001606,Greenwich,Drugs,Drug Trafficking,0,2013,11
E01001573,Greenwich,Theft and Handling,Theft From Motor Vehicle,0,2014,11
E01000050,Barking and Dagenham,Theft and Handling,Theft From Motor Vehicle,2,2013,12
E01002906,Kensington and Chelsea,Theft and Handling,Handling Stolen Goods,0,2008,1
E01003427,Merton,Robbery,Business Property,0,2013,8
E01000469,Bexley,Criminal Damage,Criminal Damage To Dwelling,1,2016,4
E01003979,Southwark,Criminal Damage,Other Criminal Damage,1,2014,5
E01001512,Enfield,Robbery,Personal Property,2,2012,4
E01000160,Barnet,Violence Against the Person,Assault with Injury,0,2008,2
E01000911,Camden,Criminal Damage,Criminal Damage To Other Building,0,2016,6
E01003360,Merton,Burglary,Burglary in a Dwelling,0,2016,8
