E01001081,Croydon,Theft and Handling,Other Theft Person,0,2011,6
E01000920,Camden,Violence Against the Person,Common Assault,1,2015,9
E01002433,Hillingdon,Violence Against the Person,Offensive Weapon,0,2010,3
E01004273,Tower Hamlets,Burglary,Burglary in Other Buildings,0,2008,2
E01001718,Hackney,Fraud or Forgery,Counted per Victim,0,2010,3
E01004095,Sutton,Burglary,Burglary in a Dwelling,0,2011,2
E01004154,Sutton,Burglary,Burglary in Other Buildings,0,2008,3
E01001795,Hackney,Violence Against the Person,Wounding/GBH,0,2012,10
E01003056,Lambeth,Violence Against the Person,Other violence,0,2010,12
E01002983,Kingston upon Thames,Violence Against the Person,Other violence,0,2009,3
E01004536,Wandsworth,Criminal Damage,Other Criminal Damage,0,2014,9
E01002267,Havering,Burglary,Burglary in a Dwelling,0,2014,11
E01002937,Kingston upon Thames,Theft and Handling,Theft/Taking of Pedal Cycle,0,2012,10
E01003132,Lambeth,Violence Against the Person,Assault with Injury,0,2015,10
E01001621,Greenwich,Theft and Handling,Theft From Motor Vehicle,1,2013,11
E01000257,Barnet,Theft and Handling,Motor Vehicle Interference & Tampering,0,2013,12
E01003531,Newham,Theft and Handling,Theft/Taking of Pedal Cycle,0,2015,6
E01000945,Camden,Criminal Damage,Other Criminal Damage,1,2010,12
E01032769,Tower Hamlets,Violence Against the Person,Common Assault,0,2016,2
E01002195,Harrow,Criminal Damage,Criminal Damage To Motor Vehicle,0,2009,7
E01004391,Waltham Forest,Theft and Handling,Other Theft Person,0,2008,5
E01003787,Redbridge,Criminal Damage,Criminal Damage To Motor Vehicle,0,2016,5
E01004512,Wandsworth,Violence Against the Person,Wounding/GBH,0,2009,10
E01003729,Redbridge,Theft and Handling,Motor Vehicle Interference & Tampering,0,2009,8
E01004262,Tower Hamlets,Theft and Handling,Theft/Taking of Pedal Cycle,0,2013,4
E01001859,Hammersmith and Fulham,Drugs,Drug Trafficking,0,2012,7
E01001868,Hammersmith and Fulham,Burglary,Burglary in Other Buildings,0,2010,10
E01000594,Brent,Fraud or Forgery,Other Fraud & Forgery,0,2014,6
E01001796,Hackney,Burglary,Burglary in a Dwelling,1,2012,9
E01004324,Tower Hamlets,Theft and Handling,Theft/Taking of Pedal Cycle,0,2012,2
E01002373,Havering,Burglary,Burglary in Other Buildings,1,2012,5
E01001777,Hackney,Violence Against the Person,Offensive Weapon,0,2013,5
E01003094,Lambeth,Other Notifiable Offences,Going Equipped,0,2009,2
E01002803,Islington,Violence Against the Person,Other violence,0,2009,8
E01004034,Southwark,Burglary,Burglary in Other Buildings,0,2014,12
E01003692,Redbridge,Drugs,Possession Of Drugs,0,2010,5
E01002022,Haringey,Drugs,Drug Trafficking,0,2008,12
E01004627,Wandsworth,Criminal Damage,Criminal Damage To Dwelling,0,2015,7
E01002071,Haringey,Theft and Handling,Theft From Motor Vehicle,0,2014,7
E01000291,Barnet,Criminal Damage,Criminal Damage To Dwelling,0,2009,7
E01002545,Hillingdon,Criminal Damage,Other Criminal Damage,0,2011,12
E01001283,Ealing,Theft and Handling,Theft/Taking of Pedal Cycle,0,2013,1
E01000023,Barking and Dagenham,Theft and Handling,Other Theft Person,0,2011,1
E01002622,Hounslow,Theft and Handling,Handling Stolen Goods,0,2013,1
E01003975,Southwark,Robbery,Business Property,0,2013,8
E01003976,Southwark,Criminal Damage,Other Criminal Damage,1,2014,9
E01002653,Hounslow,Violence Against the Person,Common Assault,1,2010,5
E01001319,Ealing,Theft and Handling,Theft From Motor Vehicle,1,2013,11
E01001716,Hackney,Violence Against the Person,Wounding/GBH,0,2014,12
E01001388,Ealing,Drugs,Other Drugs,0,2011,3
E01033596,Westminster,Violence Against the Person,Other violence,0,2008,5
E01000806,Bromley,Criminal Damage,Other Criminal Damage,0,2010,3
E01001067,Croydon,Burglary,Burglary in Other Buildings,0,2009,5
E01032740,City of London,Theft and Handling,Theft From Shops,0,2012,10
E01001249,Ealing,Theft and Handling,Other Theft,3,2013,11
E01002874,Kensington and Chelsea,Criminal Damage,Criminal Damage To Dwelling,0,2014,3
E01000388,Bexley,Criminal Damage,Criminal Damage To Dwelling,0,2012,7
E01001851,Hammersmith and Fulham,Theft and Handling,Theft From Shops,0,2016,12
E01002051,Haringey,Theft and Handling,Theft From Motor Vehicle,0,2015,7
E01000590,Brent,Criminal Damage,Other Criminal Damage,1,2014,1
E01004370,Waltham Forest,Drugs,Possession Of Drugs,2,2008,12
E01002243,Havering,Burglary,Burglary in Other Buildings,0,2010,3
E01004055,Southwark,Drugs,Possession Of Drugs,0,2008,8
E01001613,Greenwich,Criminal Damage,Criminal Damage To Motor Vehicle,0,2016,11
E01002284,Havering,Violence Against the Person,Offensive Weapon,0,2014,9
E01004016,Southwark,Theft and Handling,Theft From Shops,0,2015,8
E01002549,Hillingdon,Criminal Damage,Other Criminal Damage,0,2011,1
E01003780,Redbridge,Theft and Handling,Other Theft Person,0,2015,4
E01003240,Lewisham,Violence Against the Person,Common Assault,5,2010,7
E01002907,Kensington and Chelsea,Theft and Handling,Theft/Taking of Pedal Cycle,0,2010,12
E01001018,Croydon,Theft and Handling,Theft/Taking Of Motor Vehicle,0,2011,7
E01004398,Waltham Forest,Fraud or Forgery,Counted per Victim,0,2013,11
E01002852,Kensington and Chelsea,Other Notifiable Offences,Going Equipped,0,2009,11
E01001659,Greenwich,Burglary,Burglary in Other Buildings,1,2009,5
E01001583,Greenwich,Violence Against the Person,Harassment,1,2014,10
E01002689,Hounslow,Theft and Handling,Theft/Taking Of Motor Vehicle,0,2009,3
E01002482,Hillingdon,Criminal Damage,Criminal Damage To Other Building,0,2009,9
E01000302,Barnet,Drugs,Possession Of Drugs,0,2015,6
E01002044,Haringey,Theft and Handling,Other Theft,1,2013,2
E01002100,Haringey,Burglary,Burglary in a Dwelling,5,2012,7
E01002790,Islington,Theft and Handling,Theft/Taking of Pedal Cycle,4,2015,10
E01002487,Hillingdon,Drugs,Other Drugs,0,2009,11
E01000376,Bexley,Theft and Handling,Theft From Motor Vehicle,0,2015,3
E01003368,Merton,Robbery,Business Property,0,2016,3
E01003195,Lewisham,Drugs,Possession Of Drugs,0,2014,1
E01002362,Havering,Other Notifiable Offences,Other Notifiable,0,2013,8
E01002905,Kensington and Chelsea,Drugs,Other Drugs,0,2013,6
E01001860,Hammersmith and Fulham,Criminal Damage,Criminal Damage To Other Building,1,2008,12
E01003492,Newham,Burglary,Burglary in a Dwelling,1,2013,11
E01002650,Hounslow,Theft and Handling,Other Theft Person,0,2011,1
E01000502,Brent,Violence Against the Person,Offensive Weapon,0,2014,10
E01000369,Bexley,Burglary,Burglary in a Dwelling,5,2009,12
E01003817,Richmond upon Thames,Criminal Damage,Criminal Damage To Other Building,0,2008,9
E01002299,Havering,Theft and Handling,Theft From Motor Vehicle,1,2011,2
E01001041,Croydon,Violence Against the Person,Common Assault,1,2009,10
E01002001,Haringey,Criminal Damage,Criminal Damage To Dwelling,1,2015,11
E01002442,Hillingdon,Criminal Damage,Other Criminal Damage,0,2010,8
E01001760,Hackney,Robbery,Business Property,0,2014,3
E01000741,Bromley,Theft and Handling,Motor Vehicle Interference & Tampering,0,2014,1
E01004403,Waltham Forest,Theft and Handling,Handling Stolen Goods,0,2015,9
E01004654,Westminster,Theft and Handling,Other Theft,5,2016,12
E01004585,Wandsworth,Violence Against the Person,Offensive Weapon,0,2009,10
E01001042,Croydon,Theft and Handling,Theft/Taking Of Motor Vehicle,1,2010,2
E01000429,Bexley,Theft and Handling,Motor Vehicle Interference & Tampering,0,2008,1
E01001220,Ealing,Theft and Handling,Motor Vehicle Interference & Tampering,0,2012,7
E01000600,Brent,Theft and Handling,Motor Vehicle Interference & Tampering,0,2008,1
E01001212,Ealing,Violence Against the Person,Other violence,0,2016,9
E01000781,Bromley,Theft and Handling,Handling Stolen Goods,0,2014,6
E01000216,Barnet,Drugs,Possession Of Drugs,0,2013,11
E01004257,Tower Hamlets,Criminal Damage,Criminal Damage To Motor Vehicle,0,2014,4
E01004444,Waltham Forest,Violence Against the Person,Other violence,0,2015,8
E01000759,Bromley,Theft and Handling,Other Theft Person,0,2009,12
E01000457,Bexley,Theft and Handling,Other Theft Person,1,2013,1
E01003333,Lewisham,Violence Against the Person,Assault with Injury,0,2016,12
E01003215,Lewisham,Other Notifiable Offences,Other Notifiable,0,2009,12
E01001222,Ealing,Violence Against the Person,Common Assault,1,2013,5
E01002300,Havering,Criminal Damage,Criminal Damage To Motor Vehicle,1,2010,3
E01000214,Barnet,Theft and Handling,Theft From Motor Vehicle,1,2010,6
E01000813,Bromley,Burglary,Burglary in Other Buildings,0,2013,1
E01004161,Sutton,Violence Against the Person,Harassment,0,2012,1
E01001162,Croydon,Violence Against the Person,Assault with Injury,0,2010,1
E01000436,Bexley,Robbery,Business Property,0,2012,7
E01004290,Tower Hamlets,Drugs,Possession Of Drugs,0,2012,8
E01001896,Hammersmith and Fulham,Criminal Damage,Criminal Damage To Dwelling,0,2016,3
E01003135,Lambeth,Violence Against the Person,Wounding/GBH,0,2012,10
E01003764,Redbridge,Burglary,Burglary in a Dwelling,1,2014,6
E01002691,Hounslow,Violence Against the Person,Assault with Injury,0,2014,12
E01004442,Waltham Forest,Criminal Damage,Criminal Damage To Motor Vehicle,1,2015,1
E01004736,Westminster,Criminal Damage,Criminal Damage To Dwelling,0,2012,5
E01002535,Hillingdon,Theft and Handling,Theft/Taking of Pedal Cycle,1,2009,11
E01003068,Lambeth,Criminal Damage,Other Criminal Damage,0,2008,11
E01003834,Richmond upon Thames,Theft and Handling,Theft From Shops,0,2010,3
E01003664,Redbridge,Violence Against the Person,Offensive Weapon,0,2015,9
E01001110,Croydon,Drugs,Drug Trafficking,0,2015,12
E01004477,Wandsworth,Violence Against the Person,Common Assault,0,2016,5
E01000603,Brent,Theft and Handling,Other Theft Person,0,2014,4
E01003452,Merton,Violence Against the Person,Other violence,0,2016,3
E01004482,Wandsworth,Theft and Handling,Theft From Shops,0,2015,5
E01002930,Kingston upon Thames,Other Notifiable Offences,Going Equipped,0,2014,9
E01001552,Enfield,Theft and Handling,Theft/Taking of Pedal Cycle,1,2015,12
E01004023,Southwark,Burglary,Burglary in a Dwelling,1,2010,5
E01004517,Wandsworth,Violence Against the Person,Harassment,0,2014,7
E01004702,Westminster,Drugs,Possession Of Drugs,10,2013,8
E01002113,Harrow,Violence Against the Person,Assault with Injury,0,2014,3
E01000509,Brent,Violence Against the Person,Wounding/GBH,0,2010,5
E01004548,Wandsworth,Theft and Handling,Theft/Taking Of Motor Vehicle,0,2015,10
E01002490,Hillingdon,Theft and Handling,Motor Vehicle Interference & Tampering,0,2008,4
E01003380,Merton,Theft and Handling,Other Theft,0,2012,10
E01002278,Havering,Theft and Handling,Other Theft Person,0,2012,12
E01002232,Harrow,Criminal Damage,Criminal Damage To Motor Vehicle,1,2010,9
E01003036,Lambeth,Burglary,Burglary in a Dwelling,2,2015,5
E01000581,Brent,Theft and Handling,Theft From Shops,0,2012,2
E01002404,Hillingdon,Drugs,Other Drugs,0,2015,8
E01000130,Barnet,Robbery,Business Property,0,2012,9
E01002109,Harrow,Theft and Handling,Other Theft,1,2013,12
E01033699,Hackney,Violence Against the Person,Offensive Weapon,0,2009,7
E01004580,Wandsworth,Fraud or Forgery,Other Fraud & Forgery,0,2013,8
E01002372,Havering,Robbery,Personal Property,0,2010,6
E01004344,Waltham Forest,Theft and Handling,Theft/Taking of Pedal Cycle,0,2012,9
E01002895,Kensington and Chelsea,Drugs,Drug Trafficking,0,2013,3
E01000477,Brent,Violence Against the Person,Harassment,0,2009,8
E01004455,Waltham Forest,Criminal Damage,Criminal Damage To Dwelling,0,2016,10
E01000389,Bexley,Violence Against the Person,Offensive Weapon,0,2011,1
E01003238,Lewisham,Drugs,Drug Trafficking,0,2013,10
E01002649,Hounslow,Robbery,Personal Property,0,2010,10
E01001873,Hammersmith and Fulham,Other Notifiable Offences,Other Notifiable,0,2011,10
E01002417,Hillingdon,Criminal Damage,Criminal Damage To Dwelling,0,2010,4
E01003530,Newham,Theft and Handling,Handling Stolen Goods,0,2015,3
E01033151,Enfield,Robbery,Business Property,0,2016,7
E01004186,Sutton,Drugs,Drug Trafficking,0,2010,10
E01004706,Westminster,Drugs,Possession Of Drugs,0,2011,1
E01003887,Richmond upon Thames,Drugs,Drug Trafficking,1,2015,9
E01003278,Lewisham,Theft and Handling,Theft/Taking Of Motor Vehicle,0,2016,2
E01002999,Kingston upon Thames,Burglary,Burglary in a Dwelling,0,2010,8
E01001359,Ealing,Criminal Damage,Criminal Damage To Other Building,0,2013,7
E01001309,Ealing,Sexual Offences,Rape,0,2014,6
E01004537,Wandsworth,Drugs,Possession Of Drugs,4,2009,3
E01001470,Enfield,Burglary,Burglary in a Dwelling,1,2016,3
E01003252,Lewisham,Criminal Damage,Criminal Damage To Motor Vehicle,1,2016,4
E01003074,Lambeth,Theft and Handling,Theft/Taking of Pedal Cycle,2,2016,12
E01033592,Redbridge,Drugs,Drug Trafficking,0,2011,9
E01004740,Westminster,Theft and Handling,Other Theft,0,2014,11
E01000880,Camden,Burglary,Burglary in Other Buildings,0,2011,8
E01002156,Harrow,Violence Against the Person,Wounding/GBH,0,2009,3
E01002733,Islington,Theft and Handling,Theft From Shops,0,2015,1
E01000198,Barnet,Violence Against the Person,Wounding/GBH,0,2008,11
E01004424,Waltham Forest,Criminal Damage,Criminal Damage To Other Building,1,2010,8
E01003545,Newham,Theft and Handling,Theft From Shops,0,2010,11
E01000934,Camden,Theft and Handling,Other Theft,1,2013,6
E01001978,Haringey,Theft and Handling,Theft From Motor Vehicle,2,2014,1
E01004230,Tower Hamlets,Criminal Damage,Criminal Damage To Other Building,0,2012,7
E01001424,Enfield,Theft and Handling,Theft From Motor Vehicle,0,2010,1
E01001525,Enfield,Violence Against the Person,Harassment,0,2011,1
E01000401,Bexley,Theft and Handling,Theft From Motor Vehicle,2,2014,4
E01001152,Croydon,Robbery,Personal Property,1,2015,3
E01003819,Richmond upon Thames,Other Notifiable Offences,Other Notifiable,0,2014,1
E01000739,Bromley,Violence Against the Person,Harassment,3,2009,6
E01002049,Haringey,Other Notifiable Offences,Going Equipped,0,2010,3
E01000162,Barnet,Violence Against the Person,Harassment,0,2012,2
E01000435,Bexley,Criminal Damage,Other Criminal Damage,0,2013,1
E01004367,Waltham Forest,Violence Against the Person,Harassment,0,2014,12
E01002862,Kensington and Chelsea,Theft and Handling,Handling Stolen Goods,0,2012,7
E01001719,Hackney,Violence Against the Person,Wounding/GBH,0,2013,8
E01000854,Camden,Other Notifiable Offences,Going Equipped,0,2016,12
E01002076,Haringey,Theft and Handling,Other Theft Person,0,2014,2
E01002871,Kensington and Chelsea,Violence Against the Person,Other violence,0,2012,5
E01000435,Bexley,Criminal Damage,Other Criminal Damage,0,2016,1
E01003053,Lambeth,Theft and Handling,Other Theft Person,1,2015,7
E01002208,Harrow,Theft and Handling,Theft From Motor Vehicle,1,2016,5
E01001270,Ealing,Violence Against the Person,Other violence,0,2011,2
E01002942,Kingston upon Thames,Theft and Handling,Motor Vehicle Interference & Tampering,0,2016,11
E01004452,Waltham Forest,Theft and Handling,Theft From Motor Vehicle,3,2010,10
E01000674,Bromley,Criminal Damage,Criminal Damage To Dwelling,0,2008,8
E01003785,Redbridge,Theft and Handling,Handling Stolen Goods,0,2015,1
E01000532,Brent,Violence Against the Person,Other violence,1,2008,7
E01002900,Kensington and Chelsea,Theft and Handling,Theft/Taking Of Motor Vehicle,0,2010,3
E01000795,Bromley,Violence Against the Person,Common Assault,1,2016,2
E01000742,Bromley,Theft and Handling,Handling Stolen Goods,0,2013,11
E01000069,Barking and Dagenham,Theft and Handling,Other Theft Person,0,2015,10
E01004053,Southwark,Violence Against the Person,Harassment,0,2013,8
E01032779,Tower Hamlets,Drugs,Drug Trafficking,0,2013,1
E01002556,Hounslow,Theft and Handling,Motor Vehicle Interference & Tampering,0,2014,1
E01002472,Hillingdon,Violence Against the Person,Harassment,1,2009,11
E01003033,Lambeth,Theft and Handling,Handling Stolen Goods,0,2008,10
E01000955,Camden,Drugs,Drug Trafficking,1,2012,3
E01001881,Hammersmith and Fulham,Theft and Handling,Theft/Taking Of Motor Vehicle,0,2012,12
E01003248,Lewisham,Criminal Damage,Other Criminal Damage,0,2013,10
E01002520,Hillingdon,Drugs,Possession Of Drugs,1,2012,6
E01003630,Newham,Theft and Handling,Other Theft Person,0,2013,6
E01032646,Southwark,Criminal Damage,Criminal Damage To Other Building,1,2015,7
E01003948,Southwark,Fraud or Forgery,Counted per Victim,0,2008,9
E01002465,Hillingdon,Robbery,Business Property,0,2015,4
E01001650,Greenwich,Criminal Damage,Criminal Damage To Motor Vehicle,0,2016,11
E01000559,Brent,Robbery,Personal Property,1,2008,3
E01002087,Haringey,Fraud or Forgery,Counted per Victim,0,2010,12
E01003314,Lewisham,Violence Against the Person,Other violence,0,2011,2
E01001980,Haringey,Robbery,Personal Property,0,2010,8
E01004001,Southwark,Robbery,Personal Property,0,2014,8
E01033710,Hackney,Violence Against the Person,Common Assault,0,2011,8
E01004143,Sutton,Other Notifiable Offences,Other Notifiable,0,2014,11
E01001223,Ealing,Robbery,Personal Property,1,2016,4
E01003807,Richmond upon Thames,Other Notifiable Offences,Going Equipped,0,2009,6
E01002277,Havering,Theft and Handling,Motor Vehicle Interference & Tampering,0,2014,6
E01002238,Harrow,Violence Against the Person,Offensive Weapon,0,2015,9
E01002329,Havering,Criminal Damage,Criminal Damage To Dwelling,1,2016,5
E01003059,Lambeth,Criminal Damage,Criminal Damage To Other Building,0,2013,3
E01001671,Greenwich,Violence Against the Person,Harassment,1,2016,4
E01033739,Greenwich,Violence Against the Person,Other violence,0,2010,11
E01000125,Barnet,Drugs,Drug Trafficking,0,2009,9
E01000194,Barnet,Violence Against the Person,Common Assault,1,2010,5
E01000226,Barnet,Theft and Handling,Handling Stolen Goods,0,2008,12
E01003141,Lambeth,Theft and Handling,Theft From Motor Vehicle,2,2015,9
E01003938,Southwark,Criminal Damage,Criminal Damage To Other Building,0,2013,4
E01001145,Croydon,Drugs,Possession Of Drugs,4,2010,6
E01033572,Barnet,Criminal Damage,Criminal Damage To Motor Vehicle,0,2010,12
E01003425,Merton,Burglary,Burglary in a Dwelling,3,2013,11
E01000011,Barking and Dagenham,Theft and Handling,Other Theft,0,2015,5
E01000253,Barnet,Theft and Handling,Motor Vehicle Interference & Tampering,0,2012,1
E01002568,Hounslow,Theft and Handling,Theft From Motor Vehicle,1,2008,11
E01001395,Enfield,Burglary,Burglary in Other Buildings,0,2016,4
E01004310,Tower Hamlets,Burglary,Burglary in Other Buildings,1,2010,2
E01001779,Hackney,Violence Against the Person,Offensive Weapon,0,2008,8
E01003520,Newham,Violence Against the Person,Wounding/GBH,1,2015,2
E01000091,Barking and Dagenham,Theft and Handling,Theft/Taking Of Motor Vehicle,1,2013,4
E01003798,Richmond upon Thames,Theft and Handling,Theft From Motor Vehicle,2,2009,4
E01000027,Barking and Dagenham,Theft and Handling,Theft/Taking Of Motor Vehicle,0,2013,3
E01001445,Enfield,Violence Against the Person,Offensive Weapon,0,2012,12
E01002413,Hillingdon,Violence Against the Person,Assault with Injury,0,2008,3
E01004684,Westminster,Theft and Handling,Motor Vehicle Interference & Tampering,0,2011,6
E01001143,Croydon,Theft and Handling,Motor Vehicle Interference & Tampering,0,2014,4
E01004550,Wandsworth,Criminal Damage,Criminal Damage To Other Building,0,2013,11
E01004032,Southwark,Theft and Handling,Other Theft Person,0,2010,1
E01002272,Havering,Violence Against the Person,Offensive Weapon,0,2010,8
E01003202,Lewisham,Robbery,Business Property,0,2009,12
E01000156,Barnet,Violence Against the Person,Offensive Weapon,0,2010,12
E01001276,Ealing,Robbery,Personal Property,0,2012,10
E01003378,Merton,Robbery,Personal Property,0,2016,7
E01001802,Hackney,Robbery,Personal Property,1,2010,5
E01001853,Hammersmith and Fulham,Criminal Damage,Criminal Damage To Dwelling,0,2012,11
E01003498,Newham,Robbery,Business Property,0,2012,2
E01002926,Kingston upon Thames,Drugs,Possession Of Drugs,0,2012,1
E01033493,Islington,Other Notifiable Offences,Other Notifiable,0,2013,3
E01000226,Barnet,Theft and Handling,Handling Stolen Goods,0,2016,5
E01032562,Bromley,Theft and Handling,Motor Vehicle Interference & Tampering,0,2009,5
E01001954,Hammersmith and Fulham,Burglary,Burglary in Other Buildings,0,2015,6
E01000607,Brent,Theft and Handling,Theft From Motor Vehicle,4,2010,10
E01032773,Tower Hamlets,Theft and Handling,Theft/Taking Of Motor Vehicle,0,2008,12
E01000355,Bexley,Criminal Damage,Other Criminal Damage,0,2009,1
E01000545,Brent,Theft and Handling,Handling Stolen Goods,0,2009,8
E01000481,Brent,Violence Against the Person,Assault with Injury,0,2012,12
E01004239,Tower Hamlets,Theft and Handling,Theft From Shops,0,2009,1
E01000986,Croydon,Violence Against the Person,Offensive Weapon,0,2012,6
E01003101,Lambeth,Criminal Damage,Criminal Damage To Dwelling,0,2011,9
E01003042,Lambeth,Burglary,Burglary in Other Buildings,0,2016,10
E01002063,Haringey,Robbery,Business Property,0,2014,3
E01004094,Sutton,Violence Against the Person,Offensive Weapon,0,2015,3
E01000525,Brent,Violence Against the Person,Harassment,3,2012,4
E01001701,Greenwich,Other Notifiable Offences,Other Notifiable,1,2010,4
E01003975,Southwark,Violence Against the Person,Harassment,5,2012,12
E01004659,Westminster,Theft and Handling,Other Theft Person,1,2011,1
E01001202,Ealing,Drugs,Drug Trafficking,0,2012,8
E01002846,Kensington and Chelsea,Theft and Handling,Theft From Motor Vehicle,0,2012,5
E01003310,Lewisham,Robbery,Business Property,0,2011,4
E01002276,Havering,Criminal Damage,Other Criminal Damage,2,2015,10
E01000288,Barnet,Criminal Damage,Criminal Damage To Motor Vehicle,0,2012,8
E01001726,Hackney,Robbery,Personal Property,0,2014,7
E01001928,Hammersmith and Fulham,Criminal Damage,Other Criminal Damage,0,2011,7
E01003760,Redbridge,Theft and Handling,Theft From Motor Vehicle,1,2009,2
E01004656,Westminster,Robbery,Personal Property,2,2013,3
E01003312,Lewisham,Criminal Damage,Criminal Damage To Dwelling,0,2013,5
E01000439,Bexley,Theft and Handling,Theft/Taking Of Motor Vehicle,0,2011,12
E01003718,Redbridge,Fraud or Forgery,Other Fraud & Forgery,0,2009,11
E01033591,Redbridge,Theft and Handling,Theft/Taking Of Motor Vehicle,0,2011,2
E01000307,Barnet,Burglary,Burglary in Other Buildings,3,2016,5
E01001405,Enfield,Drugs,Drug Trafficking,0,2014,1
E01004707,Westminster,Violence Against the Person,Common Assault,0,2008,4
E01000375,Bexley,Violence Against the Person,Common Assault,0,2014,4
E01002854,Kensington and Chelsea,Theft and Handling,Theft From Motor Vehicle,0,2008,8
E01004713,Westminster,Criminal Damage,Criminal Damage To Other Building,0,2009,11
E01002168,Harrow,Robbery,Business Property,0,2013,4
E01003546,Newham,Violence Against the Person,Wounding/GBH,1,2015,9
E01003462,Merton,Violence Against the Person,Assault with Injury,0,2015,12
E01003607,Newham,Other Notifiable Offences,Other Notifiable,0,2010,11
E01002478,Hillingdon,Drugs,Possession Of Drugs,0,2016,2
E01003051,Lambeth,Other Notifiable Offences,Other Notifiable,0,2013,7
E01000510,Brent,Criminal Damage,Criminal Damage To Other Building,0,2013,4
E01000413,Bexley,Robbery,Business Property,0,2013,5
E01001716,Hackney,Violence Against the Person,Wounding/GBH,0,2014,8
E01002376,Havering,Burglary,Burglary in a Dwelling,1,2013,7
E01002549,Hillingdon,Violence Against the Person,Harassment,2,2009,8
E01004229,Tower Hamlets,Violence Against the Person,Wounding/GBH,1,2014,9
E01001511,Enfield,Theft and Handling,Theft From Shops,1,2016,3
E01003372,Merton,Robbery,Personal Property,0,2012,5
E01002925,Kingston upon Thames,Burglary,Burglary in Other Buildings,0,2015,9
E01003028,Lambeth,Other Notifiable Offences,Other Notifiable,0,2008,11
E01003124,Lambeth,Burglary,Burglary in a Dwelling,0,2013,12
E01003977,Southwark,Theft and Handling,Other Theft Person,0,2010,5
E01004054,Southwark,Criminal Damage,Criminal Damage To Dwelling,0,2011,7
E01004183,Sutton,Criminal Damage,Other Criminal Damage,1,2011,3
E01001198,Ealing,Criminal Damage,Criminal Damage To Dwelling,0,2015,6
E01003370,Merton,Drugs,Possession Of Drugs,0,2010,9
E01002194,Harrow,Theft and Handling,Theft From Motor Vehicle,1,2013,12
E01004530,Wandsworth,Drugs,Drug Trafficking,0,2009,7
E01003245,Lewisham,Criminal Damage,Criminal Damage To Dwelling,0,2015,9
E01003574,Newham,Theft and Handling,Theft From Shops,0,2013,5
E01001489,Enfield,Criminal Damage,Criminal Damage To Other Building,0,2013,4
E01001103,Croydon,Theft and Handling,Theft From Shops,0,2008,2
E01003011,Kingston upon Thames,Criminal Damage,Criminal Damage To Other Building,0,2010,8
E01001599,Greenwich,Robbery,Business Property,0,2014,11
E01002789,Islington,Violence Against the Person,Wounding/GBH,1,2016,4
E01000369,Bexley,Theft and Handling,Other Theft,0,2014,10
E01000245,Barnet,Criminal Damage,Criminal Damage To Other Building,2,2008,5
E01003921,Southwark,Fraud or Forgery,Counted per Victim,0,2013,4
E01001457,Enfield,Theft and Handling,Theft/Taking of Pedal Cycle,0,2010,4
E01004529,Wandsworth,Theft and Handling,Other Theft Person,0,2011,11
E01001145,Croydon,Burglary,Burglary in Other Buildings,1,2011,1
E01004696,Westminster,Robbery,Business Property,0,2011,10
E01003132,Lambeth,Violence Against the Person,Harassment,0,2012,3
E01000199,Barnet,Burglary,Burglary in a Dwelling,1,2010,4
E01003337,Lewisham,Violence Against the Person,Murder,0,2014,10
E01002990,Kingston upon Thames,Violence Against the Person,Harassment,0,2011,7
E01004344,Waltham Forest,Violence Against the Person,Common Assault,3,2015,8
E01001720,Hackney,Criminal Damage,Criminal Damage To Other Building,0,2015,3
E01003768,Redbridge,Violence Against the Person,Wounding/GBH,0,2013,1
E01000981,Croydon,Theft and Handling,Other Theft,2,2014,6
E01003581,Newham,Theft and Handling,Other Theft Person,0,2009,9
E01001597,Greenwich,Burglary,Burglary in a Dwelling,1,2014,5
E01003453,Merton,Violence Against the Person,Common Assault,2,2013,5
E01004329,Waltham Forest,Theft and Handling,Handling Stolen Goods,0,2010,11
E01001845,Hackney,Theft and Handling,Other Theft Person,0,2009,5
E01001003,Croydon,Other Notifiable Offences,Other Notifiable,0,2011,5
E01000784,Bromley,Violence Against the Person,Other violence,0,2014,4
E01002916,Kingston upon Thames,Theft and Handling,Motor Vehicle Interference & Tampering,0,2016,6
E01001769,Hackney,Criminal Damage,Criminal Damage To Dwelling,0,2008,6
E01003164,Lambeth,Robbery,Business Property,0,2008,2
E01003433,Merton,Violence Against the Person,Harassment,1,2014,2
E01002940,Kingston upon Thames,Theft and Handling,Theft/Taking Of Motor Vehicle,0,2012,4
E01002279,Havering,Criminal Damage,Criminal Damage To Other Building,0,2015,5
E01004013,Southwark,Violence Against the Person,Harassment,1,2008,5
E01003140,Lambeth,Violence Against the Person,Other violence,1,2014,4
E01002150,Harrow,Violence Against the Person,Wounding/GBH,0,2015,5
E01000560,Brent,Robbery,Business Property,0,2008,3
E01002961,Kingston upon Thames,Criminal Damage,Criminal Damage To Dwelling,0,2011,1
E01004638,Wandsworth,Criminal Damage,Criminal Damage To Motor Vehicle,0,2012,10
E01002124,Harrow,Violence Against the Person,Assault with Injury,1,2013,9
E01001171,Croydon,Violence Against the Person,Wounding/GBH,0,2014,4
E01002755,Islington,Theft and Handling,Motor Vehicle Interference & Tampering,0,2012,3
E01000260,Barnet,Criminal Damage,Criminal Damage To Dwelling,1,2010,11
E01001413,Enfield,Violence Against the Person,Harassment,0,2010,1
E01004111,Sutton,Criminal Damage,Other Criminal Damage,1,2008,12
E01004626,Wandsworth,Theft and Handling,Theft From Shops,1,2008,12
E01004763,Westminster,Violence Against the Person,Wounding/GBH,4,2008,5
E01003530,Newham,Violence Against the Person,Assault with Injury,0,2008,1
E01003094,Lambeth,Violence Against the Person,Offensive Weapon,0,2011,7
E01003018,Lambeth,Robbery,Personal Property,0,2015,8
E01002808,Islington,Theft and Handling,Other Theft Person,0,2013,2
E01003462,Merton,Robbery,Personal Property,0,2014,7
E01004633,Wandsworth,Burglary,Burglary in Other Buildings,0,2016,3
E01001830,Hackney,Robbery,Business Property,0,2014,7
E01000909,Camden,Other Notifiable Offences,Other Notifiable,0,2008,4
E01004051,Southwark,Criminal Damage,Criminal Damage To Dwelling,0,2014,7
E01003441,Merton,Drugs,Possession Of Drugs,1,2015,8
E01001268,Ealing,Violence Against the Person,Other violence,0,2011,9
E01003927,Southwark,Criminal Damage,Criminal Damage To Other Building,0,2016,1
E01003624,Newham,Drugs,Drug Trafficking,0,2013,7
E01002196,Harrow,Burglary,Burglary in a Dwelling,0,2010,7
E01002900,Kensington and Chelsea,Theft and Handling,Theft From Motor Vehicle,3,2011,10
E01002676,Hounslow,Theft and Handling,Motor Vehicle Interference & Tampering,0,2016,11
E01004119,Sutton,Theft and Handling,Theft/Taking Of Motor Vehicle,0,2014,12
E01000054,Barking and Dagenham,Other Notifiable Offences,Other Notifiable,0,2012,7
E01001373,Ealing,Criminal Damage,Criminal Damage To Other Building,0,2014,1
E01004205,Tower Hamlets,Robbery,Business Property,0,2013,6
E01000110,Barking and Dagenham,Theft and Handling,Theft/Taking of Pedal Cycle,0,2015,9
E01002189,Harrow,Criminal Damage,Criminal Damage To Motor Vehicle,0,2015,1
E01004346,Waltham Forest,Robbery,Personal Property,0,2008,3
E01003003,Kingston upon Thames,Burglary,Burglary in a Dwelling,0,2013,6
E01004081,Sutton,Violence Against the Person,Offensive Weapon,0,2013,12
E01000021,Barking and Dagenham,Theft and Handling,Theft/Taking of Pedal Cycle,0,2010,1
E01003572,Newham,Drugs,Possession Of Drugs,0,2016,6
E01001142,Croydon,Theft and Handling,Handling Stolen Goods,0,2016,8
E01002098,Haringey,Theft and Handling,Theft From Motor Vehicle,0,2015,4
E01004334,Waltham Forest,Theft and Handling,Other Theft Person,0,2008,6
E01032805,Southwark,Theft and Handling,Theft/Taking Of Motor Vehicle,1,2016,6
E01003912,Southwark,Theft and Handling,Other Theft Person,0,2015,11
E01003618,Newham,Theft and Handling,Theft From Shops,5,2016,4
E01002058,Haringey,Other Notifiable Offences,Other Notifiable,0,2012,7
E01004176,Sutton,Theft and Handling,Other Theft,0,2016,12
E01003539,Newham,Violence Against the Person,Offensive Weapon,0,2015,10
E01002292,Havering,Criminal Damage,Criminal Damage To Other Building,0,2008,6
E01003428,Merton,Criminal Damage,Criminal Damage To Dwelling,0,2012,6
E01004324,Tower Hamlets,Drugs,Possession Of Drugs,0,2010,1
E01002064,Haringey,Violence Against the Person,Assault with Injury,1,2009,1
E01001659,Greenwich,Drugs,Drug Trafficking,0,2014,8
E01000400,Bexley,Other Notifiable Offences,Other Notifiable,0,2014,2
E01001553,Enfield,Violence Against the Person,Common Assault,0,2011,8
E01004200,Tower Hamlets,Violence Against the Person,Wounding/GBH,0,2008,6
E01001777,Hackney,Criminal Damage,Criminal Damage To Motor Vehicle,0,2012,11
E01004436,Waltham Forest,Violence Against the Person,Other violence,0,2013,8
E01004600,Wandsworth,Theft and Handling,Handling Stolen Goods,0,2012,5
E01001536,Enfield,Drugs,Drug Trafficking,0,2016,12
E01000583,Brent,Violence Against the Person,Common Assault,4,2011,4
E01001346,Ealing,Violence Against the Person,Common Assault,0,2011,5
E01002150,Harrow,Violence Against the Person,Assault with Injury,1,2009,3
E01003470,Merton,Theft and Handling,Theft From Shops,0,2010,10
E01003692,Redbridge,Robbery,Business Property,0,2013,4
E01002584,Hounslow,Other Notifiable Offences,Going Equipped,0,2013,9
E01001114,Croydon,Theft and Handling,Other Theft Person,0,2013,6
E01003269,Lewisham,Other Notifiable Offences,Other Notifiable,0,2009,1
E01004181,Sutton,Burglary,Burglary in Other Buildings,1,2010,11
E01001464,Enfield,Violence Against the Person,Harassment,0,2014,10
E01002543,Hillingdon,Violence Against the Person,Harassment,1,2011,4
E01000615,Brent,Theft and Handling,Other Theft,1,2013,2
E01032722,Southwark,Criminal Damage,Criminal Damage To Dwelling,2,2015,10
E01004108,Sutton,Criminal Damage,Criminal Damage To Other Building,0,2014,8
E01000872,Camden,Theft and Handling,Theft/Taking Of Motor Vehicle,0,2009,12
E01004720,Westminster,Theft and Handling,Motor Vehicle Interference & Tampering,0,2014,7
E01004250,Tower Hamlets,Drugs,Drug Trafficking,1,2014,12
E01002545,Hillingdon,Robbery,Business Property,0,2015,5
E01002998,Kingston upon Thames,Criminal Damage,Other Criminal Damage,0,2010,2
E01002102,Haringey,Criminal Damage,Criminal Damage To Dwelling,0,2009,7
E01004449,Waltham Forest,Theft and Handling,Theft/Taking of Pedal Cycle,0,2012,10
E01002755,Islington,Theft and Handling,Theft From Shops,1,2012,5
E01001289,Ealing,Theft and Handling,Theft/Taking of Pedal Cycle,0,2011,7
E01001950,Hammersmith and Fulham,Criminal Damage,Criminal Damage To Other Building,0,2008,12
E01001625,Greenwich,Burglary,Burglary in Other Buildings,0,2014,5
E01000785,Bromley,Theft and Handling,Other Theft,0,2011,8
E01003761,Redbridge,Criminal Damage,Criminal Damage To Motor Vehicle,0,2014,2
E01004610,Wandsworth,Criminal Damage,Other Criminal Damage,0,2011,6
E01000886,Camden,Violence Against the Person,Offensive Weapon,0,2015,6
E01000624,Brent,Violence Against the Person,Murder,0,2011,7
E01004222,Tower Hamlets,Theft and Handling,Motor Vehicle Interference & Tampering,1,2013,4
E01000321,Barnet,Criminal Damage,Criminal Damage To Motor Vehicle,0,2008,9
E01000510,Brent,Drugs,Drug Trafficking,0,2013,10
E01004249,Tower Hamlets,Theft and Handling,Motor Vehicle Interference & Tampering,0,2009,12
E01033591,Redbridge,Robbery,Business Property,1,2012,1
E01004540,Wandsworth,Violence Against the Person,Assault with Injury,2,2011,2
E01002695,Islington,Criminal Damage,Criminal Damage To Other Building,5,2010,12
E01002272,Havering,Violence Against the Person,Offensive Weapon,0,2012,9
E01001742,Hackney,Other Notifiable Offences,Going Equipped,0,2013,4
E01000991,Croydon,Burglary,Burglary in a Dwelling,0,2010,4
E01003731,Redbridge,Criminal Damage,Criminal Damage To Motor Vehicle,1,2008,3
E01000048,Barking and Dagenham,Violence Against the Person,Wounding/GBH,0,2008,9
E01001779,Hackney,Burglary,Burglary in Other Buildings,2,2015,6
E01003055,Lambeth,Violence Against the Person,Offensive Weapon,1,2011,11
E01004027,Southwark,Violence Against the Person,Common Assault,4,2015,10
E01003662,Redbridge,Fraud or Forgery,Other Fraud & Forgery,0,2014,12
E01003776,Redbridge,Theft and Handling,Theft/Taking of Pedal Cycle,1,2010,10
E01004557,Wandsworth,Other Notifiable Offences,Going Equipped,0,2009,12
E01000705,Bromley,Robbery,Personal Property,0,2016,8
E01033583,Newham,Drugs,Possession Of Drugs,9,2016,4
E01002807,Islington,Violence Against the Person,Assault with Injury,1,2014,9
E01003126,Lambeth,Theft and Handling,Other Theft,1,2012,9
E01000038,Barking and Dagenham,Violence Against the Person,Assault with Injury,0,2008,7
E01003024,Lambeth,Theft and Handling,Other Theft Person,0,2011,5
E01000742,Bromley,Criminal Damage,Other Criminal Damage,2,2009,8
E01000508,Brent,Theft and Handling,Theft/Taking Of Motor Vehicle,0,2010,1
E01002585,Hounslow,Theft and Handling,Handling Stolen Goods,0,2016,10
E01000248,Barnet,Criminal Damage,Criminal Damage To Dwelling,0,2010,4
E01001558,Enfield,Theft and Handling,Other Theft,4,2015,2
E01000074,Barking and Dagenham,Criminal Damage,Criminal Damage To Other Building,0,2014,4
E01001947,Hammersmith and Fulham,Burglary,Burglary in a Dwelling,0,2010,4
E01000917,Camden,Robbery,Personal Property,1,2009,10
E01000633,Brent,Criminal Damage,Criminal Damage To Dwelling,0,2008,12
E01003210,Lewisham,Violence Against the Person,Common Assault,0,2008,12
E01000037,Barking and Dagenham,Theft and Handling,Theft/Taking of Pedal Cycle,3,2010,8
E01000718,Bromley,Theft and Handling,Theft/Taking Of Motor Vehicle,0,2013,1
E01003844,Richmond upon Thames,Criminal Damage,Criminal Damage To Dwelling,0,2012,4
E01000522,Brent,Theft and Handling,Theft From Motor Vehicle,0,2012,1
E01002891,Kensington and Chelsea,Violence Against the Person,Wounding/GBH,0,2010,6
E01004020,Southwark,Burglary,Burglary in a Dwelling,1,2009,10
E01001590,Greenwich,Theft and Handling,Theft From Shops,0,2013,10
E01002611,Hounslow,Violence Against the Person,Harassment,0,2011,2
E01002849,Kensington and Chelsea,Theft and Handling,Other Theft Person,0,2013,5
E01000551,Brent,Violence Against the Person,Assault with Injury,1,2011,12
E01002574,Hounslow,Theft and Handling,Theft/Taking of Pedal Cycle,0,2016,8
E01000201,Barnet,Theft and Handling,Other Theft,1,2012,6
E01003151,Lambeth,Drugs,Possession Of Drugs,0,2008,7
E01000517,Brent,Robbery,Business Property,0,2015,10
E01000678,Bromley,Robbery,Personal Property,0,2012,11
E01000977,Croydon,Criminal Damage,Other Criminal Damage,0,2012,1
E01003159,Lambeth,Burglary,Burglary in Other Buildings,0,2013,7
E01001172,Croydon,Theft and Handling,Theft/Taking Of Motor Vehicle,2,2016,7
E01001191,Croydon,Theft and Handling,Theft From Shops,6,2013,6
E01033320,Lewisham,Theft and Handling,Theft/Taking Of Motor Vehicle,0,2013,9
E01003243,Lewisham,Theft and Handling,Theft/Taking Of Motor Vehicle,0,2016,9
E01004487,Wandsworth,Other Notifiable Offences,Other Notifiable,0,2008,3
E01001184,Croydon,Fraud or Forgery,Counted per Victim,0,2009,5
E01002758,Islington,Other Notifiable Offences,Going Equipped,0,2012,5
E01001998,Haringey,Criminal Damage,Other Criminal Damage,0,2011,1
E01001136,Croydon,Violence Against the Person,Murder,0,2011,10
E01004369,Waltham Forest,Criminal Damage,Criminal Damage To Dwelling,1,2011,2
E01003783,Redbridge,Sexual Offences,Rape,0,2009,6
E01002392,Hillingdon,Drugs,Possession Of Drugs,0,2010,10
E01004143,Sutton,Criminal Damage,Criminal Damage To Dwelling,1,2012,12
E01001426,Enfield,Criminal Damage,Other Criminal Damage,0,2011,8
E01002311,Havering,Theft and Handling,Motor Vehicle Interference & Tampering,0,2008,3
E01002994,Kingston upon Thames,Robbery,Personal Property,0,2011,11
E01001037,Croydon,Drugs,Other Drugs,0,2015,10
E01004695,Westminster,Drugs,Drug Trafficking,0,2016,4
E01002381,Havering,Other Notifiable Offences,Other Notifiable,0,2014,6
E01002351,Havering,Theft and Handling,Other Theft,1,2009,6
E01003793,Redbridge,Criminal Damage,Criminal Damage To Motor Vehicle,0,2015,1
E01000441,Bexley,Theft and Handling,Other Theft Person,0,2012,2
E01001482,Enfield,Violence Against the Person,Other violence,0,2013,1
E01003593,Newham,Theft and Handling,Other Theft,0,2012,2
E01000886,Camden,Burglary,Burglary in Other Buildings,1,2013,7
E01003785,Redbridge,Theft and Handling,Other Theft Person,0,2015,3
E01001474,Enfield,Violence Against the Person,Harassment,1,2013,7
E01003283,Lewisham,Drugs,Possession Of Drugs,0,2013,7
E01001356,Ealing,Criminal Damage,Other Criminal Damage,0,2009,6
E01001642,Greenwich,Burglary,Burglary in a Dwelling,4,2011,3
E01000294,Barnet,Burglary,Burglary in a Dwelling,0,2016,2
E01000813,Bromley,Theft and Handling,Theft/Taking of Pedal Cycle,0,2008,3
E01001808,Hackney,Theft and Handling,Other Theft Person,1,2008,10
E01000481,Brent,Theft and Handling,Motor Vehicle Interference & Tampering,0,2009,12
E01002466,Hillingdon,Robbery,Business Property,0,2016,2
E01000480,Brent,Theft and Handling,Theft From Motor Vehicle,0,2014,6
E01001476,Enfield,Burglary,Burglary in Other Buildings,0,2011,9
E01003325,Lewisham,Violence Against the Person,Common Assault,1,2013,4
E01000618,Brent,Other Notifiable Offences,Other Notifiable,0,2010,10
E01001897,Hammersmith and Fulham,Theft and Handling,Other Theft Person,0,2009,10
E01001371,Ealing,Theft and Handling,Theft/Taking of Pedal Cycle,0,2014,5
E01004722,Westminster,Criminal Damage,Criminal Damage To Dwelling,1,2009,12
E01000018,Barking and Dagenham,Violence Against the Person,Wounding/GBH,0,2008,8
E01002395,Hillingdon,Violence Against the Person,Wounding/GBH,0,2008,8
E01032786,Tower Hamlets,Criminal Damage,Other Criminal Damage,1,2015,10
E01001047,Croydon,Theft and Handling,Theft From Motor Vehicle,0,2014,2
E01003214,Lewisham,Violence Against the Person,Wounding/GBH,1,2015,7
E01001620,Greenwich,Robbery,Personal Property,0,2016,6
E01003709,Redbridge,Criminal Damage,Criminal Damage To Dwelling,1,2013,11
E01003451,Merton,Violence Against the Person,Wounding/GBH,0,2016,11
E01003058,Lambeth,Criminal Damage,Criminal Damage To Motor Vehicle,0,2009,3
E01000286,Barnet,Violence Against the Person,Harassment,0,2010,3
E01001166,Croydon,Violence Against the Person,Wounding/GBH,1,2010,12
E01001459,Enfield,Burglary,Burglary in Other Buildings,1,2009,11
E01002997,Kingston upon Thames,Criminal Damage,Criminal Damage To Other Building,0,2016,10
E01003421,Merton,Criminal Damage,Criminal Damage To Dwelling,1,2012,3
E01002977,Kingston upon Thames,Theft and Handling,Other Theft Person,0,2015,12
E01002397,Hillingdon,Sexual Offences,Other Sexual,0,2015,12
E01003572,Newham,Violence Against the Person,Common Assault,1,2013,7
E01003203,Lewisham,Criminal Damage,Criminal Damage To Dwelling,0,2011,2
E01004205,Tower Hamlets,Theft and Handling,Theft/Taking Of Motor Vehicle,0,2010,11
E01003715,Redbridge,Robbery,Personal Property,1,2011,4
E01000970,Camden,Fraud or Forgery,Counted per Victim,0,2012,8
E01004410,Waltham Forest,Burglary,Burglary in a Dwelling,2,2011,6
E01000322,Barnet,Violence Against the Person,Common Assault,0,2014,9
E01002643,Hounslow,Other Notifiable Offences,Other Notifiable,0,2009,2
E01004137,Sutton,Robbery,Personal Property,0,2009,6
E01003057,Lambeth,Violence Against the Person,Other violence,0,2009,6
E01000309,Barnet,Theft and Handling,Theft/Taking Of Motor Vehicle,0,2011,11
E01000470,Bexley,Robbery,Personal Property,0,2014,4
E01001100,Croydon,Criminal Damage,Criminal Damage To Motor Vehicle,0,2013,2
E01001338,Ealing,Drugs,Other Drugs,0,2011,4
E01001413,Enfield,Theft and Handling,Other Theft Person,0,2008,11
E01004045,Southwark,Theft and Handling,Other Theft Person,0,2014,7
E01002516,Hillingdon,Theft and Handling,Theft From Motor Vehicle,2,2008,5
E01000363,Bexley,Criminal Damage,Criminal Damage To Motor Vehicle,1,2009,12
E01004755,Westminster,Theft and Handling,Theft/Taking Of Motor Vehicle,0,2010,11
E01000974,Camden,Robbery,Business Property,0,2013,5
E01003472,Merton,Other Notifiable Offences,Other Notifiable,0,2015,11
E01002459,Hillingdon,Robbery,Business Property,0,2015,8
E01001737,Hackney,Theft and Handling,Theft From Shops,0,2013,11
E01001788,Hackney,Violence Against the Person,Harassment,0,2016,9
E01004154,Sutton,Violence Against the Person,Offensive Weapon,0,2012,3
E01001430,Enfield,Theft and Handling,Theft/Taking Of Motor Vehicle,0,2010,5
E01002789,Islington,Other Notifiable Offences,Other Notifiable,0,2008,2
E01002217,Harrow,Violence Against the Person,Offensive Weapon,0,2010,2
E01002702,Islington,Theft and Handling,Motor Vehicle Interference & Tampering,0,2016,11
E01004311,Tower Hamlets,Other Notifiable Offences,Going Equipped,0,2012,11
E01004713,Westminster,Theft and Handling,Other Theft,2,2016,3
E01002869,Kensington and Chelsea,Robbery,Business Property,0,2009,11
E01004705,Westminster,Criminal Damage,Other Criminal Damage,0,2014,8
E01003487,Newham,Theft and Handling,Other Theft,2,2009,3
E01032780,Tower Hamlets,Criminal Damage,Criminal Damage To Dwelling,0,2008,7
E01000583,Brent,Burglary,Burglary in Other Buildings,1,2010,6
E01000599,Brent,Robbery,Personal Property,1,2011,2
E01002673,Hounslow,Theft and Handling,Theft From Motor Vehicle,0,2008,3
E01000402,Bexley,Theft and Handling,Theft/Taking of Pedal Cycle,0,2015,9
E01004755,Westminster,Violence Against the Person,Assault with Injury,5,2011,11
E01000641,Brent,Theft and Handling,Other Theft,0,2015,8
E01004501,Wandsworth,Drugs,Possession Of Drugs,0,2008,10
E01002122,Harrow,Violence Against the Person,Assault with Injury,4,2012,11
E01003559,Newham,Other Notifiable Offences,Other Notifiable,1,2010,1
E01003386,Merton,Violence Against the Person,Offensive Weapon,0,2013,12
E01000110,Barking and Dagenham,Criminal Damage,Other Criminal Damage,0,2013,10
E01003330,Lewisham,Violence Against the Person,Harassment,0,2015,1
E01000251,Barnet,Robbery,Business Property,0,2010,5
E01003416,Merton,Criminal Damage,Criminal Damage To Dwelling,0,2008,11
E01002637,Hounslow,Theft and Handling,Handling Stolen Goods,0,2010,11
E01001792,Hackney,Theft and Handling,Theft/Taking Of Motor Vehicle,1,2008,12
E01003433,Merton,Violence Against the Person,Other violence,0,2012,9
E01002092,Haringey,Burglary,Burglary in a Dwelling,0,2013,7
E01002595,Hounslow,Burglary,Burglary in a Dwelling,5,2011,10
E01004581,Wandsworth,Robbery,Personal Property,0,2015,5
E01002467,Hillingdon,Violence Against the Person,Wounding/GBH,0,2010,1
E01000968,Camden,Criminal Damage,Other Criminal Damage,0,2010,12
E01003059,Lambeth,Drugs,Possession Of Drugs,3,2008,5
E01002546,Hillingdon,Other Notifiable Offences,Going Equipped,0,2015,4
E01003927,Southwark,Theft and Handling,Handling Stolen Goods,0,2010,5
E01003721,Redbridge,Criminal Damage,Criminal Damage To Other Building,0,2011,3
E01004321,Tower Hamlets,Fraud or Forgery,Counted per Victim,0,2009,9
E01001609,Greenwich,Robbery,Business Property,0,2009,9
E01003167,Lambeth,Theft and Handling,Other Theft,2,2013,1
E01002427,Hillingdon,Criminal Damage,Criminal Damage To Other Building,0,2010,11
E01001911,Hammersmith and Fulham,Theft and Handling,Other Theft Person,0,2016,3
E01003345,Lewisham,Criminal Damage,Other Criminal Damage,0,2008,8
E01032575,Haringey,Theft and Handling,Motor Vehicle Interference & Tampering,0,2016,1
E01003427,Merton,Criminal Damage,Criminal Damage To Dwelling,0,2010,2
E01003386,Merton,Violence Against the Person,Other violence,0,2012,9
E01003587,Newham,Criminal Damage,Criminal Damage To Motor Vehicle,0,2013,7
E01002323,Havering,Criminal Damage,Criminal Damage To Motor Vehicle,0,2011,9
E01003650,Redbridge,Other Notifiable Offences,Other Notifiable,0,2011,6
E01002903,Kensington and Chelsea,Other Notifiable Offences,Going Equipped,0,2012,4
E01000067,Barking and Dagenham,Violence Against the Person,Assault with Injury,1,2016,5
E01003336,Lewisham,Violence Against the Person,Common Assault,1,2014,11
E01002933,Kingston upon Thames,Theft and Handling,Theft/Taking of Pedal Cycle,0,2009,2
E01003097,Lambeth,Drugs,Other Drugs,0,2016,8
E01003629,Newham,Theft and Handling,Theft From Shops,0,2013,3
E01000296,Barnet,Violence Against the Person,Harassment,1,2013,10
E01000872,Camden,Criminal Damage,Other Criminal Damage,0,2011,2
E01002078,Haringey,Theft and Handling,Theft From Motor Vehicle,1,2013,11
E01003148,Lambeth,Theft and Handling,Other Theft Person,1,2016,12
E01001467,Enfield,Criminal Damage,Criminal Damage To Other Building,0,2009,7
E01004338,Waltham Forest,Criminal Damage,Criminal Damage To Motor Vehicle,0,2015,11
E01004495,Wandsworth,Violence Against the Person,Assault with Injury,0,2012,3
E01002620,Hounslow,Burglary,Burglary in a Dwelling,1,2011,4
E01002865,Kensington and Chelsea,Robbery,Business Property,0,2012,1
E01004458,Waltham Forest,Theft and Handling,Theft/Taking of Pedal Cycle,0,2012,4
E01003666,Redbridge,Drugs,Drug Trafficking,0,2015,6
E01000081,Barking and Dagenham,Theft and Handling,Motor Vehicle Interference & Tampering,0,2010,3
E01001388,Ealing,Robbery,Business Property,0,2016,11
E01003526,Newham,Theft and Handling,Theft From Shops,0,2010,7
E01000520,Brent,Violence Against the Person,Assault with Injury,2,2016,7
E01002344,Havering,Theft and Handling,Other Theft,2,2013,11
E01002939,Kingston upon Thames,Theft and Handling,Theft/Taking of Pedal Cycle,0,2012,12
E01002393,Hillingdon,Violence Against the Person,Common Assault,3,2015,1
E01001293,Ealing,Criminal Damage,Criminal Damage To Motor Vehicle,0,2015,8
E01001578,Greenwich,Criminal Damage,Other Criminal Damage,3,2011,1
E01002345,Havering,Other Notifiable Offences,Going Equipped,0,2014,3
E01004266,Tower Hamlets,Theft and Handling,Handling Stolen Goods,0,2008,8
E01003199,Lewisham,Violence Against the Person,Common Assault,1,2011,9
E01000671,Bromley,Theft and Handling,Motor Vehicle Interference & Tampering,0,2009,5
E01001337,Ealing,Violence Against the Person,Other violence,0,2008,7
E01001913,Hammersmith and Fulham,Criminal Damage,Other Criminal Damage,0,2014,3
E01004466,Waltham Forest,Violence Against the Person,Other violence,0,2009,10
E01002674,Hounslow,Violence Against the Person,Offensive Weapon,0,2010,12
E01004715,Westminster,Criminal Damage,Criminal Damage To Motor Vehicle,1,2014,12
E01004223,Tower Hamlets,Theft and Handling,Theft/Taking Of Motor Vehicle,1,2015,10
E01001621,Greenwich,Criminal Damage,Criminal Damage To Dwelling,1,2016,1
E01002162,Harrow,Robbery,Personal Property,0,2016,4
E01001310,Ealing,Robbery,Personal Property,0,2015,7
E01004207,Tower Hamlets,Theft and Handling,Handling Stolen Goods,0,2010,9
E01033456,Brent,Violence Against the Person,Other violence,0,2014,11
E01003911,Southwark,Theft and Handling,Theft From Motor Vehicle,0,2015,2
E01001982,Haringey,Criminal Damage,Criminal Damage To Dwelling,0,2009,12
E01003745,Redbridge,Violence Against the Person,Other violence,0,2014,7
E01000778,Bromley,Violence Against the Person,Wounding/GBH,0,2014,8
E01032564,Lewisham,Violence Against the Person,Common Assault,0,2010,4
E01004224,Tower Hamlets,Theft and Handling,Other Theft,2,2015,5
E01001753,Hackney,Theft and Handling,Theft/Taking of Pedal Cycle,1,2012,4
E01002514,Hillingdon,Burglary,Burglary in Other Buildings,0,2009,10
E01003648,Redbridge,Theft and Handling,Motor Vehicle Interference & Tampering,0,2012,4
E01001300,Ealing,Theft and Handling,Handling Stolen Goods,0,2013,10
E01002839,Kensington and Chelsea,Theft and Handling,Theft From Motor Vehicle,1,2012,11
E01004273,Tower Hamlets,Violence Against the Person,Wounding/GBH,1,2015,10
E01000881,Camden,Theft and Handling,Other Theft Person,0,2014,3
E01004577,Wandsworth,Criminal Damage,Other Criminal Damage,0,2016,6
E01002199,Harrow,Violence Against the Person,Other violence,0,2016,8
E01003502,Newham,Drugs,Drug Trafficking,0,2014,12
E01004289,Tower Hamlets,Burglary,Burglary in Other Buildings,0,2013,10
E01004212,Tower Hamlets,Drugs,Drug Trafficking,0,2015,8
E01003010,Kingston upon Thames,Other Notifiable Offences,Going Equipped,0,2008,12
E01004374,Waltham Forest,Violence Against the Person,Murder,0,2016,6
E01003348,Lewisham,Drugs,Drug Trafficking,0,2008,1
E01002720,Islington,Criminal Damage,Criminal Damage To Motor Vehicle,1,2012,5
E01000160,Barnet,Theft and Handling,Theft/Taking Of Motor Vehicle,0,2013,10
E01003027,Lambeth,Theft and Handling,Other Theft Person,0,2008,8
E01000445,Bexley,Other Notifiable Offences,Other Notifiable,0,2014,12
E01004363,Waltham Forest,Burglary,Burglary in a Dwelling,2,2011,6
E01003980,Southwark,Violence Against the Person,Other violence,0,2011,7
E01004728,Westminster,Other Notifiable Offences,Other Notifiable,0,2008,8
E01001392,Enfield,Sexual Offences,Rape,0,2010,1
E01004408,Waltham Forest,Criminal Damage,Criminal Damage To Dwelling,0,2010,11
E01001242,Ealing,Theft and Handling,Theft/Taking Of Motor Vehicle,1,2009,8
E01032584,Southwark,Violence Against the Person,Assault with Injury,1,2014,5
E01001352,Ealing,Theft and Handling,Theft From Shops,0,2012,9
E01002320,Havering,Other Notifiable Offences,Other Notifiable,0,2014,3
E01000669,Bromley,Drugs,Other Drugs,0,2016,6
E01000994,Croydon,Violence Against the Person,Assault with Injury,1,2016,12
E01000949,Camden,Robbery,Personal Property,0,2011,3
E01000051,Barking and Dagenham,Robbery,Personal Property,0,2009,2
E01001339,Ealing,Violence Against the Person,Assault with Injury,1,2011,9
E01003175,Lambeth,Theft and Handling,Theft From Shops,0,2016,3
E01003987,Southwark,Criminal Damage,Criminal Damage To Motor Vehicle,1,2016,5
E01004271,Tower Hamlets,Drugs,Drug Trafficking,0,2008,9
E01003110,Lambeth,Theft and Handling,Theft/Taking Of Motor Vehicle,0,2009,9
E01001292,Ealing,Drugs,Possession Of Drugs,1,2013,8
E01004682,Westminster,Theft and Handling,Other Theft Person,0,2008,1
E01001667,Greenwich,Criminal Damage,Other Criminal Damage,1,2014,11
E01002002,Haringey,Theft and Handling,Theft/Taking of Pedal Cycle,3,2009,7
E01002486,Hillingdon,Theft and Handling,Handling Stolen Goods,0,2010,2
E01001998,Haringey,Other Notifiable Offences,Other Notifiable,0,2008,3
E01004740,Westminster,Violence Against the Person,Common Assault,0,2014,7
E01003586,Newham,Violence Against the Person,Murder,0,2015,2
E01002247,Havering,Theft and Handling,Other Theft Person,0,2010,8
E01004629,Wandsworth,Theft and Handling,Theft/Taking Of Motor Vehicle,1,2014,5
E01003444,Merton,Criminal Damage,Criminal Damage To Other Building,0,2011,6
E01001054,Croydon,Robbery,Personal Property,0,2011,2
E01001015,Croydon,Violence Against the Person,Assault with Injury,1,2009,1
E01000594,Brent,Criminal Damage,Criminal Damage To Other Building,0,2014,6
E01002995,Kingston upon Thames,Criminal Damage,Criminal Damage To Dwelling,0,2015,5
E01003045,Lambeth,Violence Against the Person,Harassment,1,2013,11
E01003022,Lambeth,Theft and Handling,Other Theft Person,1,2014,7
E01000477,Brent,Criminal Damage,Other Criminal Damage,0,2008,3
E01002499,Hillingdon,Fraud or Forgery,Other Fraud & Forgery,0,2012,10
E01004326,Tower Hamlets,Robbery,Business Property,0,2008,11
E01033730,Greenwich,Theft and Handling,Theft/Taking of Pedal Cycle,0,2010,12
E01004080,Sutton,Burglary,Burglary in Other Buildings,2,2011,4
E01001106,Croydon,Violence Against the Person,Common Assault,0,2010,8
E01004277,Tower Hamlets,Theft and Handling,Other Theft,8,2014,5
E01001003,Croydon,Violence Against the Person,Assault with Injury,0,2012,2
E01004593,Wandsworth,Theft and Handling,Motor Vehicle Interference & Tampering,0,2016,10
E01000295,Barnet,Burglary,Burglary in Other Buildings,0,2016,9
E01003810,Richmond upon Thames,Theft and Handling,Theft/Taking Of Motor Vehicle,0,2016,3
E01002336,Havering,Criminal Damage,Criminal Damage To Other Building,0,2013,7
E01001812,Hackney,Violence Against the Person,Common Assault,0,2008,3
E01000554,Brent,Robbery,Business Property,0,2015,7
E01002859,Kensington and Chelsea,Theft and Handling,Theft From Motor Vehicle,3,2014,10
E01004609,Wandsworth,Theft and Handling,Other Theft Person,1,2010,7
E01001992,Haringey,Other Notifiable Offences,Other Notifiable,0,2009,2
E01002875,Kensington and Chelsea,Violence Against the Person,Assault with Injury,0,2016,7
E01004531,Wandsworth,Theft and Handling,Other Theft,1,2008,8
E01003953,Southwark,Theft and Handling,Theft From Motor Vehicle,1,2011,11
E01001146,Croydon,Other Notifiable Offences,Going Equipped,0,2008,4
E01001461,Enfield,Other Notifiable Offences,Other Notifiable,0,2008,4
E01004017,Southwark,Criminal Damage,Criminal Damage To Motor Vehicle,0,2015,1
E01003157,Lambeth,Drugs,Drug Trafficking,0,2016,2
E01000283,Barnet,Violence Against the Person,Other violence,1,2008,7
E01003978,Southwark,Theft and Handling,Handling Stolen Goods,0,2011,6
E01001334,Ealing,Criminal Damage,Other Criminal Damage,1,2008,7
E01001739,Hackney,Robbery,Personal Property,2,2010,9
E01032562,Bromley,Other Notifiable Offences,Going Equipped,0,2016,10
E01002867,Kensington and Chelsea,Drugs,Possession Of Drugs,1,2012,1
E01003585,Newham,Violence Against the Person,Harassment,2,2016,12
E01001515,Enfield,Theft and Handling,Other Theft Person,0,2012,9
E01002981,Kingston upon Thames,Theft and Handling,Other Theft Person,0,2013,11
E01002826,Kensington and Chelsea,Violence Against the Person,Assault with Injury,0,2010,10
E01004551,Wandsworth,Theft and Handling,Other Theft,9,2015,5
E01032583,Southwark,Drugs,Other Drugs,0,2011,5
E01001560,Enfield,Fraud or Forgery,Counted per Victim,0,2011,7
E01000924,Camden,Theft and Handling,Other Theft Person,0,2014,12
E01003744,Redbridge,Robbery,Personal Property,0,2016,5
E01004525,Wandsworth,Theft and Handling,Theft From Shops,8,2011,12
E01004349,Waltham Forest,Criminal Damage,Other Criminal Damage,0,2014,5
E01000932,Camden,Theft and Handling,Other Theft Person,0,2011,9
E01000457,Bexley,Criminal Damage,Criminal Damage To Dwelling,0,2008,7
E01000084,Barking and Dagenham,Violence Against the Person,Common Assault,0,2009,5
E01003192,Lewisham,Theft and Handling,Theft From Motor Vehicle,0,2009,4
E01002093,Haringey,Criminal Damage,Criminal Damage To Motor Vehicle,0,2014,4
E01003493,Newham,Drugs,Drug Trafficking,0,2012,11
E01032564,Lewisham,Violence Against the Person,Other violence,0,2010,2
E01003492,Newham,Violence Against the Person,Harassment,0,2009,12
E01002608,Hounslow,Theft and Handling,Motor Vehicle Interference & Tampering,0,2014,1
E01002711,Islington,Criminal Damage,Criminal Damage To Motor Vehicle,1,2009,2
E01001411,Enfield,Violence Against the Person,Offensive Weapon,0,2012,9
E01000896,Camden,Theft and Handling,Other Theft,4,2010,7
E01001372,Ealing,Theft and Handling,Handling Stolen Goods,0,2010,4
E01000034,Barking and Dagenham,Drugs,Possession Of Drugs,0,2014,9
E01000097,Barking and Dagenham,Theft and Handling,Other Theft Person,0,2014,12
E01002968,Kingston upon Thames,Burglary,Burglary in a Dwelling,0,2015,3
E01003084,Lambeth,Robbery,Business Property,0,2010,3
E01002475,Hillingdon,Violence Against the Person,Assault with Injury,0,2014,6
E01000331,Bexley,Criminal Damage,Other Criminal Damage,0,2011,8
E01003049,Lambeth,Violence Against the Person,Wounding/GBH,0,2014,3
E01004376,Waltham Forest,Violence Against the Person,Other violence,0,2014,10
E01000573,Brent,Violence Against the Person,Common Assault,0,2016,6
E01003131,Lambeth,Theft and Handling,Theft/Taking of Pedal Cycle,0,2012,5
E01004756,Westminster,Theft and Handling,Theft/Taking Of Motor Vehicle,3,2012,4
E01000461,Bexley,Other Notifiable Offences,Other Notifiable,0,2014,2
E01001922,Hammersmith and Fulham,Criminal Damage,Criminal Damage To Motor Vehicle,0,2010,1
E01000535,Brent,Violence Against the Person,Other violence,0,2010,5
E01002207,Harrow,Theft and Handling,Motor Vehicle Interference & Tampering,0,2014,11
E01001474,Enfield,Other Notifiable Offences,Going Equipped,0,2009,5
E01001723,Hackney,Violence Against the Person,Harassment,0,2009,2
E01003587,Newham,Drugs,Drug Trafficking,0,2008,12
E01003853,Richmond upon Thames,Theft and Handling,Theft From Motor Vehicle,1,2012,6
E01004329,Waltham Forest,Theft and Handling,Other Theft Person,0,2015,12
E01003021,Lambeth,Drugs,Possession Of Drugs,1,2010,11
E01003420,Merton,Theft and Handling,Theft/Taking of Pedal Cycle,0,2010,3
E01001554,Enfield,Theft and Handling,Handling Stolen Goods,1,2008,3
E01000522,Brent,Violence Against the Person,Other violence,0,2016,8
E01003123,Lambeth,Burglary,Burglary in Other Buildings,0,2009,4
E01003285,Lewisham,Theft and Handling,Theft/Taking Of Motor Vehicle,1,2011,7
E01003023,Lambeth,Drugs,Drug Trafficking,0,2013,8
E01000190,Barnet,Violence Against the Person,Wounding/GBH,0,2014,12
E01003681,Redbridge,Robbery,Business Property,0,2009,9
E01002982,Kingston upon Thames,Theft and Handling,Other Theft,0,2013,9
E01001419,Enfield,Theft and Handling,Handling Stolen Goods,0,2008,1
E01000023,Barking and Dagenham,Robbery,Personal Property,1,2009,4
E01004251,Tower Hamlets,Robbery,Business Property,0,2016,7
E01000972,Camden,Drugs,Other Drugs,0,2012,8
E01001357,Ealing,Theft and Handling,Theft/Taking Of Motor Vehicle,0,2014,3
E01004760,Westminster,Fraud or Forgery,Other Fraud & Forgery,0,2012,10
E01002287,Havering,Theft and Handling,Other Theft,0,2012,11
E01000427,Bexley,Violence Against the Person,Common Assault,0,2011,7
E01004387,Waltham Forest,Theft and Handling,Theft/Taking Of Motor Vehicle,0,2014,6
E01000981,Croydon,Violence Against the Person,Wounding/GBH,0,2011,6
E01004216,Tower Hamlets,Drugs,Possession Of Drugs,0,2013,6
E01000645,Bromley,Criminal Damage,Criminal Damage To Motor Vehicle,0,2011,7
E01001703,Greenwich,Robbery,Personal Property,0,2016,11
E01003988,Southwark,Criminal Damage,Other Criminal Damage,0,2014,9
E01001646,Greenwich,Violence Against the Person,Wounding/GBH,0,2015,5
E01033706,Hackney,Violence Against the Person,Offensive Weapon,0,2013,2
E01003288,Lewisham,Criminal Damage,Criminal Damage To Motor Vehicle,1,2014,7
E01001677,Greenwich,Theft and Handling,Theft/Taking Of Motor Vehicle,0,2009,6
E01004291,Tower Hamlets,Theft and Handling,Theft/Taking Of Motor Vehicle,0,2011,10
E01004019,Southwark,Burglary,Burglary in Other Buildings,0,2011,8
E01003814,Richmond upon Thames,Drugs,Possession Of Drugs,0,2013,2
E01001602,Greenwich,Violence Against the Person,Offensive Weapon,0,2015,3
E01002898,Kensington and Chelsea,Theft and Handling,Theft/Taking Of Motor Vehicle,0,2010,6
E01004156,Sutton,Theft and Handling,Other Theft,0,2010,11
E01001782,Hackney,Theft and Handling,Theft From Motor Vehicle,0,2016,9
E01004386,Waltham Forest,Criminal Damage,Criminal Damage To Dwelling,0,2015,11
E01000857,Camden,Criminal Damage,Other Criminal Damage,0,2010,1
E01004293,Tower Hamlets,Theft and Handling,Theft From Shops,6,2011,5
E01000411,Bexley,Drugs,Drug Trafficking,0,2010,4
E01003082,Lambeth,Violence Against the Person,Offensive Weapon,0,2009,9
E01004070,Southwark,Theft and Handling,Other Theft Person,0,2015,3
E01001457,Enfield,Drugs,Other Drugs,0,2010,10
E01033456,Brent,Violence Against the Person,Common Assault,1,2012,7
E01001906,Hammersmith and Fulham,Theft and Handling,Other Theft Person,0,2009,7
E01032581,Redbridge,Theft and Handling,Other Theft,1,2015,2
E01001407,Enfield,Theft and Handling,Other Theft,0,2009,10
E01001671,Greenwich,Theft and Handling,Theft From Shops,0,2008,8
E01003228,Lewisham,Drugs,Possession Of Drugs,0,2011,10
E01003386,Merton,Drugs,Drug Trafficking,0,2010,11
E01001434,Enfield,Theft and Handling,Theft/Taking Of Motor Vehicle,0,2009,5
E01003695,Redbridge,Criminal Damage,Criminal Damage To Motor Vehicle,2,2011,11
E01002876,Kensington and Chelsea,Criminal Damage,Criminal Damage To Other Building,0,2013,4
E01002671,Hounslow,Violence Against the Person,Common Assault,1,2014,1
E01004470,Waltham Forest,Other Notifiable Offences,Going Equipped,0,2009,8
E01004275,Tower Hamlets,Violence Against the Person,Other violence,0,2015,10
E01033592,Redbridge,Violence Against the Person,Murder,0,2015,6
E01001459,Enfield,Violence Against the Person,Common Assault,0,2015,3
E01001852,Hammersmith and Fulham,Other Notifiable Offences,Other Notifiable,0,2012,6
E01000204,Barnet,Theft and Handling,Theft From Motor Vehicle,1,2009,8
E01001266,Ealing,Violence Against the Person,Harassment,0,2009,8
E01001277,Ealing,Drugs,Drug Trafficking,0,2015,4
E01003739,Redbridge,Burglary,Burglary in a Dwelling,2,2014,9
E01000577,Brent,Drugs,Drug Trafficking,0,2010,7
E01001095,Croydon,Theft and Handling,Handling Stolen Goods,0,2015,5
E01004300,Tower Hamlets,Criminal Damage,Criminal Damage To Dwelling,0,2010,8
E01004239,Tower Hamlets,Violence Against the Person,Offensive Weapon,0,2014,9
E01004277,Tower Hamlets,Theft and Handling,Theft From Motor Vehicle,0,2015,4
E01001101,Croydon,Violence Against the Person,Assault with Injury,1,2013,5
E01000331,Bexley,Violence Against the Person,Assault with Injury,0,2013,1
E01000115,Barnet,Theft and Handling,Other Theft,0,2014,7
E01001695,Greenwich,Criminal Damage,Criminal Damage To Other Building,0,2008,6
E01001786,Hackney,Violence Against the Person,Harassment,0,2010,9
E01000280,Barnet,Violence Against the Person,Common Assault,0,2016,7
E01000686,Bromley,Violence Against the Person,Harassment,0,2011,3
E01000139,Barnet,Other Notifiable Offences,Other Notifiable,0,2008,7
E01002383,Havering,Theft and Handling,Theft From Motor Vehicle,0,2012,8
E01000488,Brent,Theft and Handling,Other Theft,1,2014,6
E01002488,Hillingdon,Violence Against the Person,Harassment,0,2016,12
E01003384,Merton,Robbery,Business Property,0,2012,2
E01002128,Harrow,Burglary,Burglary in Other Buildings,0,2014,9
E01003230,Lewisham,Robbery,Business Property,0,2013,2
E01000214,Barnet,Theft and Handling,Theft/Taking Of Motor Vehicle,0,2010,6
E01000585,Brent,Violence Against the Person,Other violence,0,2012,10
E01004116,Sutton,Theft and Handling,Theft/Taking Of Motor Vehicle,0,2014,6
E01003553,Newham,Theft and Handling,Theft From Motor Vehicle,4,2012,10
E01004130,Sutton,Violence Against the Person,Wounding/GBH,0,2010,7
E01003782,Redbridge,Theft and Handling,Other Theft,1,2012,11
E01003807,Richmond upon Thames,Violence Against the Person,Assault with Injury,0,2011,4
E01002934,Kingston upon Thames,Theft and Handling,Motor Vehicle Interference & Tampering,0,2014,6
E01001033,Croydon,Theft and Handling,Handling Stolen Goods,0,2010,9
E01001954,Hammersmith and Fulham,Burglary,Burglary in Other Buildings,0,2013,3
E01000991,Croydon,Theft and Handling,Theft From Shops,1,2014,10
E01004732,Westminster,Violence Against the Person,Wounding/GBH,0,2012,5
E01000994,Croydon,Violence Against the Person,Common Assault,1,2009,12
E01002609,Hounslow,Theft and Handling,Theft/Taking Of Motor Vehicle,1,2009,11
E01003192,Lewisham,Burglary,Burglary in Other Buildings,0,2012,5
E01002386,Havering,Violence Against the Person,Other violence,0,2014,12
E01002920,Kingston upon Thames,Burglary,Burglary in Other Buildings,0,2014,10
E01003125,Lambeth,Violence Against the Person,Assault with Injury,0,2014,1
E01002948,Kingston upon Thames,Theft and Handling,Theft From Shops,1,2010,9
E01000659,Bromley,Burglary,Burglary in Other Buildings,1,2013,7
E01004182,Sutton,Criminal Damage,Other Criminal Damage,0,2010,2
E01000142,Barnet,Theft and Handling,Motor Vehicle Interference & Tampering,0,2016,5
E01003634,Newham,Theft and Handling,Motor Vehicle Interference & Tampering,0,2012,9
E01004330,Waltham Forest,Drugs,Drug Trafficking,0,2015,6
E01000312,Barnet,Theft and Handling,Theft From Shops,0,2015,2
E01002635,Hounslow,Violence Against the Person,Assault with Injury,1,2015,1
E01003885,Richmond upon Thames,Theft and Handling,Motor Vehicle Interference & Tampering,0,2014,12
E01003137,Lambeth,Drugs,Possession Of Drugs,0,2014,7
E01004218,Tower Hamlets,Theft and Handling,Theft From Motor Vehicle,1,2015,8
E01004324,Tower Hamlets,Drugs,Possession Of Drugs,0,2016,4
E01001184,Croydon,Violence Against the Person,Murder,0,2014,10
E01003784,Redbridge,Burglary,Burglary in Other Buildings,0,2010,5
E01000007,Barking and Dagenham,Violence Against the Person,Wounding/GBH,1,2012,6
E01002821,Kensington and Chelsea,Violence Against the Person,Assault with Injury,1,2014,4
E01003029,Lambeth,Violence Against the Person,Common Assault,0,2008,9
E01033710,Hackney,Violence Against the Person,Harassment,0,2009,6
E01000223,Barnet,Robbery,Personal Property,0,2015,7
E01002792,Islington,Other Notifiable Offences,Other Notifiable,1,2012,9
E01002572,Hounslow,Criminal Damage,Criminal Damage To Other Building,0,2011,1
E01000143,Barnet,Drugs,Possession Of Drugs,1,2015,11
E01004150,Sutton,Violence Against the Person,Wounding/GBH,0,2013,3
E01004750,Westminster,Fraud or Forgery,Counted per Victim,0,2010,11
E01001085,Croydon,Drugs,Drug Trafficking,0,2012,3
E01000058,Barking and Dagenham,Theft and Handling,Theft From Shops,0,2014,2
E01002543,Hillingdon,Theft and Handling,Theft From Motor Vehicle,5,2010,7
E01003574,Newham,Robbery,Business Property,0,2011,7
E01003401,Merton,Theft and Handling,Motor Vehicle Interference & Tampering,0,2013,5
E01003634,Newham,Fraud or Forgery,Other Fraud & Forgery,0,2009,10
E01002574,Hounslow,Burglary,Burglary in a Dwelling,1,2015,3
E01000168,Barnet,Theft and Handling,Theft/Taking Of Motor Vehicle,0,2011,6
E01001552,Enfield,Theft and Handling,Other Theft Person,0,2016,10
E01001923,Hammersmith and Fulham,Burglary,Burglary in Other Buildings,0,2014,1
E01000737,Bromley,Burglary,Burglary in a Dwelling,0,2015,2
E01001742,Hackney,Violence Against the Person,Wounding/GBH,0,2016,11
E01003293,Lewisham,Criminal Damage,Criminal Damage To Dwelling,0,2013,3
E01000718,Bromley,Violence Against the Person,Common Assault,2,2013,6
E01001222,Ealing,Violence Against the Person,Offensive Weapon,0,2016,11
E01001981,Haringey,Criminal Damage,Criminal Damage To Motor Vehicle,0,2016,8
E01001039,Croydon,Theft and Handling,Theft/Taking of Pedal Cycle,0,2015,7
E01004651,Westminster,Theft and Handling,Theft/Taking Of Motor Vehicle,0,2009,8
E01000603,Brent,Drugs,Drug Trafficking,0,2011,5
E01000356,Bexley,Violence Against the Person,Wounding/GBH,0,2009,2
E01004639,Wandsworth,Criminal Damage,Criminal Damage To Dwelling,0,2008,11
E01000729,Bromley,Other Notifiable Offences,Other Notifiable,0,2016,8
E01001831,Hackney,Theft and Handling,Other Theft Person,1,2015,9
E01004679,Westminster,Criminal Damage,Criminal Damage To Other Building,0,2013,11
E01002395,Hillingdon,Drugs,Other Drugs,0,2016,11
E01000985,Croydon,Theft and Handling,Other Theft,0,2014,9
E01000132,Barnet,Violence Against the Person,Harassment,1,2008,1
E01002511,Hillingdon,Robbery,Business Property,0,2009,4
E01000426,Bexley,Burglary,Burglary in Other Buildings,0,2011,8
E01000057,Barking and Dagenham,Criminal Damage,Criminal Damage To Motor Vehicle,0,2011,10
E01033488,Islington,Theft and Handling,Handling Stolen Goods,0,2009,1
E01002346,Havering,Violence Against the Person,Other violence,0,2010,7
E01001476,Enfield,Violence Against the Person,Assault with Injury,1,2016,6
E01000488,Brent,Burglary,Burglary in a Dwelling,3,2010,7
E01001162,Croydon,Criminal Damage,Criminal Damage To Other Building,0,2012,1
E01001317,Ealing,Violence Against the Person,Wounding/GBH,0,2012,5
E01002773,Islington,Theft and Handling,Theft From Motor Vehicle,0,2014,9
E01000622,Brent,Theft and Handling,Theft From Motor Vehicle,0,2009,10
E01001196,Ealing,Robbery,Business Property,0,2016,3
E01001631,Greenwich,Criminal Damage,Other Criminal Damage,0,2013,2
E01003674,Redbridge,Violence Against the Person,Harassment,2,2010,3
E01000843,Camden,Theft and Handling,Handling Stolen Goods,0,2013,8
E01002264,Havering,Theft and Handling,Other Theft,1,2015,3
E01033743,Greenwich,Theft and Handling,Other Theft,0,2011,5
E01000900,Camden,Violence Against the Person,Common Assault,0,2012,9
E01002696,Islington,Theft and Handling,Theft/Taking Of Motor Vehicle,2,2008,12
E01002788,Islington,Drugs,Possession Of Drugs,0,2013,2
E01001301,Ealing,Criminal Damage,Criminal Damage To Dwelling,0,2015,1
E01003409,Merton,Other Notifiable Offences,Going Equipped,0,2012,8
E01002057,Haringey,Other Notifiable Offences,Going Equipped,0,2013,12
