E01003719,Redbridge,Other Notifiable Offences,Other Notifiable,0,2009,9
E01001699,Greenwich,Drugs,Possession Of Drugs,0,2014,8
E01001268,Ealing,Violence Against the Person,Offensive Weapon,0,2012,11
E01003074,Lambeth,Theft and Handling,Theft From Motor Vehicle,5,2015,1
E01002735,Islington,Theft and Handling,Theft From Shops,1,2016,11
E01003733,Redbridge,Drugs,Other Drugs,0,2014,10
E01001295,Ealing,Other Notifiable Offences,Going Equipped,0,2016,4
E01003664,Redbridge,Violence Against the Person,Offensive Weapon,0,2013,2
E01000902,Camden,Criminal Damage,Criminal Damage To Other Building,0,2014,8
E01003805,Richmond upon Thames,Theft and Handling,Handling Stolen Goods,0,2016,2
E01002326,Havering,Theft and Handling,Theft/Taking of Pedal Cycle,1,2011,1
E01003001,Kingston upon Thames,Criminal Damage,Other Criminal Damage,0,2008,3
E01033588,Barking and Dagenham,Theft and Handling,Theft/Taking of Pedal Cycle,0,2008,4
E01004141,Sutton,Violence Against the Person,Assault with Injury,0,2011,10
E01002574,Hounslow,Criminal Damage,Criminal Damage To Other Building,0,2012,9
E01003155,Lambeth,Violence Against the Person,Offensive Weapon,0,2015,2
E01000573,Brent,Burglary,Burglary in Other Buildings,0,2010,4
E01001237,Ealing,Theft and Handling,Theft/Taking of Pedal Cycle,2,2012,3
E01003571,Newham,Violence Against the Person,Offensive Weapon,0,2010,9
E01003171,Lambeth,Theft and Handling,Other Theft,1,2012,8
E01000029,Barking and Dagenham,Burglary,Burglary in Other Buildings,0,2015,5
E01001610,Greenwich,Theft and Handling,Other Theft Person,0,2012,8
E01000708,Bromley,Burglary,Burglary in a Dwelling,0,2015,2
E01000299,Barnet,Robbery,Personal Property,0,2016,8
E01032803,Southwark,Theft and Handling,Other Theft Person,1,2016,6
E01001686,Greenwich,Violence Against the Person,Assault with Injury,1,2016,9
E01003047,Lambeth,Other Notifiable Offences,Going Equipped,0,2014,7
E01001715,Hackney,Other Notifiable Offences,Other Notifiable,0,2013,5
E01004010,Southwark,Violence Against the Person,Assault with Injury,5,2011,4
E01002354,Havering,Drugs,Drug Trafficking,0,2011,6
E01000593,Brent,Theft and Handling,Motor Vehicle Interference & Tampering,0,2016,2
E01002852,Kensington and Chelsea,Criminal Damage,Criminal Damage To Other Building,0,2011,5
E01003473,Merton,Violence Against the Person,Offensive Weapon,0,2016,11
E01001411,Enfield,Criminal Damage,Criminal Damage To Dwelling,0,2010,3
E01003878,Richmond upon Thames,Drugs,Possession Of Drugs,7,2011,6
E01000862,Camden,Drugs,Other Drugs,0,2010,9
E01000946,Camden,Violence Against the Person,Common Assault,0,2013,7
E01002164,Harrow,Drugs,Drug Trafficking,0,2010,9
E01000521,Brent,Criminal Damage,Criminal Damage To Motor Vehicle,1,2008,9
E01004650,Westminster,Criminal Damage,Criminal Damage To Other Building,0,2010,12
E01033739,Greenwich,Theft and Handling,Other Theft Person,0,2011,5
E01000879,Camden,Theft and Handling,Theft/Taking of Pedal Cycle,1,2010,6
E01002806,Islington,Theft and Handling,Theft/Taking of Pedal Cycle,0,2012,5
E01001631,Greenwich,Drugs,Other Drugs,0,2014,5
E01003615,Newham,Violence Against the Person,Harassment,1,2011,10
E01001513,Enfield,Theft and Handling,Theft/Taking Of Motor Vehicle,2,2008,11
E01002010,Haringey,Drugs,Possession Of Drugs,0,2008,7
E01002889,Kensington and Chelsea,Theft and Handling,Other Theft,15,2012,4
E01004206,Tower Hamlets,Burglary,Burglary in a Dwelling,1,2008,7
E01002424,Hillingdon,Theft and Handling,Other Theft,1,2011,12
E01003812,Richmond upon Thames,Drugs,Drug Trafficking,0,2015,3
E01033587,Barking and Dagenham,Drugs,Drug Trafficking,0,2015,2
E01001106,Croydon,Criminal Damage,Other Criminal Damage,0,2011,6
E01002275,Havering,Other Notifiable Offences,Other Notifiable,0,2013,7
E01001349,Ealing,Drugs,Other Drugs,0,2015,12
E01001579,Greenwich,Criminal Damage,Other Criminal Damage,0,2016,7
E01004374,Waltham Forest,Criminal Damage,Other Criminal Damage,0,2016,1
E01033575,Newham,Criminal Damage,Criminal Damage To Other Building,0,2016,3
E01033100,Wandsworth,Theft and Handling,Motor Vehicle Interference & Tampering,0,2009,6
E01002475,Hillingdon,Theft and Handling,Other Theft,2,2012,9
E01000266,Barnet,Theft and Handling,Other Theft Person,0,2010,4
E01033707,Hackney,Robbery,Personal Property,1,2013,12
E01032565,Lewisham,Violence Against the Person,Offensive Weapon,0,2011,12
E01000277,Barnet,Violence Against the Person,Wounding/GBH,0,2012,5
E01002385,Havering,Theft and Handling,Theft/Taking of Pedal Cycle,0,2015,9
E01002462,Hillingdon,Burglary,Burglary in a Dwelling,1,2010,11
E01001409,Enfield,Drugs,Drug Trafficking,0,2008,12
E01003217,Lewisham,Theft and Handling,Theft/Taking Of Motor Vehicle,0,2014,1
E01004582,Wandsworth,Violence Against the Person,Other violence,0,2008,6
E01001014,Croydon,Sexual Offences,Other Sexual,0,2012,1
E01001623,Greenwich,Violence Against the Person,Offensive Weapon,0,2008,9
E01003763,Redbridge,Theft and Handling,Theft/Taking Of Motor Vehicle,0,2008,10
E01000922,Camden,Violence Against the Person,Other violence,0,2016,5
E01000257,Barnet,Fraud or Forgery,Counted per Victim,0,2015,7
E01001251,Ealing,Criminal Damage,Criminal Damage To Other Building,0,2015,6
E01002137,Harrow,Burglary,Burglary in Other Buildings,1,2008,3
E01000605,Brent,Theft and Handling,Theft/Taking of Pedal Cycle,0,2008,2
E01001396,Enfield,Theft and Handling,Theft From Motor Vehicle,0,2012,7
E01002065,Haringey,Other Notifiable Offences,Other Notifiable,0,2016,9
E01003750,Redbridge,Robbery,Personal Property,3,2010,11
E01000096,Barking and Dagenham,Violence Against the Person,Other violence,0,2016,12
E01003380,Merton,Burglary,Burglary in Other Buildings,0,2016,10
E01003059,Lambeth,Robbery,Business Property,0,2008,4
E01004588,Wandsworth,Violence Against the Person,Offensive Weapon,0,2009,3
E01000025,Barking and Dagenham,Robbery,Personal Property,0,2015,10
E01000956,Camden,Theft and Handling,Motor Vehicle Interference & Tampering,0,2012,5
E01003345,Lewisham,Violence Against the Person,Other violence,0,2009,1
E01001315,Ealing,Theft and Handling,Theft From Shops,0,2009,7
E01000386,Bexley,Violence Against the Person,Offensive Weapon,0,2016,3
E01001213,Ealing,Violence Against the Person,Common Assault,1,2015,7
E01003603,Newham,Violence Against the Person,Assault with Injury,2,2016,7
E01000722,Bromley,Violence Against the Person,Assault with Injury,1,2016,8
E01002666,Hounslow,Violence Against the Person,Wounding/GBH,0,2011,10
E01000711,Bromley,Sexual Offences,Other Sexual,0,2009,8
E01000381,Bexley,Theft and Handling,Theft/Taking Of Motor Vehicle,0,2014,9
E01004101,Sutton,Theft and Handling,Theft From Shops,0,2010,5
E01004722,Westminster,Theft and Handling,Theft From Shops,0,2011,2
E01000069,Barking and Dagenham,Theft and Handling,Other Theft Person,0,2010,1
E01002499,Hillingdon,Theft and Handling,Motor Vehicle Interference & Tampering,0,2010,5
E01003937,Southwark,Robbery,Personal Property,2,2011,11
E01004546,Wandsworth,Theft and Handling,Motor Vehicle Interference & Tampering,0,2008,7
E01002073,Haringey,Violence Against the Person,Common Assault,1,2012,3
E01001059,Croydon,Drugs,Possession Of Drugs,1,2011,1
E01000851,Camden,Fraud or Forgery,Counted per Victim,0,2011,11
E01000792,Bromley,Criminal Damage,Other Criminal Damage,0,2015,1
E01002632,Hounslow,Other Notifiable Offences,Going Equipped,0,2012,8
E01003756,Redbridge,Violence Against the Person,Common Assault,2,2010,5
E01001229,Ealing,Criminal Damage,Criminal Damage To Motor Vehicle,0,2010,5
E01003417,Merton,Violence Against the Person,Common Assault,0,2012,9
E01002923,Kingston upon Thames,Other Notifiable Offences,Other Notifiable,0,2010,3
E01004228,Tower Hamlets,Theft and Handling,Motor Vehicle Interference & Tampering,0,2008,5
E01002676,Hounslow,Theft and Handling,Handling Stolen Goods,0,2009,8
E01004489,Wandsworth,Theft and Handling,Motor Vehicle Interference & Tampering,0,2009,6
E01002946,Kingston upon Thames,Violence Against the Person,Assault with Injury,0,2011,10
E01000141,Barnet,Fraud or Forgery,Other Fraud & Forgery,0,2014,4
E01003407,Merton,Violence Against the Person,Common Assault,0,2010,8
E01000424,Bexley,Theft and Handling,Motor Vehicle Interference & Tampering,0,2015,12
E01002181,Harrow,Other Notifiable Offences,Going Equipped,0,2012,12
E01004283,Tower Hamlets,Drugs,Other Drugs,0,2016,3
E01002172,Harrow,Burglary,Burglary in a Dwelling,0,2009,3
E01003814,Richmond upon Thames,Theft and Handling,Theft/Taking Of Motor Vehicle,0,2015,7
E01004403,Waltham Forest,Violence Against the Person,Other violence,0,2016,5
E01001187,Croydon,Violence Against the Person,Assault with Injury,0,2009,5
E01003454,Merton,Criminal Damage,Other Criminal Damage,0,2008,1
E01002400,Hillingdon,Violence Against the Person,Offensive Weapon,0,2013,1
E01003458,Merton,Drugs,Drug Trafficking,0,2008,12
E01001074,Croydon,Violence Against the Person,Assault with Injury,1,2013,2
E01000615,Brent,Theft and Handling,Motor Vehicle Interference & Tampering,0,2010,8
E01002638,Hounslow,Theft and Handling,Handling Stolen Goods,0,2014,12
E01003994,Southwark,Criminal Damage,Criminal Damage To Other Building,0,2009,1
E01000298,Barnet,Theft and Handling,Other Theft,2,2014,9
E01000878,Camden,Criminal Damage,Criminal Damage To Dwelling,0,2012,2
E01002322,Havering,Theft and Handling,Other Theft,3,2016,9
E01001346,Ealing,Other Notifiable Offences,Other Notifiable,0,2009,4
E01001758,Hackney,Other Notifiable Offences,Going Equipped,0,2011,5
E01004442,Waltham Forest,Robbery,Business Property,0,2008,7
E01001526,Enfield,Violence Against the Person,Offensive Weapon,0,2011,3
E01003171,Lambeth,Theft and Handling,Theft From Motor Vehicle,3,2016,2
E01033712,Hackney,Theft and Handling,Other Theft Person,2,2012,11
E01004370,Waltham Forest,Drugs,Drug Trafficking,0,2011,3
E01004459,Waltham Forest,Burglary,Burglary in Other Buildings,0,2014,9
E01001377,Ealing,Robbery,Personal Property,0,2009,2
E01002360,Havering,Theft and Handling,Theft/Taking of Pedal Cycle,0,2012,8
E01001341,Ealing,Robbery,Personal Property,0,2015,6
E01001406,Enfield,Robbery,Personal Property,0,2009,7
E01003919,Southwark,Violence Against the Person,Wounding/GBH,0,2008,4
E01004147,Sutton,Theft and Handling,Theft/Taking Of Motor Vehicle,0,2009,2
E01004100,Sutton,Drugs,Drug Trafficking,0,2009,5
E01002959,Kingston upon Thames,Theft and Handling,Theft/Taking Of Motor Vehicle,1,2013,1
E01003658,Redbridge,Violence Against the Person,Other violence,0,2010,4
E01003780,Redbridge,Theft and Handling,Theft/Taking Of Motor Vehicle,0,2011,12
E01001857,Hammersmith and Fulham,Violence Against the Person,Common Assault,5,2015,2
E01001882,Hammersmith and Fulham,Violence Against the Person,Assault with Injury,0,2009,2
E01000479,Brent,Robbery,Business Property,0,2014,5
E01001794,Hackney,Drugs,Other Drugs,0,2016,7
E01003629,Newham,Theft and Handling,Theft From Motor Vehicle,0,2015,7
E01002160,Harrow,Criminal Damage,Other Criminal Damage,0,2009,6
E01002546,Hillingdon,Criminal Damage,Criminal Damage To Motor Vehicle,0,2015,8
E01032577,Hillingdon,Theft and Handling,Other Theft,2,2015,6
E01003005,Kingston upon Thames,Criminal Damage,Other Criminal Damage,0,2010,3
E01000099,Barking and Dagenham,Violence Against the Person,Assault with Injury,0,2016,8
E01002091,Haringey,Other Notifiable Offences,Other Notifiable,0,2015,5
E01004182,Sutton,Other Notifiable Offences,Going Equipped,0,2015,11
E01002085,Haringey,Drugs,Possession Of Drugs,1,2010,8
E01000384,Bexley,Theft and Handling,Theft From Motor Vehicle,0,2015,6
E01001575,Greenwich,Criminal Damage,Criminal Damage To Motor Vehicle,1,2016,6
E01003064,Lambeth,Theft and Handling,Other Theft,0,2012,4
E01001826,Hackney,Criminal Damage,Criminal Damage To Dwelling,0,2010,12
E01000977,Croydon,Criminal Damage,Criminal Damage To Other Building,0,2016,7
E01003304,Lewisham,Violence Against the Person,Wounding/GBH,1,2012,5
E01003125,Lambeth,Theft and Handling,Theft From Shops,0,2009,3
E01004745,Westminster,Violence Against the Person,Assault with Injury,1,2010,4
E01032584,Southwark,Burglary,Burglary in Other Buildings,2,2015,8
E01004447,Waltham Forest,Criminal Damage,Criminal Damage To Motor Vehicle,0,2014,8
E01000424,Bexley,Violence Against the Person,Offensive Weapon,0,2011,1
E01002514,Hillingdon,Violence Against the Person,Assault with Injury,3,2015,7
E01002610,Hounslow,Violence Against the Person,Offensive Weapon,0,2015,8
E01004459,Waltham Forest,Violence Against the Person,Harassment,3,2016,6
E01003282,Lewisham,Criminal Damage,Criminal Damage To Motor Vehicle,0,2013,5
E01002139,Harrow,Burglary,Burglary in Other Buildings,0,2015,9
E01004757,Westminster,Drugs,Possession Of Drugs,3,2008,6
E01001933,Hammersmith and Fulham,Robbery,Business Property,0,2016,5
E01001988,Haringey,Drugs,Possession Of Drugs,0,2015,7
E01002470,Hillingdon,Theft and Handling,Theft From Shops,5,2015,2
E01002170,Harrow,Violence Against the Person,Wounding/GBH,0,2008,10
E01001739,Hackney,Violence Against the Person,Other violence,0,2009,1
E01000393,Bexley,Violence Against the Person,Common Assault,0,2009,4
E01002339,Havering,Other Notifiable Offences,Other Notifiable,0,2014,12
E01000693,Bromley,Robbery,Business Property,0,2010,10
E01001881,Hammersmith and Fulham,Theft and Handling,Theft From Shops,3,2008,11
E01001524,Enfield,Criminal Damage,Criminal Damage To Other Building,0,2014,6
E01001432,Enfield,Drugs,Other Drugs,0,2010,12
E01002364,Havering,Theft and Handling,Other Theft,0,2014,3
E01003736,Redbridge,Criminal Damage,Criminal Damage To Dwelling,0,2015,10
E01001966,Haringey,Theft and Handling,Theft From Shops,0,2008,4
E01002209,Harrow,Burglary,Burglary in a Dwelling,0,2012,4
E01002155,Harrow,Theft and Handling,Motor Vehicle Interference & Tampering,0,2011,9
E01001494,Enfield,Violence Against the Person,Harassment,0,2014,11
E01003813,Richmond upon Thames,Violence Against the Person,Assault with Injury,0,2011,6
E01001603,Greenwich,Violence Against the Person,Offensive Weapon,0,2011,1
E01001138,Croydon,Criminal Damage,Criminal Damage To Other Building,1,2013,12
E01003522,Newham,Theft and Handling,Other Theft Person,1,2013,11
E01032785,Tower Hamlets,Violence Against the Person,Other violence,0,2010,4
E01003217,Lewisham,Drugs,Drug Trafficking,0,2010,11
E01004162,Sutton,Robbery,Business Property,0,2016,4
E01004338,Waltham Forest,Other Notifiable Offences,Going Equipped,0,2008,5
E01000527,Brent,Criminal Damage,Criminal Damage To Motor Vehicle,0,2014,8
E01032787,Tower Hamlets,Violence Against the Person,Offensive Weapon,0,2013,9
E01000762,Bromley,Theft and Handling,Theft/Taking of Pedal Cycle,0,2009,11
E01001734,Hackney,Theft and Handling,Handling Stolen Goods,0,2008,4
E01001734,Hackney,Other Notifiable Offences,Going Equipped,0,2009,2
E01002366,Havering,Violence Against the Person,Other violence,0,2015,9
E01004099,Sutton,Theft and Handling,Motor Vehicle Interference & Tampering,0,2010,6
E01002902,Kensington and Chelsea,Violence Against the Person,Other violence,0,2008,8
E01003978,Southwark,Theft and Handling,Other Theft Person,1,2009,2
E01004752,Westminster,Theft and Handling,Theft From Motor Vehicle,0,2016,5
E01003875,Richmond upon Thames,Violence Against the Person,Harassment,0,2009,1
E01002265,Havering,Theft and Handling,Other Theft,1,2013,9
E01001381,Ealing,Burglary,Burglary in Other Buildings,1,2009,12
E01002174,Harrow,Theft and Handling,Handling Stolen Goods,0,2011,9
E01001875,Hammersmith and Fulham,Criminal Damage,Criminal Damage To Dwelling,0,2013,2
E01000544,Brent,Criminal Damage,Criminal Damage To Motor Vehicle,1,2010,12
E01003532,Newham,Theft and Handling,Other Theft Person,2,2012,4
E01003344,Lewisham,Theft and Handling,Theft From Motor Vehicle,1,2008,12
E01001194,Croydon,Violence Against the Person,Harassment,1,2016,12
E01001406,Enfield,Theft and Handling,Theft From Motor Vehicle,1,2016,9
E01001609,Greenwich,Violence Against the Person,Offensive Weapon,0,2010,5
E01001687,Greenwich,Theft and Handling,Motor Vehicle Interference & Tampering,0,2009,11
E01003536,Newham,Criminal Damage,Criminal Damage To Dwelling,1,2008,10
E01003005,Kingston upon Thames,Criminal Damage,Criminal Damage To Other Building,0,2016,11
E01003711,Redbridge,Violence Against the Person,Harassment,0,2010,11
E01000171,Barnet,Violence Against the Person,Wounding/GBH,0,2011,5
E01003663,Redbridge,Theft and Handling,Other Theft Person,0,2010,3
E01000670,Bromley,Theft and Handling,Motor Vehicle Interference & Tampering,0,2013,5
E01000373,Bexley,Criminal Damage,Criminal Damage To Dwelling,1,2009,11
E01000467,Bexley,Robbery,Personal Property,0,2011,9
E01002583,Hounslow,Criminal Damage,Criminal Damage To Dwelling,1,2008,3
E01001938,Hammersmith and Fulham,Theft and Handling,Motor Vehicle Interference & Tampering,0,2008,11
E01002677,Hounslow,Robbery,Business Property,0,2009,8
E01004754,Westminster,Criminal Damage,Other Criminal Damage,0,2010,6
E01003564,Newham,Robbery,Business Property,0,2014,6
E01004241,Tower Hamlets,Theft and Handling,Theft From Motor Vehicle,4,2008,10
E01000736,Bromley,Theft and Handling,Motor Vehicle Interference & Tampering,0,2008,7
E01001103,Croydon,Criminal Damage,Criminal Damage To Dwelling,0,2010,9
E01004738,Westminster,Other Notifiable Offences,Other Notifiable,0,2013,4
E01001406,Enfield,Violence Against the Person,Offensive Weapon,0,2014,5
E01004504,Wandsworth,Robbery,Business Property,0,2010,7
E01003032,Lambeth,Theft and Handling,Handling Stolen Goods,0,2014,9
E01002219,Harrow,Sexual Offences,Rape,0,2015,4
E01004714,Westminster,Violence Against the Person,Wounding/GBH,5,2015,12
E01002976,Kingston upon Thames,Robbery,Personal Property,0,2014,10
E01001909,Hammersmith and Fulham,Other Notifiable Offences,Other Notifiable,0,2013,2
E01003215,Lewisham,Theft and Handling,Theft/Taking of Pedal Cycle,0,2009,6
E01033487,Islington,Violence Against the Person,Assault with Injury,0,2009,5
E01033588,Barking and Dagenham,Drugs,Other Drugs,0,2015,9
E01003733,Redbridge,Theft and Handling,Handling Stolen Goods,0,2008,11
E01002704,Islington,Drugs,Other Drugs,0,2009,8
E01000753,Bromley,Theft and Handling,Other Theft Person,0,2008,4
E01001728,Hackney,Criminal Damage,Criminal Damage To Other Building,0,2008,5
E01000646,Bromley,Other Notifiable Offences,Going Equipped,0,2013,1
E01001186,Croydon,Criminal Damage,Other Criminal Damage,0,2016,6
E01004728,Westminster,Drugs,Possession Of Drugs,0,2012,7
E01032739,City of London,Violence Against the Person,Offensive Weapon,0,2013,3
E01003044,Lambeth,Criminal Damage,Criminal Damage To Dwelling,0,2016,4
E01000459,Bexley,Robbery,Personal Property,0,2016,9
E01003111,Lambeth,Theft and Handling,Motor Vehicle Interference & Tampering,0,2013,1
E01004311,Tower Hamlets,Theft and Handling,Handling Stolen Goods,0,2009,11
E01003331,Lewisham,Criminal Damage,Other Criminal Damage,0,2008,9
E01000429,Bexley,Criminal Damage,Other Criminal Damage,1,2009,4
E01003203,Lewisham,Burglary,Burglary in a Dwelling,1,2010,7
E01003104,Lambeth,Other Notifiable Offences,Going Equipped,0,2013,9
E01000870,Camden,Criminal Damage,Criminal Damage To Motor Vehicle,0,2014,4
E01002214,Harrow,Burglary,Burglary in a Dwelling,4,2011,4
E01003537,Newham,Burglary,Burglary in Other Buildings,0,2014,1
E01002711,Islington,Drugs,Possession Of Drugs,1,2013,8
E01033735,Greenwich,Theft and Handling,Motor Vehicle Interference & Tampering,0,2008,2
E01003894,Richmond upon Thames,Theft and Handling,Theft/Taking of Pedal Cycle,0,2010,10
E01000277,Barnet,Violence Against the Person,Offensive Weapon,0,2008,6
E01002667,Hounslow,Drugs,Other Drugs,0,2008,7
E01003497,Newham,Theft and Handling,Theft From Motor Vehicle,8,2016,10
E01000576,Brent,Theft and Handling,Motor Vehicle Interference & Tampering,0,2014,3
E01002005,Haringey,Drugs,Drug Trafficking,0,2012,2
E01003545,Newham,Violence Against the Person,Harassment,1,2008,6
E01000180,Barnet,Violence Against the Person,Assault with Injury,0,2014,8
E01001416,Enfield,Drugs,Possession Of Drugs,0,2012,5
E01004631,Wandsworth,Theft and Handling,Theft From Shops,0,2014,7
E01001592,Greenwich,Drugs,Possession Of Drugs,2,2010,7
E01004194,Sutton,Theft and Handling,Theft From Shops,0,2013,5
E01003833,Richmond upon Thames,Burglary,Burglary in a Dwelling,1,2011,2
E01003057,Lambeth,Violence Against the Person,Other violence,0,2012,9
E01002994,Kingston upon Thames,Sexual Offences,Other Sexual,0,2011,7
E01000114,Barking and Dagenham,Violence Against the Person,Offensive Weapon,0,2009,9
E01004307,Tower Hamlets,Criminal Damage,Other Criminal Damage,2,2012,11
E01004248,Tower Hamlets,Theft and Handling,Motor Vehicle Interference & Tampering,0,2014,5
E01003874,Richmond upon Thames,Theft and Handling,Theft From Motor Vehicle,0,2016,2
E01002409,Hillingdon,Violence Against the Person,Offensive Weapon,0,2010,3
E01000782,Bromley,Theft and Handling,Motor Vehicle Interference & Tampering,0,2014,2
E01003225,Lewisham,Burglary,Burglary in a Dwelling,1,2013,9
E01004274,Tower Hamlets,Theft and Handling,Theft From Shops,0,2013,8
E01003927,Southwark,Other Notifiable Offences,Other Notifiable,3,2013,9
E01003432,Merton,Burglary,Burglary in a Dwelling,0,2016,8
E01001924,Hammersmith and Fulham,Violence Against the Person,Common Assault,3,2008,5
E01004647,Westminster,Theft and Handling,Theft/Taking of Pedal Cycle,0,2009,10
E01003923,Southwark,Criminal Damage,Criminal Damage To Other Building,0,2013,3
E01003708,Redbridge,Theft and Handling,Motor Vehicle Interference & Tampering,0,2015,7
E01001450,Enfield,Drugs,Drug Trafficking,1,2010,7
E01003491,Newham,Burglary,Burglary in Other Buildings,0,2015,2
E01002999,Kingston upon Thames,Violence Against the Person,Common Assault,1,2013,4
E01002311,Havering,Drugs,Possession Of Drugs,1,2014,6
E01003773,Redbridge,Theft and Handling,Motor Vehicle Interference & Tampering,0,2012,12
E01003020,Lambeth,Violence Against the Person,Offensive Weapon,0,2008,5
E01003867,Richmond upon Thames,Theft and Handling,Theft/Taking of Pedal Cycle,0,2011,4
E01000356,Bexley,Theft and Handling,Theft/Taking of Pedal Cycle,0,2013,2
E01001266,Ealing,Criminal Damage,Criminal Damage To Dwelling,0,2011,8
E01003770,Redbridge,Theft and Handling,Other Theft,5,2012,10
E01002335,Havering,Theft and Handling,Other Theft Person,0,2013,4
E01000869,Camden,Theft and Handling,Theft/Taking Of Motor Vehicle,0,2013,11
E01001539,Enfield,Violence Against the Person,Harassment,2,2015,5
E01003520,Newham,Violence Against the Person,Other violence,0,2014,11
E01004589,Wandsworth,Drugs,Possession Of Drugs,1,2014,12
E01002459,Hillingdon,Theft and Handling,Handling Stolen Goods,0,2009,10
E01002275,Havering,Criminal Damage,Criminal Damage To Other Building,0,2015,5
E01000910,Camden,Violence Against the Person,Wounding/GBH,0,2009,5
E01004208,Tower Hamlets,Fraud or Forgery,Other Fraud & Forgery,0,2015,7
E01000877,Camden,Theft and Handling,Other Theft Person,0,2016,8
E01003580,Newham,Theft and Handling,Theft From Shops,0,2010,12
E01000703,Bromley,Violence Against the Person,Offensive Weapon,0,2008,11
E01000764,Bromley,Theft and Handling,Other Theft Person,0,2013,6
E01003968,Southwark,Robbery,Personal Property,1,2010,10
E01000444,Bexley,Drugs,Possession Of Drugs,0,2010,12
E01001319,Ealing,Theft and Handling,Theft/Taking Of Motor Vehicle,0,2009,7
E01003907,Richmond upon Thames,Violence Against the Person,Offensive Weapon,0,2016,8
E01002815,Kensington and Chelsea,Sexual Offences,Other Sexual,0,2016,1
E01004667,Westminster,Criminal Damage,Other Criminal Damage,0,2012,8
E01000240,Barnet,Theft and Handling,Other Theft Person,0,2008,9
E01004253,Tower Hamlets,Violence Against the Person,Wounding/GBH,0,2012,6
E01004283,Tower Hamlets,Theft and Handling,Motor Vehicle Interference & Tampering,0,2010,1
E01004081,Sutton,Theft and Handling,Theft/Taking of Pedal Cycle,0,2012,2
E01003615,Newham,Theft and Handling,Other Theft,2,2011,9
E01004483,Wandsworth,Criminal Damage,Criminal Damage To Other Building,0,2015,9
E01002261,Havering,Violence Against the Person,Assault with Injury,1,2008,6
E01000470,Bexley,Violence Against the Person,Other violence,3,2009,4
E01000990,Croydon,Other Notifiable Offences,Other Notifiable,0,2016,5
E01001146,Croydon,Sexual Offences,Other Sexual,0,2012,10
E01000249,Barnet,Violence Against the Person,Harassment,0,2014,6
E01003874,Richmond upon Thames,Violence Against the Person,Common Assault,0,2013,11
E01032579,Lewisham,Violence Against the Person,Assault with Injury,1,2015,4
E01002944,Kingston upon Thames,Burglary,Burglary in a Dwelling,2,2012,6
E01002521,Hillingdon,Drugs,Possession Of Drugs,3,2012,7
E01001692,Greenwich,Theft and Handling,Motor Vehicle Interference & Tampering,1,2008,6
E01000945,Camden,Criminal Damage,Criminal Damage To Motor Vehicle,1,2016,2
E01001881,Hammersmith and Fulham,Burglary,Burglary in Other Buildings,0,2010,9
E01001280,Ealing,Theft and Handling,Theft From Motor Vehicle,1,2009,3
E01002294,Havering,Violence Against the Person,Offensive Weapon,0,2016,6
E01003287,Lewisham,Theft and Handling,Other Theft,1,2013,9
E01004164,Sutton,Theft and Handling,Theft/Taking of Pedal Cycle,0,2014,2
E01004740,Westminster,Robbery,Personal Property,0,2015,12
E01001379,Ealing,Theft and Handling,Theft/Taking Of Motor Vehicle,0,2013,7
E01000070,Barking and Dagenham,Burglary,Burglary in Other Buildings,0,2013,8
E01000302,Barnet,Violence Against the Person,Offensive Weapon,0,2016,10
E01004568,Wandsworth,Drugs,Drug Trafficking,0,2015,4
E01002032,Haringey,Violence Against the Person,Assault with Injury,1,2010,8
E01003132,Lambeth,Violence Against the Person,Other violence,1,2008,1
E01003201,Lewisham,Theft and Handling,Motor Vehicle Interference & Tampering,0,2013,8
E01001916,Hammersmith and Fulham,Criminal Damage,Other Criminal Damage,0,2009,10
E01003809,Richmond upon Thames,Robbery,Personal Property,0,2016,2
E01003589,Newham,Criminal Damage,Criminal Damage To Motor Vehicle,0,2012,1
E01004081,Sutton,Violence Against the Person,Harassment,0,2009,3
E01001669,Greenwich,Violence Against the Person,Common Assault,1,2009,7
E01004117,Sutton,Theft and Handling,Other Theft,1,2008,10
E01002458,Hillingdon,Violence Against the Person,Common Assault,0,2011,4
E01001438,Enfield,Theft and Handling,Motor Vehicle Interference & Tampering,0,2010,7
E01003788,Redbridge,Violence Against the Person,Wounding/GBH,0,2010,3
E01001089,Croydon,Drugs,Possession Of Drugs,1,2012,2
E01000056,Barking and Dagenham,Violence Against the Person,Murder,0,2012,12
E01000813,Bromley,Theft and Handling,Theft/Taking of Pedal Cycle,0,2016,9
E01002144,Harrow,Criminal Damage,Criminal Damage To Dwelling,0,2013,3
E01000466,Bexley,Criminal Damage,Other Criminal Damage,0,2011,6
E01004583,Wandsworth,Criminal Damage,Criminal Damage To Other Building,0,2012,7
E01003849,Richmond upon Thames,Criminal Damage,Criminal Damage To Other Building,0,2008,4
E01004116,Sutton,Theft and Handling,Theft/Taking of Pedal Cycle,0,2016,8
E01004646,Westminster,Drugs,Drug Trafficking,0,2011,12
E01003839,Richmond upon Thames,Sexual Offences,Other Sexual,0,2008,4
E01003949,Southwark,Robbery,Personal Property,0,2010,3
E01002507,Hillingdon,Drugs,Possession Of Drugs,0,2013,10
E01000381,Bexley,Violence Against the Person,Wounding/GBH,1,2015,11
E01004333,Waltham Forest,Theft and Handling,Handling Stolen Goods,0,2014,12
E01003140,Lambeth,Criminal Damage,Criminal Damage To Dwelling,1,2010,5
E01000965,Camden,Burglary,Burglary in Other Buildings,2,2016,2
E01003492,Newham,Burglary,Burglary in Other Buildings,0,2011,5
E01003711,Redbridge,Violence Against the Person,Other violence,0,2013,1
E01002998,Kingston upon Thames,Theft and Handling,Motor Vehicle Interference & Tampering,0,2012,5
E01003619,Newham,Theft and Handling,Motor Vehicle Interference & Tampering,0,2012,7
E01004244,Tower Hamlets,Criminal Damage,Criminal Damage To Other Building,0,2013,7
E01033485,Brent,Theft and Handling,Other Theft Person,0,2008,1
E01001650,Greenwich,Drugs,Drug Trafficking,0,2014,12
E01001977,Haringey,Violence Against the Person,Common Assault,2,2011,1
E01002351,Havering,Burglary,Burglary in a Dwelling,0,2008,7
E01002031,Haringey,Theft and Handling,Handling Stolen Goods,0,2015,7
E01033571,Richmond upon Thames,Theft and Handling,Theft/Taking Of Motor Vehicle,0,2012,12
E01003172,Lambeth,Criminal Damage,Criminal Damage To Motor Vehicle,0,2014,4
E01002183,Harrow,Theft and Handling,Theft From Motor Vehicle,0,2012,2
E01003490,Newham,Robbery,Personal Property,0,2014,10
E01003212,Lewisham,Other Notifiable Offences,Other Notifiable,0,2011,10
E01002128,Harrow,Theft and Handling,Other Theft,1,2015,7
E01000323,Barnet,Criminal Damage,Criminal Damage To Dwelling,3,2016,10
E01001733,Hackney,Criminal Damage,Other Criminal Damage,0,2013,2
E01001449,Enfield,Theft and Handling,Theft/Taking of Pedal Cycle,1,2012,4
E01000174,Barnet,Robbery,Personal Property,0,2011,3
E01001592,Greenwich,Theft and Handling,Theft From Motor Vehicle,0,2011,6
E01000094,Barking and Dagenham,Burglary,Burglary in Other Buildings,0,2010,1
E01000194,Barnet,Criminal Damage,Criminal Damage To Motor Vehicle,0,2016,6
E01004633,Wandsworth,Theft and Handling,Theft From Motor Vehicle,0,2014,5
E01001775,Hackney,Burglary,Burglary in a Dwelling,1,2010,8
E01004130,Sutton,Theft and Handling,Other Theft,2,2010,9
E01000466,Bexley,Violence Against the Person,Harassment,2,2015,8
E01001175,Croydon,Theft and Handling,Theft/Taking of Pedal Cycle,0,2008,11
E01000184,Barnet,Criminal Damage,Criminal Damage To Motor Vehicle,1,2015,5
E01003739,Redbridge,Violence Against the Person,Harassment,1,2015,5
E01000295,Barnet,Violence Against the Person,Wounding/GBH,0,2010,10
E01001537,Enfield,Drugs,Drug Trafficking,0,2010,8
E01002460,Hillingdon,Theft and Handling,Theft/Taking of Pedal Cycle,0,2014,3
E01001366,Ealing,Theft and Handling,Handling Stolen Goods,0,2015,3
E01002886,Kensington and Chelsea,Theft and Handling,Theft From Motor Vehicle,5,2013,2
E01003146,Lambeth,Criminal Damage,Criminal Damage To Other Building,0,2011,6
E01001651,Greenwich,Drugs,Possession Of Drugs,0,2014,5
E01001280,Ealing,Violence Against the Person,Wounding/GBH,0,2010,9
E01004521,Wandsworth,Theft and Handling,Other Theft Person,0,2015,5
E01003509,Newham,Theft and Handling,Other Theft,1,2010,3
E01003967,Southwark,Drugs,Other Drugs,0,2015,12
E01003459,Merton,Violence Against the Person,Wounding/GBH,0,2011,3
E01000816,Bromley,Other Notifiable Offences,Other Notifiable,0,2014,12
E01000591,Brent,Violence Against the Person,Assault with Injury,2,2010,7
E01033728,Greenwich,Violence Against the Person,Wounding/GBH,0,2015,1
E01002646,Hounslow,Theft and Handling,Theft/Taking Of Motor Vehicle,1,2012,3
E01003835,Richmond upon Thames,Theft and Handling,Other Theft,1,2011,4
E01000363,Bexley,Theft and Handling,Other Theft Person,0,2008,5
E01000521,Brent,Robbery,Personal Property,0,2016,1
E01000873,Camden,Violence Against the Person,Wounding/GBH,0,2016,8
E01001307,Ealing,Theft and Handling,Theft/Taking of Pedal Cycle,0,2015,2
E01000229,Barnet,Burglary,Burglary in a Dwelling,2,2008,12
E01001878,Hammersmith and Fulham,Burglary,Burglary in a Dwelling,1,2014,10
E01001509,Enfield,Drugs,Possession Of Drugs,2,2010,6
E01003428,Merton,Violence Against the Person,Other violence,0,2011,4
E01004344,Waltham Forest,Other Notifiable Offences,Other Notifiable,0,2010,7
E01001620,Greenwich,Robbery,Business Property,0,2016,3
E01002165,Harrow,Drugs,Possession Of Drugs,0,2015,4
E01000003,City of London,Violence Against the Person,Wounding/GBH,0,2013,8
E01003840,Richmond upon Thames,Robbery,Personal Property,0,2009,11
E01001039,Croydon,Robbery,Business Property,0,2010,12
E01002520,Hillingdon,Criminal Damage,Criminal Damage To Other Building,0,2009,8
E01002079,Haringey,Theft and Handling,Other Theft Person,0,2013,7
E01000982,Croydon,Drugs,Possession Of Drugs,1,2011,8
E01001181,Croydon,Theft and Handling,Handling Stolen Goods,0,2009,1
E01001514,Enfield,Criminal Damage,Criminal Damage To Dwelling,0,2013,5
E01004468,Waltham Forest,Drugs,Other Drugs,0,2010,12
E01000853,Camden,Theft and Handling,Motor Vehicle Interference & Tampering,0,2014,8
E01004478,Wandsworth,Violence Against the Person,Common Assault,0,2014,12
E01002358,Havering,Violence Against the Person,Wounding/GBH,0,2012,3
E01003278,Lewisham,Theft and Handling,Theft From Motor Vehicle,0,2010,9
E01004325,Tower Hamlets,Violence Against the Person,Murder,0,2011,2
E01003638,Redbridge,Theft and Handling,Theft/Taking of Pedal Cycle,0,2013,2
E01001618,Greenwich,Other Notifiable Offences,Going Equipped,0,2013,5
E01004660,Westminster,Violence Against the Person,Common Assault,0,2008,6
E01000310,Barnet,Burglary,Burglary in a Dwelling,3,2015,4
E01003001,Kingston upon Thames,Criminal Damage,Criminal Damage To Dwelling,0,2009,2
E01003053,Lambeth,Criminal Damage,Criminal Damage To Motor Vehicle,1,2014,12
E01002170,Harrow,Violence Against the Person,Assault with Injury,0,2013,3
E01004292,Tower Hamlets,Robbery,Personal Property,0,2014,7
E01002273,Havering,Theft and Handling,Theft From Motor Vehicle,0,2014,6
E01004681,Westminster,Burglary,Burglary in Other Buildings,2,2008,11
E01003834,Richmond upon Thames,Violence Against the Person,Wounding/GBH,0,2012,8
E01003166,Lambeth,Theft and Handling,Handling Stolen Goods,0,2009,11
E01001421,Enfield,Criminal Damage,Criminal Damage To Motor Vehicle,1,2014,12
E01002142,Harrow,Theft and Handling,Other Theft Person,1,2013,5
E01004057,Southwark,Violence Against the Person,Offensive Weapon,0,2013,7
E01001835,Hackney,Criminal Damage,Criminal Damage To Motor Vehicle,0,2011,9
E01001862,Hammersmith and Fulham,Theft and Handling,Theft/Taking Of Motor Vehicle,3,2015,4
E01003536,Newham,Theft and Handling,Other Theft,0,2008,11
E01002213,Harrow,Fraud or Forgery,Counted per Victim,0,2016,7
E01001000,Croydon,Other Notifiable Offences,Other Notifiable,0,2015,4
E01002594,Hounslow,Theft and Handling,Handling Stolen Goods,0,2016,11
E01000411,Bexley,Violence Against the Person,Other violence,0,2009,7
E01002834,Kensington and Chelsea,Drugs,Drug Trafficking,0,2013,3
E01033708,Hackney,Violence Against the Person,Common Assault,6,2015,5
E01004058,Southwark,Theft and Handling,Theft/Taking Of Motor Vehicle,1,2010,3
E01000841,Bromley,Violence Against the Person,Other violence,0,2010,7
E01003785,Redbridge,Fraud or Forgery,Other Fraud & Forgery,0,2011,7
E01001576,Greenwich,Violence Against the Person,Common Assault,1,2010,8
E01000382,Bexley,Violence Against the Person,Common Assault,0,2016,2
E01002803,Islington,Theft and Handling,Handling Stolen Goods,0,2014,8
E01002414,Hillingdon,Criminal Damage,Criminal Damage To Other Building,1,2016,2
E01004547,Wandsworth,Burglary,Burglary in a Dwelling,0,2015,1
E01003987,Southwark,Burglary,Burglary in Other Buildings,0,2010,5
E01000691,Bromley,Robbery,Personal Property,0,2011,10
E01000375,Bexley,Violence Against the Person,Other violence,0,2015,1
E01033592,Redbridge,Robbery,Personal Property,0,2014,11
E01000088,Barking and Dagenham,Theft and Handling,Other Theft,0,2008,10
E01001307,Ealing,Theft and Handling,Theft/Taking Of Motor Vehicle,2,2011,7
E01003972,Southwark,Violence Against the Person,Wounding/GBH,0,2011,8
E01001980,Haringey,Theft and Handling,Theft/Taking of Pedal Cycle,0,2012,4
E01003864,Richmond upon Thames,Violence Against the Person,Other violence,0,2010,3
E01002232,Harrow,Violence Against the Person,Other violence,0,2015,2
E01000940,Camden,Theft and Handling,Theft/Taking of Pedal Cycle,0,2009,4
E01033101,Wandsworth,Robbery,Business Property,0,2012,5
E01004394,Waltham Forest,Burglary,Burglary in a Dwelling,1,2009,8
E01000373,Bexley,Robbery,Personal Property,0,2016,11
E01003911,Southwark,Theft and Handling,Theft/Taking of Pedal Cycle,0,2010,1
E01003542,Newham,Theft and Handling,Other Theft,0,2009,3
E01000591,Brent,Theft and Handling,Motor Vehicle Interference & Tampering,0,2016,6
E01002513,Hillingdon,Drugs,Drug Trafficking,0,2008,6
E01000270,Barnet,Theft and Handling,Other Theft Person,0,2015,7
E01002841,Kensington and Chelsea,Burglary,Burglary in a Dwelling,0,2010,9
E01004117,Sutton,Drugs,Possession Of Drugs,0,2012,6
E01001257,Ealing,Theft and Handling,Other Theft Person,0,2015,5
E01003558,Newham,Theft and Handling,Handling Stolen Goods,0,2009,9
E01002520,Hillingdon,Theft and Handling,Other Theft,1,2014,8
E01003177,Lambeth,Drugs,Other Drugs,0,2016,12
E01002299,Havering,Violence Against the Person,Offensive Weapon,0,2008,5
E01001049,Croydon,Theft and Handling,Theft From Shops,0,2009,7
E01001608,Greenwich,Violence Against the Person,Harassment,0,2008,3
E01003807,Richmond upon Thames,Drugs,Possession Of Drugs,0,2008,3
E01001535,Enfield,Criminal Damage,Criminal Damage To Motor Vehicle,0,2009,7
E01003756,Redbridge,Violence Against the Person,Assault with Injury,0,2010,10
E01002917,Kingston upon Thames,Criminal Damage,Criminal Damage To Motor Vehicle,0,2015,9
E01001756,Hackney,Theft and Handling,Other Theft,2,2009,9
E01002202,Harrow,Theft and Handling,Theft From Shops,1,2012,3
E01003654,Redbridge,Theft and Handling,Handling Stolen Goods,0,2014,4
E01004047,Southwark,Theft and Handling,Theft From Shops,0,2015,7
E01002691,Hounslow,Theft and Handling,Theft From Motor Vehicle,4,2010,6
E01001426,Enfield,Theft and Handling,Handling Stolen Goods,0,2016,6
E01002014,Haringey,Theft and Handling,Theft/Taking of Pedal Cycle,0,2011,12
E01002400,Hillingdon,Violence Against the Person,Common Assault,0,2011,5
E01002196,Harrow,Theft and Handling,Other Theft,0,2010,3
E01003282,Lewisham,Fraud or Forgery,Counted per Victim,0,2010,6
E01001316,Ealing,Criminal Damage,Criminal Damage To Dwelling,0,2010,7
E01004413,Waltham Forest,Criminal Damage,Criminal Damage To Dwelling,2,2014,8
E01001517,Enfield,Criminal Damage,Criminal Damage To Other Building,0,2016,6
E01032638,Southwark,Burglary,Burglary in Other Buildings,0,2012,1
E01000129,Barnet,Theft and Handling,Other Theft,1,2015,4
E01000282,Barnet,Theft and Handling,Theft/Taking Of Motor Vehicle,0,2009,2
E01000574,Brent,Violence Against the Person,Offensive Weapon,0,2011,1
E01004400,Waltham Forest,Criminal Damage,Criminal Damage To Motor Vehicle,0,2012,11
E01004000,Southwark,Theft and Handling,Theft From Shops,0,2012,6
E01003368,Merton,Theft and Handling,Motor Vehicle Interference & Tampering,1,2010,1
E01003117,Lambeth,Other Notifiable Offences,Other Notifiable,0,2010,4
E01004380,Waltham Forest,Violence Against the Person,Common Assault,0,2012,1
E01002124,Harrow,Theft and Handling,Other Theft,0,2016,7
E01002352,Havering,Other Notifiable Offences,Other Notifiable,2,2015,10
E01004517,Wandsworth,Robbery,Personal Property,1,2016,7
E01002298,Havering,Violence Against the Person,Common Assault,1,2015,2
E01003355,Merton,Criminal Damage,Other Criminal Damage,1,2015,3
E01004211,Tower Hamlets,Violence Against the Person,Harassment,3,2016,2
E01001199,Ealing,Burglary,Burglary in Other Buildings,0,2014,11
E01003677,Redbridge,Theft and Handling,Theft/Taking of Pedal Cycle,0,2009,5
E01000970,Camden,Criminal Damage,Criminal Damage To Dwelling,1,2014,8
E01002319,Havering,Theft and Handling,Theft/Taking of Pedal Cycle,0,2009,3
E01001406,Enfield,Criminal Damage,Criminal Damage To Dwelling,0,2010,3
E01001234,Ealing,Criminal Damage,Criminal Damage To Motor Vehicle,2,2008,2
E01001770,Hackney,Robbery,Personal Property,2,2016,2
E01004252,Tower Hamlets,Other Notifiable Offences,Going Equipped,0,2014,12
E01004687,Westminster,Other Notifiable Offences,Going Equipped,0,2016,4
E01000662,Bromley,Burglary,Burglary in a Dwelling,1,2013,10
E01002878,Kensington and Chelsea,Theft and Handling,Motor Vehicle Interference & Tampering,0,2013,9
E01000450,Bexley,Violence Against the Person,Wounding/GBH,0,2013,7
E01004354,Waltham Forest,Violence Against the Person,Common Assault,1,2015,8
E01000290,Barnet,Theft and Handling,Theft/Taking of Pedal Cycle,0,2011,6
E01033322,Lewisham,Theft and Handling,Other Theft,0,2012,11
E01000231,Barnet,Criminal Damage,Other Criminal Damage,1,2014,6
E01001037,Croydon,Drugs,Drug Trafficking,0,2013,2
E01001646,Greenwich,Theft and Handling,Theft From Shops,1,2012,10
E01000350,Bexley,Drugs,Possession Of Drugs,0,2012,1
E01004207,Tower Hamlets,Theft and Handling,Other Theft Person,1,2011,1
E01001706,Greenwich,Criminal Damage,Criminal Damage To Motor Vehicle,0,2012,4
E01000881,Camden,Drugs,Possession Of Drugs,0,2012,5
E01003026,Lambeth,Robbery,Business Property,0,2016,4
E01001932,Hammersmith and Fulham,Robbery,Personal Property,0,2013,1
E01004075,Southwark,Burglary,Burglary in a Dwelling,1,2015,6
E01001101,Croydon,Theft and Handling,Other Theft Person,0,2009,2
E01000556,Brent,Drugs,Other Drugs,0,2013,2
E01033708,Hackney,Burglary,Burglary in a Dwelling,5,2016,10
E01003946,Southwark,Violence Against the Person,Assault with Injury,0,2011,10
E01001794,Hackney,Violence Against the Person,Offensive Weapon,0,2008,8
E01004630,Wandsworth,Theft and Handling,Theft From Motor Vehicle,1,2009,5
E01003992,Southwark,Criminal Damage,Criminal Damage To Motor Vehicle,0,2015,12
E01001019,Croydon,Criminal Damage,Other Criminal Damage,1,2014,1
E01003775,Redbridge,Theft and Handling,Theft/Taking Of Motor Vehicle,1,2011,7
E01001034,Croydon,Burglary,Burglary in Other Buildings,0,2015,5
E01004706,Westminster,Theft and Handling,Theft From Shops,0,2015,12
E01001790,Hackney,Theft and Handling,Motor Vehicle Interference & Tampering,0,2016,12
E01004436,Waltham Forest,Violence Against the Person,Common Assault,0,2016,8
E01002940,Kingston upon Thames,Violence Against the Person,Offensive Weapon,0,2012,5
E01001681,Greenwich,Criminal Damage,Other Criminal Damage,0,2014,3
E01000214,Barnet,Theft and Handling,Other Theft Person,1,2014,4
E01033464,Brent,Drugs,Possession Of Drugs,0,2016,6
E01004060,Southwark,Theft and Handling,Theft From Shops,0,2009,7
E01001138,Croydon,Robbery,Personal Property,2,2010,5
E01002181,Harrow,Theft and Handling,Theft From Motor Vehicle,0,2013,4
E01002937,Kingston upon Thames,Theft and Handling,Other Theft,1,2008,4
E01004273,Tower Hamlets,Violence Against the Person,Wounding/GBH,0,2010,3
E01002101,Haringey,Theft and Handling,Other Theft Person,0,2010,2
E01004436,Waltham Forest,Theft and Handling,Motor Vehicle Interference & Tampering,0,2014,11
E01000359,Bexley,Criminal Damage,Criminal Damage To Dwelling,0,2009,3
E01001524,Enfield,Criminal Damage,Criminal Damage To Motor Vehicle,0,2012,8
E01003700,Redbridge,Theft and Handling,Theft From Motor Vehicle,1,2013,4
E01004000,Southwark,Theft and Handling,Handling Stolen Goods,1,2008,6
E01000564,Brent,Fraud or Forgery,Counted per Victim,0,2013,3
E01003986,Southwark,Theft and Handling,Theft/Taking Of Motor Vehicle,2,2010,7
E01004332,Waltham Forest,Theft and Handling,Theft/Taking of Pedal Cycle,0,2013,2
E01001984,Haringey,Violence Against the Person,Offensive Weapon,0,2009,12
E01002975,Kingston upon Thames,Theft and Handling,Other Theft,0,2015,9
E01003878,Richmond upon Thames,Criminal Damage,Other Criminal Damage,0,2009,11
E01000599,Brent,Violence Against the Person,Offensive Weapon,0,2015,6
E01004235,Tower Hamlets,Criminal Damage,Criminal Damage To Motor Vehicle,0,2009,10
E01003418,Merton,Violence Against the Person,Common Assault,0,2013,10
E01002289,Havering,Violence Against the Person,Assault with Injury,0,2010,1
E01004509,Wandsworth,Sexual Offences,Rape,0,2012,6
E01002210,Harrow,Theft and Handling,Other Theft Person,0,2009,6
E01033725,Hillingdon,Theft and Handling,Theft/Taking of Pedal Cycle,0,2014,12
E01000085,Barking and Dagenham,Other Notifiable Offences,Going Equipped,0,2015,4
E01000067,Barking and Dagenham,Criminal Damage,Criminal Damage To Motor Vehicle,1,2008,5
E01003021,Lambeth,Burglary,Burglary in Other Buildings,0,2009,5
E01003776,Redbridge,Burglary,Burglary in a Dwelling,1,2014,3
E01003884,Richmond upon Thames,Theft and Handling,Theft From Motor Vehicle,0,2008,6
E01003513,Newham,Theft and Handling,Other Theft Person,0,2014,9
E01002604,Hounslow,Criminal Damage,Criminal Damage To Other Building,0,2012,10
E01003316,Lewisham,Theft and Handling,Motor Vehicle Interference & Tampering,0,2009,6
E01001911,Hammersmith and Fulham,Theft and Handling,Theft From Motor Vehicle,1,2012,1
E01003534,Newham,Theft and Handling,Other Theft,5,2013,2
E01002939,Kingston upon Thames,Violence Against the Person,Offensive Weapon,0,2014,3
E01004046,Southwark,Theft and Handling,Handling Stolen Goods,0,2012,8
E01004354,Waltham Forest,Burglary,Burglary in a Dwelling,1,2014,9
E01003874,Richmond upon Thames,Violence Against the Person,Wounding/GBH,0,2013,11
E01002207,Harrow,Robbery,Personal Property,0,2009,9
E01003656,Redbridge,Violence Against the Person,Other violence,0,2016,7
E01000750,Bromley,Theft and Handling,Theft/Taking of Pedal Cycle,0,2010,4
E01002009,Haringey,Violence Against the Person,Wounding/GBH,0,2012,9
E01001644,Greenwich,Criminal Damage,Criminal Damage To Motor Vehicle,0,2011,2
E01002816,Kensington and Chelsea,Theft and Handling,Other Theft Person,0,2014,1
E01000931,Camden,Sexual Offences,Other Sexual,0,2014,7
E01002453,Hillingdon,Theft and Handling,Theft/Taking Of Motor Vehicle,0,2008,7
E01003161,Lambeth,Violence Against the Person,Offensive Weapon,0,2009,10
E01004332,Waltham Forest,Burglary,Burglary in Other Buildings,0,2015,1
E01003153,Lambeth,Violence Against the Person,Offensive Weapon,2,2008,7
E01004084,Sutton,Theft and Handling,Theft From Shops,0,2012,4
E01001711,Greenwich,Violence Against the Person,Common Assault,1,2015,11
E01001878,Hammersmith and Fulham,Other Notifiable Offences,Other Notifiable,0,2009,6
E01002033,Haringey,Criminal Damage,Other Criminal Damage,0,2016,5
E01001280,Ealing,Violence Against the Person,Wounding/GBH,0,2008,5
E01000836,Bromley,Violence Against the Person,Common Assault,0,2008,2
E01001145,Croydon,Other Notifiable Offences,Going Equipped,0,2016,6
E01000871,Camden,Violence Against the Person,Other violence,0,2014,8
E01000094,Barking and Dagenham,Violence Against the Person,Wounding/GBH,0,2014,12
E01002834,Kensington and Chelsea,Drugs,Drug Trafficking,0,2015,7
E01002900,Kensington and Chelsea,Violence Against the Person,Harassment,1,2010,5
E01002564,Hounslow,Drugs,Other Drugs,0,2016,4
E01033607,Westminster,Violence Against the Person,Other violence,0,2008,5
E01002776,Islington,Criminal Damage,Other Criminal Damage,1,2011,6
E01003834,Richmond upon Thames,Violence Against the Person,Other violence,0,2008,4
E01001604,Greenwich,Robbery,Business Property,0,2014,2
E01003413,Merton,Theft and Handling,Handling Stolen Goods,0,2014,10
E01002634,Hounslow,Violence Against the Person,Other violence,0,2014,7
E01000141,Barnet,Robbery,Personal Property,3,2011,11
E01003871,Richmond upon Thames,Robbery,Business Property,0,2010,9
E01003079,Lambeth,Robbery,Personal Property,0,2012,5
E01003941,Southwark,Violence Against the Person,Wounding/GBH,0,2009,9
E01004125,Sutton,Theft and Handling,Other Theft,0,2013,7
E01003675,Redbridge,Theft and Handling,Handling Stolen Goods,0,2010,8
E01003618,Newham,Robbery,Business Property,0,2011,10
E01000389,Bexley,Criminal Damage,Criminal Damage To Dwelling,0,2015,2
E01001605,Greenwich,Robbery,Personal Property,0,2008,2
E01002311,Havering,Other Notifiable Offences,Other Notifiable,0,2011,11
E01001372,Ealing,Violence Against the Person,Assault with Injury,2,2012,10
E01003615,Newham,Violence Against the Person,Wounding/GBH,0,2015,5
E01001756,Hackney,Fraud or Forgery,Other Fraud & Forgery,0,2013,3
E01003800,Richmond upon Thames,Robbery,Personal Property,0,2012,12
E01003647,Redbridge,Drugs,Other Drugs,0,2011,3
E01001328,Ealing,Theft and Handling,Theft/Taking of Pedal Cycle,0,2009,9
E01000277,Barnet,Violence Against the Person,Offensive Weapon,0,2016,1
E01000113,Barking and Dagenham,Violence Against the Person,Assault with Injury,0,2014,7
E01033734,Greenwich,Theft and Handling,Motor Vehicle Interference & Tampering,0,2012,8
E01001440,Enfield,Drugs,Possession Of Drugs,0,2016,12
E01001412,Enfield,Theft and Handling,Motor Vehicle Interference & Tampering,0,2008,11
E01000193,Barnet,Theft and Handling,Theft From Motor Vehicle,2,2009,6
E01003489,Newham,Criminal Damage,Criminal Damage To Other Building,0,2011,10
E01000112,Barking and Dagenham,Theft and Handling,Theft From Shops,0,2015,6
E01033464,Brent,Violence Against the Person,Murder,0,2016,3
E01032784,Tower Hamlets,Criminal Damage,Criminal Damage To Other Building,0,2010,11
E01004460,Waltham Forest,Burglary,Burglary in a Dwelling,1,2015,1
E01001513,Enfield,Theft and Handling,Theft From Shops,2,2013,11
E01004309,Tower Hamlets,Violence Against the Person,Harassment,5,2012,4
E01001517,Enfield,Drugs,Drug Trafficking,0,2009,4
E01000187,Barnet,Criminal Damage,Other Criminal Damage,0,2008,12
E01001261,Ealing,Violence Against the Person,Harassment,3,2016,7
E01001577,Greenwich,Violence Against the Person,Other violence,0,2014,1
E01001108,Croydon,Violence Against the Person,Wounding/GBH,0,2009,11
E01004516,Wandsworth,Burglary,Burglary in a Dwelling,3,2012,10
E01000773,Bromley,Burglary,Burglary in Other Buildings,0,2009,4
E01003624,Newham,Criminal Damage,Other Criminal Damage,0,2012,8
E01004355,Waltham Forest,Burglary,Burglary in a Dwelling,1,2012,10
E01001260,Ealing,Robbery,Business Property,0,2010,1
E01003411,Merton,Drugs,Possession Of Drugs,1,2015,12
E01001876,Hammersmith and Fulham,Theft and Handling,Theft/Taking of Pedal Cycle,0,2010,12
E01003069,Lambeth,Theft and Handling,Theft From Motor Vehicle,1,2011,8
E01002625,Hounslow,Burglary,Burglary in Other Buildings,0,2016,5
E01004558,Wandsworth,Violence Against the Person,Offensive Weapon,0,2015,11
E01004674,Westminster,Violence Against the Person,Offensive Weapon,0,2011,2
E01002714,Islington,Theft and Handling,Motor Vehicle Interference & Tampering,0,2016,9
E01032637,Southwark,Criminal Damage,Criminal Damage To Other Building,0,2015,7
E01004489,Wandsworth,Drugs,Drug Trafficking,0,2010,7
E01001462,Enfield,Drugs,Possession Of Drugs,0,2011,4
E01002224,Harrow,Fraud or Forgery,Counted per Victim,0,2009,7
E01003498,Newham,Theft and Handling,Theft/Taking Of Motor Vehicle,1,2011,1
E01001214,Ealing,Violence Against the Person,Assault with Injury,0,2011,9
E01002799,Islington,Burglary,Burglary in Other Buildings,0,2016,2
E01000490,Brent,Burglary,Burglary in a Dwelling,3,2011,5
E01002678,Hounslow,Criminal Damage,Criminal Damage To Dwelling,0,2011,2
E01004322,Tower Hamlets,Other Notifiable Offences,Other Notifiable,0,2015,10
E01032767,Tower Hamlets,Drugs,Drug Trafficking,0,2015,8
E01003459,Merton,Criminal Damage,Other Criminal Damage,0,2013,10
E01002258,Havering,Violence Against the Person,Offensive Weapon,0,2015,3
E01003814,Richmond upon Thames,Theft and Handling,Theft/Taking of Pedal Cycle,0,2012,4
E01002659,Hounslow,Criminal Damage,Criminal Damage To Dwelling,0,2010,1
E01000814,Bromley,Theft and Handling,Other Theft,0,2009,12
E01001485,Enfield,Violence Against the Person,Other violence,0,2015,9
E01004747,Westminster,Burglary,Burglary in a Dwelling,0,2015,8
E01004061,Southwark,Other Notifiable Offences,Going Equipped,0,2014,9
E01002910,Kensington and Chelsea,Violence Against the Person,Wounding/GBH,0,2013,1
E01000091,Barking and Dagenham,Criminal Damage,Criminal Damage To Other Building,0,2013,4
E01001997,Haringey,Criminal Damage,Criminal Damage To Other Building,0,2014,3
E01004142,Sutton,Violence Against the Person,Wounding/GBH,5,2015,3
E01001507,Enfield,Violence Against the Person,Common Assault,1,2008,5
E01003648,Redbridge,Burglary,Burglary in a Dwelling,2,2016,11
E01003871,Richmond upon Thames,Criminal Damage,Other Criminal Damage,0,2013,2
E01033605,Westminster,Burglary,Burglary in a Dwelling,0,2008,6
E01000011,Barking and Dagenham,Burglary,Burglary in Other Buildings,0,2013,2
E01000081,Barking and Dagenham,Criminal Damage,Criminal Damage To Motor Vehicle,0,2015,11
E01003088,Lambeth,Burglary,Burglary in Other Buildings,0,2014,11
E01003350,Lewisham,Violence Against the Person,Harassment,0,2013,5
E01000881,Camden,Theft and Handling,Theft From Motor Vehicle,2,2008,3
E01033207,Lambeth,Drugs,Other Drugs,0,2016,5
E01003401,Merton,Criminal Damage,Other Criminal Damage,0,2016,2
E01002833,Kensington and Chelsea,Violence Against the Person,Common Assault,0,2010,10
E01000178,Barnet,Theft and Handling,Theft From Shops,0,2011,8
E01004618,Wandsworth,Violence Against the Person,Wounding/GBH,0,2008,5
E01002856,Kensington and Chelsea,Violence Against the Person,Common Assault,3,2013,8
E01001552,Enfield,Criminal Damage,Other Criminal Damage,1,2016,5
E01000927,Camden,Burglary,Burglary in a Dwelling,0,2016,12
E01003108,Lambeth,Violence Against the Person,Other violence,0,2012,1
E01004649,Westminster,Theft and Handling,Other Theft,2,2011,2
E01001314,Ealing,Theft and Handling,Other Theft Person,0,2016,8
E01000546,Brent,Criminal Damage,Criminal Damage To Dwelling,1,2011,3
E01000799,Bromley,Robbery,Personal Property,1,2008,3
E01003823,Richmond upon Thames,Theft and Handling,Theft/Taking of Pedal Cycle,0,2014,3
E01000845,Camden,Theft and Handling,Motor Vehicle Interference & Tampering,1,2014,10
E01033727,Greenwich,Theft and Handling,Theft From Motor Vehicle,0,2008,6
E01000449,Bexley,Criminal Damage,Criminal Damage To Motor Vehicle,2,2009,4
E01000216,Barnet,Robbery,Personal Property,0,2010,3
E01001874,Hammersmith and Fulham,Violence Against the Person,Other violence,0,2014,2
E01003781,Redbridge,Theft and Handling,Theft/Taking of Pedal Cycle,1,2012,6
E01004504,Wandsworth,Violence Against the Person,Common Assault,0,2016,11
E01001522,Enfield,Violence Against the Person,Other violence,0,2010,1
E01000298,Barnet,Theft and Handling,Theft From Shops,2,2012,4
E01004644,Wandsworth,Violence Against the Person,Offensive Weapon,0,2008,2
E01003707,Redbridge,Violence Against the Person,Common Assault,0,2016,2
E01002095,Haringey,Criminal Damage,Other Criminal Damage,0,2012,4
E01000634,Brent,Violence Against the Person,Assault with Injury,1,2016,8
E01001978,Haringey,Other Notifiable Offences,Other Notifiable,0,2010,12
E01004305,Tower Hamlets,Drugs,Other Drugs,0,2008,11
E01003711,Redbridge,Theft and Handling,Handling Stolen Goods,0,2011,9
E01002614,Hounslow,Other Notifiable Offences,Going Equipped,0,2016,5
E01001367,Ealing,Criminal Damage,Criminal Damage To Other Building,0,2012,10
E01000315,Barnet,Robbery,Personal Property,1,2016,9
E01001331,Ealing,Robbery,Business Property,0,2014,9
E01003537,Newham,Burglary,Burglary in Other Buildings,0,2011,12
E01000931,Camden,Theft and Handling,Other Theft Person,0,2009,5
E01003233,Lewisham,Violence Against the Person,Assault with Injury,0,2011,7
E01002934,Kingston upon Thames,Criminal Damage,Criminal Damage To Other Building,0,2009,11
E01000072,Barking and Dagenham,Theft and Handling,Handling Stolen Goods,0,2011,9
E01001110,Croydon,Theft and Handling,Other Theft,3,2013,4
E01001899,Hammersmith and Fulham,Theft and Handling,Theft/Taking of Pedal Cycle,2,2010,9
E01001877,Hammersmith and Fulham,Drugs,Possession Of Drugs,0,2011,4
E01002479,Hillingdon,Burglary,Burglary in a Dwelling,2,2008,8
E01002573,Hounslow,Violence Against the Person,Assault with Injury,0,2008,4
E01002433,Hillingdon,Criminal Damage,Criminal Damage To Dwelling,0,2010,12
E01001851,Hammersmith and Fulham,Burglary,Burglary in Other Buildings,0,2014,6
E01000944,Camden,Theft and Handling,Other Theft Person,0,2011,3
E01001367,Ealing,Criminal Damage,Criminal Damage To Motor Vehicle,0,2012,11
E01001754,Hackney,Theft and Handling,Theft/Taking of Pedal Cycle,3,2013,6
E01003030,Lambeth,Drugs,Other Drugs,0,2016,3
E01001998,Haringey,Violence Against the Person,Wounding/GBH,0,2016,7
E01001755,Hackney,Drugs,Drug Trafficking,0,2012,7
E01003166,Lambeth,Theft and Handling,Theft From Motor Vehicle,1,2008,8
E01004543,Wandsworth,Theft and Handling,Theft From Shops,1,2013,12
E01001735,Hackney,Other Notifiable Offences,Going Equipped,0,2016,9
E01003235,Lewisham,Other Notifiable Offences,Other Notifiable,0,2013,1
E01000937,Camden,Violence Against the Person,Common Assault,0,2012,6
E01001270,Ealing,Drugs,Drug Trafficking,0,2012,5
E01003301,Lewisham,Theft and Handling,Handling Stolen Goods,0,2012,1
E01002050,Haringey,Theft and Handling,Other Theft,0,2016,4
E01003845,Richmond upon Thames,Burglary,Burglary in a Dwelling,1,2011,9
E01000713,Bromley,Criminal Damage,Criminal Damage To Other Building,0,2014,6
E01003827,Richmond upon Thames,Violence Against the Person,Common Assault,0,2010,4
E01000667,Bromley,Theft and Handling,Theft From Shops,0,2011,5
E01001684,Greenwich,Drugs,Possession Of Drugs,0,2013,6
E01003221,Lewisham,Violence Against the Person,Other violence,0,2010,9
E01000508,Brent,Burglary,Burglary in a Dwelling,0,2015,12
E01004624,Wandsworth,Criminal Damage,Criminal Damage To Dwelling,0,2011,8
E01003969,Southwark,Violence Against the Person,Common Assault,10,2009,8
E01002532,Hillingdon,Violence Against the Person,Common Assault,1,2012,6
E01002590,Hounslow,Burglary,Burglary in Other Buildings,0,2010,12
E01000806,Bromley,Criminal Damage,Criminal Damage To Motor Vehicle,1,2013,6
E01002086,Haringey,Criminal Damage,Criminal Damage To Motor Vehicle,0,2015,9
E01004680,Westminster,Theft and Handling,Theft/Taking of Pedal Cycle,1,2016,7
E01000990,Croydon,Violence Against the Person,Assault with Injury,1,2012,6
E01003515,Newham,Theft and Handling,Theft/Taking Of Motor Vehicle,1,2016,5
E01000094,Barking and Dagenham,Criminal Damage,Other Criminal Damage,0,2010,4
E01003682,Redbridge,Violence Against the Person,Offensive Weapon,0,2014,8
E01001708,Greenwich,Burglary,Burglary in a Dwelling,0,2015,3
E01000455,Bexley,Violence Against the Person,Other violence,0,2013,10
E01002827,Kensington and Chelsea,Criminal Damage,Other Criminal Damage,0,2013,4
E01002784,Islington,Theft and Handling,Motor Vehicle Interference & Tampering,0,2013,8
E01000891,Camden,Other Notifiable Offences,Going Equipped,0,2008,9
E01003995,Southwark,Burglary,Burglary in Other Buildings,0,2016,4
E01003263,Lewisham,Criminal Damage,Other Criminal Damage,0,2012,10
E01001844,Hackney,Criminal Damage,Criminal Damage To Motor Vehicle,1,2013,12
E01003378,Merton,Drugs,Other Drugs,0,2016,4
E01002101,Haringey,Robbery,Personal Property,2,2016,6
E01003313,Lewisham,Theft and Handling,Other Theft,2,2016,10
E01002424,Hillingdon,Criminal Damage,Criminal Damage To Motor Vehicle,0,2009,11
E01004387,Waltham Forest,Theft and Handling,Other Theft,1,2009,2
E01001132,Croydon,Violence Against the Person,Wounding/GBH,0,2013,6
E01001175,Croydon,Violence Against the Person,Harassment,0,2008,11
E01003935,Southwark,Violence Against the Person,Other violence,0,2015,11
E01004740,Westminster,Theft and Handling,Theft From Motor Vehicle,1,2010,5
E01002295,Havering,Violence Against the Person,Offensive Weapon,0,2013,3
E01000533,Brent,Theft and Handling,Theft/Taking of Pedal Cycle,1,2016,4
E01001906,Hammersmith and Fulham,Robbery,Business Property,0,2015,3
E01001175,Croydon,Criminal Damage,Criminal Damage To Motor Vehicle,0,2009,11
E01002061,Haringey,Theft and Handling,Other Theft,1,2009,8
E01000996,Croydon,Violence Against the Person,Offensive Weapon,0,2009,1
E01000392,Bexley,Drugs,Other Drugs,0,2013,9
E01000716,Bromley,Violence Against the Person,Other violence,0,2015,6
E01002566,Hounslow,Theft and Handling,Other Theft Person,0,2012,10
E01004175,Sutton,Burglary,Burglary in Other Buildings,0,2016,8
E01001299,Ealing,Violence Against the Person,Assault with Injury,0,2016,12
E01004725,Westminster,Violence Against the Person,Other violence,0,2010,7
E01002483,Hillingdon,Criminal Damage,Criminal Damage To Other Building,0,2013,6
E01000778,Bromley,Drugs,Drug Trafficking,0,2009,6
E01004525,Wandsworth,Fraud or Forgery,Other Fraud & Forgery,0,2009,9
E01002031,Haringey,Robbery,Business Property,1,2009,12
E01000053,Barking and Dagenham,Violence Against the Person,Wounding/GBH,2,2016,5
E01032573,Hounslow,Theft and Handling,Theft From Shops,0,2009,9
E01004364,Waltham Forest,Theft and Handling,Handling Stolen Goods,0,2008,9
E01003445,Merton,Criminal Damage,Other Criminal Damage,0,2008,1
E01000434,Bexley,Theft and Handling,Other Theft Person,0,2015,6
E01033724,Hillingdon,Violence Against the Person,Common Assault,3,2014,2
E01000240,Barnet,Theft and Handling,Theft From Motor Vehicle,2,2016,5
E01003898,Richmond upon Thames,Criminal Damage,Criminal Damage To Motor Vehicle,1,2009,3
E01004695,Westminster,Burglary,Burglary in Other Buildings,1,2011,10
E01004341,Waltham Forest,Violence Against the Person,Harassment,0,2013,3
E01000645,Bromley,Criminal Damage,Criminal Damage To Dwelling,0,2016,9
E01004495,Wandsworth,Violence Against the Person,Assault with Injury,2,2011,9
E01001632,Greenwich,Violence Against the Person,Assault with Injury,2,2009,12
E01002085,Haringey,Violence Against the Person,Wounding/GBH,3,2008,10
E01004604,Wandsworth,Violence Against the Person,Other violence,0,2016,11
E01000011,Barking and Dagenham,Theft and Handling,Theft/Taking of Pedal Cycle,1,2010,3
E01000860,Camden,Burglary,Burglary in a Dwelling,2,2011,5
E01003297,Lewisham,Violence Against the Person,Common Assault,1,2013,8
E01033744,Greenwich,Theft and Handling,Theft/Taking Of Motor Vehicle,0,2011,1
E01003194,Lewisham,Theft and Handling,Motor Vehicle Interference & Tampering,0,2016,9
E01001987,Haringey,Violence Against the Person,Offensive Weapon,0,2014,1
E01003597,Newham,Robbery,Business Property,0,2010,11
E01001413,Enfield,Drugs,Drug Trafficking,0,2010,7
E01000220,Barnet,Theft and Handling,Theft/Taking Of Motor Vehicle,1,2011,6
E01002178,Harrow,Theft and Handling,Other Theft,1,2015,12
E01000041,Barking and Dagenham,Theft and Handling,Handling Stolen Goods,0,2009,11
E01003272,Lewisham,Violence Against the Person,Offensive Weapon,0,2011,5
E01000074,Barking and Dagenham,Theft and Handling,Theft From Motor Vehicle,0,2013,12
E01001117,Croydon,Drugs,Drug Trafficking,0,2012,1
E01002377,Havering,Criminal Damage,Criminal Damage To Other Building,0,2012,4
E01001002,Croydon,Theft and Handling,Other Theft,2,2016,1
E01033728,Greenwich,Violence Against the Person,Assault with Injury,0,2010,9
E01001185,Croydon,Drugs,Drug Trafficking,0,2010,1
E01000369,Bexley,Criminal Damage,Criminal Damage To Other Building,0,2008,2
E01000565,Brent,Drugs,Possession Of Drugs,0,2009,3
E01003386,Merton,Criminal Damage,Criminal Damage To Other Building,0,2014,3
E01004008,Southwark,Criminal Damage,Criminal Damage To Dwelling,1,2008,11
E01000730,Bromley,Violence Against the Person,Common Assault,0,2010,1
E01004074,Southwark,Burglary,Burglary in Other Buildings,3,2014,7
E01032764,Tower Hamlets,Other Notifiable Offences,Going Equipped,0,2013,1
E01000067,Barking and Dagenham,Theft and Handling,Theft From Shops,0,2009,6
E01003540,Newham,Theft and Handling,Theft/Taking of Pedal Cycle,0,2011,11
E01004580,Wandsworth,Theft and Handling,Other Theft,2,2008,8
E01000419,Bexley,Violence Against the Person,Common Assault,0,2013,1
E01032720,Southwark,Drugs,Possession Of Drugs,0,2010,7
E01003745,Redbridge,Burglary,Burglary in a Dwelling,1,2013,12
E01000523,Brent,Robbery,Business Property,0,2015,6
E01002003,Haringey,Burglary,Burglary in Other Buildings,1,2009,6
E01003696,Redbridge,Theft and Handling,Motor Vehicle Interference & Tampering,0,2009,9
E01001682,Greenwich,Violence Against the Person,Wounding/GBH,0,2008,10
E01003961,Southwark,Theft and Handling,Other Theft,0,2015,6
E01001302,Ealing,Theft and Handling,Theft From Motor Vehicle,0,2011,5
E01002713,Islington,Drugs,Other Drugs,0,2010,6
E01000219,Barnet,Violence Against the Person,Assault with Injury,0,2011,6
E01002878,Kensington and Chelsea,Violence Against the Person,Offensive Weapon,0,2012,7
E01001403,Enfield,Theft and Handling,Theft From Motor Vehicle,1,2016,5
E01002099,Haringey,Violence Against the Person,Murder,0,2009,8
E01003099,Lambeth,Theft and Handling,Theft/Taking Of Motor Vehicle,0,2009,11
E01000682,Bromley,Burglary,Burglary in a Dwelling,0,2014,8
E01003408,Merton,Violence Against the Person,Wounding/GBH,0,2011,2
E01001288,Ealing,Theft and Handling,Other Theft Person,0,2010,12
E01004544,Wandsworth,Violence Against the Person,Offensive Weapon,0,2014,9
E01002626,Hounslow,Theft and Handling,Other Theft Person,0,2010,2
E01002789,Islington,Violence Against the Person,Common Assault,0,2009,2
E01001382,Ealing,Violence Against the Person,Common Assault,1,2009,2
E01000925,Camden,Theft and Handling,Other Theft Person,0,2014,3
E01000429,Bexley,Robbery,Business Property,0,2008,8
E01002238,Harrow,Criminal Damage,Criminal Damage To Motor Vehicle,1,2009,9
E01002006,Haringey,Other Notifiable Offences,Other Notifiable,0,2012,1
E01001958,Hammersmith and Fulham,Theft and Handling,Other Theft Person,0,2008,10
E01003751,Redbridge,Theft and Handling,Theft From Shops,0,2011,2
E01000243,Barnet,Drugs,Drug Trafficking,0,2011,1
E01001492,Enfield,Other Notifiable Offences,Other Notifiable,0,2008,3
E01000501,Brent,Fraud or Forgery,Other Fraud & Forgery,0,2009,12
E01002955,Kingston upon Thames,Other Notifiable Offences,Other Notifiable,1,2012,11
E01001770,Hackney,Robbery,Business Property,0,2011,1
E01002971,Kingston upon Thames,Theft and Handling,Theft From Motor Vehicle,0,2009,3
E01003589,Newham,Theft and Handling,Other Theft Person,1,2012,6
E01000259,Barnet,Violence Against the Person,Other violence,0,2010,1
E01003837,Richmond upon Thames,Burglary,Burglary in a Dwelling,0,2008,12
E01001992,Haringey,Violence Against the Person,Wounding/GBH,0,2016,1
E01004613,Wandsworth,Burglary,Burglary in a Dwelling,1,2008,2
E01001942,Hammersmith and Fulham,Sexual Offences,Other Sexual,0,2008,8
E01004441,Waltham Forest,Theft and Handling,Handling Stolen Goods,0,2011,1
E01002536,Hillingdon,Criminal Damage,Criminal Damage To Motor Vehicle,0,2010,9
E01000098,Barking and Dagenham,Drugs,Drug Trafficking,0,2011,10
E01002991,Kingston upon Thames,Theft and Handling,Other Theft Person,0,2012,3
E01003426,Merton,Theft and Handling,Motor Vehicle Interference & Tampering,0,2008,7
E01001596,Greenwich,Theft and Handling,Other Theft Person,0,2015,5
E01002578,Hounslow,Theft and Handling,Theft From Motor Vehicle,3,2013,1
E01004711,Westminster,Burglary,Burglary in a Dwelling,0,2014,7
E01001512,Enfield,Theft and Handling,Other Theft,3,2013,4
E01001150,Croydon,Burglary,Burglary in a Dwelling,0,2016,10
E01001508,Enfield,Theft and Handling,Theft/Taking Of Motor Vehicle,0,2010,7
E01001878,Hammersmith and Fulham,Theft and Handling,Theft/Taking of Pedal Cycle,0,2014,11
E01004508,Wandsworth,Violence Against the Person,Offensive Weapon,0,2014,5
E01002562,Hounslow,Violence Against the Person,Other violence,0,2014,8
E01004510,Wandsworth,Theft and Handling,Theft From Shops,0,2010,4
E01001371,Ealing,Theft and Handling,Theft/Taking Of Motor Vehicle,0,2009,7
E01002666,Hounslow,Theft and Handling,Theft/Taking of Pedal Cycle,0,2013,8
E01003999,Southwark,Other Notifiable Offences,Other Notifiable,0,2008,9
E01004073,Southwark,Other Notifiable Offences,Other Notifiable,0,2013,11
E01000207,Barnet,Violence Against the Person,Harassment,0,2009,1
E01000090,Barking and Dagenham,Criminal Damage,Criminal Damage To Dwelling,1,2009,8
E01004646,Westminster,Violence Against the Person,Offensive Weapon,0,2009,6
E01002224,Harrow,Criminal Damage,Criminal Damage To Motor Vehicle,0,2015,2
E01001180,Croydon,Violence Against the Person,Common Assault,1,2010,6
E01001536,Enfield,Violence Against the Person,Offensive Weapon,2,2009,3
E01002395,Hillingdon,Violence Against the Person,Offensive Weapon,0,2015,6
E01002167,Harrow,Criminal Damage,Criminal Damage To Other Building,0,2013,5
E01001491,Enfield,Criminal Damage,Criminal Damage To Dwelling,1,2013,2
E01001465,Enfield,Robbery,Business Property,0,2015,8
E01003487,Newham,Other Notifiable Offences,Other Notifiable,0,2016,11
E01003052,Lambeth,Drugs,Possession Of Drugs,2,2013,3
E01001075,Croydon,Drugs,Drug Trafficking,0,2012,4
E01002028,Haringey,Criminal Damage,Other Criminal Damage,0,2009,6
E01001068,Croydon,Violence Against the Person,Offensive Weapon,0,2008,11
E01000830,Bromley,Burglary,Burglary in Other Buildings,0,2016,3
E01001912,Hammersmith and Fulham,Violence Against the Person,Offensive Weapon,0,2012,9
E01003382,Merton,Criminal Damage,Criminal Damage To Other Building,0,2008,4
E01000186,Barnet,Drugs,Possession Of Drugs,1,2013,8
E01002044,Haringey,Theft and Handling,Motor Vehicle Interference & Tampering,0,2012,6
E01002557,Hounslow,Violence Against the Person,Offensive Weapon,0,2014,8
E01000620,Brent,Criminal Damage,Criminal Damage To Motor Vehicle,0,2013,9
E01000534,Brent,Theft and Handling,Theft From Motor Vehicle,1,2014,7
E01003302,Lewisham,Violence Against the Person,Murder,0,2010,2
E01003269,Lewisham,Robbery,Personal Property,0,2010,5
E01001109,Croydon,Criminal Damage,Criminal Damage To Motor Vehicle,0,2016,12
E01003966,Southwark,Violence Against the Person,Assault with Injury,0,2016,10
E01001278,Ealing,Theft and Handling,Theft From Motor Vehicle,4,2013,9
E01033599,Westminster,Theft and Handling,Other Theft,1,2013,7
E01002668,Hounslow,Theft and Handling,Theft From Motor Vehicle,2,2015,11
E01001554,Enfield,Theft and Handling,Motor Vehicle Interference & Tampering,0,2009,12
E01002468,Hillingdon,Violence Against the Person,Harassment,0,2011,7
E01003998,Southwark,Violence Against the Person,Offensive Weapon,0,2009,3
E01002638,Hounslow,Theft and Handling,Motor Vehicle Interference & Tampering,0,2014,11
E01003767,Redbridge,Burglary,Burglary in a Dwelling,1,2010,3
E01000720,Bromley,Theft and Handling,Theft/Taking Of Motor Vehicle,1,2009,8
E01002963,Kingston upon Thames,Other Notifiable Offences,Other Notifiable,0,2015,4
E01000013,Barking and Dagenham,Robbery,Personal Property,1,2013,5
E01000504,Brent,Violence Against the Person,Harassment,1,2014,12
E01033708,Hackney,Theft and Handling,Other Theft,35,2016,4
E01000481,Brent,Criminal Damage,Criminal Damage To Other Building,0,2010,10
E01003155,Lambeth,Theft and Handling,Theft/Taking of Pedal Cycle,0,2011,8
E01001719,Hackney,Theft and Handling,Motor Vehicle Interference & Tampering,0,2016,7
E01003749,Redbridge,Burglary,Burglary in a Dwelling,1,2010,4
E01002114,Harrow,Criminal Damage,Criminal Damage To Motor Vehicle,0,2015,4
E01000351,Bexley,Theft and Handling,Theft/Taking of Pedal Cycle,0,2008,2
E01001672,Greenwich,Theft and Handling,Theft/Taking Of Motor Vehicle,0,2009,10
