E01001732,Hackney,Criminal Damage,Other Criminal Damage,0,2015,2
E01000972,Camden,Fraud or Forgery,Other Fraud & Forgery,0,2012,6
E01001993,Haringey,Sexual Offences,Other Sexual,0,2015,7
E01000219,Barnet,Burglary,Burglary in a Dwelling,1,2012,2
E01004191,Sutton,Violence Against the Person,Assault with Injury,2,2014,6
E01004507,Wandsworth,Violence Against the Person,Other violence,0,2014,10
E01001062,Croydon,Violence Against the Person,Common Assault,0,2016,1
E01000377,Bexley,Violence Against the Person,Common Assault,0,2013,7
E01000945,Camden,Other Notifiable Offences,Going Equipped,0,2009,8
E01000520,Brent,Violence Against the Person,Common Assault,0,2015,10
E01001757,Hackney,Burglary,Burglary in a Dwelling,0,2010,11
E01002956,Kingston upon Thames,Theft and Handling,Motor Vehicle Interference & Tampering,0,2009,7
E01001850,Hackney,Theft and Handling,Theft/Taking of Pedal Cycle,0,2013,4
E01000159,Barnet,Theft and Handling,Theft/Taking Of Motor Vehicle,1,2012,4
E01002065,Haringey,Violence Against the Person,Wounding/GBH,0,2016,9
E01002142,Harrow,Criminal Damage,Criminal Damage To Motor Vehicle,0,2012,3
E01003001,Kingston upon Thames,Criminal Damage,Criminal Damage To Dwelling,0,2014,4
E01002348,Havering,Criminal Damage,Criminal Damage To Dwelling,0,2011,7
E01000394,Bexley,Criminal Damage,Other Criminal Damage,0,2016,7
E01001950,Hammersmith and Fulham,Violence Against the Person,Wounding/GBH,0,2011,7
E01000923,Camden,Criminal Damage,Criminal Damage To Other Building,0,2008,2
E01002289,Havering,Theft and Handling,Theft/Taking of Pedal Cycle,0,2010,2
E01003220,Lewisham,Criminal Damage,Criminal Damage To Dwelling,1,2010,2
E01002303,Havering,Drugs,Drug Trafficking,0,2011,6
E01003271,Lewisham,Criminal Damage,Other Criminal Damage,0,2016,2
E01000504,Brent,Fraud or Forgery,Counted per Victim,0,2016,2
E01033598,Westminster,Robbery,Business Property,0,2011,6
E01003045,Lambeth,Criminal Damage,Criminal Damage To Motor Vehicle,0,2013,12
E01002243,Havering,Violence Against the Person,Common Assault,2,2010,4
E01002562,Hounslow,Burglary,Burglary in a Dwelling,0,2009,4
E01004143,Sutton,Violence Against the Person,Common Assault,1,2016,11
E01001076,Croydon,Violence Against the Person,Assault with Injury,2,2012,12
E01003818,Richmond upon Thames,Theft and Handling,Motor Vehicle Interference & Tampering,0,2015,7
E01004310,Tower Hamlets,Burglary,Burglary in a Dwelling,1,2014,6
E01001539,Enfield,Theft and Handling,Other Theft,0,2012,12
E01003956,Southwark,Theft and Handling,Theft/Taking Of Motor Vehicle,0,2013,12
E01002898,Kensington and Chelsea,Theft and Handling,Theft From Shops,1,2008,11
E01000591,Brent,Drugs,Possession Of Drugs,0,2012,2
E01001642,Greenwich,Other Notifiable Offences,Going Equipped,0,2010,3
E01002271,Havering,Theft and Handling,Motor Vehicle Interference & Tampering,0,2009,4
E01004057,Southwark,Violence Against the Person,Harassment,1,2016,9
E01000989,Croydon,Violence Against the Person,Assault with Injury,0,2009,6
E01003421,Merton,Violence Against the Person,Other violence,0,2014,7
E01000445,Bexley,Drugs,Drug Trafficking,0,2013,11
E01033699,Hackney,Theft and Handling,Handling Stolen Goods,0,2011,12
E01000846,Camden,Violence Against the Person,Wounding/GBH,0,2014,11
E01004559,Wandsworth,Criminal Damage,Other Criminal Damage,0,2014,2
E01003343,Lewisham,Theft and Handling,Other Theft,1,2010,10
E01004043,Southwark,Drugs,Possession Of Drugs,1,2016,2
E01001632,Greenwich,Theft and Handling,Theft/Taking Of Motor Vehicle,0,2016,5
E01002131,Harrow,Violence Against the Person,Wounding/GBH,0,2014,6
E01001429,Enfield,Theft and Handling,Theft From Motor Vehicle,2,2015,8
E01003810,Richmond upon Thames,Theft and Handling,Motor Vehicle Interference & Tampering,0,2009,8
E01002844,Kensington and Chelsea,Theft and Handling,Motor Vehicle Interference & Tampering,0,2012,10
E01001038,Croydon,Sexual Offences,Other Sexual,0,2011,3
E01000091,Barking and Dagenham,Theft and Handling,Motor Vehicle Interference & Tampering,0,2012,7
E01002419,Hillingdon,Drugs,Possession Of Drugs,2,2014,5
E01001106,Croydon,Theft and Handling,Theft From Motor Vehicle,1,2016,12
E01004196,Sutton,Theft and Handling,Other Theft,0,2011,8
E01033457,Brent,Other Notifiable Offences,Going Equipped,0,2015,1
E01001520,Enfield,Violence Against the Person,Offensive Weapon,0,2011,3
E01001189,Croydon,Drugs,Drug Trafficking,0,2016,7
E01003129,Lambeth,Violence Against the Person,Harassment,0,2012,3
E01003405,Merton,Burglary,Burglary in a Dwelling,1,2012,6
E01003925,Southwark,Theft and Handling,Theft From Motor Vehicle,1,2016,10
E01001281,Ealing,Other Notifiable Offences,Other Notifiable,0,2008,6
E01004126,Sutton,Criminal Damage,Other Criminal Damage,0,2009,2
E01002999,Kingston upon Thames,Violence Against the Person,Common Assault,1,2016,8
E01002408,Hillingdon,Violence Against the Person,Harassment,1,2016,7
E01033580,Newham,Violence Against the Person,Harassment,0,2012,5
E01000063,Barking and Dagenham,Theft and Handling,Motor Vehicle Interference & Tampering,1,2016,10
E01002451,Hillingdon,Criminal Damage,Other Criminal Damage,0,2009,6
E01004627,Wandsworth,Theft and Handling,Theft From Motor Vehicle,0,2011,11
E01003836,Richmond upon Thames,Theft and Handling,Handling Stolen Goods,0,2012,12
E01004543,Wandsworth,Violence Against the Person,Assault with Injury,0,2009,8
E01003215,Lewisham,Theft and Handling,Theft From Shops,0,2008,4
E01004116,Sutton,Theft and Handling,Motor Vehicle Interference & Tampering,0,2014,12
E01002034,Haringey,Theft and Handling,Theft From Shops,0,2011,8
E01000941,Camden,Theft and Handling,Theft From Motor Vehicle,2,2012,6
E01002707,Islington,Theft and Handling,Theft/Taking of Pedal Cycle,2,2014,10
E01000310,Barnet,Criminal Damage,Criminal Damage To Dwelling,0,2010,3
E01003471,Merton,Theft and Handling,Other Theft,4,2012,3
E01002824,Kensington and Chelsea,Violence Against the Person,Other violence,0,2009,7
E01002113,Harrow,Theft and Handling,Motor Vehicle Interference & Tampering,0,2015,4
E01002301,Havering,Violence Against the Person,Harassment,0,2010,2
E01001876,Hammersmith and Fulham,Other Notifiable Offences,Going Equipped,0,2011,4
E01001264,Ealing,Robbery,Business Property,0,2011,2
E01002129,Harrow,Criminal Damage,Criminal Damage To Dwelling,0,2009,7
E01001220,Ealing,Theft and Handling,Handling Stolen Goods,0,2010,5
E01003282,Lewisham,Theft and Handling,Theft From Motor Vehicle,0,2008,12
E01000192,Barnet,Violence Against the Person,Common Assault,0,2013,9
E01000941,Camden,Criminal Damage,Other Criminal Damage,0,2011,11
E01001530,Enfield,Theft and Handling,Theft/Taking Of Motor Vehicle,0,2013,3
E01004066,Southwark,Drugs,Possession Of Drugs,4,2015,8
E01001805,Hackney,Violence Against the Person,Harassment,0,2008,6
E01002739,Islington,Theft and Handling,Motor Vehicle Interference & Tampering,0,2011,7
E01000096,Barking and Dagenham,Theft and Handling,Theft From Shops,0,2012,12
E01004311,Tower Hamlets,Violence Against the Person,Offensive Weapon,0,2009,8
E01032805,Southwark,Robbery,Personal Property,0,2010,6
E01000379,Bexley,Theft and Handling,Motor Vehicle Interference & Tampering,0,2010,5
E01001624,Greenwich,Other Notifiable Offences,Going Equipped,0,2009,2
E01002118,Harrow,Theft and Handling,Handling Stolen Goods,1,2010,1
E01001195,Ealing,Theft and Handling,Handling Stolen Goods,0,2011,2
E01004739,Westminster,Criminal Damage,Other Criminal Damage,0,2009,3
E01002110,Harrow,Burglary,Burglary in Other Buildings,0,2012,7
E01004703,Westminster,Violence Against the Person,Harassment,1,2016,10
E01000453,Bexley,Violence Against the Person,Wounding/GBH,0,2011,2
E01001265,Ealing,Criminal Damage,Criminal Damage To Other Building,0,2012,8
E01003930,Southwark,Drugs,Drug Trafficking,0,2011,1
E01000391,Bexley,Violence Against the Person,Wounding/GBH,0,2009,3
E01003560,Newham,Drugs,Possession Of Drugs,0,2012,3
E01001110,Croydon,Drugs,Other Drugs,0,2010,10
E01001881,Hammersmith and Fulham,Criminal Damage,Criminal Damage To Motor Vehicle,0,2013,1
E01001318,Ealing,Other Notifiable Offences,Other Notifiable,0,2010,1
E01003072,Lambeth,Drugs,Other Drugs,0,2008,11
E01002935,Kingston upon Thames,Drugs,Possession Of Drugs,0,2010,1
E01033581,Newham,Theft and Handling,Handling Stolen Goods,0,2011,8
E01000872,Camden,Criminal Damage,Criminal Damage To Dwelling,0,2014,1
E01001017,Croydon,Other Notifiable Offences,Other Notifiable,0,2015,12
E01001322,Ealing,Theft and Handling,Theft From Motor Vehicle,2,2014,11
E01003383,Merton,Robbery,Personal Property,0,2012,12
E01001800,Hackney,Theft and Handling,Theft From Motor Vehicle,1,2011,5
E01001774,Hackney,Theft and Handling,Other Theft Person,1,2009,4
E01001250,Ealing,Robbery,Personal Property,0,2015,1
E01003949,Southwark,Other Notifiable Offences,Going Equipped,0,2015,2
E01003695,Redbridge,Violence Against the Person,Offensive Weapon,0,2013,9
E01033733,Greenwich,Criminal Damage,Criminal Damage To Dwelling,0,2010,1
E01000070,Barking and Dagenham,Violence Against the Person,Wounding/GBH,0,2012,10
E01002211,Harrow,Burglary,Burglary in a Dwelling,1,2016,1
E01003547,Newham,Criminal Damage,Criminal Damage To Dwelling,0,2009,3
E01000143,Barnet,Other Notifiable Offences,Going Equipped,0,2013,3
E01002438,Hillingdon,Burglary,Burglary in Other Buildings,0,2010,6
E01001340,Ealing,Robbery,Personal Property,1,2010,10
E01002045,Haringey,Theft and Handling,Theft/Taking Of Motor Vehicle,1,2013,9
E01002551,Hillingdon,Violence Against the Person,Other violence,0,2009,2
E01004515,Wandsworth,Violence Against the Person,Common Assault,0,2013,9
E01004000,Southwark,Criminal Damage,Criminal Damage To Motor Vehicle,1,2009,7
E01002732,Islington,Theft and Handling,Other Theft,2,2008,8
E01004730,Westminster,Theft and Handling,Theft/Taking Of Motor Vehicle,0,2009,11
E01004587,Wandsworth,Criminal Damage,Other Criminal Damage,0,2012,12
E01002995,Kingston upon Thames,Theft and Handling,Motor Vehicle Interference & Tampering,0,2016,5
E01001047,Croydon,Theft and Handling,Theft From Motor Vehicle,0,2015,5
E01033703,Hackney,Theft and Handling,Theft From Shops,0,2013,1
E01001231,Ealing,Robbery,Business Property,0,2008,3
E01000721,Bromley,Criminal Damage,Criminal Damage To Other Building,0,2010,3
E01003809,Richmond upon Thames,Drugs,Other Drugs,0,2013,3
E01002711,Islington,Violence Against the Person,Assault with Injury,2,2016,8
E01000562,Brent,Theft and Handling,Theft From Motor Vehicle,2,2013,11
E01001199,Ealing,Drugs,Other Drugs,0,2009,2
E01000485,Brent,Criminal Damage,Criminal Damage To Motor Vehicle,0,2016,1
E01004392,Waltham Forest,Other Notifiable Offences,Going Equipped,0,2014,9
E01004391,Waltham Forest,Burglary,Burglary in a Dwelling,2,2009,2
E01003616,Newham,Theft and Handling,Other Theft Person,0,2013,7
E01004542,Wandsworth,Violence Against the Person,Wounding/GBH,0,2015,12
E01000012,Barking and Dagenham,Theft and Handling,Other Theft Person,0,2016,8
E01004200,Tower Hamlets,Drugs,Drug Trafficking,0,2014,10
E01003763,Redbridge,Criminal Damage,Other Criminal Damage,0,2011,2
E01002116,Harrow,Criminal Damage,Criminal Damage To Other Building,0,2008,6
E01003618,Newham,Theft and Handling,Theft/Taking Of Motor Vehicle,1,2014,3
E01001692,Greenwich,Robbery,Business Property,0,2012,10
E01002545,Hillingdon,Robbery,Personal Property,2,2011,11
E01003419,Merton,Criminal Damage,Other Criminal Damage,0,2014,8
E01000746,Bromley,Criminal Damage,Other Criminal Damage,1,2016,8
E01003079,Lambeth,Robbery,Personal Property,1,2014,8
E01002497,Hillingdon,Violence Against the Person,Harassment,0,2013,2
E01000912,Camden,Criminal Damage,Criminal Damage To Dwelling,0,2011,7
E01000119,Barnet,Theft and Handling,Other Theft,0,2014,8
E01003744,Redbridge,Drugs,Possession Of Drugs,0,2014,5
E01003316,Lewisham,Theft and Handling,Theft From Shops,0,2013,2
E01001169,Croydon,Criminal Damage,Other Criminal Damage,0,2011,1
E01000774,Bromley,Violence Against the Person,Other violence,0,2009,12
E01001963,Haringey,Theft and Handling,Motor Vehicle Interference & Tampering,0,2016,11
E01003359,Merton,Fraud or Forgery,Counted per Victim,0,2014,12
E01001208,Ealing,Drugs,Possession Of Drugs,3,2010,11
E01002580,Hounslow,Theft and Handling,Motor Vehicle Interference & Tampering,1,2014,5
E01002633,Hounslow,Theft and Handling,Other Theft,1,2014,10
E01002170,Harrow,Violence Against the Person,Harassment,0,2014,11
E01003341,Lewisham,Robbery,Personal Property,0,2015,11
E01033600,Westminster,Theft and Handling,Motor Vehicle Interference & Tampering,0,2010,5
E01004161,Sutton,Violence Against the Person,Offensive Weapon,0,2010,5
E01004333,Waltham Forest,Violence Against the Person,Assault with Injury,1,2012,7
E01003950,Southwark,Theft and Handling,Theft From Motor Vehicle,0,2016,6
E01001841,Hackney,Criminal Damage,Other Criminal Damage,0,2009,3
E01001837,Hackney,Theft and Handling,Other Theft Person,0,2015,3
E01003056,Lambeth,Robbery,Business Property,0,2010,9
E01000815,Bromley,Violence Against the Person,Offensive Weapon,0,2016,10
E01003577,Newham,Theft and Handling,Motor Vehicle Interference & Tampering,2,2013,1
E01000436,Bexley,Violence Against the Person,Offensive Weapon,0,2013,6
E01000280,Barnet,Violence Against the Person,Other violence,0,2015,8
E01002969,Kingston upon Thames,Theft and Handling,Motor Vehicle Interference & Tampering,0,2016,6
E01003272,Lewisham,Violence Against the Person,Wounding/GBH,0,2010,9
E01002877,Kensington and Chelsea,Theft and Handling,Theft From Motor Vehicle,0,2016,4
E01002329,Havering,Robbery,Personal Property,0,2016,10
E01003291,Lewisham,Violence Against the Person,Common Assault,3,2008,2
E01000819,Bromley,Violence Against the Person,Other violence,1,2016,10
E01000152,Barnet,Violence Against the Person,Common Assault,1,2009,8
E01001607,Greenwich,Theft and Handling,Theft From Shops,0,2011,1
E01004743,Westminster,Theft and Handling,Other Theft,4,2013,3
E01003236,Lewisham,Theft and Handling,Theft/Taking of Pedal Cycle,1,2010,4
E01001624,Greenwich,Theft and Handling,Theft From Shops,0,2013,11
E01000393,Bexley,Robbery,Business Property,0,2011,8
E01001549,Enfield,Violence Against the Person,Assault with Injury,3,2012,12
E01000936,Camden,Other Notifiable Offences,Going Equipped,0,2008,2
E01000786,Bromley,Drugs,Possession Of Drugs,0,2010,6
E01000407,Bexley,Violence Against the Person,Common Assault,0,2012,7
E01004124,Sutton,Criminal Damage,Other Criminal Damage,0,2014,11
E01004103,Sutton,Other Notifiable Offences,Other Notifiable,0,2016,5
E01003558,Newham,Drugs,Other Drugs,0,2015,1
E01001115,Croydon,Criminal Damage,Other Criminal Damage,1,2008,6
E01002709,Islington,Violence Against the Person,Murder,0,2009,1
E01002689,Hounslow,Theft and Handling,Theft From Motor Vehicle,0,2012,1
E01003124,Lambeth,Criminal Damage,Criminal Damage To Other Building,0,2008,4
E01001338,Ealing,Violence Against the Person,Common Assault,3,2009,12
E01003964,Southwark,Violence Against the Person,Common Assault,1,2010,7
E01032774,Tower Hamlets,Criminal Damage,Criminal Damage To Other Building,0,2016,10
E01002610,Hounslow,Robbery,Personal Property,0,2008,11
E01000171,Barnet,Fraud or Forgery,Other Fraud & Forgery,0,2008,11
E01001485,Enfield,Theft and Handling,Theft From Shops,0,2012,8
E01003194,Lewisham,Drugs,Other Drugs,0,2011,2
E01032584,Southwark,Theft and Handling,Theft From Shops,0,2016,5
E01000201,Barnet,Criminal Damage,Criminal Damage To Other Building,0,2016,6
E01002442,Hillingdon,Violence Against the Person,Common Assault,1,2015,5
E01001531,Enfield,Drugs,Possession Of Drugs,0,2012,10
E01032739,City of London,Theft and Handling,Other Theft,0,2010,10
E01000307,Barnet,Drugs,Drug Trafficking,0,2016,8
E01004315,Tower Hamlets,Criminal Damage,Criminal Damage To Other Building,0,2010,6
E01002088,Haringey,Theft and Handling,Theft/Taking of Pedal Cycle,0,2010,5
E01001529,Enfield,Burglary,Burglary in a Dwelling,2,2012,8
E01033599,Westminster,Drugs,Possession Of Drugs,0,2013,7
E01002780,Islington,Theft and Handling,Theft From Shops,0,2010,4
E01004382,Waltham Forest,Other Notifiable Offences,Other Notifiable,0,2015,1
E01002202,Harrow,Other Notifiable Offences,Other Notifiable,0,2011,1
E01003952,Southwark,Criminal Damage,Criminal Damage To Motor Vehicle,0,2008,9
E01004693,Westminster,Other Notifiable Offences,Going Equipped,0,2013,8
E01000868,Camden,Robbery,Personal Property,0,2013,3
E01004139,Sutton,Criminal Damage,Criminal Damage To Dwelling,0,2008,8
E01001980,Haringey,Drugs,Drug Trafficking,0,2011,7
E01000205,Barnet,Drugs,Drug Trafficking,0,2009,4
E01003089,Lambeth,Robbery,Personal Property,0,2015,6
E01000987,Croydon,Theft and Handling,Other Theft Person,0,2009,12
E01003351,Lewisham,Theft and Handling,Other Theft Person,0,2008,1
E01001538,Enfield,Violence Against the Person,Harassment,0,2011,3
E01000300,Barnet,Drugs,Other Drugs,0,2013,10
E01003369,Merton,Burglary,Burglary in Other Buildings,0,2015,10
E01003981,Southwark,Violence Against the Person,Harassment,1,2016,5
E01001162,Croydon,Violence Against the Person,Harassment,0,2014,3
E01003347,Lewisham,Drugs,Drug Trafficking,0,2013,7
E01003616,Newham,Other Notifiable Offences,Other Notifiable,1,2009,11
E01003590,Newham,Violence Against the Person,Offensive Weapon,0,2011,7
E01002481,Hillingdon,Other Notifiable Offences,Other Notifiable,0,2010,11
E01000246,Barnet,Theft and Handling,Theft From Motor Vehicle,0,2014,2
E01000433,Bexley,Theft and Handling,Theft From Shops,0,2015,8
E01002351,Havering,Burglary,Burglary in a Dwelling,3,2010,5
E01000612,Brent,Criminal Damage,Other Criminal Damage,0,2013,5
E01000210,Barnet,Violence Against the Person,Common Assault,0,2012,2
E01003799,Richmond upon Thames,Theft and Handling,Theft/Taking Of Motor Vehicle,0,2009,4
E01003118,Lambeth,Criminal Damage,Criminal Damage To Other Building,0,2009,2
E01000824,Bromley,Other Notifiable Offences,Going Equipped,0,2009,5
E01004463,Waltham Forest,Drugs,Possession Of Drugs,0,2010,12
E01002044,Haringey,Theft and Handling,Other Theft,1,2015,1
E01002601,Hounslow,Violence Against the Person,Wounding/GBH,0,2013,3
E01003669,Redbridge,Criminal Damage,Criminal Damage To Other Building,0,2013,10
E01004130,Sutton,Robbery,Business Property,0,2015,3
E01002269,Havering,Theft and Handling,Other Theft Person,0,2011,6
E01004327,Waltham Forest,Theft and Handling,Theft From Motor Vehicle,0,2008,9
E01004661,Westminster,Other Notifiable Offences,Going Equipped,0,2011,4
E01003659,Redbridge,Burglary,Burglary in Other Buildings,0,2011,5
E01003062,Lambeth,Robbery,Business Property,1,2010,12
E01000450,Bexley,Theft and Handling,Theft From Motor Vehicle,1,2013,7
E01003366,Merton,Robbery,Personal Property,0,2008,5
E01004315,Tower Hamlets,Robbery,Personal Property,0,2010,12
E01032646,Southwark,Criminal Damage,Criminal Damage To Motor Vehicle,0,2008,4
E01000675,Bromley,Robbery,Personal Property,1,2015,7
E01001260,Ealing,Theft and Handling,Other Theft Person,0,2008,5
E01004283,Tower Hamlets,Robbery,Business Property,0,2016,1
E01002678,Hounslow,Burglary,Burglary in Other Buildings,0,2010,6
E01002892,Kensington and Chelsea,Drugs,Possession Of Drugs,0,2012,10
E01002454,Hillingdon,Drugs,Drug Trafficking,0,2015,10
E01002354,Havering,Violence Against the Person,Assault with Injury,0,2009,10
E01001160,Croydon,Other Notifiable Offences,Other Notifiable,0,2013,6
E01002876,Kensington and Chelsea,Criminal Damage,Criminal Damage To Other Building,0,2014,3
E01003450,Merton,Violence Against the Person,Assault with Injury,0,2009,4
E01002859,Kensington and Chelsea,Robbery,Personal Property,1,2013,7
E01002768,Islington,Criminal Damage,Other Criminal Damage,0,2012,3
E01003032,Lambeth,Drugs,Other Drugs,0,2012,1
E01003572,Newham,Burglary,Burglary in a Dwelling,0,2016,5
E01032576,Harrow,Theft and Handling,Theft From Motor Vehicle,3,2014,8
E01003822,Richmond upon Thames,Criminal Damage,Criminal Damage To Motor Vehicle,0,2009,1
E01003778,Redbridge,Other Notifiable Offences,Other Notifiable,0,2013,9
E01000986,Croydon,Theft and Handling,Theft From Motor Vehicle,1,2012,4
E01000225,Barnet,Criminal Damage,Other Criminal Damage,0,2015,2
E01001261,Ealing,Fraud or Forgery,Other Fraud & Forgery,0,2008,3
E01004682,Westminster,Criminal Damage,Other Criminal Damage,2,2008,6
E01001859,Hammersmith and Fulham,Violence Against the Person,Offensive Weapon,0,2011,12
E01004740,Westminster,Drugs,Other Drugs,0,2010,2
E01001843,Hackney,Violence Against the Person,Wounding/GBH,0,2014,10
E01000137,Barnet,Criminal Damage,Criminal Damage To Motor Vehicle,0,2016,1
E01003992,Southwark,Drugs,Drug Trafficking,0,2010,10
E01002302,Havering,Drugs,Drug Trafficking,0,2009,8
E01000915,Camden,Theft and Handling,Theft/Taking of Pedal Cycle,1,2012,3
E01004131,Sutton,Other Notifiable Offences,Other Notifiable,0,2012,10
E01000100,Barking and Dagenham,Other Notifiable Offences,Other Notifiable,0,2015,6
E01000639,Brent,Violence Against the Person,Assault with Injury,0,2008,10
E01003161,Lambeth,Drugs,Drug Trafficking,0,2016,3
E01002809,Islington,Burglary,Burglary in a Dwelling,0,2013,12
E01002961,Kingston upon Thames,Other Notifiable Offences,Other Notifiable,0,2014,10
E01002224,Harrow,Theft and Handling,Motor Vehicle Interference & Tampering,0,2009,4
E01000532,Brent,Theft and Handling,Handling Stolen Goods,0,2008,12
E01000037,Barking and Dagenham,Burglary,Burglary in Other Buildings,0,2016,12
E01004013,Southwark,Burglary,Burglary in Other Buildings,0,2011,9
E01000493,Brent,Drugs,Drug Trafficking,0,2009,2
E01003801,Richmond upon Thames,Criminal Damage,Criminal Damage To Other Building,0,2016,4
E01002758,Islington,Drugs,Possession Of Drugs,1,2013,12
E01000091,Barking and Dagenham,Theft and Handling,Other Theft,0,2014,11
E01004374,Waltham Forest,Criminal Damage,Criminal Damage To Motor Vehicle,3,2016,12
E01004043,Southwark,Violence Against the Person,Other violence,0,2013,11
E01000293,Barnet,Criminal Damage,Criminal Damage To Dwelling,0,2014,12
E01002109,Harrow,Theft and Handling,Theft From Motor Vehicle,1,2012,10
E01000909,Camden,Drugs,Possession Of Drugs,2,2012,10
E01003539,Newham,Drugs,Drug Trafficking,0,2011,9
E01000490,Brent,Violence Against the Person,Common Assault,0,2014,6
E01002432,Hillingdon,Criminal Damage,Criminal Damage To Dwelling,0,2011,6
E01001451,Enfield,Theft and Handling,Handling Stolen Goods,0,2016,11
E01003792,Redbridge,Violence Against the Person,Assault with Injury,0,2016,11
E01004651,Westminster,Other Notifiable Offences,Other Notifiable,1,2013,2
E01002189,Harrow,Violence Against the Person,Offensive Weapon,0,2009,4
E01001589,Greenwich,Burglary,Burglary in Other Buildings,0,2012,2
E01002405,Hillingdon,Theft and Handling,Theft From Shops,0,2013,9
E01001971,Haringey,Criminal Damage,Criminal Damage To Motor Vehicle,0,2008,10
E01033590,Redbridge,Theft and Handling,Motor Vehicle Interference & Tampering,0,2010,3
E01000137,Barnet,Criminal Damage,Criminal Damage To Motor Vehicle,0,2013,4
E01000656,Bromley,Theft and Handling,Handling Stolen Goods,0,2012,9
E01002174,Harrow,Theft and Handling,Theft From Motor Vehicle,1,2011,2
E01004633,Wandsworth,Drugs,Possession Of Drugs,1,2008,9
E01004618,Wandsworth,Burglary,Burglary in a Dwelling,0,2015,5
E01001923,Hammersmith and Fulham,Violence Against the Person,Assault with Injury,0,2012,6
E01001621,Greenwich,Criminal Damage,Other Criminal Damage,0,2013,6
E01003328,Lewisham,Criminal Damage,Criminal Damage To Motor Vehicle,0,2016,1
E01001320,Ealing,Theft and Handling,Theft From Motor Vehicle,1,2010,4
E01003211,Lewisham,Burglary,Burglary in a Dwelling,0,2015,9
E01003546,Newham,Violence Against the Person,Murder,0,2014,9
E01003643,Redbridge,Robbery,Business Property,0,2013,6
E01000867,Camden,Theft and Handling,Handling Stolen Goods,0,2014,7
E01001190,Croydon,Violence Against the Person,Other violence,0,2012,7
E01000207,Barnet,Violence Against the Person,Other violence,0,2014,6
E01004508,Wandsworth,Robbery,Business Property,0,2013,12
E01002341,Havering,Theft and Handling,Theft/Taking of Pedal Cycle,0,2015,11
E01000326,Bexley,Violence Against the Person,Wounding/GBH,0,2008,7
E01001232,Ealing,Theft and Handling,Motor Vehicle Interference & Tampering,0,2012,10
E01004055,Southwark,Violence Against the Person,Common Assault,1,2012,3
E01002560,Hounslow,Theft and Handling,Theft From Motor Vehicle,0,2016,12
E01002080,Haringey,Theft and Handling,Theft/Taking Of Motor Vehicle,0,2011,1
E01002098,Haringey,Other Notifiable Offences,Other Notifiable,2,2015,10
E01000482,Brent,Theft and Handling,Theft From Shops,1,2015,12
E01001449,Enfield,Violence Against the Person,Other violence,0,2012,10
E01001952,Hammersmith and Fulham,Robbery,Personal Property,1,2008,2
E01003269,Lewisham,Theft and Handling,Handling Stolen Goods,0,2011,3
E01000866,Camden,Theft and Handling,Theft From Shops,0,2015,1
E01002413,Hillingdon,Violence Against the Person,Wounding/GBH,0,2015,4
E01033701,Hackney,Theft and Handling,Motor Vehicle Interference & Tampering,0,2009,7
E01000782,Bromley,Other Notifiable Offences,Other Notifiable,0,2016,12
E01004318,Tower Hamlets,Violence Against the Person,Offensive Weapon,0,2010,2
E01001417,Enfield,Criminal Damage,Criminal Damage To Motor Vehicle,0,2014,11
E01002334,Havering,Drugs,Drug Trafficking,0,2015,8
E01004762,Westminster,Theft and Handling,Motor Vehicle Interference & Tampering,0,2016,2
E01001827,Hackney,Burglary,Burglary in a Dwelling,3,2016,4
E01004284,Tower Hamlets,Other Notifiable Offences,Other Notifiable,0,2009,3
E01003926,Southwark,Drugs,Other Drugs,0,2014,7
E01003952,Southwark,Theft and Handling,Motor Vehicle Interference & Tampering,0,2015,9
E01000226,Barnet,Burglary,Burglary in a Dwelling,2,2011,12
E01000210,Barnet,Theft and Handling,Theft/Taking Of Motor Vehicle,0,2009,9
E01000454,Bexley,Criminal Damage,Other Criminal Damage,0,2008,11
E01002850,Kensington and Chelsea,Robbery,Business Property,0,2011,6
E01000749,Bromley,Criminal Damage,Other Criminal Damage,0,2011,6
E01001932,Hammersmith and Fulham,Theft and Handling,Theft/Taking of Pedal Cycle,0,2016,11
E01002362,Havering,Robbery,Personal Property,0,2013,5
E01001430,Enfield,Theft and Handling,Theft/Taking Of Motor Vehicle,0,2009,12
E01000285,Barnet,Theft and Handling,Other Theft Person,1,2008,12
E01002556,Hounslow,Drugs,Drug Trafficking,0,2011,10
E01000177,Barnet,Criminal Damage,Criminal Damage To Other Building,0,2009,9
E01003160,Lambeth,Violence Against the Person,Assault with Injury,0,2011,9
E01001796,Hackney,Criminal Damage,Other Criminal Damage,0,2015,6
E01000994,Croydon,Theft and Handling,Other Theft Person,0,2010,1
E01000865,Camden,Burglary,Burglary in a Dwelling,1,2014,11
E01003448,Merton,Violence Against the Person,Harassment,0,2009,8
E01002549,Hillingdon,Theft and Handling,Theft/Taking Of Motor Vehicle,0,2009,10
E01002681,Hounslow,Other Notifiable Offences,Going Equipped,0,2010,3
E01001085,Croydon,Criminal Damage,Other Criminal Damage,0,2008,2
E01004167,Sutton,Violence Against the Person,Harassment,1,2010,6
E01003227,Lewisham,Burglary,Burglary in Other Buildings,0,2015,2
E01003631,Newham,Violence Against the Person,Common Assault,1,2014,11
E01000320,Barnet,Theft and Handling,Theft From Shops,0,2014,4
E01004350,Waltham Forest,Other Notifiable Offences,Other Notifiable,0,2014,6
E01003102,Lambeth,Burglary,Burglary in Other Buildings,2,2009,5
E01002974,Kingston upon Thames,Violence Against the Person,Harassment,1,2009,6
E01000086,Barking and Dagenham,Theft and Handling,Other Theft Person,1,2012,11
E01000156,Barnet,Criminal Damage,Criminal Damage To Motor Vehicle,0,2015,12
E01002157,Harrow,Drugs,Possession Of Drugs,2,2012,12
E01001819,Hackney,Criminal Damage,Criminal Damage To Motor Vehicle,0,2013,2
E01003112,Lambeth,Theft and Handling,Theft/Taking Of Motor Vehicle,1,2011,8
E01002716,Islington,Theft and Handling,Motor Vehicle Interference & Tampering,0,2015,12
E01000930,Camden,Theft and Handling,Theft/Taking of Pedal Cycle,0,2015,4
E01003122,Lambeth,Drugs,Possession Of Drugs,0,2014,4
E01000136,Barnet,Theft and Handling,Theft From Shops,0,2013,10
E01033208,Lambeth,Burglary,Burglary in a Dwelling,0,2008,4
E01002376,Havering,Robbery,Personal Property,0,2008,8
E01003909,Richmond upon Thames,Criminal Damage,Other Criminal Damage,0,2015,1
E01003855,Richmond upon Thames,Violence Against the Person,Wounding/GBH,0,2012,6
E01003929,Southwark,Criminal Damage,Criminal Damage To Motor Vehicle,3,2008,8
E01001186,Croydon,Theft and Handling,Other Theft,2,2015,9
E01003119,Lambeth,Other Notifiable Offences,Going Equipped,0,2011,3
E01003991,Southwark,Violence Against the Person,Murder,0,2013,2
E01002249,Havering,Theft and Handling,Theft/Taking of Pedal Cycle,0,2008,7
E01003701,Redbridge,Burglary,Burglary in a Dwelling,1,2011,9
E01000930,Camden,Other Notifiable Offences,Other Notifiable,0,2011,5
E01000753,Bromley,Violence Against the Person,Common Assault,0,2014,9
E01000179,Barnet,Drugs,Other Drugs,0,2008,11
E01004037,Southwark,Violence Against the Person,Offensive Weapon,0,2009,2
E01004065,Southwark,Robbery,Business Property,0,2008,7
E01000638,Brent,Violence Against the Person,Offensive Weapon,0,2009,4
E01002465,Hillingdon,Criminal Damage,Criminal Damage To Motor Vehicle,0,2008,7
E01000292,Barnet,Criminal Damage,Criminal Damage To Motor Vehicle,1,2013,9
E01003700,Redbridge,Theft and Handling,Theft/Taking of Pedal Cycle,1,2008,9
E01003888,Richmond upon Thames,Theft and Handling,Theft From Motor Vehicle,1,2008,9
E01004528,Wandsworth,Theft and Handling,Theft/Taking Of Motor Vehicle,0,2008,7
E01000413,Bexley,Theft and Handling,Theft From Motor Vehicle,4,2015,3
E01004706,Westminster,Criminal Damage,Other Criminal Damage,0,2015,11
E01004205,Tower Hamlets,Violence Against the Person,Common Assault,3,2010,7
E01000848,Camden,Theft and Handling,Theft/Taking of Pedal Cycle,0,2015,1
E01001875,Hammersmith and Fulham,Theft and Handling,Theft From Shops,0,2016,9
E01003357,Merton,Theft and Handling,Motor Vehicle Interference & Tampering,0,2013,10
E01000298,Barnet,Criminal Damage,Criminal Damage To Dwelling,0,2016,10
E01003751,Redbridge,Theft and Handling,Other Theft,0,2012,4
E01003378,Merton,Violence Against the Person,Assault with Injury,2,2015,6
E01002348,Havering,Violence Against the Person,Common Assault,0,2008,10
E01004551,Wandsworth,Criminal Damage,Criminal Damage To Other Building,1,2013,9
E01002605,Hounslow,Violence Against the Person,Common Assault,1,2012,1
E01002892,Kensington and Chelsea,Theft and Handling,Motor Vehicle Interference & Tampering,1,2015,2
E01004350,Waltham Forest,Theft and Handling,Theft/Taking of Pedal Cycle,0,2016,8
E01002296,Havering,Criminal Damage,Criminal Damage To Other Building,0,2009,8
E01003725,Redbridge,Theft and Handling,Theft From Motor Vehicle,1,2010,11
E01002193,Harrow,Theft and Handling,Theft/Taking Of Motor Vehicle,0,2008,12
E01002695,Islington,Criminal Damage,Criminal Damage To Other Building,2,2012,3
E01000575,Brent,Theft and Handling,Theft From Motor Vehicle,1,2009,10
E01003062,Lambeth,Criminal Damage,Criminal Damage To Other Building,0,2010,10
E01001173,Croydon,Theft and Handling,Motor Vehicle Interference & Tampering,0,2013,2
E01000248,Barnet,Theft and Handling,Other Theft Person,0,2015,8
E01001769,Hackney,Theft and Handling,Motor Vehicle Interference & Tampering,0,2016,3
E01003639,Redbridge,Theft and Handling,Handling Stolen Goods,0,2012,9
E01001692,Greenwich,Theft and Handling,Theft From Motor Vehicle,0,2010,12
E01000373,Bexley,Theft and Handling,Theft From Shops,0,2016,3
E01001800,Hackney,Criminal Damage,Criminal Damage To Motor Vehicle,1,2008,5
E01003677,Redbridge,Robbery,Personal Property,0,2011,7
E01002288,Havering,Burglary,Burglary in Other Buildings,0,2014,2
E01003117,Lambeth,Violence Against the Person,Assault with Injury,2,2009,1
E01002076,Haringey,Criminal Damage,Criminal Damage To Motor Vehicle,1,2008,4
E01004573,Wandsworth,Criminal Damage,Criminal Damage To Motor Vehicle,2,2010,9
E01002285,Havering,Violence Against the Person,Common Assault,1,2015,5
E01000834,Bromley,Theft and Handling,Other Theft Person,0,2016,8
E01001022,Croydon,Burglary,Burglary in Other Buildings,0,2011,1
E01000282,Barnet,Theft and Handling,Handling Stolen Goods,0,2008,6
E01002544,Hillingdon,Theft and Handling,Theft From Motor Vehicle,1,2008,1
E01001322,Ealing,Burglary,Burglary in Other Buildings,1,2014,12
E01003861,Richmond upon Thames,Criminal Damage,Criminal Damage To Other Building,0,2010,10
E01000626,Brent,Drugs,Other Drugs,0,2008,4
E01001079,Croydon,Theft and Handling,Handling Stolen Goods,0,2010,7
E01001820,Hackney,Theft and Handling,Handling Stolen Goods,0,2015,1
E01003763,Redbridge,Burglary,Burglary in a Dwelling,0,2010,5
E01004429,Waltham Forest,Robbery,Personal Property,0,2014,12
E01004255,Tower Hamlets,Violence Against the Person,Common Assault,5,2016,9
E01003518,Newham,Theft and Handling,Theft/Taking Of Motor Vehicle,0,2014,2
E01000588,Brent,Theft and Handling,Handling Stolen Goods,0,2015,1
E01033709,Hackney,Other Notifiable Offences,Going Equipped,0,2015,9
E01002607,Hounslow,Drugs,Possession Of Drugs,3,2014,7
E01000650,Bromley,Violence Against the Person,Common Assault,0,2014,5
E01000497,Brent,Drugs,Drug Trafficking,0,2016,10
E01032638,Southwark,Violence Against the Person,Harassment,0,2014,2
E01001455,Enfield,Violence Against the Person,Common Assault,0,2014,3
E01001937,Hammersmith and Fulham,Theft and Handling,Theft/Taking Of Motor Vehicle,1,2013,10
E01003617,Newham,Burglary,Burglary in Other Buildings,2,2013,3
E01003156,Lambeth,Violence Against the Person,Harassment,0,2015,10
E01002664,Hounslow,Drugs,Possession Of Drugs,2,2010,5
E01002126,Harrow,Other Notifiable Offences,Other Notifiable,0,2009,7
E01003013,Lambeth,Drugs,Drug Trafficking,0,2010,2
E01004624,Wandsworth,Theft and Handling,Theft/Taking of Pedal Cycle,0,2013,1
E01001041,Croydon,Theft and Handling,Theft/Taking of Pedal Cycle,0,2014,2
E01001567,Enfield,Criminal Damage,Criminal Damage To Dwelling,0,2013,2
E01004165,Sutton,Theft and Handling,Other Theft,0,2009,4
E01004129,Sutton,Theft and Handling,Theft/Taking of Pedal Cycle,0,2012,5
E01004216,Tower Hamlets,Burglary,Burglary in a Dwelling,0,2008,1
E01003901,Richmond upon Thames,Theft and Handling,Theft/Taking Of Motor Vehicle,0,2016,3
E01001650,Greenwich,Robbery,Business Property,1,2014,7
E01000876,Camden,Violence Against the Person,Offensive Weapon,0,2016,9
E01000702,Bromley,Robbery,Business Property,0,2015,1
E01001195,Ealing,Theft and Handling,Other Theft Person,1,2012,9
E01003553,Newham,Burglary,Burglary in Other Buildings,1,2014,12
E01001989,Haringey,Theft and Handling,Handling Stolen Goods,0,2011,7
E01003159,Lambeth,Violence Against the Person,Assault with Injury,1,2008,1
E01004080,Sutton,Other Notifiable Offences,Going Equipped,0,2012,3
E01033577,Newham,Theft and Handling,Other Theft,0,2009,9
E01003497,Newham,Sexual Offences,Other Sexual,0,2014,2
E01001975,Haringey,Criminal Damage,Criminal Damage To Dwelling,0,2012,4
E01004680,Westminster,Drugs,Other Drugs,0,2009,10
E01003054,Lambeth,Drugs,Drug Trafficking,0,2011,4
E01004192,Sutton,Theft and Handling,Theft From Motor Vehicle,1,2015,5
E01003163,Lambeth,Violence Against the Person,Offensive Weapon,0,2015,11
E01002394,Hillingdon,Criminal Damage,Criminal Damage To Other Building,0,2015,2
E01002806,Islington,Theft and Handling,Theft/Taking Of Motor Vehicle,0,2013,4
E01004187,Sutton,Violence Against the Person,Harassment,0,2009,6
E01004648,Westminster,Violence Against the Person,Other violence,0,2008,11
E01033099,Wandsworth,Violence Against the Person,Harassment,0,2008,1
E01001168,Croydon,Theft and Handling,Theft From Motor Vehicle,2,2009,8
E01002614,Hounslow,Criminal Damage,Other Criminal Damage,1,2016,4
E01004039,Southwark,Violence Against the Person,Other violence,0,2013,7
E01002010,Haringey,Burglary,Burglary in a Dwelling,0,2011,9
E01001343,Ealing,Theft and Handling,Other Theft Person,1,2009,1
E01002079,Haringey,Violence Against the Person,Assault with Injury,1,2010,9
E01003897,Richmond upon Thames,Violence Against the Person,Assault with Injury,0,2008,9
E01000156,Barnet,Theft and Handling,Theft/Taking Of Motor Vehicle,1,2009,6
E01004751,Westminster,Burglary,Burglary in a Dwelling,0,2015,6
E01000826,Bromley,Burglary,Burglary in a Dwelling,0,2011,10
E01003636,Newham,Theft and Handling,Handling Stolen Goods,0,2015,7
E01002483,Hillingdon,Violence Against the Person,Offensive Weapon,0,2014,1
E01001872,Hammersmith and Fulham,Theft and Handling,Motor Vehicle Interference & Tampering,0,2010,11
E01003368,Merton,Criminal Damage,Other Criminal Damage,0,2011,9
E01004471,Waltham Forest,Theft and Handling,Theft From Shops,0,2009,3
E01004085,Sutton,Theft and Handling,Theft/Taking of Pedal Cycle,0,2012,12
E01003325,Lewisham,Theft and Handling,Theft From Motor Vehicle,0,2014,3
E01000763,Bromley,Violence Against the Person,Other violence,0,2010,9
E01000814,Bromley,Drugs,Possession Of Drugs,0,2010,6
E01002917,Kingston upon Thames,Violence Against the Person,Assault with Injury,0,2014,12
E01003226,Lewisham,Robbery,Personal Property,0,2011,12
E01000129,Barnet,Theft and Handling,Theft/Taking of Pedal Cycle,0,2008,4
E01002752,Islington,Theft and Handling,Other Theft Person,0,2012,6
E01004686,Westminster,Theft and Handling,Handling Stolen Goods,0,2008,2
E01002543,Hillingdon,Theft and Handling,Theft/Taking Of Motor Vehicle,0,2012,2
E01000175,Barnet,Violence Against the Person,Wounding/GBH,0,2016,11
E01003603,Newham,Robbery,Business Property,0,2013,5
E01000407,Bexley,Violence Against the Person,Assault with Injury,1,2010,2
E01002534,Hillingdon,Criminal Damage,Criminal Damage To Dwelling,0,2016,2
E01001370,Ealing,Criminal Damage,Criminal Damage To Motor Vehicle,0,2010,2
E01004342,Waltham Forest,Drugs,Possession Of Drugs,1,2009,9
E01002225,Harrow,Drugs,Drug Trafficking,0,2011,8
E01004074,Southwark,Violence Against the Person,Harassment,0,2011,7
E01001302,Ealing,Other Notifiable Offences,Other Notifiable,0,2014,6
E01003633,Newham,Drugs,Drug Trafficking,0,2013,5
E01001696,Greenwich,Criminal Damage,Criminal Damage To Motor Vehicle,3,2010,3
E01033320,Lewisham,Theft and Handling,Theft From Motor Vehicle,0,2012,2
E01003095,Lambeth,Criminal Damage,Other Criminal Damage,0,2013,7
E01003067,Lambeth,Theft and Handling,Other Theft,0,2015,6
E01001356,Ealing,Theft and Handling,Handling Stolen Goods,0,2010,1
E01002328,Havering,Violence Against the Person,Assault with Injury,0,2012,4
E01002863,Kensington and Chelsea,Drugs,Drug Trafficking,0,2015,4
E01004365,Waltham Forest,Criminal Damage,Criminal Damage To Motor Vehicle,0,2015,12
E01002679,Hounslow,Violence Against the Person,Common Assault,0,2010,3
E01032768,Tower Hamlets,Robbery,Personal Property,0,2013,10
E01004374,Waltham Forest,Violence Against the Person,Other violence,0,2012,2
E01001636,Greenwich,Violence Against the Person,Wounding/GBH,0,2013,10
E01000990,Croydon,Other Notifiable Offences,Other Notifiable,1,2008,3
E01000794,Bromley,Violence Against the Person,Assault with Injury,0,2009,6
E01001828,Hackney,Other Notifiable Offences,Other Notifiable,0,2010,6
E01001459,Enfield,Violence Against the Person,Wounding/GBH,0,2008,6
E01001676,Greenwich,Theft and Handling,Handling Stolen Goods,0,2014,3
E01003411,Merton,Burglary,Burglary in a Dwelling,3,2014,3
E01000422,Bexley,Drugs,Possession Of Drugs,1,2010,6
E01003197,Lewisham,Criminal Damage,Criminal Damage To Dwelling,1,2010,1
E01002102,Haringey,Violence Against the Person,Other violence,0,2013,3
E01004455,Waltham Forest,Violence Against the Person,Other violence,1,2008,10
E01003086,Lambeth,Violence Against the Person,Other violence,0,2016,12
E01001310,Ealing,Fraud or Forgery,Counted per Victim,0,2015,3
E01001264,Ealing,Robbery,Business Property,0,2012,4
E01001640,Greenwich,Theft and Handling,Handling Stolen Goods,0,2015,4
E01003939,Southwark,Criminal Damage,Criminal Damage To Other Building,0,2014,8
E01003247,Lewisham,Theft and Handling,Theft From Shops,0,2012,12
E01032744,Ealing,Criminal Damage,Criminal Damage To Motor Vehicle,0,2011,2
E01001486,Enfield,Burglary,Burglary in a Dwelling,7,2011,1
E01003458,Merton,Violence Against the Person,Common Assault,0,2013,12
E01001123,Croydon,Violence Against the Person,Assault with Injury,0,2016,12
E01004653,Westminster,Burglary,Burglary in Other Buildings,1,2008,10
E01003775,Redbridge,Criminal Damage,Criminal Damage To Dwelling,0,2010,6
E01001979,Haringey,Theft and Handling,Handling Stolen Goods,0,2009,12
E01002693,Hounslow,Other Notifiable Offences,Other Notifiable,0,2008,9
E01000331,Bexley,Criminal Damage,Criminal Damage To Dwelling,2,2008,10
E01003475,Merton,Violence Against the Person,Other violence,0,2013,4
E01003858,Richmond upon Thames,Theft and Handling,Other Theft,1,2010,1
E01002227,Harrow,Theft and Handling,Theft/Taking Of Motor Vehicle,1,2013,8
E01000708,Bromley,Theft and Handling,Theft From Motor Vehicle,1,2013,11
E01004194,Sutton,Criminal Damage,Criminal Damage To Motor Vehicle,0,2008,10
E01033085,Haringey,Theft and Handling,Theft/Taking Of Motor Vehicle,0,2015,7
E01001298,Ealing,Criminal Damage,Criminal Damage To Other Building,0,2014,3
E01000058,Barking and Dagenham,Other Notifiable Offences,Other Notifiable,0,2008,5
E01002471,Hillingdon,Violence Against the Person,Assault with Injury,0,2009,1
E01002749,Islington,Theft and Handling,Theft/Taking Of Motor Vehicle,0,2008,4
E01001888,Hammersmith and Fulham,Burglary,Burglary in Other Buildings,2,2009,10
E01000685,Bromley,Robbery,Personal Property,0,2014,2
E01003079,Lambeth,Criminal Damage,Other Criminal Damage,1,2014,4
E01002926,Kingston upon Thames,Burglary,Burglary in Other Buildings,0,2011,6
E01001876,Hammersmith and Fulham,Violence Against the Person,Other violence,0,2012,6
E01001790,Hackney,Criminal Damage,Criminal Damage To Dwelling,0,2012,6
E01000593,Brent,Violence Against the Person,Common Assault,0,2015,6
E01002392,Hillingdon,Robbery,Personal Property,0,2008,5
E01002669,Hounslow,Criminal Damage,Criminal Damage To Other Building,0,2014,6
E01003402,Merton,Other Notifiable Offences,Going Equipped,0,2013,12
E01000628,Brent,Theft and Handling,Theft/Taking Of Motor Vehicle,0,2014,6
E01004178,Sutton,Theft and Handling,Theft/Taking Of Motor Vehicle,0,2013,9
E01004074,Southwark,Criminal Damage,Other Criminal Damage,0,2015,3
E01003534,Newham,Drugs,Possession Of Drugs,2,2009,3
E01002368,Havering,Criminal Damage,Criminal Damage To Other Building,0,2016,4
E01004753,Westminster,Theft and Handling,Theft From Motor Vehicle,1,2013,2
E01002870,Kensington and Chelsea,Violence Against the Person,Wounding/GBH,0,2011,2
E01001329,Ealing,Criminal Damage,Other Criminal Damage,0,2010,10
E01001390,Enfield,Burglary,Burglary in Other Buildings,0,2016,9
E01000191,Barnet,Violence Against the Person,Common Assault,0,2015,8
E01003282,Lewisham,Violence Against the Person,Wounding/GBH,0,2010,3
E01003683,Redbridge,Theft and Handling,Other Theft,0,2009,12
E01003209,Lewisham,Drugs,Possession Of Drugs,4,2011,2
E01003893,Richmond upon Thames,Burglary,Burglary in Other Buildings,2,2009,7
E01004674,Westminster,Drugs,Drug Trafficking,0,2008,1
E01002089,Haringey,Sexual Offences,Rape,0,2010,11
E01000596,Brent,Other Notifiable Offences,Other Notifiable,0,2011,4
E01001151,Croydon,Sexual Offences,Rape,0,2011,5
E01004740,Westminster,Theft and Handling,Motor Vehicle Interference & Tampering,0,2009,4
E01000852,Camden,Theft and Handling,Handling Stolen Goods,0,2012,12
E01004323,Tower Hamlets,Theft and Handling,Motor Vehicle Interference & Tampering,0,2010,5
E01001509,Enfield,Violence Against the Person,Other violence,0,2014,9
E01002955,Kingston upon Thames,Theft and Handling,Theft/Taking of Pedal Cycle,0,2010,9
E01003989,Southwark,Theft and Handling,Other Theft,1,2013,6
E01003207,Lewisham,Drugs,Drug Trafficking,1,2014,1
E01000985,Croydon,Theft and Handling,Theft/Taking Of Motor Vehicle,0,2016,2
E01000366,Bexley,Other Notifiable Offences,Going Equipped,0,2015,3
E01002053,Haringey,Theft and Handling,Handling Stolen Goods,0,2014,4
E01002204,Harrow,Theft and Handling,Theft From Shops,0,2010,7
E01032565,Lewisham,Burglary,Burglary in Other Buildings,0,2015,8
E01000144,Barnet,Theft and Handling,Theft From Motor Vehicle,0,2010,10
E01001146,Croydon,Other Notifiable Offences,Other Notifiable,0,2015,1
E01001041,Croydon,Burglary,Burglary in a Dwelling,2,2012,1
E01002653,Hounslow,Robbery,Business Property,0,2016,5
E01003840,Richmond upon Thames,Violence Against the Person,Assault with Injury,0,2012,8
E01004037,Southwark,Violence Against the Person,Wounding/GBH,0,2012,7
E01004333,Waltham Forest,Theft and Handling,Motor Vehicle Interference & Tampering,0,2009,3
E01001672,Greenwich,Violence Against the Person,Offensive Weapon,0,2012,9
E01001412,Enfield,Theft and Handling,Motor Vehicle Interference & Tampering,0,2015,10
E01002447,Hillingdon,Sexual Offences,Other Sexual,0,2010,9
E01003915,Southwark,Drugs,Drug Trafficking,0,2011,9
E01000791,Bromley,Burglary,Burglary in a Dwelling,1,2010,11
E01004294,Tower Hamlets,Theft and Handling,Motor Vehicle Interference & Tampering,0,2013,1
E01003203,Lewisham,Theft and Handling,Theft From Motor Vehicle,0,2015,2
E01004155,Sutton,Theft and Handling,Theft/Taking of Pedal Cycle,0,2011,8
E01001698,Greenwich,Violence Against the Person,Common Assault,3,2010,10
E01003312,Lewisham,Criminal Damage,Criminal Damage To Other Building,1,2011,8
E01033490,Islington,Theft and Handling,Theft From Motor Vehicle,0,2009,10
E01000341,Bexley,Violence Against the Person,Common Assault,0,2009,4
E01001341,Ealing,Violence Against the Person,Offensive Weapon,0,2014,8
E01003227,Lewisham,Theft and Handling,Handling Stolen Goods,0,2009,1
E01001208,Ealing,Theft and Handling,Theft/Taking of Pedal Cycle,0,2008,2
E01001418,Enfield,Criminal Damage,Criminal Damage To Dwelling,0,2015,1
E01001879,Hammersmith and Fulham,Theft and Handling,Motor Vehicle Interference & Tampering,0,2012,7
E01004128,Sutton,Violence Against the Person,Common Assault,2,2015,5
E01003856,Richmond upon Thames,Violence Against the Person,Other violence,0,2009,5
E01000593,Brent,Criminal Damage,Criminal Damage To Dwelling,1,2013,10
E01004269,Tower Hamlets,Violence Against the Person,Common Assault,0,2008,7
E01003584,Newham,Theft and Handling,Theft From Motor Vehicle,1,2014,6
E01002681,Hounslow,Drugs,Possession Of Drugs,1,2014,11
E01002663,Hounslow,Theft and Handling,Other Theft,1,2009,3
E01004341,Waltham Forest,Drugs,Drug Trafficking,0,2013,1
E01004381,Waltham Forest,Theft and Handling,Theft/Taking Of Motor Vehicle,0,2016,2
E01004161,Sutton,Theft and Handling,Theft From Motor Vehicle,1,2016,12
E01004104,Sutton,Theft and Handling,Motor Vehicle Interference & Tampering,0,2016,6
E01000447,Bexley,Theft and Handling,Theft From Motor Vehicle,4,2010,9
E01001714,Hackney,Other Notifiable Offences,Going Equipped,0,2008,6
E01002523,Hillingdon,Criminal Damage,Other Criminal Damage,0,2008,9
E01004509,Wandsworth,Fraud or Forgery,Counted per Victim,0,2009,7
E01001194,Croydon,Drugs,Drug Trafficking,0,2008,1
E01002484,Hillingdon,Burglary,Burglary in Other Buildings,0,2009,11
E01000131,Barnet,Theft and Handling,Other Theft Person,0,2009,6
E01000288,Barnet,Violence Against the Person,Assault with Injury,1,2008,12
E01003840,Richmond upon Thames,Theft and Handling,Motor Vehicle Interference & Tampering,0,2014,4
E01000635,Brent,Burglary,Burglary in a Dwelling,6,2010,10
E01001222,Ealing,Burglary,Burglary in Other Buildings,1,2009,9
E01000720,Bromley,Other Notifiable Offences,Other Notifiable,0,2008,3
E01004516,Wandsworth,Burglary,Burglary in Other Buildings,3,2015,3
E01001761,Hackney,Criminal Damage,Criminal Damage To Motor Vehicle,0,2016,7
E01000461,Bexley,Other Notifiable Offences,Other Notifiable,0,2013,12
E01002968,Kingston upon Thames,Theft and Handling,Theft/Taking Of Motor Vehicle,3,2011,4
E01000896,Camden,Violence Against the Person,Assault with Injury,1,2012,9
E01004172,Sutton,Violence Against the Person,Assault with Injury,1,2014,7
E01001986,Haringey,Criminal Damage,Other Criminal Damage,0,2012,2
E01002848,Kensington and Chelsea,Drugs,Other Drugs,0,2010,5
E01001001,Croydon,Robbery,Personal Property,1,2009,12
E01000381,Bexley,Criminal Damage,Criminal Damage To Dwelling,0,2015,1
E01001781,Hackney,Robbery,Business Property,0,2008,8
E01001916,Hammersmith and Fulham,Drugs,Drug Trafficking,0,2009,11
E01002008,Haringey,Theft and Handling,Other Theft,0,2014,4
E01004052,Southwark,Burglary,Burglary in Other Buildings,3,2013,10
E01003247,Lewisham,Other Notifiable Offences,Going Equipped,0,2013,5
E01002143,Harrow,Criminal Damage,Other Criminal Damage,0,2009,3
E01002637,Hounslow,Criminal Damage,Criminal Damage To Dwelling,0,2010,7
E01001262,Ealing,Theft and Handling,Theft/Taking of Pedal Cycle,0,2016,8
E01003857,Richmond upon Thames,Drugs,Drug Trafficking,0,2012,3
E01001549,Enfield,Fraud or Forgery,Other Fraud & Forgery,0,2010,2
E01003788,Redbridge,Violence Against the Person,Harassment,2,2012,4
E01001759,Hackney,Theft and Handling,Theft From Motor Vehicle,1,2012,7
E01002566,Hounslow,Theft and Handling,Other Theft Person,0,2016,12
E01000224,Barnet,Theft and Handling,Theft/Taking of Pedal Cycle,0,2015,4
E01000794,Bromley,Violence Against the Person,Harassment,0,2012,4
E01003715,Redbridge,Theft and Handling,Other Theft Person,0,2014,12
E01001389,Ealing,Drugs,Possession Of Drugs,0,2014,5
E01003909,Richmond upon Thames,Burglary,Burglary in a Dwelling,1,2009,6
E01000548,Brent,Fraud or Forgery,Other Fraud & Forgery,0,2013,12
E01004239,Tower Hamlets,Other Notifiable Offences,Going Equipped,0,2008,6
E01001641,Greenwich,Other Notifiable Offences,Other Notifiable,0,2016,4
E01000467,Bexley,Theft and Handling,Other Theft,9,2011,2
E01001314,Ealing,Theft and Handling,Theft/Taking Of Motor Vehicle,0,2014,10
E01003652,Redbridge,Theft and Handling,Handling Stolen Goods,0,2010,6
E01000734,Bromley,Violence Against the Person,Harassment,0,2009,12
E01002865,Kensington and Chelsea,Criminal Damage,Criminal Damage To Motor Vehicle,1,2010,11
E01002614,Hounslow,Violence Against the Person,Harassment,2,2008,6
E01004099,Sutton,Burglary,Burglary in Other Buildings,2,2009,1
E01002821,Kensington and Chelsea,Theft and Handling,Theft/Taking Of Motor Vehicle,0,2008,10
E01002703,Islington,Criminal Damage,Criminal Damage To Motor Vehicle,0,2009,3
E01004637,Wandsworth,Drugs,Possession Of Drugs,0,2010,11
E01004197,Tower Hamlets,Criminal Damage,Criminal Damage To Other Building,0,2014,9
E01001198,Ealing,Burglary,Burglary in Other Buildings,0,2015,6
E01002014,Haringey,Violence Against the Person,Common Assault,1,2010,1
E01003857,Richmond upon Thames,Violence Against the Person,Offensive Weapon,0,2015,7
E01004437,Waltham Forest,Violence Against the Person,Wounding/GBH,0,2012,2
E01002862,Kensington and Chelsea,Violence Against the Person,Common Assault,0,2014,9
E01001124,Croydon,Violence Against the Person,Harassment,0,2008,11
E01002054,Haringey,Burglary,Burglary in a Dwelling,1,2009,5
E01001461,Enfield,Theft and Handling,Theft From Motor Vehicle,0,2016,1
E01002213,Harrow,Other Notifiable Offences,Other Notifiable,1,2009,8
E01003686,Redbridge,Theft and Handling,Theft/Taking Of Motor Vehicle,1,2016,4
E01000584,Brent,Violence Against the Person,Common Assault,0,2008,10
E01002183,Harrow,Criminal Damage,Criminal Damage To Motor Vehicle,0,2012,11
E01004338,Waltham Forest,Violence Against the Person,Common Assault,1,2008,6
E01003829,Richmond upon Thames,Drugs,Drug Trafficking,1,2014,8
E01001671,Greenwich,Criminal Damage,Criminal Damage To Other Building,0,2014,10
E01003747,Redbridge,Drugs,Possession Of Drugs,0,2014,11
E01001877,Hammersmith and Fulham,Burglary,Burglary in a Dwelling,1,2013,12
E01002354,Havering,Theft and Handling,Theft/Taking of Pedal Cycle,0,2010,8
E01003762,Redbridge,Theft and Handling,Other Theft,0,2013,3
E01002465,Hillingdon,Theft and Handling,Motor Vehicle Interference & Tampering,0,2015,5
E01000891,Camden,Burglary,Burglary in Other Buildings,0,2009,5
E01001206,Ealing,Violence Against the Person,Other violence,0,2014,12
E01002397,Hillingdon,Theft and Handling,Theft/Taking Of Motor Vehicle,0,2008,3
E01001312,Ealing,Robbery,Business Property,0,2015,3
E01002049,Haringey,Theft and Handling,Theft/Taking of Pedal Cycle,0,2012,10
E01004754,Westminster,Violence Against the Person,Offensive Weapon,0,2008,4
E01001546,Enfield,Theft and Handling,Theft/Taking Of Motor Vehicle,0,2016,1
E01001977,Haringey,Robbery,Personal Property,0,2012,6
E01002910,Kensington and Chelsea,Robbery,Business Property,0,2012,10
E01004255,Tower Hamlets,Violence Against the Person,Wounding/GBH,1,2016,10
E01001656,Greenwich,Robbery,Business Property,0,2014,9
E01000798,Bromley,Theft and Handling,Other Theft,1,2009,1
E01002133,Harrow,Theft and Handling,Theft From Motor Vehicle,0,2015,3
E01001844,Hackney,Theft and Handling,Theft/Taking of Pedal Cycle,1,2012,1
E01004513,Wandsworth,Violence Against the Person,Wounding/GBH,1,2008,4
E01001215,Ealing,Theft and Handling,Theft From Motor Vehicle,1,2011,7
E01002793,Islington,Burglary,Burglary in Other Buildings,1,2014,4
E01000939,Camden,Theft and Handling,Other Theft Person,1,2008,1
E01003146,Lambeth,Theft and Handling,Motor Vehicle Interference & Tampering,0,2014,4
E01000424,Bexley,Theft and Handling,Theft From Motor Vehicle,2,2011,11
E01004635,Wandsworth,Other Notifiable Offences,Other Notifiable,0,2010,12
E01001662,Greenwich,Criminal Damage,Other Criminal Damage,0,2012,12
E01000488,Brent,Violence Against the Person,Assault with Injury,1,2012,1
E01002447,Hillingdon,Violence Against the Person,Common Assault,0,2011,11
E01000192,Barnet,Fraud or Forgery,Other Fraud & Forgery,0,2014,12
E01002490,Hillingdon,Robbery,Personal Property,0,2013,9
E01002067,Haringey,Drugs,Other Drugs,0,2008,12
E01003629,Newham,Drugs,Drug Trafficking,0,2008,11
E01003274,Lewisham,Violence Against the Person,Assault with Injury,2,2010,9
E01004401,Waltham Forest,Theft and Handling,Theft From Motor Vehicle,0,2016,11
E01000364,Bexley,Theft and Handling,Theft From Motor Vehicle,0,2008,4
E01004270,Tower Hamlets,Theft and Handling,Other Theft Person,0,2009,6
E01002223,Harrow,Robbery,Personal Property,1,2008,10
E01001669,Greenwich,Other Notifiable Offences,Going Equipped,0,2011,3
E01002774,Islington,Robbery,Personal Property,0,2015,3
E01003845,Richmond upon Thames,Sexual Offences,Other Sexual,0,2008,10
E01003746,Redbridge,Drugs,Possession Of Drugs,0,2016,8
E01000552,Brent,Violence Against the Person,Offensive Weapon,0,2014,7
E01000409,Bexley,Burglary,Burglary in Other Buildings,0,2015,7
E01000605,Brent,Theft and Handling,Handling Stolen Goods,0,2009,5
E01001863,Hammersmith and Fulham,Robbery,Personal Property,0,2009,5
E01033703,Hackney,Drugs,Possession Of Drugs,0,2009,3
E01002251,Havering,Other Notifiable Offences,Going Equipped,0,2013,7
E01003964,Southwark,Burglary,Burglary in Other Buildings,0,2015,12
E01004365,Waltham Forest,Violence Against the Person,Murder,0,2008,4
E01002748,Islington,Theft and Handling,Handling Stolen Goods,0,2015,3
E01003434,Merton,Theft and Handling,Other Theft,0,2016,11
E01003834,Richmond upon Thames,Robbery,Business Property,0,2010,3
E01000218,Barnet,Criminal Damage,Criminal Damage To Other Building,0,2009,4
E01001347,Ealing,Theft and Handling,Handling Stolen Goods,0,2010,2
E01000962,Camden,Violence Against the Person,Harassment,1,2014,8
E01003377,Merton,Criminal Damage,Criminal Damage To Motor Vehicle,4,2010,8
E01000563,Brent,Violence Against the Person,Wounding/GBH,0,2014,8
E01003626,Newham,Drugs,Drug Trafficking,0,2016,7
E01004196,Sutton,Theft and Handling,Motor Vehicle Interference & Tampering,0,2008,2
E01003170,Lambeth,Robbery,Business Property,0,2016,9
E01000291,Barnet,Violence Against the Person,Common Assault,1,2009,2
E01004546,Wandsworth,Violence Against the Person,Harassment,1,2013,8
E01003754,Redbridge,Theft and Handling,Handling Stolen Goods,0,2016,2
E01002886,Kensington and Chelsea,Criminal Damage,Criminal Damage To Other Building,0,2016,10
E01002581,Hounslow,Theft and Handling,Theft/Taking of Pedal Cycle,1,2016,6
E01003200,Lewisham,Violence Against the Person,Wounding/GBH,0,2008,1
E01001002,Croydon,Violence Against the Person,Offensive Weapon,0,2012,9
E01002513,Hillingdon,Theft and Handling,Motor Vehicle Interference & Tampering,0,2013,7
E01004552,Wandsworth,Other Notifiable Offences,Going Equipped,0,2011,7
E01001093,Croydon,Criminal Damage,Criminal Damage To Motor Vehicle,1,2008,9
E01000181,Barnet,Criminal Damage,Criminal Damage To Motor Vehicle,0,2013,3
E01002743,Islington,Drugs,Possession Of Drugs,1,2008,2
E01004125,Sutton,Theft and Handling,Other Theft Person,0,2015,5
E01001343,Ealing,Violence Against the Person,Assault with Injury,0,2011,9
E01004710,Westminster,Violence Against the Person,Common Assault,1,2013,5
E01002379,Havering,Burglary,Burglary in a Dwelling,0,2008,6
E01002204,Harrow,Theft and Handling,Motor Vehicle Interference & Tampering,1,2015,11
E01000539,Brent,Violence Against the Person,Harassment,0,2014,6
E01004352,Waltham Forest,Robbery,Business Property,0,2010,2
E01000654,Bromley,Violence Against the Person,Assault with Injury,0,2008,3
E01004107,Sutton,Robbery,Business Property,1,2015,10
E01002725,Islington,Theft and Handling,Handling Stolen Goods,0,2015,12
E01002858,Kensington and Chelsea,Theft and Handling,Other Theft,4,2016,3
E01033705,Hackney,Theft and Handling,Theft/Taking Of Motor Vehicle,2,2013,11
E01000589,Brent,Violence Against the Person,Harassment,1,2013,3
E01000440,Bexley,Burglary,Burglary in Other Buildings,0,2014,10
E01002087,Haringey,Burglary,Burglary in Other Buildings,0,2015,8
E01001367,Ealing,Violence Against the Person,Assault with Injury,3,2014,7
E01003353,Lewisham,Criminal Damage,Other Criminal Damage,0,2010,5
E01003748,Redbridge,Theft and Handling,Theft/Taking of Pedal Cycle,0,2014,11
E01003595,Newham,Criminal Damage,Criminal Damage To Other Building,0,2009,5
E01003992,Southwark,Violence Against the Person,Harassment,0,2009,9
E01000425,Bexley,Theft and Handling,Other Theft Person,0,2015,8
E01001226,Ealing,Violence Against the Person,Common Assault,1,2009,4
E01004305,Tower Hamlets,Violence Against the Person,Common Assault,0,2008,8
E01000104,Barking and Dagenham,Criminal Damage,Criminal Damage To Dwelling,0,2013,4
E01001180,Croydon,Violence Against the Person,Wounding/GBH,0,2010,11
E01000154,Barnet,Theft and Handling,Theft/Taking Of Motor Vehicle,0,2012,6
E01003711,Redbridge,Fraud or Forgery,Counted per Victim,0,2013,2
E01003488,Newham,Drugs,Other Drugs,0,2016,9
E01033607,Westminster,Criminal Damage,Other Criminal Damage,0,2014,2
E01002401,Hillingdon,Drugs,Possession Of Drugs,0,2009,3
E01000128,Barnet,Drugs,Other Drugs,0,2010,12
E01004011,Southwark,Other Notifiable Offences,Going Equipped,0,2014,9
E01002980,Kingston upon Thames,Fraud or Forgery,Other Fraud & Forgery,0,2016,6
E01033324,Lewisham,Violence Against the Person,Assault with Injury,0,2008,6
E01003738,Redbridge,Drugs,Drug Trafficking,0,2013,1
E01000694,Bromley,Theft and Handling,Motor Vehicle Interference & Tampering,0,2015,5
E01004394,Waltham Forest,Drugs,Possession Of Drugs,2,2009,6
E01000801,Bromley,Theft and Handling,Theft/Taking of Pedal Cycle,0,2015,4
E01000437,Bexley,Criminal Damage,Other Criminal Damage,0,2008,12
E01003173,Lambeth,Criminal Damage,Criminal Damage To Other Building,0,2012,7
E01004377,Waltham Forest,Drugs,Drug Trafficking,0,2009,12
E01001211,Ealing,Theft and Handling,Theft From Shops,0,2010,9
E01003794,Redbridge,Criminal Damage,Criminal Damage To Other Building,0,2010,5
E01002693,Hounslow,Theft and Handling,Other Theft Person,1,2011,7
E01000330,Bexley,Burglary,Burglary in Other Buildings,0,2008,1
E01003248,Lewisham,Sexual Offences,Rape,0,2015,2
E01004540,Wandsworth,Criminal Damage,Criminal Damage To Dwelling,2,2008,1
E01000724,Bromley,Theft and Handling,Motor Vehicle Interference & Tampering,0,2011,4
E01003534,Newham,Theft and Handling,Theft/Taking of Pedal Cycle,0,2009,3
E01003359,Merton,Violence Against the Person,Wounding/GBH,0,2013,8
E01001727,Hackney,Violence Against the Person,Wounding/GBH,0,2012,6
E01003845,Richmond upon Thames,Theft and Handling,Other Theft Person,0,2011,4
E01003895,Richmond upon Thames,Theft and Handling,Other Theft,0,2011,7
E01001411,Enfield,Theft and Handling,Theft From Shops,2,2008,9
E01004500,Wandsworth,Robbery,Personal Property,0,2016,10
E01032564,Lewisham,Violence Against the Person,Other violence,0,2008,6
E01003296,Lewisham,Violence Against the Person,Common Assault,5,2008,9
E01002994,Kingston upon Thames,Criminal Damage,Criminal Damage To Other Building,0,2011,11
E01003621,Newham,Violence Against the Person,Common Assault,2,2011,11
E01002065,Haringey,Burglary,Burglary in a Dwelling,1,2013,8
E01003290,Lewisham,Violence Against the Person,Other violence,0,2012,9
E01003738,Redbridge,Theft and Handling,Other Theft,0,2011,12
E01002373,Havering,Violence Against the Person,Common Assault,0,2016,12
E01003567,Newham,Other Notifiable Offences,Other Notifiable,0,2016,4
E01000586,Brent,Criminal Damage,Criminal Damage To Dwelling,0,2008,1
E01000787,Bromley,Other Notifiable Offences,Going Equipped,0,2011,4
E01002411,Hillingdon,Violence Against the Person,Assault with Injury,0,2013,7
E01001687,Greenwich,Robbery,Personal Property,0,2011,3
E01001940,Hammersmith and Fulham,Violence Against the Person,Harassment,1,2010,11
E01003519,Newham,Theft and Handling,Other Theft Person,1,2010,3
E01002134,Harrow,Drugs,Possession Of Drugs,0,2016,7
E01002754,Islington,Drugs,Possession Of Drugs,0,2016,3
E01000150,Barnet,Criminal Damage,Criminal Damage To Dwelling,0,2008,9
E01000376,Bexley,Violence Against the Person,Other violence,0,2008,11
E01000739,Bromley,Theft and Handling,Motor Vehicle Interference & Tampering,0,2013,4
E01001089,Croydon,Violence Against the Person,Assault with Injury,3,2010,6
E01000599,Brent,Other Notifiable Offences,Other Notifiable,0,2009,2
E01000358,Bexley,Burglary,Burglary in Other Buildings,0,2015,6
E01000271,Barnet,Robbery,Business Property,0,2010,2
E01032784,Tower Hamlets,Other Notifiable Offences,Other Notifiable,0,2008,9
E01002711,Islington,Criminal Damage,Criminal Damage To Other Building,0,2012,2
E01002523,Hillingdon,Drugs,Possession Of Drugs,4,2008,3
E01003177,Lambeth,Other Notifiable Offences,Other Notifiable,0,2015,8
E01003940,Southwark,Burglary,Burglary in a Dwelling,0,2015,11
E01003193,Lewisham,Violence Against the Person,Assault with Injury,4,2010,4
E01004441,Waltham Forest,Fraud or Forgery,Counted per Victim,0,2011,6
E01003336,Lewisham,Violence Against the Person,Offensive Weapon,0,2014,8
E01001142,Croydon,Theft and Handling,Theft/Taking Of Motor Vehicle,0,2009,1
E01002352,Havering,Theft and Handling,Theft From Motor Vehicle,0,2014,6
E01004457,Waltham Forest,Violence Against the Person,Common Assault,0,2012,3
E01003919,Southwark,Theft and Handling,Theft/Taking Of Motor Vehicle,1,2012,3
E01003806,Richmond upon Thames,Violence Against the Person,Common Assault,0,2008,7
E01004761,Westminster,Theft and Handling,Other Theft Person,7,2014,10
E01032568,Bromley,Theft and Handling,Theft From Shops,0,2010,5
E01004039,Southwark,Theft and Handling,Theft From Shops,0,2013,6
E01003650,Redbridge,Robbery,Personal Property,0,2012,9
E01000366,Bexley,Violence Against the Person,Other violence,0,2016,2
E01002470,Hillingdon,Criminal Damage,Other Criminal Damage,1,2011,4
E01002351,Havering,Burglary,Burglary in Other Buildings,1,2010,5
E01004657,Westminster,Violence Against the Person,Other violence,0,2009,5
E01002297,Havering,Violence Against the Person,Other violence,0,2009,4
E01003511,Newham,Theft and Handling,Other Theft Person,0,2014,9
E01033591,Redbridge,Violence Against the Person,Other violence,0,2013,10
E01001804,Hackney,Violence Against the Person,Assault with Injury,0,2010,9
E01002333,Havering,Other Notifiable Offences,Other Notifiable,0,2009,9
E01003382,Merton,Violence Against the Person,Assault with Injury,0,2009,7
E01033734,Greenwich,Theft and Handling,Theft/Taking Of Motor Vehicle,0,2009,5
E01001917,Hammersmith and Fulham,Violence Against the Person,Other violence,0,2014,3
E01000051,Barking and Dagenham,Violence Against the Person,Other violence,1,2011,3
E01001872,Hammersmith and Fulham,Sexual Offences,Other Sexual,0,2013,7
E01001024,Croydon,Drugs,Possession Of Drugs,0,2015,8
E01001107,Croydon,Violence Against the Person,Harassment,0,2009,2
E01004114,Sutton,Violence Against the Person,Harassment,0,2012,1
E01000743,Bromley,Violence Against the Person,Harassment,1,2014,8
E01003354,Lewisham,Violence Against the Person,Wounding/GBH,0,2013,12
E01003978,Southwark,Drugs,Drug Trafficking,0,2009,12
E01003840,Richmond upon Thames,Theft and Handling,Theft From Shops,1,2016,7
E01001824,Hackney,Violence Against the Person,Harassment,2,2012,5
E01000379,Bexley,Theft and Handling,Theft From Motor Vehicle,1,2010,10
E01001437,Enfield,Theft and Handling,Theft From Motor Vehicle,5,2010,4
E01003745,Redbridge,Other Notifiable Offences,Other Notifiable,0,2015,1
E01003839,Richmond upon Thames,Theft and Handling,Other Theft Person,0,2016,3
E01000540,Brent,Theft and Handling,Other Theft,0,2009,7
E01000790,Bromley,Drugs,Drug Trafficking,0,2014,7
E01002105,Haringey,Robbery,Personal Property,0,2016,4
E01003490,Newham,Violence Against the Person,Assault with Injury,2,2014,8
E01002568,Hounslow,Drugs,Other Drugs,0,2012,9
E01004666,Westminster,Theft and Handling,Other Theft Person,5,2008,5
E01001370,Ealing,Drugs,Possession Of Drugs,1,2015,5
E01002003,Haringey,Violence Against the Person,Other violence,1,2014,1
E01000762,Bromley,Theft and Handling,Theft/Taking of Pedal Cycle,0,2008,5
E01002595,Hounslow,Other Notifiable Offences,Other Notifiable,0,2015,9
E01000903,Camden,Criminal Damage,Criminal Damage To Motor Vehicle,0,2012,8
E01000335,Bexley,Theft and Handling,Theft/Taking of Pedal Cycle,0,2008,6
E01003795,Redbridge,Theft and Handling,Theft From Shops,0,2012,12
E01000950,Camden,Robbery,Personal Property,0,2016,2
E01000199,Barnet,Criminal Damage,Criminal Damage To Dwelling,0,2010,11
E01001348,Ealing,Criminal Damage,Criminal Damage To Other Building,0,2013,8
E01001249,Ealing,Violence Against the Person,Harassment,3,2011,8
E01003308,Lewisham,Other Notifiable Offences,Other Notifiable,0,2008,8
E01003993,Southwark,Burglary,Burglary in Other Buildings,1,2014,9
E01000919,Camden,Robbery,Personal Property,0,2009,7
E01003702,Redbridge,Violence Against the Person,Offensive Weapon,0,2014,5
E01001684,Greenwich,Violence Against the Person,Assault with Injury,1,2013,5
E01003245,Lewisham,Violence Against the Person,Other violence,0,2008,5
E01002521,Hillingdon,Criminal Damage,Criminal Damage To Motor Vehicle,1,2009,6
E01002572,Hounslow,Drugs,Possession Of Drugs,1,2010,10
E01003644,Redbridge,Theft and Handling,Theft/Taking of Pedal Cycle,0,2014,12
E01001044,Croydon,Violence Against the Person,Wounding/GBH,0,2013,8
E01002608,Hounslow,Fraud or Forgery,Counted per Victim,0,2009,9
E01002962,Kingston upon Thames,Theft and Handling,Motor Vehicle Interference & Tampering,0,2013,7
E01001601,Greenwich,Violence Against the Person,Assault with Injury,1,2009,10
E01003336,Lewisham,Theft and Handling,Motor Vehicle Interference & Tampering,0,2010,1
E01002980,Kingston upon Thames,Theft and Handling,Other Theft,0,2015,10
E01002523,Hillingdon,Violence Against the Person,Harassment,0,2015,12
E01000236,Barnet,Violence Against the Person,Assault with Injury,0,2009,11
E01001581,Greenwich,Criminal Damage,Criminal Damage To Other Building,1,2010,1
E01002607,Hounslow,Violence Against the Person,Harassment,1,2014,1
E01002287,Havering,Theft and Handling,Theft/Taking Of Motor Vehicle,0,2013,10
E01000480,Brent,Theft and Handling,Handling Stolen Goods,0,2014,11
E01003727,Redbridge,Theft and Handling,Other Theft,1,2008,3
E01004284,Tower Hamlets,Violence Against the Person,Murder,0,2010,7
E01002177,Harrow,Theft and Handling,Other Theft Person,0,2014,10
E01000208,Barnet,Violence Against the Person,Harassment,0,2008,10
E01004069,Southwark,Violence Against the Person,Wounding/GBH,0,2014,9
E01003073,Lambeth,Other Notifiable Offences,Other Notifiable,0,2012,3
E01000086,Barking and Dagenham,Theft and Handling,Other Theft Person,0,2009,7
E01000001,City of London,Violence Against the Person,Other violence,0,2011,10
E01003777,Redbridge,Criminal Damage,Criminal Damage To Motor Vehicle,0,2011,1
E01004105,Sutton,Criminal Damage,Criminal Damage To Motor Vehicle,0,2016,4
E01001447,Enfield,Violence Against the Person,Assault with Injury,1,2016,12
E01033463,Brent,Theft and Handling,Other Theft,0,2009,4
E01004108,Sutton,Theft and Handling,Motor Vehicle Interference & Tampering,1,2015,12
E01003396,Merton,Violence Against the Person,Harassment,1,2010,9
E01000335,Bexley,Drugs,Possession Of Drugs,3,2009,3
E01000161,Barnet,Theft and Handling,Handling Stolen Goods,0,2009,8
E01002488,Hillingdon,Fraud or Forgery,Other Fraud & Forgery,0,2010,1
E01004456,Waltham Forest,Criminal Damage,Criminal Damage To Dwelling,1,2011,11
E01001558,Enfield,Other Notifiable Offences,Going Equipped,0,2012,6
E01000094,Barking and Dagenham,Other Notifiable Offences,Other Notifiable,0,2016,1
E01033578,Newham,Other Notifiable Offences,Other Notifiable,0,2015,3
E01000120,Barnet,Theft and Handling,Theft From Motor Vehicle,1,2008,7
E01003595,Newham,Violence Against the Person,Murder,0,2008,6
E01001095,Croydon,Theft and Handling,Other Theft Person,0,2008,10
E01003993,Southwark,Violence Against the Person,Harassment,1,2015,11
E01004157,Sutton,Violence Against the Person,Wounding/GBH,0,2013,3
E01001160,Croydon,Fraud or Forgery,Other Fraud & Forgery,0,2015,2
E01002675,Hounslow,Theft and Handling,Other Theft Person,0,2008,5
E01000061,Barking and Dagenham,Criminal Damage,Criminal Damage To Dwelling,1,2015,8
E01000918,Camden,Burglary,Burglary in a Dwelling,0,2014,9
