E01000853,Camden,Drugs,Drug Trafficking,0,2012,3
E01000035,Barking and Dagenham,Theft and Handling,Other Theft Person,0,2009,7
E01000901,Camden,Drugs,Possession Of Drugs,1,2016,4
E01004092,Sutton,Criminal Damage,Criminal Damage To Motor Vehicle,0,2012,2
E01000343,Bexley,Criminal Damage,Criminal Damage To Other Building,0,2012,1
E01004339,Waltham Forest,Theft and Handling,Other Theft,1,2016,10
E01001648,Greenwich,Other Notifiable Offences,Other Notifiable,0,2011,11
E01002158,Harrow,Burglary,Burglary in a Dwelling,0,2010,12
E01000057,Barking and Dagenham,Theft and Handling,Theft/Taking of Pedal Cycle,1,2015,6
E01004314,Tower Hamlets,Other Notifiable Offences,Going Equipped,0,2012,8
E01004318,Tower Hamlets,Violence Against the Person,Harassment,2,2010,2
E01002637,Hounslow,Violence Against the Person,Offensive Weapon,0,2013,2
E01004529,Wandsworth,Drugs,Other Drugs,0,2014,7
E01001981,Haringey,Criminal Damage,Criminal Damage To Other Building,0,2015,5
E01003117,Lambeth,Other Notifiable Offences,Other Notifiable,0,2008,3
E01003459,Merton,Theft and Handling,Theft/Taking Of Motor Vehicle,2,2011,4
E01002198,Harrow,Theft and Handling,Other Theft Person,1,2009,11
E01004377,Waltham Forest,Violence Against the Person,Assault with Injury,1,2014,10
E01003258,Lewisham,Criminal Damage,Criminal Damage To Other Building,0,2013,7
E01002958,Kingston upon Thames,Violence Against the Person,Offensive Weapon,0,2015,1
E01000607,Brent,Drugs,Possession Of Drugs,0,2015,12
E01003435,Merton,Theft and Handling,Theft/Taking of Pedal Cycle,0,2011,4
E01001414,Enfield,Theft and Handling,Other Theft Person,0,2014,7
E01002553,Hillingdon,Violence Against the Person,Assault with Injury,1,2009,1
E01004533,Wandsworth,Criminal Damage,Criminal Damage To Dwelling,1,2009,4
E01001825,Hackney,Theft and Handling,Theft From Shops,0,2012,5
E01002484,Hillingdon,Criminal Damage,Criminal Damage To Dwelling,0,2014,9
E01000323,Barnet,Fraud or Forgery,Other Fraud & Forgery,0,2014,5
E01002530,Hillingdon,Theft and Handling,Motor Vehicle Interference & Tampering,0,2014,4
E01000644,Brent,Drugs,Other Drugs,0,2009,12
E01003785,Redbridge,Violence Against the Person,Assault with Injury,2,2015,9
E01002891,Kensington and Chelsea,Violence Against the Person,Assault with Injury,0,2009,10
E01003395,Merton,Theft and Handling,Motor Vehicle Interference & Tampering,0,2008,9
E01003379,Merton,Violence Against the Person,Assault with Injury,1,2015,6
E01004223,Tower Hamlets,Violence Against the Person,Harassment,1,2013,8
E01003387,Merton,Criminal Damage,Criminal Damage To Other Building,0,2008,1
E01002991,Kingston upon Thames,Other Notifiable Offences,Other Notifiable,0,2008,3
E01000940,Camden,Theft and Handling,Theft/Taking of Pedal Cycle,0,2012,1
E01003472,Merton,Theft and Handling,Theft From Motor Vehicle,2,2008,12
E01002474,Hillingdon,Violence Against the Person,Assault with Injury,3,2010,6
E01003657,Redbridge,Criminal Damage,Criminal Damage To Motor Vehicle,0,2015,7
E01002543,Hillingdon,Criminal Damage,Criminal Damage To Motor Vehicle,1,2008,6
E01002896,Kensington and Chelsea,Burglary,Burglary in a Dwelling,0,2010,2
E01004400,Waltham Forest,Burglary,Burglary in a Dwelling,2,2012,9
E01002703,Islington,Theft and Handling,Theft From Shops,0,2008,8
E01003481,Newham,Theft and Handling,Theft/Taking of Pedal Cycle,2,2010,2
E01001588,Greenwich,Criminal Damage,Criminal Damage To Other Building,0,2014,1
E01000576,Brent,Criminal Damage,Other Criminal Damage,0,2010,12
E01001218,Ealing,Theft and Handling,Handling Stolen Goods,0,2009,11
E01002114,Harrow,Violence Against the Person,Common Assault,1,2015,6
E01000916,Camden,Drugs,Other Drugs,0,2012,4
E01004247,Tower Hamlets,Theft and Handling,Handling Stolen Goods,0,2008,10
E01000366,Bexley,Violence Against the Person,Harassment,0,2015,1
E01001793,Hackney,Drugs,Drug Trafficking,0,2009,2
E01004158,Sutton,Violence Against the Person,Assault with Injury,0,2009,8
E01004313,Tower Hamlets,Robbery,Personal Property,1,2008,1
E01001605,Greenwich,Violence Against the Person,Other violence,0,2014,2
E01001934,Hammersmith and Fulham,Drugs,Drug Trafficking,0,2012,12
E01004154,Sutton,Theft and Handling,Motor Vehicle Interference & Tampering,0,2014,10
E01003423,Merton,Theft and Handling,Theft/Taking Of Motor Vehicle,0,2008,6
E01004350,Waltham Forest,Burglary,Burglary in a Dwelling,1,2008,4
E01002447,Hillingdon,Violence Against the Person,Harassment,2,2016,11
E01004167,Sutton,Theft and Handling,Other Theft Person,0,2012,1
E01000881,Camden,Other Notifiable Offences,Going Equipped,0,2014,8
E01000723,Bromley,Drugs,Possession Of Drugs,1,2009,7
E01004014,Southwark,Robbery,Personal Property,1,2013,11
E01003912,Southwark,Burglary,Burglary in a Dwelling,0,2008,11
E01004457,Waltham Forest,Violence Against the Person,Assault with Injury,0,2009,3
E01001924,Hammersmith and Fulham,Criminal Damage,Criminal Damage To Dwelling,0,2015,2
E01001140,Croydon,Theft and Handling,Theft From Shops,0,2011,9
E01002299,Havering,Theft and Handling,Other Theft,0,2015,2
E01004513,Wandsworth,Burglary,Burglary in a Dwelling,0,2008,8
E01003409,Merton,Violence Against the Person,Wounding/GBH,0,2013,4
E01000926,Camden,Robbery,Personal Property,0,2010,1
E01001937,Hammersmith and Fulham,Criminal Damage,Criminal Damage To Dwelling,0,2013,11
E01002720,Islington,Robbery,Personal Property,0,2013,10
E01001399,Enfield,Violence Against the Person,Assault with Injury,1,2015,12
E01004242,Tower Hamlets,Criminal Damage,Criminal Damage To Other Building,0,2014,12
E01004122,Sutton,Criminal Damage,Criminal Damage To Other Building,0,2011,6
E01000163,Barnet,Violence Against the Person,Common Assault,0,2008,10
E01004663,Westminster,Drugs,Other Drugs,0,2014,11
E01003156,Lambeth,Theft and Handling,Motor Vehicle Interference & Tampering,0,2013,10
E01003066,Lambeth,Fraud or Forgery,Other Fraud & Forgery,0,2008,9
E01003266,Lewisham,Criminal Damage,Criminal Damage To Motor Vehicle,1,2016,2
E01004628,Wandsworth,Theft and Handling,Theft From Motor Vehicle,2,2011,5
E01000145,Barnet,Violence Against the Person,Offensive Weapon,0,2009,10
E01001272,Ealing,Burglary,Burglary in Other Buildings,2,2009,5
E01003024,Lambeth,Other Notifiable Offences,Other Notifiable,0,2008,10
E01000046,Barking and Dagenham,Violence Against the Person,Harassment,0,2008,3
E01003880,Richmond upon Thames,Violence Against the Person,Assault with Injury,0,2016,2
E01003558,Newham,Theft and Handling,Theft From Motor Vehicle,0,2009,3
E01000516,Brent,Violence Against the Person,Offensive Weapon,1,2011,8
E01002488,Hillingdon,Theft and Handling,Theft/Taking of Pedal Cycle,0,2013,1
E01000381,Bexley,Theft and Handling,Theft From Motor Vehicle,0,2015,11
E01001285,Ealing,Criminal Damage,Criminal Damage To Dwelling,0,2012,9
E01003071,Lambeth,Violence Against the Person,Assault with Injury,0,2008,10
E01001675,Greenwich,Theft and Handling,Other Theft,2,2011,6
E01004143,Sutton,Drugs,Possession Of Drugs,0,2014,12
E01003565,Newham,Robbery,Personal Property,0,2014,9
E01003553,Newham,Drugs,Possession Of Drugs,3,2015,10
E01004131,Sutton,Violence Against the Person,Other violence,0,2008,6
E01003054,Lambeth,Criminal Damage,Criminal Damage To Dwelling,0,2009,2
E01033738,Greenwich,Theft and Handling,Theft/Taking of Pedal Cycle,0,2013,6
E01003244,Lewisham,Robbery,Business Property,0,2012,7
E01001716,Hackney,Other Notifiable Offences,Other Notifiable,0,2008,1
E01000216,Barnet,Theft and Handling,Theft From Motor Vehicle,1,2014,11
E01001807,Hackney,Theft and Handling,Handling Stolen Goods,0,2013,1
E01003828,Richmond upon Thames,Criminal Damage,Criminal Damage To Other Building,0,2015,5
E01004283,Tower Hamlets,Theft and Handling,Handling Stolen Goods,0,2010,10
E01000759,Bromley,Theft and Handling,Theft/Taking of Pedal Cycle,0,2011,7
E01001073,Croydon,Theft and Handling,Theft/Taking Of Motor Vehicle,1,2012,9
E01000729,Bromley,Criminal Damage,Criminal Damage To Motor Vehicle,2,2008,10
E01000906,Camden,Violence Against the Person,Other violence,0,2008,11
E01001859,Hammersmith and Fulham,Drugs,Possession Of Drugs,0,2009,2
E01001095,Croydon,Theft and Handling,Theft From Motor Vehicle,1,2009,12
E01000128,Barnet,Theft and Handling,Theft/Taking Of Motor Vehicle,0,2009,6
E01001582,Greenwich,Other Notifiable Offences,Other Notifiable,0,2011,6
E01000209,Barnet,Violence Against the Person,Assault with Injury,0,2012,5
E01000307,Barnet,Other Notifiable Offences,Other Notifiable,0,2011,10
E01002587,Hounslow,Robbery,Personal Property,0,2008,2
E01001130,Croydon,Sexual Offences,Rape,0,2015,3
E01003452,Merton,Theft and Handling,Theft/Taking Of Motor Vehicle,1,2008,6
E01002859,Kensington and Chelsea,Criminal Damage,Criminal Damage To Dwelling,0,2008,11
E01000449,Bexley,Theft and Handling,Motor Vehicle Interference & Tampering,0,2012,6
E01001502,Enfield,Violence Against the Person,Assault with Injury,1,2011,6
E01002879,Kensington and Chelsea,Theft and Handling,Theft/Taking of Pedal Cycle,1,2015,7
E01001859,Hammersmith and Fulham,Other Notifiable Offences,Other Notifiable,0,2012,6
E01004513,Wandsworth,Criminal Damage,Other Criminal Damage,0,2010,7
E01004735,Westminster,Violence Against the Person,Assault with Injury,2,2011,4
E01002859,Kensington and Chelsea,Theft and Handling,Theft/Taking Of Motor Vehicle,1,2009,4
E01003950,Southwark,Criminal Damage,Criminal Damage To Other Building,0,2008,11
E01004473,Wandsworth,Burglary,Burglary in Other Buildings,0,2014,5
E01004053,Southwark,Violence Against the Person,Harassment,0,2013,10
E01003545,Newham,Violence Against the Person,Assault with Injury,3,2011,2
E01000036,Barking and Dagenham,Fraud or Forgery,Other Fraud & Forgery,0,2015,7
E01001719,Hackney,Theft and Handling,Theft/Taking Of Motor Vehicle,0,2013,6
E01002031,Haringey,Robbery,Personal Property,1,2010,8
E01000415,Bexley,Drugs,Possession Of Drugs,0,2008,9
E01000487,Brent,Theft and Handling,Motor Vehicle Interference & Tampering,0,2009,11
E01000845,Camden,Theft and Handling,Other Theft,2,2014,5
E01003027,Lambeth,Violence Against the Person,Assault with Injury,0,2013,9
E01002071,Haringey,Violence Against the Person,Wounding/GBH,0,2014,8
E01001051,Croydon,Violence Against the Person,Common Assault,2,2016,1
E01003554,Newham,Robbery,Personal Property,0,2010,9
E01000439,Bexley,Robbery,Personal Property,0,2008,10
E01004669,Westminster,Criminal Damage,Other Criminal Damage,1,2012,11
E01000127,Barnet,Criminal Damage,Criminal Damage To Dwelling,0,2013,1
E01000331,Bexley,Criminal Damage,Other Criminal Damage,0,2012,2
E01003600,Newham,Theft and Handling,Other Theft Person,1,2015,6
E01001906,Hammersmith and Fulham,Theft and Handling,Theft/Taking of Pedal Cycle,0,2013,4
E01003034,Lambeth,Criminal Damage,Other Criminal Damage,0,2008,10
E01001345,Ealing,Drugs,Possession Of Drugs,0,2015,11
E01003481,Newham,Burglary,Burglary in Other Buildings,1,2016,4
E01000589,Brent,Fraud or Forgery,Counted per Victim,0,2008,10
E01004541,Wandsworth,Theft and Handling,Handling Stolen Goods,1,2008,1
E01003634,Newham,Fraud or Forgery,Other Fraud & Forgery,0,2009,8
E01000572,Brent,Theft and Handling,Handling Stolen Goods,0,2014,5
E01000554,Brent,Other Notifiable Offences,Other Notifiable,1,2015,2
E01000146,Barnet,Fraud or Forgery,Counted per Victim,0,2009,1
E01002286,Havering,Robbery,Personal Property,0,2012,3
E01000252,Barnet,Fraud or Forgery,Counted per Victim,0,2015,1
E01002515,Hillingdon,Theft and Handling,Motor Vehicle Interference & Tampering,0,2009,9
E01001665,Greenwich,Theft and Handling,Motor Vehicle Interference & Tampering,0,2010,4
E01003373,Merton,Criminal Damage,Criminal Damage To Motor Vehicle,0,2010,7
E01003398,Merton,Theft and Handling,Theft/Taking Of Motor Vehicle,0,2012,10
E01002749,Islington,Violence Against the Person,Common Assault,0,2013,3
E01000371,Bexley,Theft and Handling,Handling Stolen Goods,0,2015,2
E01002062,Haringey,Violence Against the Person,Common Assault,0,2015,2
E01002223,Harrow,Theft and Handling,Theft From Shops,0,2011,9
E01003392,Merton,Robbery,Business Property,0,2016,12
E01000216,Barnet,Drugs,Drug Trafficking,0,2015,8
E01001782,Hackney,Robbery,Business Property,0,2009,12
E01001396,Enfield,Theft and Handling,Motor Vehicle Interference & Tampering,0,2016,4
E01001835,Hackney,Violence Against the Person,Common Assault,0,2014,12
E01002962,Kingston upon Thames,Theft and Handling,Theft From Shops,0,2010,10
E01001176,Croydon,Violence Against the Person,Other violence,0,2014,10
E01001224,Ealing,Theft and Handling,Theft/Taking of Pedal Cycle,0,2015,1
E01002217,Harrow,Criminal Damage,Criminal Damage To Other Building,0,2012,10
E01004486,Wandsworth,Criminal Damage,Other Criminal Damage,0,2014,11
E01003897,Richmond upon Thames,Other Notifiable Offences,Going Equipped,0,2013,9
E01000063,Barking and Dagenham,Theft and Handling,Theft From Shops,0,2012,11
E01004682,Westminster,Drugs,Possession Of Drugs,0,2014,5
E01003435,Merton,Theft and Handling,Handling Stolen Goods,0,2013,8
E01000423,Bexley,Violence Against the Person,Wounding/GBH,0,2011,9
E01004143,Sutton,Violence Against the Person,Assault with Injury,1,2014,3
E01001858,Hammersmith and Fulham,Criminal Damage,Criminal Damage To Other Building,1,2011,7
E01001925,Hammersmith and Fulham,Violence Against the Person,Assault with Injury,0,2013,4
E01003916,Southwark,Violence Against the Person,Assault with Injury,0,2009,8
E01002255,Havering,Theft and Handling,Theft/Taking Of Motor Vehicle,0,2013,1
E01000607,Brent,Violence Against the Person,Harassment,1,2016,4
E01001064,Croydon,Burglary,Burglary in Other Buildings,3,2011,1
E01003215,Lewisham,Criminal Damage,Criminal Damage To Motor Vehicle,0,2013,2
E01003933,Southwark,Theft and Handling,Theft From Shops,0,2012,10
E01004448,Waltham Forest,Violence Against the Person,Wounding/GBH,0,2013,6
E01001428,Enfield,Drugs,Drug Trafficking,0,2009,8
E01002144,Harrow,Theft and Handling,Other Theft,1,2010,7
E01002757,Islington,Drugs,Possession Of Drugs,0,2012,2
E01002751,Islington,Theft and Handling,Handling Stolen Goods,0,2013,5
E01002520,Hillingdon,Theft and Handling,Theft/Taking Of Motor Vehicle,0,2009,3
E01002165,Harrow,Burglary,Burglary in a Dwelling,2,2009,2
E01001010,Croydon,Criminal Damage,Other Criminal Damage,4,2015,11
E01003193,Lewisham,Violence Against the Person,Common Assault,1,2016,11
E01001688,Greenwich,Theft and Handling,Theft From Motor Vehicle,0,2016,2
E01000229,Barnet,Criminal Damage,Criminal Damage To Other Building,0,2011,9
E01002865,Kensington and Chelsea,Violence Against the Person,Common Assault,0,2012,11
E01004397,Waltham Forest,Violence Against the Person,Wounding/GBH,1,2014,4
E01003449,Merton,Theft and Handling,Theft/Taking of Pedal Cycle,0,2014,2
E01001379,Ealing,Violence Against the Person,Assault with Injury,0,2016,11
E01000736,Bromley,Robbery,Personal Property,0,2015,8
E01001255,Ealing,Violence Against the Person,Common Assault,1,2016,6
E01000468,Bexley,Robbery,Business Property,0,2011,6
E01000559,Brent,Violence Against the Person,Murder,0,2010,6
E01000825,Bromley,Criminal Damage,Criminal Damage To Other Building,0,2008,5
E01003744,Redbridge,Theft and Handling,Other Theft Person,0,2013,7
E01001794,Hackney,Criminal Damage,Criminal Damage To Dwelling,0,2014,8
E01003345,Lewisham,Theft and Handling,Other Theft Person,0,2012,9
E01004712,Westminster,Other Notifiable Offences,Other Notifiable,0,2010,2
E01000475,Brent,Fraud or Forgery,Other Fraud & Forgery,0,2011,10
E01003459,Merton,Other Notifiable Offences,Other Notifiable,0,2016,2
E01003256,Lewisham,Criminal Damage,Criminal Damage To Other Building,0,2013,2
E01000745,Bromley,Violence Against the Person,Other violence,1,2016,4
E01000707,Bromley,Criminal Damage,Criminal Damage To Dwelling,0,2011,8
E01000915,Camden,Violence Against the Person,Common Assault,1,2015,2
E01002420,Hillingdon,Burglary,Burglary in a Dwelling,0,2009,3
E01003834,Richmond upon Thames,Other Notifiable Offences,Other Notifiable,0,2011,9
E01003532,Newham,Robbery,Business Property,0,2014,10
E01001242,Ealing,Violence Against the Person,Common Assault,1,2014,4
E01001799,Hackney,Theft and Handling,Motor Vehicle Interference & Tampering,0,2010,6
E01004731,Westminster,Criminal Damage,Criminal Damage To Dwelling,0,2008,3
E01001181,Croydon,Violence Against the Person,Assault with Injury,0,2014,1
E01003147,Lambeth,Violence Against the Person,Common Assault,1,2013,12
E01002639,Hounslow,Violence Against the Person,Common Assault,0,2016,4
E01000511,Brent,Theft and Handling,Other Theft,2,2014,2
E01000540,Brent,Sexual Offences,Other Sexual,0,2012,5
E01001852,Hammersmith and Fulham,Violence Against the Person,Harassment,0,2009,2
E01002028,Haringey,Drugs,Possession Of Drugs,3,2011,7
E01002614,Hounslow,Fraud or Forgery,Counted per Victim,0,2010,11
E01001207,Ealing,Violence Against the Person,Assault with Injury,0,2010,11
E01000071,Barking and Dagenham,Theft and Handling,Theft From Shops,0,2010,6
E01032640,Southwark,Criminal Damage,Criminal Damage To Dwelling,0,2010,2
E01000102,Barking and Dagenham,Robbery,Personal Property,1,2012,3
E01002642,Hounslow,Theft and Handling,Other Theft Person,1,2008,2
E01003648,Redbridge,Theft and Handling,Other Theft,1,2010,1
E01002733,Islington,Theft and Handling,Theft From Motor Vehicle,3,2011,3
E01001159,Croydon,Violence Against the Person,Wounding/GBH,0,2016,8
E01002545,Hillingdon,Violence Against the Person,Harassment,3,2015,8
E01001696,Greenwich,Burglary,Burglary in a Dwelling,3,2010,8
E01003298,Lewisham,Burglary,Burglary in a Dwelling,0,2012,12
E01003200,Lewisham,Robbery,Business Property,0,2010,1
E01002992,Kingston upon Thames,Theft and Handling,Other Theft,1,2014,12
E01003773,Redbridge,Other Notifiable Offences,Other Notifiable,0,2009,8
E01002527,Hillingdon,Theft and Handling,Other Theft Person,0,2016,11
E01004397,Waltham Forest,Fraud or Forgery,Other Fraud & Forgery,0,2014,5
E01003547,Newham,Criminal Damage,Criminal Damage To Dwelling,0,2015,4
E01003123,Lambeth,Violence Against the Person,Offensive Weapon,0,2008,1
E01000281,Barnet,Robbery,Personal Property,0,2016,8
E01001862,Hammersmith and Fulham,Theft and Handling,Other Theft Person,0,2016,2
E01000979,Croydon,Violence Against the Person,Harassment,1,2013,4
E01004446,Waltham Forest,Other Notifiable Offences,Other Notifiable,0,2014,5
E01000901,Camden,Theft and Handling,Theft/Taking of Pedal Cycle,1,2010,12
E01003754,Redbridge,Theft and Handling,Theft From Motor Vehicle,0,2014,2
E01002053,Haringey,Theft and Handling,Motor Vehicle Interference & Tampering,0,2008,7
E01004334,Waltham Forest,Theft and Handling,Other Theft Person,1,2012,10
E01002593,Hounslow,Theft and Handling,Motor Vehicle Interference & Tampering,0,2010,7
E01003265,Lewisham,Burglary,Burglary in Other Buildings,0,2012,12
E01000237,Barnet,Robbery,Business Property,0,2010,1
E01001049,Croydon,Theft and Handling,Theft/Taking Of Motor Vehicle,0,2015,12
E01001387,Ealing,Violence Against the Person,Assault with Injury,0,2015,9
E01002575,Hounslow,Violence Against the Person,Wounding/GBH,0,2014,6
E01000961,Camden,Theft and Handling,Handling Stolen Goods,0,2013,3
E01000965,Camden,Violence Against the Person,Common Assault,0,2008,11
E01004645,Wandsworth,Violence Against the Person,Other violence,0,2008,3
E01001459,Enfield,Theft and Handling,Other Theft Person,0,2012,1
E01000187,Barnet,Theft and Handling,Theft From Shops,0,2010,5
E01001929,Hammersmith and Fulham,Theft and Handling,Theft/Taking of Pedal Cycle,1,2011,11
E01000591,Brent,Criminal Damage,Criminal Damage To Motor Vehicle,2,2008,1
E01003648,Redbridge,Criminal Damage,Criminal Damage To Other Building,0,2010,6
E01000237,Barnet,Other Notifiable Offences,Other Notifiable,0,2010,4
E01001568,Enfield,Theft and Handling,Theft/Taking Of Motor Vehicle,0,2010,12
E01003860,Richmond upon Thames,Theft and Handling,Motor Vehicle Interference & Tampering,1,2013,6
E01001186,Croydon,Theft and Handling,Other Theft,0,2010,5
E01001835,Hackney,Other Notifiable Offences,Going Equipped,0,2011,1
E01004435,Waltham Forest,Other Notifiable Offences,Going Equipped,0,2009,10
E01002959,Kingston upon Thames,Theft and Handling,Theft From Motor Vehicle,0,2015,7
E01000410,Bexley,Other Notifiable Offences,Other Notifiable,0,2015,3
E01001298,Ealing,Criminal Damage,Other Criminal Damage,0,2011,8
E01004514,Wandsworth,Violence Against the Person,Offensive Weapon,0,2012,9
E01003814,Richmond upon Thames,Drugs,Drug Trafficking,0,2012,1
E01002258,Havering,Other Notifiable Offences,Other Notifiable,0,2009,8
E01003329,Lewisham,Criminal Damage,Criminal Damage To Motor Vehicle,0,2011,3
E01004483,Wandsworth,Theft and Handling,Theft/Taking Of Motor Vehicle,1,2016,1
E01000675,Bromley,Other Notifiable Offences,Going Equipped,0,2011,1
E01001354,Ealing,Theft and Handling,Other Theft Person,0,2011,1
E01002756,Islington,Violence Against the Person,Harassment,1,2011,2
E01004676,Westminster,Other Notifiable Offences,Other Notifiable,0,2015,9
E01003725,Redbridge,Theft and Handling,Other Theft Person,0,2010,10
E01002864,Kensington and Chelsea,Theft and Handling,Handling Stolen Goods,0,2015,1
E01002092,Haringey,Theft and Handling,Theft/Taking Of Motor Vehicle,0,2013,11
E01003976,Southwark,Burglary,Burglary in Other Buildings,2,2011,9
E01002068,Haringey,Burglary,Burglary in a Dwelling,2,2010,6
E01000804,Bromley,Violence Against the Person,Common Assault,0,2008,1
E01002371,Havering,Drugs,Drug Trafficking,0,2008,6
E01002923,Kingston upon Thames,Theft and Handling,Other Theft Person,0,2013,5
E01001396,Enfield,Criminal Damage,Other Criminal Damage,0,2016,5
E01001274,Ealing,Violence Against the Person,Other violence,0,2011,3
E01003082,Lambeth,Robbery,Business Property,0,2013,12
E01004284,Tower Hamlets,Drugs,Drug Trafficking,0,2010,4
E01001945,Hammersmith and Fulham,Other Notifiable Offences,Other Notifiable,0,2013,1
E01002889,Kensington and Chelsea,Theft and Handling,Theft/Taking of Pedal Cycle,2,2015,8
E01002759,Islington,Robbery,Personal Property,0,2014,1
E01004593,Wandsworth,Fraud or Forgery,Other Fraud & Forgery,0,2016,1
E01001693,Greenwich,Violence Against the Person,Wounding/GBH,1,2012,12
E01003172,Lambeth,Theft and Handling,Other Theft Person,0,2015,2
E01002385,Havering,Drugs,Possession Of Drugs,0,2016,10
E01003742,Redbridge,Violence Against the Person,Offensive Weapon,0,2010,9
E01001921,Hammersmith and Fulham,Theft and Handling,Theft From Shops,0,2013,3
E01000408,Bexley,Violence Against the Person,Common Assault,1,2016,8
E01000922,Camden,Robbery,Business Property,0,2013,9
E01000315,Barnet,Violence Against the Person,Offensive Weapon,0,2012,11
E01003845,Richmond upon Thames,Drugs,Possession Of Drugs,0,2009,6
E01001032,Croydon,Violence Against the Person,Wounding/GBH,0,2008,1
E01001702,Greenwich,Theft and Handling,Theft/Taking Of Motor Vehicle,0,2014,2
E01001559,Enfield,Theft and Handling,Handling Stolen Goods,0,2008,2
E01001760,Hackney,Drugs,Drug Trafficking,0,2015,11
E01004223,Tower Hamlets,Violence Against the Person,Other violence,0,2012,12
E01000754,Bromley,Violence Against the Person,Harassment,0,2009,4
E01002554,Hillingdon,Burglary,Burglary in a Dwelling,2,2010,8
E01004473,Wandsworth,Burglary,Burglary in Other Buildings,0,2012,9
E01003360,Merton,Other Notifiable Offences,Going Equipped,0,2013,1
E01002026,Haringey,Violence Against the Person,Offensive Weapon,0,2014,8
E01003631,Newham,Other Notifiable Offences,Other Notifiable,0,2015,2
E01003144,Lambeth,Violence Against the Person,Other violence,0,2010,12
E01001926,Hammersmith and Fulham,Violence Against the Person,Offensive Weapon,0,2013,8
E01004359,Waltham Forest,Violence Against the Person,Harassment,0,2009,5
E01004153,Sutton,Theft and Handling,Other Theft,1,2011,10
E01002775,Islington,Burglary,Burglary in a Dwelling,2,2011,7
E01000096,Barking and Dagenham,Fraud or Forgery,Other Fraud & Forgery,0,2008,9
E01002365,Havering,Robbery,Personal Property,0,2012,3
E01000737,Bromley,Violence Against the Person,Assault with Injury,1,2016,9
E01000033,Barking and Dagenham,Robbery,Business Property,0,2010,2
E01001642,Greenwich,Other Notifiable Offences,Going Equipped,0,2009,11
E01001415,Enfield,Burglary,Burglary in a Dwelling,0,2008,11
E01000183,Barnet,Theft and Handling,Theft/Taking Of Motor Vehicle,0,2014,4
E01003330,Lewisham,Violence Against the Person,Wounding/GBH,0,2011,4
E01003312,Lewisham,Theft and Handling,Other Theft Person,0,2014,1
E01002234,Harrow,Violence Against the Person,Assault with Injury,1,2016,3
E01000835,Bromley,Robbery,Personal Property,4,2010,1
E01002913,Kensington and Chelsea,Criminal Damage,Other Criminal Damage,0,2008,3
E01001072,Croydon,Robbery,Business Property,0,2015,10
E01002219,Harrow,Theft and Handling,Theft From Motor Vehicle,5,2008,9
E01000282,Barnet,Criminal Damage,Criminal Damage To Motor Vehicle,0,2012,2
E01002080,Haringey,Violence Against the Person,Wounding/GBH,0,2012,4
E01004300,Tower Hamlets,Violence Against the Person,Wounding/GBH,0,2010,12
E01001351,Ealing,Theft and Handling,Theft From Motor Vehicle,1,2016,11
E01002757,Islington,Other Notifiable Offences,Going Equipped,0,2016,11
E01003812,Richmond upon Thames,Criminal Damage,Criminal Damage To Motor Vehicle,0,2009,7
E01003903,Richmond upon Thames,Theft and Handling,Theft/Taking Of Motor Vehicle,0,2015,3
E01000257,Barnet,Sexual Offences,Rape,0,2009,8
E01003921,Southwark,Theft and Handling,Theft From Motor Vehicle,1,2012,3
E01001104,Croydon,Theft and Handling,Theft/Taking Of Motor Vehicle,0,2008,4
E01001501,Enfield,Drugs,Other Drugs,0,2013,6
E01003609,Newham,Robbery,Personal Property,1,2016,7
E01001814,Hackney,Robbery,Personal Property,0,2008,8
E01003840,Richmond upon Thames,Criminal Damage,Other Criminal Damage,0,2012,3
E01000060,Barking and Dagenham,Robbery,Business Property,0,2009,1
E01004478,Wandsworth,Theft and Handling,Theft From Motor Vehicle,5,2016,5
E01004337,Waltham Forest,Drugs,Drug Trafficking,0,2014,5
E01002885,Kensington and Chelsea,Theft and Handling,Theft From Shops,0,2008,6
E01002605,Hounslow,Theft and Handling,Other Theft,2,2011,10
E01004246,Tower Hamlets,Violence Against the Person,Other violence,0,2013,3
E01001358,Ealing,Theft and Handling,Theft/Taking Of Motor Vehicle,0,2008,8
E01000666,Bromley,Violence Against the Person,Common Assault,0,2012,3
E01001451,Enfield,Theft and Handling,Other Theft Person,0,2013,4
E01002314,Havering,Violence Against the Person,Offensive Weapon,0,2013,12
E01002547,Hillingdon,Robbery,Business Property,0,2009,7
E01000923,Camden,Other Notifiable Offences,Other Notifiable,0,2011,12
E01002281,Havering,Violence Against the Person,Wounding/GBH,0,2013,11
E01001401,Enfield,Criminal Damage,Criminal Damage To Other Building,0,2009,7
E01003530,Newham,Theft and Handling,Theft/Taking Of Motor Vehicle,0,2011,6
E01003207,Lewisham,Theft and Handling,Other Theft,4,2009,5
E01001694,Greenwich,Violence Against the Person,Wounding/GBH,0,2010,11
E01001352,Ealing,Theft and Handling,Theft/Taking of Pedal Cycle,1,2010,9
E01002145,Harrow,Other Notifiable Offences,Other Notifiable,0,2012,1
E01002287,Havering,Other Notifiable Offences,Other Notifiable,0,2008,5
E01004118,Sutton,Other Notifiable Offences,Other Notifiable,0,2013,5
E01002757,Islington,Drugs,Drug Trafficking,0,2014,5
E01000199,Barnet,Theft and Handling,Theft/Taking Of Motor Vehicle,0,2012,7
E01033570,Richmond upon Thames,Violence Against the Person,Assault with Injury,0,2014,2
E01004393,Waltham Forest,Robbery,Personal Property,0,2013,9
E01004042,Southwark,Violence Against the Person,Wounding/GBH,0,2015,12
E01002604,Hounslow,Theft and Handling,Other Theft,0,2011,1
E01002028,Haringey,Violence Against the Person,Common Assault,1,2011,7
E01000248,Barnet,Theft and Handling,Theft From Shops,0,2013,6
E01001411,Enfield,Theft and Handling,Theft From Motor Vehicle,1,2010,5
E01001781,Hackney,Theft and Handling,Theft From Motor Vehicle,0,2015,2
E01000952,Camden,Criminal Damage,Criminal Damage To Dwelling,0,2009,6
E01003260,Lewisham,Other Notifiable Offences,Going Equipped,0,2014,10
E01003605,Newham,Drugs,Possession Of Drugs,0,2012,6
E01001488,Enfield,Criminal Damage,Criminal Damage To Other Building,0,2008,8
E01004557,Wandsworth,Theft and Handling,Theft From Motor Vehicle,1,2015,10
E01004242,Tower Hamlets,Criminal Damage,Criminal Damage To Motor Vehicle,1,2016,7
E01004321,Tower Hamlets,Violence Against the Person,Common Assault,2,2011,12
E01001659,Greenwich,Other Notifiable Offences,Other Notifiable,0,2014,3
E01004144,Sutton,Violence Against the Person,Assault with Injury,2,2008,11
E01004379,Waltham Forest,Criminal Damage,Criminal Damage To Other Building,0,2008,5
E01001898,Hammersmith and Fulham,Theft and Handling,Other Theft Person,5,2015,12
E01004198,Tower Hamlets,Theft and Handling,Handling Stolen Goods,0,2011,7
E01001671,Greenwich,Theft and Handling,Theft From Shops,0,2013,1
E01000710,Bromley,Burglary,Burglary in Other Buildings,1,2008,7
E01004039,Southwark,Theft and Handling,Theft From Shops,0,2008,10
E01000827,Bromley,Burglary,Burglary in a Dwelling,1,2010,2
E01003011,Kingston upon Thames,Violence Against the Person,Assault with Injury,0,2013,2
E01003030,Lambeth,Violence Against the Person,Assault with Injury,0,2009,10
E01003187,Lambeth,Theft and Handling,Handling Stolen Goods,0,2016,8
E01002629,Hounslow,Other Notifiable Offences,Other Notifiable,0,2014,7
E01003462,Merton,Drugs,Possession Of Drugs,0,2016,11
E01003222,Lewisham,Theft and Handling,Theft/Taking of Pedal Cycle,0,2015,8
E01001454,Enfield,Theft and Handling,Other Theft,1,2015,3
E01004117,Sutton,Drugs,Possession Of Drugs,0,2009,12
E01004633,Wandsworth,Criminal Damage,Criminal Damage To Dwelling,0,2013,1
E01004591,Wandsworth,Criminal Damage,Criminal Damage To Motor Vehicle,0,2009,7
E01003452,Merton,Violence Against the Person,Wounding/GBH,0,2009,3
E01002718,Islington,Robbery,Personal Property,0,2014,6
E01002071,Haringey,Violence Against the Person,Murder,0,2010,11
E01000238,Barnet,Drugs,Possession Of Drugs,0,2013,6
E01002105,Haringey,Robbery,Personal Property,2,2008,9
E01004549,Wandsworth,Criminal Damage,Criminal Damage To Motor Vehicle,0,2013,12
E01002937,Kingston upon Thames,Other Notifiable Offences,Going Equipped,0,2010,3
E01004450,Waltham Forest,Criminal Damage,Other Criminal Damage,0,2011,4
E01000295,Barnet,Theft and Handling,Theft/Taking of Pedal Cycle,0,2015,8
E01002860,Kensington and Chelsea,Criminal Damage,Other Criminal Damage,0,2008,6
E01003809,Richmond upon Thames,Robbery,Personal Property,0,2014,7
E01004013,Southwark,Theft and Handling,Theft/Taking Of Motor Vehicle,0,2015,10
E01004194,Sutton,Criminal Damage,Criminal Damage To Other Building,0,2014,9
E01004136,Sutton,Criminal Damage,Other Criminal Damage,0,2012,2
E01003160,Lambeth,Drugs,Possession Of Drugs,0,2008,10
E01000758,Bromley,Burglary,Burglary in Other Buildings,1,2012,7
E01000819,Bromley,Other Notifiable Offences,Other Notifiable,1,2014,9
E01003815,Richmond upon Thames,Theft and Handling,Handling Stolen Goods,0,2012,6
E01001826,Hackney,Drugs,Drug Trafficking,0,2011,6
E01004469,Waltham Forest,Other Notifiable Offences,Going Equipped,0,2008,5
E01001417,Enfield,Violence Against the Person,Offensive Weapon,0,2014,8
E01003315,Lewisham,Violence Against the Person,Assault with Injury,2,2014,2
E01000617,Brent,Theft and Handling,Handling Stolen Goods,0,2012,1
E01002303,Havering,Theft and Handling,Theft/Taking of Pedal Cycle,0,2016,3
E01001344,Ealing,Theft and Handling,Other Theft,2,2012,6
E01004644,Wandsworth,Robbery,Business Property,0,2015,9
E01001705,Greenwich,Theft and Handling,Other Theft,3,2014,12
E01000143,Barnet,Violence Against the Person,Assault with Injury,0,2014,5
E01004743,Westminster,Violence Against the Person,Other violence,0,2013,6
E01000509,Brent,Theft and Handling,Theft/Taking Of Motor Vehicle,0,2015,9
E01003287,Lewisham,Criminal Damage,Criminal Damage To Motor Vehicle,0,2013,4
E01001297,Ealing,Theft and Handling,Theft From Motor Vehicle,0,2012,3
E01000923,Camden,Theft and Handling,Theft From Shops,0,2015,9
E01003656,Redbridge,Burglary,Burglary in Other Buildings,0,2013,3
E01001798,Hackney,Violence Against the Person,Wounding/GBH,0,2014,2
E01000593,Brent,Fraud or Forgery,Counted per Victim,0,2008,7
E01003148,Lambeth,Theft and Handling,Other Theft,1,2015,1
E01003888,Richmond upon Thames,Theft and Handling,Other Theft,2,2010,5
E01001926,Hammersmith and Fulham,Robbery,Personal Property,0,2010,7
E01002307,Havering,Criminal Damage,Criminal Damage To Motor Vehicle,2,2008,10
E01002663,Hounslow,Criminal Damage,Criminal Damage To Other Building,0,2012,4
E01001414,Enfield,Theft and Handling,Other Theft,0,2008,1
E01000579,Brent,Theft and Handling,Theft/Taking of Pedal Cycle,1,2016,5
E01003191,Lewisham,Criminal Damage,Criminal Damage To Other Building,0,2009,1
E01033727,Greenwich,Theft and Handling,Other Theft,0,2015,10
E01000944,Camden,Criminal Damage,Criminal Damage To Dwelling,0,2014,5
E01000270,Barnet,Violence Against the Person,Wounding/GBH,0,2015,7
E01003696,Redbridge,Burglary,Burglary in Other Buildings,0,2014,12
E01003585,Newham,Criminal Damage,Criminal Damage To Dwelling,0,2009,10
E01002913,Kensington and Chelsea,Theft and Handling,Other Theft,0,2009,2
E01002214,Harrow,Theft and Handling,Theft/Taking Of Motor Vehicle,0,2014,9
E01001686,Greenwich,Theft and Handling,Other Theft,0,2015,10
E01000268,Barnet,Criminal Damage,Criminal Damage To Motor Vehicle,0,2009,10
E01000578,Brent,Violence Against the Person,Offensive Weapon,0,2016,12
E01000691,Bromley,Drugs,Possession Of Drugs,0,2015,3
E01001201,Ealing,Violence Against the Person,Assault with Injury,0,2015,9
E01001102,Croydon,Burglary,Burglary in Other Buildings,0,2016,6
E01002747,Islington,Theft and Handling,Handling Stolen Goods,0,2014,10
E01033598,Westminster,Robbery,Personal Property,0,2015,6
E01001123,Croydon,Theft and Handling,Handling Stolen Goods,0,2011,1
E01001834,Hackney,Violence Against the Person,Wounding/GBH,0,2012,3
E01001315,Ealing,Violence Against the Person,Offensive Weapon,0,2011,8
E01003524,Newham,Theft and Handling,Other Theft,1,2011,11
E01001170,Croydon,Drugs,Possession Of Drugs,0,2014,12
E01003139,Lambeth,Burglary,Burglary in Other Buildings,1,2011,12
E01001032,Croydon,Theft and Handling,Theft From Motor Vehicle,5,2009,4
E01004434,Waltham Forest,Criminal Damage,Criminal Damage To Motor Vehicle,1,2016,8
E01002513,Hillingdon,Robbery,Personal Property,0,2012,8
E01002313,Havering,Criminal Damage,Criminal Damage To Dwelling,0,2013,11
E01032582,Lambeth,Drugs,Drug Trafficking,1,2015,2
E01000478,Brent,Criminal Damage,Criminal Damage To Dwelling,0,2010,3
E01004562,Wandsworth,Burglary,Burglary in Other Buildings,1,2009,1
E01000706,Bromley,Theft and Handling,Handling Stolen Goods,0,2009,10
E01002294,Havering,Theft and Handling,Other Theft Person,0,2014,6
E01003929,Southwark,Theft and Handling,Theft/Taking of Pedal Cycle,9,2012,4
E01000538,Brent,Violence Against the Person,Offensive Weapon,0,2010,3
E01001458,Enfield,Criminal Damage,Criminal Damage To Dwelling,0,2010,9
E01004541,Wandsworth,Sexual Offences,Other Sexual,0,2012,11
E01003299,Lewisham,Violence Against the Person,Murder,0,2013,8
E01002173,Harrow,Theft and Handling,Theft/Taking of Pedal Cycle,0,2016,7
E01002068,Haringey,Violence Against the Person,Assault with Injury,3,2009,4
E01000060,Barking and Dagenham,Theft and Handling,Other Theft Person,2,2011,8
E01003345,Lewisham,Theft and Handling,Other Theft Person,0,2013,4
E01001557,Enfield,Violence Against the Person,Assault with Injury,2,2010,2
E01003826,Richmond upon Thames,Criminal Damage,Criminal Damage To Other Building,0,2010,8
E01004029,Southwark,Violence Against the Person,Offensive Weapon,0,2015,11
E01000473,Brent,Violence Against the Person,Offensive Weapon,0,2014,5
E01003330,Lewisham,Violence Against the Person,Wounding/GBH,0,2012,10
E01003971,Southwark,Criminal Damage,Criminal Damage To Motor Vehicle,0,2012,2
E01000545,Brent,Drugs,Other Drugs,0,2012,7
E01033738,Greenwich,Drugs,Drug Trafficking,0,2010,7
E01003555,Newham,Robbery,Business Property,0,2011,12
E01002142,Harrow,Burglary,Burglary in a Dwelling,2,2011,9
E01001294,Ealing,Theft and Handling,Other Theft,1,2009,8
E01003744,Redbridge,Robbery,Personal Property,0,2010,7
E01001660,Greenwich,Burglary,Burglary in Other Buildings,0,2009,7
E01000954,Camden,Theft and Handling,Other Theft Person,0,2010,1
E01003297,Lewisham,Theft and Handling,Theft From Shops,0,2008,1
E01001482,Enfield,Criminal Damage,Criminal Damage To Dwelling,0,2016,9
E01000113,Barking and Dagenham,Violence Against the Person,Murder,0,2010,12
E01003004,Kingston upon Thames,Robbery,Personal Property,0,2014,10
E01002172,Harrow,Fraud or Forgery,Other Fraud & Forgery,0,2012,9
E01003974,Southwark,Drugs,Possession Of Drugs,1,2010,7
E01002912,Kensington and Chelsea,Theft and Handling,Theft/Taking Of Motor Vehicle,0,2009,11
E01003124,Lambeth,Violence Against the Person,Other violence,0,2011,4
E01002809,Islington,Violence Against the Person,Common Assault,1,2009,9
E01003936,Southwark,Criminal Damage,Criminal Damage To Dwelling,0,2009,7
E01001301,Ealing,Burglary,Burglary in Other Buildings,0,2010,11
E01001595,Greenwich,Fraud or Forgery,Other Fraud & Forgery,0,2012,1
E01000098,Barking and Dagenham,Violence Against the Person,Offensive Weapon,0,2011,3
E01000035,Barking and Dagenham,Violence Against the Person,Assault with Injury,3,2016,2
E01004405,Waltham Forest,Drugs,Drug Trafficking,0,2010,6
E01000411,Bexley,Criminal Damage,Other Criminal Damage,0,2016,11
E01002518,Hillingdon,Theft and Handling,Theft From Motor Vehicle,3,2008,10
E01004733,Westminster,Violence Against the Person,Other violence,0,2008,3
E01003695,Redbridge,Burglary,Burglary in Other Buildings,0,2016,6
E01001155,Croydon,Burglary,Burglary in a Dwelling,1,2011,6
E01004070,Southwark,Criminal Damage,Criminal Damage To Motor Vehicle,1,2016,12
E01000526,Brent,Criminal Damage,Criminal Damage To Motor Vehicle,1,2014,11
E01002988,Kingston upon Thames,Drugs,Possession Of Drugs,0,2012,7
E01000165,Barnet,Drugs,Drug Trafficking,0,2014,2
E01004039,Southwark,Criminal Damage,Other Criminal Damage,0,2009,10
E01000021,Barking and Dagenham,Robbery,Personal Property,2,2009,10
E01004427,Waltham Forest,Theft and Handling,Theft/Taking Of Motor Vehicle,2,2009,6
E01000602,Brent,Burglary,Burglary in a Dwelling,0,2009,4
E01001411,Enfield,Criminal Damage,Other Criminal Damage,1,2010,11
E01002061,Haringey,Violence Against the Person,Harassment,1,2012,3
E01003448,Merton,Violence Against the Person,Offensive Weapon,0,2008,1
E01000560,Brent,Theft and Handling,Other Theft Person,1,2014,1
E01002529,Hillingdon,Drugs,Other Drugs,0,2015,11
E01033583,Newham,Robbery,Business Property,0,2016,11
E01004132,Sutton,Violence Against the Person,Wounding/GBH,0,2010,12
E01003244,Lewisham,Robbery,Personal Property,0,2011,12
E01000671,Bromley,Robbery,Personal Property,0,2008,9
E01002060,Haringey,Drugs,Drug Trafficking,0,2013,10
E01001396,Enfield,Theft and Handling,Motor Vehicle Interference & Tampering,0,2016,8
E01001543,Enfield,Other Notifiable Offences,Other Notifiable,0,2010,6
E01001649,Greenwich,Theft and Handling,Theft/Taking Of Motor Vehicle,0,2010,8
E01001119,Croydon,Burglary,Burglary in a Dwelling,0,2010,11
E01000947,Camden,Violence Against the Person,Harassment,2,2011,9
E01000202,Barnet,Burglary,Burglary in a Dwelling,2,2009,11
E01004355,Waltham Forest,Burglary,Burglary in Other Buildings,0,2013,1
E01004584,Wandsworth,Theft and Handling,Handling Stolen Goods,0,2011,5
E01002499,Hillingdon,Violence Against the Person,Assault with Injury,1,2008,11
E01001128,Croydon,Theft and Handling,Theft/Taking Of Motor Vehicle,0,2012,11
E01003360,Merton,Criminal Damage,Criminal Damage To Motor Vehicle,1,2011,3
E01002612,Hounslow,Burglary,Burglary in a Dwelling,0,2009,4
E01004626,Wandsworth,Theft and Handling,Handling Stolen Goods,0,2015,4
E01002317,Havering,Violence Against the Person,Common Assault,0,2009,8
E01000957,Camden,Criminal Damage,Criminal Damage To Other Building,0,2009,4
E01003943,Southwark,Other Notifiable Offences,Other Notifiable,0,2010,2
E01003753,Redbridge,Violence Against the Person,Assault with Injury,0,2011,7
E01002740,Islington,Theft and Handling,Other Theft,5,2010,4
E01004183,Sutton,Theft and Handling,Theft/Taking of Pedal Cycle,0,2012,11
E01004143,Sutton,Theft and Handling,Motor Vehicle Interference & Tampering,0,2016,5
E01003182,Lambeth,Criminal Damage,Criminal Damage To Other Building,0,2012,9
E01002343,Havering,Burglary,Burglary in Other Buildings,0,2015,11
E01003312,Lewisham,Criminal Damage,Criminal Damage To Dwelling,0,2008,8
E01002225,Harrow,Theft and Handling,Theft/Taking Of Motor Vehicle,0,2015,9
E01001599,Greenwich,Theft and Handling,Other Theft Person,0,2013,2
E01004146,Sutton,Violence Against the Person,Common Assault,0,2014,12
E01000938,Camden,Theft and Handling,Theft/Taking Of Motor Vehicle,0,2011,7
E01002460,Hillingdon,Criminal Damage,Criminal Damage To Dwelling,0,2013,11
E01003427,Merton,Fraud or Forgery,Other Fraud & Forgery,0,2009,11
E01001418,Enfield,Violence Against the Person,Offensive Weapon,0,2011,2
E01003325,Lewisham,Criminal Damage,Criminal Damage To Dwelling,0,2009,12
E01000471,Brent,Violence Against the Person,Harassment,0,2008,7
E01002571,Hounslow,Criminal Damage,Other Criminal Damage,0,2009,10
E01003372,Merton,Criminal Damage,Criminal Damage To Motor Vehicle,2,2010,5
E01003077,Lambeth,Theft and Handling,Theft/Taking of Pedal Cycle,0,2008,6
E01000513,Brent,Robbery,Personal Property,0,2013,5
E01000267,Barnet,Theft and Handling,Other Theft,0,2009,6
E01003454,Merton,Theft and Handling,Theft/Taking Of Motor Vehicle,0,2011,11
E01001995,Haringey,Theft and Handling,Other Theft,0,2008,9
E01000296,Barnet,Violence Against the Person,Wounding/GBH,2,2015,1
E01001735,Hackney,Theft and Handling,Motor Vehicle Interference & Tampering,1,2013,11
E01000626,Brent,Drugs,Possession Of Drugs,0,2014,7
E01004236,Tower Hamlets,Theft and Handling,Theft/Taking Of Motor Vehicle,0,2011,5
E01003046,Lambeth,Criminal Damage,Other Criminal Damage,0,2013,8
E01001859,Hammersmith and Fulham,Theft and Handling,Handling Stolen Goods,0,2013,9
E01000628,Brent,Theft and Handling,Theft/Taking of Pedal Cycle,0,2012,1
E01002635,Hounslow,Other Notifiable Offences,Other Notifiable,0,2009,6
E01002377,Havering,Theft and Handling,Theft/Taking Of Motor Vehicle,0,2012,5
E01002591,Hounslow,Sexual Offences,Other Sexual,0,2015,11
E01000903,Camden,Fraud or Forgery,Other Fraud & Forgery,0,2016,11
E01001805,Hackney,Theft and Handling,Theft From Motor Vehicle,0,2013,7
E01033464,Brent,Violence Against the Person,Murder,0,2015,12
E01000042,Barking and Dagenham,Drugs,Drug Trafficking,0,2011,1
E01032574,Enfield,Theft and Handling,Theft/Taking of Pedal Cycle,1,2016,9
E01000914,Camden,Violence Against the Person,Offensive Weapon,0,2009,5
E01004722,Westminster,Violence Against the Person,Harassment,0,2013,8
E01001090,Croydon,Violence Against the Person,Wounding/GBH,0,2010,7
E01002553,Hillingdon,Theft and Handling,Theft/Taking Of Motor Vehicle,0,2014,6
E01033587,Barking and Dagenham,Criminal Damage,Criminal Damage To Motor Vehicle,0,2015,8
E01003915,Southwark,Theft and Handling,Theft/Taking of Pedal Cycle,1,2013,4
E01000127,Barnet,Theft and Handling,Theft From Motor Vehicle,0,2009,2
E01003442,Merton,Theft and Handling,Theft From Motor Vehicle,0,2009,4
E01002582,Hounslow,Other Notifiable Offences,Going Equipped,0,2009,3
E01000039,Barking and Dagenham,Criminal Damage,Criminal Damage To Motor Vehicle,0,2014,10
E01002024,Haringey,Theft and Handling,Theft/Taking Of Motor Vehicle,1,2008,5
E01001967,Haringey,Criminal Damage,Criminal Damage To Other Building,0,2013,9
E01000591,Brent,Other Notifiable Offences,Other Notifiable,1,2013,9
E01002707,Islington,Drugs,Possession Of Drugs,1,2013,12
E01001072,Croydon,Theft and Handling,Handling Stolen Goods,0,2014,2
E01002942,Kingston upon Thames,Other Notifiable Offences,Other Notifiable,0,2013,12
E01002267,Havering,Criminal Damage,Criminal Damage To Dwelling,0,2013,5
E01000046,Barking and Dagenham,Violence Against the Person,Wounding/GBH,0,2013,6
E01001423,Enfield,Theft and Handling,Other Theft,0,2016,5
E01004645,Wandsworth,Theft and Handling,Theft From Shops,0,2010,3
E01002799,Islington,Theft and Handling,Handling Stolen Goods,0,2016,9
E01001800,Hackney,Drugs,Other Drugs,0,2010,4
E01003033,Lambeth,Theft and Handling,Other Theft Person,1,2014,6
E01002320,Havering,Drugs,Drug Trafficking,0,2013,5
E01004020,Southwark,Drugs,Drug Trafficking,0,2010,5
E01004503,Wandsworth,Other Notifiable Offences,Other Notifiable,0,2016,1
E01002690,Hounslow,Criminal Damage,Criminal Damage To Motor Vehicle,0,2016,3
E01001353,Ealing,Theft and Handling,Theft/Taking of Pedal Cycle,0,2016,3
E01003833,Richmond upon Thames,Drugs,Drug Trafficking,0,2012,10
E01001246,Ealing,Criminal Damage,Criminal Damage To Dwelling,0,2009,12
E01000190,Barnet,Violence Against the Person,Harassment,0,2015,11
E01000632,Brent,Criminal Damage,Criminal Damage To Other Building,0,2013,5
E01001165,Croydon,Robbery,Personal Property,4,2008,1
E01004620,Wandsworth,Violence Against the Person,Wounding/GBH,0,2016,2
E01000548,Brent,Violence Against the Person,Common Assault,5,2012,4
E01002029,Haringey,Theft and Handling,Theft From Shops,5,2009,1
E01001785,Hackney,Robbery,Business Property,0,2016,4
E01003680,Redbridge,Burglary,Burglary in Other Buildings,0,2009,12
E01002631,Hounslow,Drugs,Drug Trafficking,0,2008,9
E01001553,Enfield,Robbery,Personal Property,0,2009,1
E01002926,Kingston upon Thames,Theft and Handling,Theft From Motor Vehicle,0,2016,10
E01001833,Hackney,Criminal Damage,Criminal Damage To Dwelling,1,2016,3
E01002859,Kensington and Chelsea,Theft and Handling,Theft/Taking Of Motor Vehicle,2,2016,11
E01003851,Richmond upon Thames,Violence Against the Person,Common Assault,1,2015,8
E01000544,Brent,Violence Against the Person,Wounding/GBH,0,2014,9
E01002753,Islington,Violence Against the Person,Harassment,2,2009,10
E01002904,Kensington and Chelsea,Criminal Damage,Criminal Damage To Motor Vehicle,0,2013,12
E01004661,Westminster,Violence Against the Person,Wounding/GBH,0,2009,4
E01002872,Kensington and Chelsea,Sexual Offences,Other Sexual,0,2015,7
E01003469,Merton,Drugs,Possession Of Drugs,0,2009,12
E01003517,Newham,Violence Against the Person,Offensive Weapon,0,2016,4
E01002405,Hillingdon,Theft and Handling,Theft/Taking Of Motor Vehicle,2,2009,4
E01003010,Kingston upon Thames,Violence Against the Person,Common Assault,0,2009,12
E01002698,Islington,Other Notifiable Offences,Other Notifiable,0,2010,6
E01002477,Hillingdon,Robbery,Personal Property,0,2009,8
E01002403,Hillingdon,Violence Against the Person,Harassment,2,2016,6
E01003884,Richmond upon Thames,Theft and Handling,Theft/Taking of Pedal Cycle,1,2016,12
E01002756,Islington,Sexual Offences,Rape,0,2011,3
E01001711,Greenwich,Criminal Damage,Criminal Damage To Other Building,0,2011,11
E01002132,Harrow,Fraud or Forgery,Counted per Victim,0,2009,9
E01001233,Ealing,Fraud or Forgery,Counted per Victim,0,2009,7
E01002376,Havering,Violence Against the Person,Wounding/GBH,0,2008,7
E01004693,Westminster,Criminal Damage,Criminal Damage To Other Building,0,2015,10
E01003769,Redbridge,Violence Against the Person,Common Assault,3,2014,2
E01004439,Waltham Forest,Theft and Handling,Theft/Taking of Pedal Cycle,0,2010,6
E01002969,Kingston upon Thames,Theft and Handling,Handling Stolen Goods,0,2009,9
E01003989,Southwark,Theft and Handling,Theft From Shops,5,2016,10
E01000666,Bromley,Criminal Damage,Criminal Damage To Other Building,0,2010,4
E01004462,Waltham Forest,Theft and Handling,Other Theft,1,2016,9
E01001479,Enfield,Violence Against the Person,Offensive Weapon,2,2015,3
E01001998,Haringey,Theft and Handling,Other Theft,0,2012,8
E01003102,Lambeth,Violence Against the Person,Assault with Injury,2,2011,10
E01001386,Ealing,Theft and Handling,Other Theft,2,2010,8
E01003631,Newham,Criminal Damage,Criminal Damage To Other Building,0,2010,6
E01003619,Newham,Drugs,Drug Trafficking,0,2013,2
E01000554,Brent,Other Notifiable Offences,Other Notifiable,1,2008,8
E01002979,Kingston upon Thames,Theft and Handling,Other Theft,0,2012,3
E01001318,Ealing,Theft and Handling,Handling Stolen Goods,0,2015,2
E01000497,Brent,Criminal Damage,Criminal Damage To Dwelling,0,2013,9
E01003134,Lambeth,Violence Against the Person,Wounding/GBH,2,2014,3
E01003979,Southwark,Violence Against the Person,Common Assault,1,2009,9
E01001918,Hammersmith and Fulham,Criminal Damage,Criminal Damage To Dwelling,0,2011,4
E01004746,Westminster,Theft and Handling,Other Theft Person,1,2011,12
E01004640,Wandsworth,Burglary,Burglary in Other Buildings,0,2012,12
E01000846,Camden,Violence Against the Person,Other violence,0,2014,4
E01003794,Redbridge,Violence Against the Person,Wounding/GBH,0,2015,4
E01003367,Merton,Sexual Offences,Other Sexual,0,2010,6
E01002952,Kingston upon Thames,Criminal Damage,Criminal Damage To Dwelling,0,2014,3
E01000053,Barking and Dagenham,Violence Against the Person,Harassment,0,2012,9
E01004400,Waltham Forest,Violence Against the Person,Other violence,2,2015,5
E01002345,Havering,Theft and Handling,Theft From Motor Vehicle,5,2011,3
E01003049,Lambeth,Violence Against the Person,Assault with Injury,1,2015,3
E01004585,Wandsworth,Drugs,Drug Trafficking,0,2014,9
E01001506,Enfield,Theft and Handling,Handling Stolen Goods,0,2009,10
E01000257,Barnet,Burglary,Burglary in a Dwelling,0,2012,7
E01001883,Hammersmith and Fulham,Violence Against the Person,Assault with Injury,0,2010,6
E01001115,Croydon,Theft and Handling,Motor Vehicle Interference & Tampering,0,2013,2
E01003774,Redbridge,Violence Against the Person,Assault with Injury,0,2015,5
E01003077,Lambeth,Robbery,Business Property,0,2015,1
E01002011,Haringey,Other Notifiable Offences,Going Equipped,0,2015,4
E01000362,Bexley,Criminal Damage,Other Criminal Damage,2,2008,6
E01004206,Tower Hamlets,Drugs,Possession Of Drugs,2,2011,2
E01000251,Barnet,Violence Against the Person,Common Assault,1,2016,8
E01001690,Greenwich,Violence Against the Person,Wounding/GBH,2,2009,3
E01003530,Newham,Violence Against the Person,Harassment,1,2016,1
E01002539,Hillingdon,Theft and Handling,Motor Vehicle Interference & Tampering,1,2012,8
E01003253,Lewisham,Violence Against the Person,Other violence,0,2010,3
E01002622,Hounslow,Criminal Damage,Criminal Damage To Other Building,0,2010,7
E01003225,Lewisham,Criminal Damage,Criminal Damage To Dwelling,2,2010,12
E01000487,Brent,Violence Against the Person,Offensive Weapon,0,2014,4
E01003232,Lewisham,Violence Against the Person,Other violence,0,2012,10
E01001352,Ealing,Theft and Handling,Other Theft Person,3,2008,3
E01002436,Hillingdon,Violence Against the Person,Wounding/GBH,0,2009,8
E01003921,Southwark,Burglary,Burglary in a Dwelling,1,2008,8
E01001429,Enfield,Theft and Handling,Motor Vehicle Interference & Tampering,0,2011,6
E01002900,Kensington and Chelsea,Other Notifiable Offences,Going Equipped,0,2014,6
E01000639,Brent,Criminal Damage,Other Criminal Damage,0,2014,6
E01004527,Wandsworth,Theft and Handling,Theft From Motor Vehicle,2,2008,1
E01002405,Hillingdon,Robbery,Business Property,1,2008,1
E01004256,Tower Hamlets,Criminal Damage,Criminal Damage To Other Building,0,2015,11
E01000242,Barnet,Violence Against the Person,Harassment,0,2012,8
E01001805,Hackney,Theft and Handling,Theft From Shops,0,2012,9
E01001417,Enfield,Violence Against the Person,Common Assault,0,2013,2
E01000728,Bromley,Theft and Handling,Motor Vehicle Interference & Tampering,0,2008,8
E01002618,Hounslow,Theft and Handling,Theft/Taking of Pedal Cycle,1,2010,3
E01000364,Bexley,Violence Against the Person,Wounding/GBH,0,2015,5
E01003899,Richmond upon Thames,Theft and Handling,Theft From Shops,0,2011,5
E01033578,Newham,Theft and Handling,Other Theft,0,2009,3
E01001477,Enfield,Theft and Handling,Theft/Taking Of Motor Vehicle,0,2015,12
E01000952,Camden,Criminal Damage,Criminal Damage To Dwelling,0,2013,6
E01004397,Waltham Forest,Robbery,Personal Property,1,2016,10
E01000563,Brent,Violence Against the Person,Other violence,0,2012,7
E01004100,Sutton,Theft and Handling,Handling Stolen Goods,0,2012,7
E01000402,Bexley,Criminal Damage,Criminal Damage To Motor Vehicle,0,2013,3
E01003940,Southwark,Violence Against the Person,Assault with Injury,0,2009,6
E01000965,Camden,Criminal Damage,Criminal Damage To Motor Vehicle,0,2009,6
E01003640,Redbridge,Violence Against the Person,Harassment,0,2014,4
E01000504,Brent,Burglary,Burglary in a Dwelling,3,2012,1
E01001333,Ealing,Criminal Damage,Criminal Damage To Motor Vehicle,0,2009,12
E01001429,Enfield,Violence Against the Person,Murder,0,2012,8
E01000196,Barnet,Theft and Handling,Other Theft Person,0,2015,6
E01002568,Hounslow,Theft and Handling,Theft From Motor Vehicle,6,2009,10
E01002924,Kingston upon Thames,Theft and Handling,Other Theft Person,0,2016,12
E01004325,Tower Hamlets,Violence Against the Person,Other violence,1,2011,5
E01001518,Enfield,Theft and Handling,Handling Stolen Goods,0,2009,5
E01002330,Havering,Burglary,Burglary in Other Buildings,1,2012,3
E01002317,Havering,Robbery,Personal Property,0,2010,1
E01003818,Richmond upon Thames,Other Notifiable Offences,Other Notifiable,0,2013,6
E01001372,Ealing,Criminal Damage,Criminal Damage To Other Building,0,2016,9
E01000853,Camden,Violence Against the Person,Assault with Injury,2,2009,10
E01033493,Islington,Violence Against the Person,Other violence,0,2009,3
E01001902,Hammersmith and Fulham,Violence Against the Person,Offensive Weapon,0,2016,6
E01003567,Newham,Burglary,Burglary in Other Buildings,2,2009,3
E01001756,Hackney,Theft and Handling,Theft From Shops,0,2009,2
E01001898,Hammersmith and Fulham,Theft and Handling,Motor Vehicle Interference & Tampering,0,2008,4
E01000356,Bexley,Other Notifiable Offences,Other Notifiable,0,2015,3
E01003019,Lambeth,Drugs,Drug Trafficking,0,2016,10
E01003702,Redbridge,Violence Against the Person,Harassment,2,2016,1
E01000079,Barking and Dagenham,Theft and Handling,Theft From Shops,0,2009,1
E01001079,Croydon,Theft and Handling,Theft From Motor Vehicle,0,2010,3
E01000890,Camden,Criminal Damage,Criminal Damage To Dwelling,1,2008,3
E01004059,Southwark,Fraud or Forgery,Counted per Victim,0,2013,10
E01004308,Tower Hamlets,Criminal Damage,Criminal Damage To Other Building,0,2013,8
E01001784,Hackney,Violence Against the Person,Common Assault,1,2008,1
E01003977,Southwark,Burglary,Burglary in a Dwelling,1,2008,5
E01001666,Greenwich,Violence Against the Person,Assault with Injury,1,2012,9
E01001871,Hammersmith and Fulham,Violence Against the Person,Common Assault,0,2015,3
E01033577,Newham,Criminal Damage,Criminal Damage To Other Building,0,2016,9
E01004761,Westminster,Other Notifiable Offences,Going Equipped,0,2014,8
E01001375,Ealing,Violence Against the Person,Assault with Injury,0,2016,5
E01002882,Kensington and Chelsea,Theft and Handling,Handling Stolen Goods,0,2008,5
E01003477,Merton,Burglary,Burglary in Other Buildings,0,2010,12
E01000878,Camden,Burglary,Burglary in Other Buildings,0,2014,3
E01002620,Hounslow,Theft and Handling,Other Theft Person,1,2011,1
E01002594,Hounslow,Violence Against the Person,Other violence,0,2013,1
E01001346,Ealing,Burglary,Burglary in a Dwelling,0,2008,3
E01000860,Camden,Theft and Handling,Other Theft,1,2011,1
E01001169,Croydon,Theft and Handling,Other Theft,0,2016,10
E01000213,Barnet,Theft and Handling,Theft/Taking Of Motor Vehicle,0,2008,8
E01002187,Harrow,Burglary,Burglary in Other Buildings,0,2009,2
E01001326,Ealing,Theft and Handling,Motor Vehicle Interference & Tampering,0,2009,4
E01004493,Wandsworth,Violence Against the Person,Offensive Weapon,0,2014,1
E01000412,Bexley,Criminal Damage,Criminal Damage To Motor Vehicle,0,2012,7
E01003972,Southwark,Theft and Handling,Other Theft,1,2011,4
E01004172,Sutton,Theft and Handling,Theft From Motor Vehicle,0,2010,7
E01001503,Enfield,Criminal Damage,Criminal Damage To Dwelling,0,2011,5
E01000159,Barnet,Violence Against the Person,Offensive Weapon,0,2016,2
E01004479,Wandsworth,Theft and Handling,Theft From Motor Vehicle,1,2015,5
E01004666,Westminster,Criminal Damage,Criminal Damage To Other Building,0,2009,12
E01003247,Lewisham,Violence Against the Person,Assault with Injury,2,2009,4
E01003765,Redbridge,Violence Against the Person,Other violence,0,2012,6
E01003813,Richmond upon Thames,Violence Against the Person,Assault with Injury,0,2011,1
E01002158,Harrow,Other Notifiable Offences,Other Notifiable,0,2016,2
E01000914,Camden,Criminal Damage,Criminal Damage To Other Building,1,2016,6
E01000272,Barnet,Theft and Handling,Theft From Motor Vehicle,1,2016,8
E01000723,Bromley,Theft and Handling,Theft/Taking Of Motor Vehicle,0,2010,5
E01004505,Wandsworth,Theft and Handling,Motor Vehicle Interference & Tampering,0,2009,6
E01001891,Hammersmith and Fulham,Criminal Damage,Other Criminal Damage,0,2009,1
E01000824,Bromley,Drugs,Possession Of Drugs,0,2009,1
E01003229,Lewisham,Other Notifiable Offences,Going Equipped,0,2013,10
E01001887,Hammersmith and Fulham,Violence Against the Person,Wounding/GBH,0,2013,11
E01004612,Wandsworth,Violence Against the Person,Murder,0,2016,11
E01003657,Redbridge,Burglary,Burglary in Other Buildings,1,2010,10
E01002407,Hillingdon,Criminal Damage,Other Criminal Damage,0,2010,1
E01004571,Wandsworth,Criminal Damage,Other Criminal Damage,0,2009,12
E01000556,Brent,Theft and Handling,Theft From Shops,2,2009,7
E01033732,Greenwich,Criminal Damage,Criminal Damage To Dwelling,0,2015,11
E01001153,Croydon,Violence Against the Person,Common Assault,0,2012,1
E01001316,Ealing,Violence Against the Person,Common Assault,0,2011,4
E01002123,Harrow,Other Notifiable Offences,Other Notifiable,1,2012,8
E01000031,Barking and Dagenham,Violence Against the Person,Offensive Weapon,0,2015,2
E01001021,Croydon,Theft and Handling,Theft/Taking of Pedal Cycle,0,2015,5
E01003843,Richmond upon Thames,Violence Against the Person,Offensive Weapon,0,2011,11
E01004356,Waltham Forest,Criminal Damage,Criminal Damage To Other Building,0,2016,1
E01003400,Merton,Theft and Handling,Motor Vehicle Interference & Tampering,0,2011,2
E01002403,Hillingdon,Violence Against the Person,Common Assault,2,2012,3
E01001142,Croydon,Criminal Damage,Criminal Damage To Motor Vehicle,0,2016,8
E01002177,Harrow,Burglary,Burglary in a Dwelling,1,2014,6
E01000886,Camden,Violence Against the Person,Assault with Injury,1,2009,3
E01001750,Hackney,Burglary,Burglary in a Dwelling,0,2013,1
E01004145,Sutton,Criminal Damage,Criminal Damage To Dwelling,0,2011,5
E01003422,Merton,Theft and Handling,Motor Vehicle Interference & Tampering,0,2009,11
E01002144,Harrow,Criminal Damage,Criminal Damage To Dwelling,1,2009,6
E01001151,Croydon,Violence Against the Person,Harassment,1,2008,6
E01002141,Harrow,Theft and Handling,Theft From Motor Vehicle,2,2013,9
E01001977,Haringey,Violence Against the Person,Harassment,0,2008,7
E01004681,Westminster,Theft and Handling,Theft/Taking of Pedal Cycle,1,2009,10
E01003920,Southwark,Theft and Handling,Theft/Taking of Pedal Cycle,0,2013,9
E01002547,Hillingdon,Burglary,Burglary in Other Buildings,0,2010,6
E01000554,Brent,Criminal Damage,Criminal Damage To Other Building,0,2014,2
E01001235,Ealing,Other Notifiable Offences,Other Notifiable,0,2010,11
E01001047,Croydon,Drugs,Possession Of Drugs,0,2010,10
E01002445,Hillingdon,Criminal Damage,Criminal Damage To Dwelling,0,2016,6
E01004137,Sutton,Violence Against the Person,Wounding/GBH,0,2013,2
E01004128,Sutton,Criminal Damage,Other Criminal Damage,1,2013,3
E01002971,Kingston upon Thames,Violence Against the Person,Assault with Injury,1,2015,5
E01000998,Croydon,Theft and Handling,Other Theft Person,2,2014,4
E01001046,Croydon,Robbery,Business Property,0,2008,1
E01000826,Bromley,Theft and Handling,Theft/Taking of Pedal Cycle,0,2010,4
E01004628,Wandsworth,Drugs,Possession Of Drugs,1,2013,1
E01003603,Newham,Criminal Damage,Other Criminal Damage,1,2012,7
E01001603,Greenwich,Drugs,Drug Trafficking,0,2010,2
E01002512,Hillingdon,Criminal Damage,Criminal Damage To Other Building,0,2011,3
E01001393,Enfield,Theft and Handling,Other Theft,0,2008,4
E01003946,Southwark,Violence Against the Person,Offensive Weapon,0,2014,1
E01000112,Barking and Dagenham,Violence Against the Person,Assault with Injury,0,2011,8
E01003320,Lewisham,Theft and Handling,Theft From Shops,3,2014,10
E01004426,Waltham Forest,Violence Against the Person,Harassment,1,2008,12
E01000780,Bromley,Theft and Handling,Theft/Taking of Pedal Cycle,0,2012,4
E01004636,Wandsworth,Theft and Handling,Motor Vehicle Interference & Tampering,1,2014,12
E01001770,Hackney,Drugs,Other Drugs,0,2009,2
E01002898,Kensington and Chelsea,Violence Against the Person,Assault with Injury,2,2010,5
E01001690,Greenwich,Fraud or Forgery,Other Fraud & Forgery,0,2011,7
E01002789,Islington,Robbery,Personal Property,0,2016,9
E01002898,Kensington and Chelsea,Other Notifiable Offences,Going Equipped,0,2014,4
E01001201,Ealing,Theft and Handling,Theft/Taking Of Motor Vehicle,0,2008,11
E01032739,City of London,Theft and Handling,Theft/Taking Of Motor Vehicle,0,2011,3
E01001579,Greenwich,Burglary,Burglary in a Dwelling,1,2016,8
E01000925,Camden,Violence Against the Person,Offensive Weapon,0,2010,4
E01004250,Tower Hamlets,Theft and Handling,Theft From Shops,0,2013,5
E01000585,Brent,Violence Against the Person,Assault with Injury,0,2008,12
E01003974,Southwark,Theft and Handling,Other Theft Person,0,2008,10
E01002798,Islington,Robbery,Personal Property,1,2008,1
E01001421,Enfield,Drugs,Possession Of Drugs,0,2013,12
E01002334,Havering,Violence Against the Person,Harassment,1,2014,5
E01004247,Tower Hamlets,Other Notifiable Offences,Going Equipped,0,2008,12
E01004244,Tower Hamlets,Theft and Handling,Motor Vehicle Interference & Tampering,0,2008,8
E01000515,Brent,Fraud or Forgery,Other Fraud & Forgery,0,2010,7
E01004197,Tower Hamlets,Burglary,Burglary in a Dwelling,4,2011,5
E01004461,Waltham Forest,Criminal Damage,Criminal Damage To Dwelling,0,2014,11
E01001133,Croydon,Theft and Handling,Theft From Motor Vehicle,1,2016,7
E01001649,Greenwich,Violence Against the Person,Offensive Weapon,0,2008,4
E01000486,Brent,Theft and Handling,Other Theft Person,0,2008,3
E01003430,Merton,Drugs,Drug Trafficking,0,2008,11
E01003397,Merton,Violence Against the Person,Harassment,0,2015,2
E01033148,Enfield,Burglary,Burglary in Other Buildings,0,2014,3
E01004438,Waltham Forest,Criminal Damage,Criminal Damage To Motor Vehicle,1,2013,9
E01001253,Ealing,Robbery,Business Property,0,2014,8
E01000616,Brent,Violence Against the Person,Wounding/GBH,0,2012,7
E01003230,Lewisham,Theft and Handling,Theft From Shops,0,2014,2
E01033569,Kingston upon Thames,Theft and Handling,Handling Stolen Goods,0,2014,7
E01001941,Hammersmith and Fulham,Theft and Handling,Theft From Shops,2,2010,1
E01000323,Barnet,Theft and Handling,Theft From Motor Vehicle,2,2012,8
E01002329,Havering,Theft and Handling,Theft/Taking Of Motor Vehicle,0,2012,10
E01002995,Kingston upon Thames,Theft and Handling,Theft From Motor Vehicle,0,2015,10
E01002279,Havering,Violence Against the Person,Assault with Injury,1,2010,3
E01004238,Tower Hamlets,Burglary,Burglary in Other Buildings,0,2009,3
E01000781,Bromley,Violence Against the Person,Other violence,0,2012,8
E01032638,Southwark,Criminal Damage,Criminal Damage To Other Building,0,2009,8
E01003000,Kingston upon Thames,Burglary,Burglary in Other Buildings,0,2012,11
E01004094,Sutton,Criminal Damage,Criminal Damage To Other Building,0,2012,7
E01001942,Hammersmith and Fulham,Violence Against the Person,Offensive Weapon,0,2009,10
E01000468,Bexley,Criminal Damage,Criminal Damage To Motor Vehicle,0,2013,3
E01001064,Croydon,Theft and Handling,Theft/Taking Of Motor Vehicle,0,2012,1
E01001843,Hackney,Violence Against the Person,Harassment,0,2013,8
E01000593,Brent,Theft and Handling,Theft From Motor Vehicle,1,2010,9
E01002739,Islington,Theft and Handling,Theft/Taking of Pedal Cycle,1,2015,4
E01000035,Barking and Dagenham,Criminal Damage,Criminal Damage To Other Building,0,2016,6
E01003521,Newham,Other Notifiable Offences,Other Notifiable,0,2012,12
E01001675,Greenwich,Other Notifiable Offences,Other Notifiable,0,2012,9
E01002207,Harrow,Criminal Damage,Criminal Damage To Motor Vehicle,1,2009,12
E01000533,Brent,Robbery,Business Property,0,2009,7
E01001553,Enfield,Violence Against the Person,Offensive Weapon,0,2009,6
E01002399,Hillingdon,Violence Against the Person,Harassment,1,2015,9
E01004317,Tower Hamlets,Robbery,Business Property,0,2010,3
E01000303,Barnet,Drugs,Possession Of Drugs,0,2012,7
E01002974,Kingston upon Thames,Drugs,Possession Of Drugs,0,2011,11
E01001664,Greenwich,Violence Against the Person,Other violence,1,2011,11
E01004240,Tower Hamlets,Criminal Damage,Criminal Damage To Other Building,0,2014,7
E01002702,Islington,Theft and Handling,Other Theft,0,2010,2
E01000309,Barnet,Drugs,Drug Trafficking,0,2008,10
E01000270,Barnet,Theft and Handling,Motor Vehicle Interference & Tampering,0,2016,1
E01002670,Hounslow,Drugs,Drug Trafficking,0,2016,8
E01003968,Southwark,Violence Against the Person,Murder,0,2013,6
E01003080,Lambeth,Violence Against the Person,Common Assault,0,2013,7
E01001887,Hammersmith and Fulham,Violence Against the Person,Assault with Injury,1,2010,1
E01003057,Lambeth,Theft and Handling,Other Theft Person,4,2010,6
E01004545,Wandsworth,Violence Against the Person,Harassment,0,2011,6
E01003123,Lambeth,Burglary,Burglary in Other Buildings,2,2015,2
E01003927,Southwark,Theft and Handling,Other Theft Person,10,2013,1
E01001032,Croydon,Burglary,Burglary in a Dwelling,4,2012,2
E01001907,Hammersmith and Fulham,Theft and Handling,Other Theft,1,2015,2
E01004344,Waltham Forest,Violence Against the Person,Offensive Weapon,0,2010,7
E01000316,Barnet,Theft and Handling,Theft/Taking Of Motor Vehicle,1,2014,6
E01000125,Barnet,Theft and Handling,Theft From Shops,0,2013,11
E01004102,Sutton,Burglary,Burglary in a Dwelling,0,2011,2
E01001039,Croydon,Theft and Handling,Theft/Taking Of Motor Vehicle,0,2013,11
E01001009,Croydon,Violence Against the Person,Assault with Injury,0,2013,1
E01002397,Hillingdon,Violence Against the Person,Other violence,0,2011,10
E01001568,Enfield,Burglary,Burglary in a Dwelling,0,2013,8
E01002447,Hillingdon,Theft and Handling,Theft/Taking Of Motor Vehicle,0,2012,9
E01033733,Greenwich,Theft and Handling,Theft/Taking of Pedal Cycle,0,2010,1
E01001992,Haringey,Criminal Damage,Criminal Damage To Motor Vehicle,0,2014,2
E01033588,Barking and Dagenham,Robbery,Personal Property,0,2010,3
E01002638,Hounslow,Criminal Damage,Other Criminal Damage,0,2010,1
E01002931,Kingston upon Thames,Theft and Handling,Theft From Motor Vehicle,0,2014,5
E01001617,Greenwich,Theft and Handling,Theft/Taking Of Motor Vehicle,0,2009,9
E01001012,Croydon,Violence Against the Person,Offensive Weapon,0,2008,9
E01002461,Hillingdon,Violence Against the Person,Other violence,0,2011,2
E01001697,Greenwich,Violence Against the Person,Assault with Injury,3,2010,10
E01000211,Barnet,Theft and Handling,Theft/Taking Of Motor Vehicle,2,2009,6
E01000638,Brent,Theft and Handling,Other Theft Person,1,2012,7
E01000895,Camden,Theft and Handling,Handling Stolen Goods,0,2009,3
E01000734,Bromley,Criminal Damage,Criminal Damage To Motor Vehicle,1,2008,1
E01002019,Haringey,Theft and Handling,Theft From Motor Vehicle,1,2013,9
E01032777,Tower Hamlets,Criminal Damage,Criminal Damage To Motor Vehicle,0,2015,7
E01003642,Redbridge,Other Notifiable Offences,Going Equipped,0,2016,9
E01002827,Kensington and Chelsea,Other Notifiable Offences,Going Equipped,0,2014,4
E01000763,Bromley,Criminal Damage,Criminal Damage To Other Building,0,2010,11
E01000929,Camden,Theft and Handling,Other Theft Person,0,2014,3
E01004241,Tower Hamlets,Burglary,Burglary in Other Buildings,0,2011,12
E01003001,Kingston upon Thames,Theft and Handling,Other Theft,1,2015,9
E01002484,Hillingdon,Violence Against the Person,Harassment,0,2014,12
E01002664,Hounslow,Criminal Damage,Criminal Damage To Other Building,1,2009,1
E01000385,Bexley,Violence Against the Person,Offensive Weapon,0,2011,9
E01000438,Bexley,Violence Against the Person,Assault with Injury,0,2009,5
E01000749,Bromley,Theft and Handling,Handling Stolen Goods,0,2016,8
E01002807,Islington,Other Notifiable Offences,Other Notifiable,0,2013,5
E01003835,Richmond upon Thames,Criminal Damage,Criminal Damage To Dwelling,1,2014,9
E01002358,Havering,Violence Against the Person,Other violence,3,2010,4
E01004550,Wandsworth,Other Notifiable Offences,Going Equipped,0,2010,1
E01001217,Ealing,Violence Against the Person,Assault with Injury,0,2014,2
E01003581,Newham,Drugs,Drug Trafficking,0,2012,8
E01003104,Lambeth,Theft and Handling,Motor Vehicle Interference & Tampering,0,2011,9
E01003750,Redbridge,Violence Against the Person,Common Assault,0,2013,3
E01001942,Hammersmith and Fulham,Theft and Handling,Theft From Motor Vehicle,0,2010,9
E01003660,Redbridge,Theft and Handling,Theft From Motor Vehicle,0,2011,9
E01002026,Haringey,Other Notifiable Offences,Other Notifiable,2,2015,3
E01001555,Enfield,Violence Against the Person,Common Assault,2,2015,8
E01001898,Hammersmith and Fulham,Other Notifiable Offences,Going Equipped,0,2010,9
E01004333,Waltham Forest,Other Notifiable Offences,Other Notifiable,0,2014,6
E01001908,Hammersmith and Fulham,Violence Against the Person,Other violence,0,2014,6
E01002735,Islington,Drugs,Drug Trafficking,1,2009,8
E01000293,Barnet,Other Notifiable Offences,Other Notifiable,0,2010,6
E01002005,Haringey,Criminal Damage,Other Criminal Damage,0,2009,5
E01002108,Harrow,Violence Against the Person,Assault with Injury,1,2014,7
E01000333,Bexley,Criminal Damage,Other Criminal Damage,2,2008,10
E01004711,Westminster,Theft and Handling,Other Theft,0,2015,10
E01004691,Westminster,Other Notifiable Offences,Going Equipped,0,2012,10
E01001980,Haringey,Theft and Handling,Other Theft,0,2015,9
E01004211,Tower Hamlets,Violence Against the Person,Assault with Injury,1,2014,2
E01004717,Westminster,Theft and Handling,Motor Vehicle Interference & Tampering,0,2014,9
E01001681,Greenwich,Violence Against the Person,Common Assault,0,2010,4
E01000611,Brent,Robbery,Personal Property,0,2010,7
E01001354,Ealing,Violence Against the Person,Assault with Injury,2,2014,7
E01002009,Haringey,Criminal Damage,Criminal Damage To Other Building,0,2015,10
E01004081,Sutton,Other Notifiable Offences,Other Notifiable,0,2008,5
E01004020,Southwark,Drugs,Possession Of Drugs,1,2013,9
E01002769,Islington,Theft and Handling,Motor Vehicle Interference & Tampering,1,2016,2
E01003915,Southwark,Theft and Handling,Handling Stolen Goods,0,2014,10
