E01000693,Bromley,Other Notifiable Offences,Other Notifiable,0,2009,8
E01000873,Camden,Criminal Damage,Criminal Damage To Motor Vehicle,0,2009,8
E01000700,Bromley,Theft and Handling,Handling Stolen Goods,0,2009,4
E01002303,Havering,Theft and Handling,Handling Stolen Goods,0,2015,4
E01002131,Harrow,Theft and Handling,Other Theft Person,0,2013,1
E01003561,Newham,Theft and Handling,Theft From Shops,0,2009,3
E01000202,Barnet,Burglary,Burglary in a Dwelling,2,2016,10
E01003042,Lambeth,Theft and Handling,Theft From Motor Vehicle,1,2016,11
E01003742,Redbridge,Violence Against the Person,Wounding/GBH,3,2009,7
E01002016,Haringey,Criminal Damage,Criminal Damage To Other Building,0,2008,11
E01003623,Newham,Theft and Handling,Theft/Taking Of Motor Vehicle,1,2015,3
E01001860,Hammersmith and Fulham,Criminal Damage,Criminal Damage To Dwelling,0,2011,2
E01003945,Southwark,Theft and Handling,Theft/Taking Of Motor Vehicle,0,2015,5
E01004331,Waltham Forest,Other Notifiable Offences,Other Notifiable,0,2013,4
E01002778,Islington,Burglary,Burglary in a Dwelling,1,2015,11
E01001283,Ealing,Violence Against the Person,Harassment,0,2008,2
E01000259,Barnet,Theft and Handling,Theft From Motor Vehicle,5,2011,11
E01002037,Haringey,Drugs,Drug Trafficking,0,2013,12
E01004021,Southwark,Other Notifiable Offences,Going Equipped,0,2016,1
E01003785,Redbridge,Theft and Handling,Motor Vehicle Interference & Tampering,1,2016,12
E01003413,Merton,Burglary,Burglary in Other Buildings,0,2008,4
E01032742,Havering,Drugs,Drug Trafficking,0,2009,2
E01001335,Ealing,Drugs,Drug Trafficking,0,2014,4
E01001548,Enfield,Theft and Handling,Theft/Taking Of Motor Vehicle,1,2016,12
E01004588,Wandsworth,Criminal Damage,Criminal Damage To Motor Vehicle,1,2008,2
E01000054,Barking and Dagenham,Violence Against the Person,Common Assault,1,2012,6
E01004588,Wandsworth,Burglary,Burglary in Other Buildings,1,2013,6
E01004154,Sutton,Theft and Handling,Theft/Taking of Pedal Cycle,0,2010,4
E01032580,Barking and Dagenham,Criminal Damage,Other Criminal Damage,0,2009,7
E01004533,Wandsworth,Burglary,Burglary in Other Buildings,0,2010,4
E01001585,Greenwich,Theft and Handling,Theft/Taking of Pedal Cycle,1,2012,3
E01002022,Haringey,Theft and Handling,Theft From Motor Vehicle,2,2015,1
E01000082,Barking and Dagenham,Drugs,Other Drugs,0,2014,8
E01003812,Richmond upon Thames,Violence Against the Person,Harassment,1,2013,9
E01000204,Barnet,Theft and Handling,Theft/Taking of Pedal Cycle,0,2014,4
E01002139,Harrow,Theft and Handling,Other Theft,0,2015,11
E01002922,Kingston upon Thames,Criminal Damage,Criminal Damage To Dwelling,0,2016,5
E01003002,Kingston upon Thames,Violence Against the Person,Other violence,1,2009,3
E01033726,Greenwich,Violence Against the Person,Offensive Weapon,0,2014,7
E01033146,Enfield,Drugs,Drug Trafficking,0,2012,2
E01002959,Kingston upon Thames,Theft and Handling,Theft/Taking of Pedal Cycle,0,2010,2
E01003283,Lewisham,Criminal Damage,Criminal Damage To Dwelling,0,2012,4
E01002513,Hillingdon,Criminal Damage,Criminal Damage To Other Building,0,2011,1
E01002997,Kingston upon Thames,Theft and Handling,Theft From Shops,0,2010,3
E01004719,Westminster,Robbery,Personal Property,1,2015,8
E01000923,Camden,Drugs,Drug Trafficking,0,2014,10
E01001556,Enfield,Robbery,Business Property,0,2013,1
E01001052,Croydon,Violence Against the Person,Wounding/GBH,0,2010,5
E01003978,Southwark,Criminal Damage,Criminal Damage To Motor Vehicle,0,2009,8
E01003144,Lambeth,Fraud or Forgery,Counted per Victim,0,2010,4
E01001985,Haringey,Criminal Damage,Criminal Damage To Other Building,0,2015,12
E01001251,Ealing,Theft and Handling,Theft From Shops,0,2009,8
E01001374,Ealing,Burglary,Burglary in a Dwelling,0,2016,8
E01001848,Hackney,Theft and Handling,Theft From Motor Vehicle,4,2010,11
E01003974,Southwark,Burglary,Burglary in a Dwelling,1,2009,12
E01003005,Kingston upon Thames,Robbery,Business Property,0,2016,9
E01003391,Merton,Theft and Handling,Theft/Taking of Pedal Cycle,0,2012,2
E01002214,Harrow,Theft and Handling,Theft/Taking Of Motor Vehicle,0,2012,3
E01000526,Brent,Violence Against the Person,Harassment,3,2015,5
E01002204,Harrow,Theft and Handling,Motor Vehicle Interference & Tampering,0,2012,1
E01003816,Richmond upon Thames,Violence Against the Person,Offensive Weapon,0,2014,11
E01004590,Wandsworth,Theft and Handling,Theft From Motor Vehicle,2,2016,8
E01003378,Merton,Violence Against the Person,Common Assault,0,2008,10
E01004309,Tower Hamlets,Theft and Handling,Theft From Shops,1,2013,10
E01001002,Croydon,Criminal Damage,Other Criminal Damage,0,2015,4
E01001352,Ealing,Violence Against the Person,Other violence,1,2009,10
E01004214,Tower Hamlets,Theft and Handling,Motor Vehicle Interference & Tampering,0,2010,2
E01001444,Enfield,Theft and Handling,Other Theft Person,0,2013,5
E01004686,Westminster,Violence Against the Person,Offensive Weapon,0,2013,4
E01000372,Bexley,Violence Against the Person,Harassment,0,2016,3
E01001208,Ealing,Violence Against the Person,Harassment,0,2010,4
E01002349,Havering,Violence Against the Person,Wounding/GBH,0,2016,12
E01004510,Wandsworth,Violence Against the Person,Other violence,0,2015,1
E01003438,Merton,Burglary,Burglary in a Dwelling,0,2014,4
E01001003,Croydon,Criminal Damage,Other Criminal Damage,0,2008,11
E01003859,Richmond upon Thames,Criminal Damage,Criminal Damage To Other Building,0,2012,9
E01004006,Southwark,Drugs,Drug Trafficking,0,2012,4
E01002162,Harrow,Robbery,Personal Property,0,2016,1
E01001142,Croydon,Criminal Damage,Other Criminal Damage,0,2011,8
E01001345,Ealing,Theft and Handling,Other Theft Person,0,2012,8
E01002222,Harrow,Burglary,Burglary in a Dwelling,1,2016,9
E01003796,Redbridge,Violence Against the Person,Harassment,1,2008,9
E01002780,Islington,Theft and Handling,Theft/Taking of Pedal Cycle,0,2013,2
E01003219,Lewisham,Criminal Damage,Criminal Damage To Motor Vehicle,1,2012,3
E01001439,Enfield,Criminal Damage,Criminal Damage To Motor Vehicle,0,2015,8
E01001059,Croydon,Violence Against the Person,Common Assault,0,2015,8
E01001659,Greenwich,Violence Against the Person,Offensive Weapon,0,2012,12
E01000780,Bromley,Violence Against the Person,Other violence,0,2016,2
E01004335,Waltham Forest,Burglary,Burglary in Other Buildings,0,2012,1
E01001614,Greenwich,Sexual Offences,Other Sexual,0,2013,10
E01000957,Camden,Drugs,Drug Trafficking,0,2016,10
E01004688,Westminster,Violence Against the Person,Harassment,0,2011,7
E01002343,Havering,Criminal Damage,Criminal Damage To Dwelling,0,2013,9
E01003014,Lambeth,Theft and Handling,Theft/Taking of Pedal Cycle,1,2010,5
E01001380,Ealing,Violence Against the Person,Other violence,0,2009,2
E01033571,Richmond upon Thames,Violence Against the Person,Offensive Weapon,0,2016,3
E01033734,Greenwich,Theft and Handling,Theft/Taking Of Motor Vehicle,0,2009,11
E01000686,Bromley,Theft and Handling,Motor Vehicle Interference & Tampering,1,2014,12
E01001911,Hammersmith and Fulham,Burglary,Burglary in Other Buildings,0,2011,3
E01001923,Hammersmith and Fulham,Drugs,Other Drugs,1,2016,8
E01001457,Enfield,Other Notifiable Offences,Other Notifiable,0,2012,11
E01002388,Havering,Theft and Handling,Other Theft,1,2008,2
E01003202,Lewisham,Violence Against the Person,Other violence,0,2010,5
E01003643,Redbridge,Violence Against the Person,Assault with Injury,0,2015,7
E01000857,Camden,Violence Against the Person,Wounding/GBH,1,2012,6
E01002992,Kingston upon Thames,Criminal Damage,Criminal Damage To Motor Vehicle,1,2016,4
E01000700,Bromley,Criminal Damage,Criminal Damage To Other Building,0,2008,11
E01033712,Hackney,Drugs,Possession Of Drugs,2,2013,8
E01001369,Ealing,Other Notifiable Offences,Going Equipped,0,2012,1
E01001164,Croydon,Violence Against the Person,Assault with Injury,3,2011,10
E01000202,Barnet,Violence Against the Person,Other violence,0,2011,8
E01002913,Kensington and Chelsea,Drugs,Drug Trafficking,0,2010,3
E01002342,Havering,Burglary,Burglary in Other Buildings,0,2008,4
E01003834,Richmond upon Thames,Theft and Handling,Theft From Shops,0,2009,8
E01003662,Redbridge,Theft and Handling,Handling Stolen Goods,0,2010,7
E01000873,Camden,Theft and Handling,Other Theft Person,0,2008,5
E01002074,Haringey,Violence Against the Person,Wounding/GBH,2,2015,1
E01001951,Hammersmith and Fulham,Theft and Handling,Theft/Taking of Pedal Cycle,0,2011,9
E01000591,Brent,Theft and Handling,Theft From Motor Vehicle,1,2014,5
E01000839,Bromley,Robbery,Personal Property,0,2008,9
E01002717,Islington,Theft and Handling,Theft/Taking Of Motor Vehicle,2,2010,9
E01003386,Merton,Other Notifiable Offences,Other Notifiable,0,2008,6
E01004374,Waltham Forest,Fraud or Forgery,Counted per Victim,0,2013,6
E01004634,Wandsworth,Drugs,Possession Of Drugs,0,2010,10
E01001824,Hackney,Criminal Damage,Criminal Damage To Motor Vehicle,0,2014,2
E01003330,Lewisham,Violence Against the Person,Common Assault,2,2014,10
E01004236,Tower Hamlets,Theft and Handling,Theft/Taking of Pedal Cycle,1,2014,1
E01003741,Redbridge,Robbery,Personal Property,1,2015,3
E01004429,Waltham Forest,Criminal Damage,Criminal Damage To Dwelling,1,2015,5
E01002327,Havering,Criminal Damage,Criminal Damage To Other Building,0,2016,8
E01001666,Greenwich,Violence Against the Person,Assault with Injury,0,2014,12
E01001033,Croydon,Criminal Damage,Criminal Damage To Dwelling,0,2016,4
E01033728,Greenwich,Burglary,Burglary in Other Buildings,0,2012,3
E01000957,Camden,Theft and Handling,Theft/Taking Of Motor Vehicle,2,2014,12
E01004670,Westminster,Theft and Handling,Theft/Taking Of Motor Vehicle,0,2012,11
E01002090,Haringey,Theft and Handling,Other Theft Person,0,2011,8
E01003763,Redbridge,Fraud or Forgery,Counted per Victim,0,2014,2
E01003064,Lambeth,Criminal Damage,Criminal Damage To Motor Vehicle,0,2008,10
E01000581,Brent,Criminal Damage,Other Criminal Damage,0,2010,4
E01003038,Lambeth,Theft and Handling,Other Theft,1,2013,11
E01000441,Bexley,Theft and Handling,Theft/Taking Of Motor Vehicle,0,2010,8
E01000038,Barking and Dagenham,Theft and Handling,Motor Vehicle Interference & Tampering,0,2012,9
E01003347,Lewisham,Theft and Handling,Other Theft,0,2008,12
E01002291,Havering,Theft and Handling,Motor Vehicle Interference & Tampering,0,2011,1
E01002806,Islington,Other Notifiable Offences,Going Equipped,0,2013,6
E01003487,Newham,Theft and Handling,Other Theft,2,2015,10
E01003142,Lambeth,Criminal Damage,Criminal Damage To Other Building,0,2013,4
E01003759,Redbridge,Criminal Damage,Criminal Damage To Other Building,0,2009,11
E01000974,Camden,Robbery,Personal Property,0,2016,8
E01000958,Camden,Theft and Handling,Motor Vehicle Interference & Tampering,0,2010,3
E01003469,Merton,Theft and Handling,Other Theft Person,0,2014,12
E01004304,Tower Hamlets,Theft and Handling,Theft From Shops,1,2008,10
E01002957,Kingston upon Thames,Theft and Handling,Motor Vehicle Interference & Tampering,1,2016,1
E01000203,Barnet,Drugs,Possession Of Drugs,0,2008,9
E01001722,Hackney,Violence Against the Person,Common Assault,2,2009,7
E01000198,Barnet,Burglary,Burglary in Other Buildings,0,2009,4
E01003007,Kingston upon Thames,Theft and Handling,Other Theft,0,2016,3
E01003378,Merton,Theft and Handling,Theft/Taking of Pedal Cycle,0,2009,6
E01004335,Waltham Forest,Criminal Damage,Criminal Damage To Motor Vehicle,0,2015,7
E01001603,Greenwich,Criminal Damage,Criminal Damage To Other Building,0,2015,2
E01000466,Bexley,Theft and Handling,Theft/Taking Of Motor Vehicle,0,2013,6
E01004482,Wandsworth,Criminal Damage,Other Criminal Damage,0,2011,12
E01001963,Haringey,Criminal Damage,Criminal Damage To Other Building,0,2010,6
E01004533,Wandsworth,Theft and Handling,Theft From Shops,0,2011,1
E01000287,Barnet,Theft and Handling,Other Theft,0,2016,7
E01000326,Bexley,Violence Against the Person,Murder,0,2015,5
E01000488,Brent,Drugs,Drug Trafficking,0,2010,3
E01003725,Redbridge,Criminal Damage,Criminal Damage To Dwelling,0,2015,3
E01003852,Richmond upon Thames,Violence Against the Person,Assault with Injury,1,2008,12
E01002220,Harrow,Violence Against the Person,Assault with Injury,0,2009,2
E01002135,Harrow,Burglary,Burglary in a Dwelling,3,2009,7
E01003358,Merton,Theft and Handling,Theft/Taking Of Motor Vehicle,0,2015,4
E01003731,Redbridge,Burglary,Burglary in a Dwelling,2,2012,4
E01033146,Enfield,Burglary,Burglary in Other Buildings,0,2013,1
E01002664,Hounslow,Theft and Handling,Handling Stolen Goods,0,2015,5
E01002222,Harrow,Theft and Handling,Other Theft Person,0,2010,4
E01003744,Redbridge,Robbery,Business Property,0,2011,1
E01001484,Enfield,Theft and Handling,Theft/Taking of Pedal Cycle,0,2014,8
E01003254,Lewisham,Theft and Handling,Other Theft Person,0,2012,1
E01004259,Tower Hamlets,Theft and Handling,Theft/Taking of Pedal Cycle,1,2010,4
E01000848,Camden,Sexual Offences,Rape,0,2011,4
E01001986,Haringey,Violence Against the Person,Offensive Weapon,0,2012,1
E01003140,Lambeth,Theft and Handling,Other Theft,0,2013,10
E01000843,Camden,Theft and Handling,Theft/Taking of Pedal Cycle,0,2015,7
E01003558,Newham,Theft and Handling,Handling Stolen Goods,0,2012,7
E01001816,Hackney,Criminal Damage,Criminal Damage To Other Building,0,2010,11
E01000908,Camden,Criminal Damage,Criminal Damage To Other Building,0,2013,7
E01003873,Richmond upon Thames,Robbery,Personal Property,0,2013,11
E01003789,Redbridge,Robbery,Business Property,0,2014,5
E01001746,Hackney,Theft and Handling,Theft/Taking Of Motor Vehicle,0,2011,7
E01003503,Newham,Violence Against the Person,Assault with Injury,1,2008,5
E01001262,Ealing,Violence Against the Person,Harassment,0,2010,1
E01004727,Westminster,Criminal Damage,Criminal Damage To Dwelling,0,2010,9
E01001894,Hammersmith and Fulham,Violence Against the Person,Harassment,1,2011,10
E01003123,Lambeth,Drugs,Possession Of Drugs,0,2008,11
E01001401,Enfield,Burglary,Burglary in a Dwelling,0,2015,6
E01002206,Harrow,Violence Against the Person,Offensive Weapon,0,2015,5
E01000293,Barnet,Fraud or Forgery,Other Fraud & Forgery,0,2008,11
E01002575,Hounslow,Theft and Handling,Theft/Taking of Pedal Cycle,3,2012,8
E01001248,Ealing,Theft and Handling,Other Theft,1,2010,10
E01001744,Hackney,Criminal Damage,Criminal Damage To Motor Vehicle,0,2014,7
E01032782,Tower Hamlets,Violence Against the Person,Harassment,0,2010,11
E01000775,Bromley,Burglary,Burglary in a Dwelling,1,2011,2
E01001429,Enfield,Drugs,Drug Trafficking,0,2015,8
E01000819,Bromley,Criminal Damage,Other Criminal Damage,0,2008,3
E01000566,Brent,Drugs,Drug Trafficking,0,2013,5
E01002313,Havering,Violence Against the Person,Offensive Weapon,0,2015,7
E01000851,Camden,Fraud or Forgery,Other Fraud & Forgery,0,2014,6
E01003017,Lambeth,Violence Against the Person,Murder,0,2011,3
E01000358,Bexley,Theft and Handling,Theft From Shops,5,2012,5
E01033587,Barking and Dagenham,Drugs,Possession Of Drugs,0,2011,5
E01001464,Enfield,Other Notifiable Offences,Other Notifiable,0,2009,5
E01004438,Waltham Forest,Other Notifiable Offences,Other Notifiable,0,2016,6
E01004571,Wandsworth,Theft and Handling,Theft/Taking of Pedal Cycle,0,2011,6
E01002896,Kensington and Chelsea,Robbery,Business Property,0,2013,10
E01003911,Southwark,Violence Against the Person,Offensive Weapon,0,2016,1
E01004254,Tower Hamlets,Theft and Handling,Handling Stolen Goods,0,2010,2
E01003366,Merton,Theft and Handling,Theft From Motor Vehicle,0,2016,6
E01002864,Kensington and Chelsea,Drugs,Drug Trafficking,0,2009,7
E01000888,Camden,Theft and Handling,Theft/Taking of Pedal Cycle,1,2012,1
E01001283,Ealing,Theft and Handling,Theft/Taking of Pedal Cycle,0,2010,1
E01004577,Wandsworth,Violence Against the Person,Common Assault,1,2015,8
E01004245,Tower Hamlets,Violence Against the Person,Offensive Weapon,0,2010,10
E01002943,Kingston upon Thames,Criminal Damage,Criminal Damage To Other Building,0,2015,12
E01001116,Croydon,Violence Against the Person,Offensive Weapon,0,2009,5
E01001420,Enfield,Theft and Handling,Other Theft,0,2010,1
E01003519,Newham,Theft and Handling,Theft From Shops,0,2010,3
E01002120,Harrow,Theft and Handling,Theft/Taking Of Motor Vehicle,0,2012,7
E01000395,Bexley,Burglary,Burglary in Other Buildings,0,2011,9
E01002287,Havering,Violence Against the Person,Assault with Injury,0,2008,7
E01001774,Hackney,Violence Against the Person,Harassment,0,2013,6
E01002455,Hillingdon,Theft and Handling,Theft/Taking of Pedal Cycle,0,2014,4
E01001685,Greenwich,Theft and Handling,Other Theft,0,2011,3
E01000675,Bromley,Burglary,Burglary in a Dwelling,2,2013,3
E01001360,Ealing,Violence Against the Person,Offensive Weapon,0,2014,3
E01001136,Croydon,Burglary,Burglary in Other Buildings,1,2010,6
E01001001,Croydon,Violence Against the Person,Wounding/GBH,2,2015,7
E01001618,Greenwich,Robbery,Personal Property,0,2008,10
E01002370,Havering,Robbery,Business Property,0,2013,10
E01002080,Haringey,Criminal Damage,Criminal Damage To Motor Vehicle,2,2016,10
E01000866,Camden,Criminal Damage,Criminal Damage To Motor Vehicle,0,2011,1
E01004187,Sutton,Robbery,Personal Property,0,2012,6
E01001739,Hackney,Burglary,Burglary in a Dwelling,1,2008,2
E01003618,Newham,Criminal Damage,Criminal Damage To Other Building,0,2010,9
E01003499,Newham,Robbery,Personal Property,1,2008,5
E01000439,Bexley,Theft and Handling,Theft/Taking Of Motor Vehicle,0,2015,1
E01002640,Hounslow,Theft and Handling,Motor Vehicle Interference & Tampering,0,2016,4
E01001842,Hackney,Theft and Handling,Theft/Taking of Pedal Cycle,0,2014,1
E01000834,Bromley,Theft and Handling,Other Theft,1,2010,7
E01000632,Brent,Theft and Handling,Theft/Taking of Pedal Cycle,0,2014,6
E01000591,Brent,Violence Against the Person,Other violence,0,2011,1
E01000477,Brent,Drugs,Possession Of Drugs,1,2009,4
E01001070,Croydon,Violence Against the Person,Common Assault,1,2012,3
E01001805,Hackney,Violence Against the Person,Assault with Injury,1,2008,1
E01000576,Brent,Sexual Offences,Other Sexual,0,2014,7
E01003596,Newham,Violence Against the Person,Offensive Weapon,0,2015,10
E01003241,Lewisham,Violence Against the Person,Common Assault,0,2014,3
E01000780,Bromley,Violence Against the Person,Other violence,0,2011,4
E01003897,Richmond upon Thames,Theft and Handling,Other Theft Person,1,2010,10
E01002818,Kensington and Chelsea,Drugs,Other Drugs,0,2009,10
E01004068,Southwark,Theft and Handling,Theft/Taking of Pedal Cycle,4,2016,11
E01000237,Barnet,Drugs,Possession Of Drugs,2,2016,2
E01004701,Westminster,Theft and Handling,Motor Vehicle Interference & Tampering,1,2011,6
E01004394,Waltham Forest,Theft and Handling,Theft From Motor Vehicle,0,2015,2
E01003881,Richmond upon Thames,Violence Against the Person,Assault with Injury,0,2009,11
E01004569,Wandsworth,Violence Against the Person,Other violence,0,2014,6
E01000843,Camden,Drugs,Possession Of Drugs,0,2011,11
E01000563,Brent,Burglary,Burglary in Other Buildings,0,2015,7
E01033703,Hackney,Burglary,Burglary in Other Buildings,1,2012,12
E01004754,Westminster,Sexual Offences,Other Sexual,0,2011,11
E01001858,Hammersmith and Fulham,Theft and Handling,Handling Stolen Goods,0,2008,11
E01003407,Merton,Violence Against the Person,Wounding/GBH,0,2014,8
E01002882,Kensington and Chelsea,Violence Against the Person,Harassment,1,2015,6
E01001338,Ealing,Criminal Damage,Other Criminal Damage,0,2014,2
E01002636,Hounslow,Theft and Handling,Theft/Taking of Pedal Cycle,0,2010,8
E01001994,Haringey,Burglary,Burglary in a Dwelling,0,2012,12
E01003908,Richmond upon Thames,Violence Against the Person,Assault with Injury,0,2008,1
E01001182,Croydon,Violence Against the Person,Other violence,0,2010,8
E01003500,Newham,Drugs,Other Drugs,0,2014,6
E01004043,Southwark,Robbery,Business Property,0,2016,6
E01002553,Hillingdon,Other Notifiable Offences,Other Notifiable,0,2014,9
E01001334,Ealing,Violence Against the Person,Other violence,1,2008,1
E01000015,Barking and Dagenham,Theft and Handling,Theft/Taking of Pedal Cycle,0,2008,4
E01004451,Waltham Forest,Robbery,Business Property,0,2014,5
E01001514,Enfield,Criminal Damage,Other Criminal Damage,1,2010,7
E01003320,Lewisham,Robbery,Business Property,0,2016,1
E01003332,Lewisham,Theft and Handling,Motor Vehicle Interference & Tampering,1,2016,4
E01001542,Enfield,Theft and Handling,Theft/Taking Of Motor Vehicle,0,2012,6
E01000274,Barnet,Other Notifiable Offences,Other Notifiable,0,2013,5
E01001553,Enfield,Theft and Handling,Other Theft Person,0,2013,8
E01004182,Sutton,Criminal Damage,Criminal Damage To Motor Vehicle,0,2014,5
E01001860,Hammersmith and Fulham,Other Notifiable Offences,Other Notifiable,0,2012,5
E01001587,Greenwich,Robbery,Personal Property,0,2013,6
E01000189,Barnet,Criminal Damage,Criminal Damage To Motor Vehicle,1,2009,1
E01000254,Barnet,Theft and Handling,Other Theft,1,2008,11
E01001252,Ealing,Theft and Handling,Theft From Motor Vehicle,2,2013,11
E01002896,Kensington and Chelsea,Other Notifiable Offences,Going Equipped,0,2008,2
E01003389,Merton,Violence Against the Person,Offensive Weapon,0,2013,10
E01001779,Hackney,Other Notifiable Offences,Going Equipped,0,2009,4
E01003072,Lambeth,Violence Against the Person,Other violence,0,2008,8
E01001077,Croydon,Criminal Damage,Criminal Damage To Other Building,0,2012,12
E01001859,Hammersmith and Fulham,Drugs,Possession Of Drugs,0,2013,1
E01001468,Enfield,Sexual Offences,Other Sexual,0,2010,1
E01002821,Kensington and Chelsea,Theft and Handling,Theft/Taking of Pedal Cycle,1,2012,11
E01003710,Redbridge,Theft and Handling,Theft From Motor Vehicle,1,2014,11
E01001350,Ealing,Theft and Handling,Other Theft Person,0,2015,6
E01033699,Hackney,Violence Against the Person,Wounding/GBH,0,2010,3
E01001238,Ealing,Criminal Damage,Criminal Damage To Motor Vehicle,0,2014,3
E01003949,Southwark,Criminal Damage,Other Criminal Damage,0,2015,8
E01003027,Lambeth,Theft and Handling,Motor Vehicle Interference & Tampering,0,2014,2
E01000564,Brent,Fraud or Forgery,Other Fraud & Forgery,0,2015,4
E01001058,Croydon,Robbery,Personal Property,0,2009,4
E01003839,Richmond upon Thames,Theft and Handling,Theft From Motor Vehicle,0,2008,3
E01003533,Newham,Theft and Handling,Theft/Taking of Pedal Cycle,0,2013,10
E01003220,Lewisham,Theft and Handling,Other Theft,1,2014,7
E01002021,Haringey,Criminal Damage,Criminal Damage To Other Building,0,2014,2
E01002097,Haringey,Drugs,Possession Of Drugs,2,2016,8
E01003122,Lambeth,Violence Against the Person,Offensive Weapon,0,2014,12
E01004593,Wandsworth,Criminal Damage,Other Criminal Damage,0,2016,4
E01000848,Camden,Theft and Handling,Motor Vehicle Interference & Tampering,0,2010,5
E01002148,Harrow,Criminal Damage,Criminal Damage To Motor Vehicle,0,2014,5
E01001518,Enfield,Criminal Damage,Other Criminal Damage,0,2012,10
E01000238,Barnet,Drugs,Drug Trafficking,0,2013,9
E01001089,Croydon,Theft and Handling,Handling Stolen Goods,0,2013,1
E01000540,Brent,Burglary,Burglary in Other Buildings,0,2011,11
E01003213,Lewisham,Drugs,Drug Trafficking,0,2016,5
E01004494,Wandsworth,Burglary,Burglary in a Dwelling,2,2016,6
E01004292,Tower Hamlets,Theft and Handling,Theft/Taking of Pedal Cycle,1,2008,12
E01001655,Greenwich,Theft and Handling,Theft From Shops,0,2008,3
E01000758,Bromley,Robbery,Personal Property,0,2016,5
E01004018,Southwark,Fraud or Forgery,Counted per Victim,0,2015,11
E01003674,Redbridge,Violence Against the Person,Wounding/GBH,0,2012,5
E01000025,Barking and Dagenham,Robbery,Business Property,0,2011,2
E01004291,Tower Hamlets,Robbery,Personal Property,0,2010,7
E01003462,Merton,Violence Against the Person,Other violence,0,2010,4
E01001792,Hackney,Other Notifiable Offences,Other Notifiable,0,2011,10
E01003633,Newham,Criminal Damage,Criminal Damage To Dwelling,2,2008,5
E01002421,Hillingdon,Criminal Damage,Criminal Damage To Motor Vehicle,1,2012,5
E01001648,Greenwich,Theft and Handling,Theft/Taking of Pedal Cycle,0,2015,2
E01000905,Camden,Violence Against the Person,Harassment,1,2016,7
E01003164,Lambeth,Theft and Handling,Motor Vehicle Interference & Tampering,0,2010,6
E01003615,Newham,Drugs,Drug Trafficking,0,2013,1
E01004146,Sutton,Theft and Handling,Theft From Shops,0,2016,5
E01000812,Bromley,Violence Against the Person,Other violence,0,2009,7
E01002130,Harrow,Burglary,Burglary in a Dwelling,0,2013,1
E01003167,Lambeth,Drugs,Possession Of Drugs,0,2012,3
E01004058,Southwark,Theft and Handling,Other Theft,1,2011,3
E01002683,Hounslow,Violence Against the Person,Wounding/GBH,0,2011,3
E01001883,Hammersmith and Fulham,Violence Against the Person,Assault with Injury,6,2014,4
E01002708,Islington,Criminal Damage,Criminal Damage To Motor Vehicle,1,2015,1
E01002249,Havering,Drugs,Possession Of Drugs,1,2011,5
E01001903,Hammersmith and Fulham,Theft and Handling,Other Theft,0,2015,5
E01001783,Hackney,Drugs,Possession Of Drugs,1,2008,6
E01002193,Harrow,Violence Against the Person,Common Assault,0,2012,2
E01004179,Sutton,Burglary,Burglary in a Dwelling,1,2013,8
E01001959,Hammersmith and Fulham,Theft and Handling,Theft/Taking Of Motor Vehicle,1,2015,2
E01000554,Brent,Theft and Handling,Theft From Shops,0,2013,8
E01001157,Croydon,Violence Against the Person,Assault with Injury,1,2012,10
E01002816,Kensington and Chelsea,Drugs,Possession Of Drugs,0,2014,1
E01000252,Barnet,Theft and Handling,Handling Stolen Goods,0,2016,9
E01003314,Lewisham,Violence Against the Person,Assault with Injury,2,2015,5
E01002346,Havering,Theft and Handling,Theft From Motor Vehicle,1,2009,4
E01001455,Enfield,Drugs,Possession Of Drugs,0,2008,9
E01003629,Newham,Criminal Damage,Criminal Damage To Dwelling,0,2015,10
E01001788,Hackney,Criminal Damage,Criminal Damage To Motor Vehicle,1,2016,8
E01004521,Wandsworth,Violence Against the Person,Wounding/GBH,0,2015,12
E01002067,Haringey,Violence Against the Person,Common Assault,2,2016,8
E01004130,Sutton,Violence Against the Person,Offensive Weapon,0,2014,3
E01001562,Enfield,Criminal Damage,Criminal Damage To Other Building,0,2015,4
E01004072,Southwark,Theft and Handling,Theft/Taking Of Motor Vehicle,0,2012,4
E01001585,Greenwich,Criminal Damage,Other Criminal Damage,0,2014,12
E01000209,Barnet,Theft and Handling,Theft From Motor Vehicle,5,2011,5
E01003662,Redbridge,Criminal Damage,Other Criminal Damage,1,2008,4
E01000180,Barnet,Violence Against the Person,Offensive Weapon,1,2014,11
E01000628,Brent,Fraud or Forgery,Counted per Victim,0,2009,6
E01002419,Hillingdon,Other Notifiable Offences,Going Equipped,0,2009,7
E01000611,Brent,Violence Against the Person,Other violence,0,2010,7
E01000450,Bexley,Theft and Handling,Theft/Taking of Pedal Cycle,0,2009,12
E01001975,Haringey,Burglary,Burglary in a Dwelling,1,2016,9
E01004149,Sutton,Violence Against the Person,Offensive Weapon,0,2013,6
E01000735,Bromley,Violence Against the Person,Wounding/GBH,0,2012,5
E01000720,Bromley,Violence Against the Person,Assault with Injury,7,2009,9
E01001146,Croydon,Drugs,Possession Of Drugs,0,2016,3
E01002851,Kensington and Chelsea,Violence Against the Person,Common Assault,0,2010,4
E01002946,Kingston upon Thames,Theft and Handling,Motor Vehicle Interference & Tampering,0,2008,6
E01032805,Southwark,Robbery,Personal Property,0,2008,9
E01003112,Lambeth,Burglary,Burglary in a Dwelling,1,2013,8
E01002426,Hillingdon,Violence Against the Person,Harassment,2,2016,10
E01000468,Bexley,Theft and Handling,Other Theft Person,0,2016,12
E01000052,Barking and Dagenham,Fraud or Forgery,Counted per Victim,0,2010,9
E01033731,Greenwich,Criminal Damage,Criminal Damage To Motor Vehicle,0,2009,12
E01001092,Croydon,Violence Against the Person,Common Assault,0,2012,3
E01001586,Greenwich,Violence Against the Person,Harassment,1,2014,4
E01004096,Sutton,Other Notifiable Offences,Other Notifiable,0,2014,3
E01003566,Newham,Robbery,Business Property,0,2011,8
E01004303,Tower Hamlets,Theft and Handling,Motor Vehicle Interference & Tampering,0,2013,10
E01003778,Redbridge,Theft and Handling,Handling Stolen Goods,0,2010,1
E01002742,Islington,Theft and Handling,Motor Vehicle Interference & Tampering,0,2012,6
E01000508,Brent,Violence Against the Person,Common Assault,1,2014,12
E01000401,Bexley,Criminal Damage,Criminal Damage To Dwelling,1,2012,7
E01001999,Haringey,Violence Against the Person,Harassment,2,2012,2
E01003571,Newham,Theft and Handling,Other Theft,6,2012,6
E01001988,Haringey,Criminal Damage,Criminal Damage To Motor Vehicle,0,2013,4
E01004726,Westminster,Violence Against the Person,Common Assault,1,2014,9
E01003695,Redbridge,Violence Against the Person,Offensive Weapon,0,2012,3
E01003033,Lambeth,Theft and Handling,Other Theft,1,2009,3
E01000017,Barking and Dagenham,Theft and Handling,Other Theft,0,2014,9
E01002895,Kensington and Chelsea,Burglary,Burglary in Other Buildings,1,2010,6
E01000905,Camden,Burglary,Burglary in Other Buildings,0,2014,6
E01003086,Lambeth,Violence Against the Person,Assault with Injury,1,2008,1
E01000343,Bexley,Criminal Damage,Criminal Damage To Motor Vehicle,0,2008,4
E01001685,Greenwich,Theft and Handling,Other Theft,0,2009,5
E01002140,Harrow,Criminal Damage,Criminal Damage To Dwelling,0,2008,8
E01003724,Redbridge,Theft and Handling,Other Theft Person,0,2009,9
E01003330,Lewisham,Drugs,Drug Trafficking,0,2013,9
E01001392,Enfield,Drugs,Drug Trafficking,0,2016,1
E01001494,Enfield,Theft and Handling,Handling Stolen Goods,0,2009,3
E01032778,Tower Hamlets,Theft and Handling,Handling Stolen Goods,0,2015,7
E01004535,Wandsworth,Violence Against the Person,Murder,0,2010,8
E01004337,Waltham Forest,Theft and Handling,Other Theft Person,0,2012,8
E01000310,Barnet,Drugs,Drug Trafficking,0,2010,4
E01003360,Merton,Theft and Handling,Other Theft,0,2012,12
E01004461,Waltham Forest,Criminal Damage,Criminal Damage To Other Building,0,2015,4
E01004088,Sutton,Violence Against the Person,Harassment,0,2011,7
E01033590,Redbridge,Burglary,Burglary in Other Buildings,0,2015,3
E01001069,Croydon,Theft and Handling,Motor Vehicle Interference & Tampering,0,2008,4
E01003741,Redbridge,Theft and Handling,Other Theft,0,2016,11
E01000622,Brent,Violence Against the Person,Offensive Weapon,0,2009,8
E01004593,Wandsworth,Robbery,Business Property,0,2015,9
E01033153,Waltham Forest,Criminal Damage,Criminal Damage To Dwelling,3,2016,2
E01004201,Tower Hamlets,Burglary,Burglary in Other Buildings,3,2008,6
E01001732,Hackney,Criminal Damage,Criminal Damage To Motor Vehicle,1,2012,4
E01002931,Kingston upon Thames,Violence Against the Person,Other violence,0,2008,6
E01003172,Lambeth,Violence Against the Person,Assault with Injury,1,2010,2
E01001430,Enfield,Violence Against the Person,Offensive Weapon,0,2009,1
E01003129,Lambeth,Other Notifiable Offences,Going Equipped,0,2008,9
E01001244,Ealing,Fraud or Forgery,Other Fraud & Forgery,0,2013,3
E01000651,Bromley,Violence Against the Person,Assault with Injury,0,2010,1
E01001983,Haringey,Criminal Damage,Criminal Damage To Motor Vehicle,0,2010,7
E01001882,Hammersmith and Fulham,Criminal Damage,Criminal Damage To Motor Vehicle,0,2015,11
E01001916,Hammersmith and Fulham,Violence Against the Person,Murder,0,2008,7
E01002633,Hounslow,Criminal Damage,Criminal Damage To Motor Vehicle,1,2016,3
E01003423,Merton,Burglary,Burglary in Other Buildings,0,2014,7
E01004027,Southwark,Theft and Handling,Theft From Shops,1,2014,11
E01003346,Lewisham,Criminal Damage,Criminal Damage To Other Building,0,2008,12
E01003569,Newham,Robbery,Personal Property,1,2011,7
E01001648,Greenwich,Criminal Damage,Criminal Damage To Motor Vehicle,0,2010,6
E01001488,Enfield,Theft and Handling,Theft From Motor Vehicle,1,2014,3
E01002869,Kensington and Chelsea,Violence Against the Person,Wounding/GBH,1,2016,8
E01004068,Southwark,Theft and Handling,Theft/Taking of Pedal Cycle,0,2014,8
E01003638,Redbridge,Theft and Handling,Theft From Motor Vehicle,3,2016,6
E01002411,Hillingdon,Drugs,Possession Of Drugs,0,2008,12
E01002609,Hounslow,Violence Against the Person,Assault with Injury,1,2012,12
E01004625,Wandsworth,Theft and Handling,Handling Stolen Goods,0,2008,10
E01000436,Bexley,Theft and Handling,Theft From Motor Vehicle,0,2016,7
E01003705,Redbridge,Burglary,Burglary in Other Buildings,3,2010,12
E01003260,Lewisham,Violence Against the Person,Other violence,0,2013,6
E01004505,Wandsworth,Drugs,Possession Of Drugs,0,2013,9
E01032764,Tower Hamlets,Burglary,Burglary in a Dwelling,1,2016,7
E01033699,Hackney,Burglary,Burglary in Other Buildings,1,2016,6
E01000939,Camden,Other Notifiable Offences,Other Notifiable,2,2015,6
E01001407,Enfield,Violence Against the Person,Harassment,2,2015,12
E01002495,Hillingdon,Theft and Handling,Theft From Motor Vehicle,5,2009,1
E01000068,Barking and Dagenham,Theft and Handling,Theft From Motor Vehicle,0,2016,1
E01002237,Harrow,Theft and Handling,Other Theft Person,0,2008,6
E01003159,Lambeth,Violence Against the Person,Other violence,1,2013,7
E01001045,Croydon,Violence Against the Person,Murder,0,2013,8
E01001931,Hammersmith and Fulham,Robbery,Business Property,0,2008,4
E01002832,Kensington and Chelsea,Theft and Handling,Theft From Motor Vehicle,0,2010,1
E01001566,Enfield,Drugs,Drug Trafficking,0,2008,8
E01000376,Bexley,Burglary,Burglary in a Dwelling,1,2010,3
E01032789,Hammersmith and Fulham,Criminal Damage,Other Criminal Damage,0,2009,11
E01000953,Camden,Robbery,Personal Property,1,2015,4
E01000264,Barnet,Robbery,Personal Property,0,2011,7
E01001723,Hackney,Violence Against the Person,Harassment,0,2012,1
E01004190,Sutton,Theft and Handling,Theft/Taking Of Motor Vehicle,0,2012,11
E01033742,Greenwich,Drugs,Possession Of Drugs,0,2013,11
E01003265,Lewisham,Theft and Handling,Handling Stolen Goods,0,2011,3
E01002537,Hillingdon,Burglary,Burglary in a Dwelling,0,2015,9
E01003238,Lewisham,Burglary,Burglary in a Dwelling,1,2010,5
E01003020,Lambeth,Theft and Handling,Other Theft,6,2010,11
E01001525,Enfield,Violence Against the Person,Other violence,0,2011,12
E01000939,Camden,Theft and Handling,Theft/Taking Of Motor Vehicle,0,2011,8
E01001761,Hackney,Criminal Damage,Criminal Damage To Motor Vehicle,1,2016,2
E01003381,Merton,Theft and Handling,Motor Vehicle Interference & Tampering,0,2016,11
E01001429,Enfield,Other Notifiable Offences,Other Notifiable,1,2010,9
E01002719,Islington,Other Notifiable Offences,Other Notifiable,0,2016,12
E01000616,Brent,Theft and Handling,Motor Vehicle Interference & Tampering,0,2009,10
E01003397,Merton,Theft and Handling,Theft/Taking Of Motor Vehicle,0,2011,10
E01001326,Ealing,Violence Against the Person,Offensive Weapon,0,2014,5
E01002221,Harrow,Theft and Handling,Theft From Shops,0,2015,10
E01003118,Lambeth,Theft and Handling,Theft/Taking Of Motor Vehicle,0,2015,5
E01001512,Enfield,Drugs,Possession Of Drugs,2,2011,12
E01002742,Islington,Burglary,Burglary in Other Buildings,0,2009,12
E01003006,Kingston upon Thames,Burglary,Burglary in Other Buildings,2,2013,4
E01001445,Enfield,Robbery,Personal Property,0,2012,4
E01003010,Kingston upon Thames,Violence Against the Person,Harassment,0,2009,7
E01000469,Bexley,Theft and Handling,Motor Vehicle Interference & Tampering,0,2014,8
E01003433,Merton,Drugs,Drug Trafficking,0,2013,11
E01004560,Wandsworth,Violence Against the Person,Wounding/GBH,0,2012,5
E01002502,Hillingdon,Other Notifiable Offences,Other Notifiable,0,2009,5
E01002473,Hillingdon,Other Notifiable Offences,Other Notifiable,0,2009,3
E01002875,Kensington and Chelsea,Theft and Handling,Theft From Shops,0,2012,8
E01000309,Barnet,Criminal Damage,Criminal Damage To Other Building,0,2012,12
E01000260,Barnet,Robbery,Business Property,0,2009,3
E01001757,Hackney,Robbery,Business Property,0,2008,10
E01000277,Barnet,Violence Against the Person,Harassment,0,2016,9
E01001722,Hackney,Robbery,Personal Property,2,2013,7
E01001582,Greenwich,Violence Against the Person,Offensive Weapon,0,2015,7
E01003851,Richmond upon Thames,Theft and Handling,Other Theft Person,0,2016,4
E01000404,Bexley,Criminal Damage,Other Criminal Damage,2,2008,5
E01032775,Tower Hamlets,Drugs,Possession Of Drugs,0,2013,7
E01001235,Ealing,Violence Against the Person,Offensive Weapon,0,2009,12
E01002320,Havering,Violence Against the Person,Harassment,0,2014,1
E01003266,Lewisham,Criminal Damage,Criminal Damage To Other Building,0,2010,11
E01004568,Wandsworth,Violence Against the Person,Common Assault,2,2008,4
E01001302,Ealing,Other Notifiable Offences,Other Notifiable,0,2009,8
E01000768,Bromley,Drugs,Drug Trafficking,0,2011,10
E01001870,Hammersmith and Fulham,Robbery,Business Property,0,2010,3
E01000889,Camden,Drugs,Other Drugs,0,2010,4
E01001214,Ealing,Theft and Handling,Other Theft,0,2008,3
E01002154,Harrow,Criminal Damage,Criminal Damage To Dwelling,1,2015,10
E01003735,Redbridge,Burglary,Burglary in Other Buildings,1,2010,3
E01000961,Camden,Theft and Handling,Other Theft Person,1,2015,12
E01000670,Bromley,Violence Against the Person,Assault with Injury,3,2008,2
E01001128,Croydon,Theft and Handling,Theft From Shops,0,2014,1
E01002827,Kensington and Chelsea,Violence Against the Person,Assault with Injury,4,2014,6
E01000022,Barking and Dagenham,Violence Against the Person,Other violence,0,2016,3
E01001926,Hammersmith and Fulham,Theft and Handling,Theft/Taking of Pedal Cycle,1,2014,1
E01002843,Kensington and Chelsea,Theft and Handling,Other Theft Person,1,2013,2
E01001607,Greenwich,Theft and Handling,Theft/Taking Of Motor Vehicle,0,2011,7
E01001317,Ealing,Violence Against the Person,Assault with Injury,3,2008,2
E01004666,Westminster,Violence Against the Person,Other violence,1,2010,5
E01000287,Barnet,Burglary,Burglary in a Dwelling,1,2010,1
E01001200,Ealing,Violence Against the Person,Assault with Injury,1,2011,6
E01003815,Richmond upon Thames,Drugs,Possession Of Drugs,0,2009,6
E01003731,Redbridge,Violence Against the Person,Wounding/GBH,0,2016,2
E01002410,Hillingdon,Drugs,Other Drugs,0,2009,7
E01001605,Greenwich,Criminal Damage,Criminal Damage To Motor Vehicle,0,2015,11
E01003967,Southwark,Violence Against the Person,Wounding/GBH,1,2014,4
E01002642,Hounslow,Theft and Handling,Theft/Taking of Pedal Cycle,2,2012,10
E01003517,Newham,Burglary,Burglary in a Dwelling,5,2009,1
E01004275,Tower Hamlets,Violence Against the Person,Common Assault,0,2014,2
E01001134,Croydon,Violence Against the Person,Assault with Injury,1,2011,7
E01003639,Redbridge,Criminal Damage,Criminal Damage To Other Building,0,2008,12
E01001002,Croydon,Violence Against the Person,Common Assault,0,2016,1
E01002225,Harrow,Theft and Handling,Other Theft Person,0,2012,4
E01033485,Brent,Violence Against the Person,Harassment,0,2010,3
E01001089,Croydon,Theft and Handling,Theft/Taking Of Motor Vehicle,2,2016,4
E01000487,Brent,Violence Against the Person,Harassment,1,2008,2
E01003917,Southwark,Criminal Damage,Criminal Damage To Dwelling,0,2008,12
E01000252,Barnet,Fraud or Forgery,Counted per Victim,0,2014,1
E01004154,Sutton,Criminal Damage,Criminal Damage To Dwelling,0,2008,5
E01002268,Havering,Violence Against the Person,Common Assault,3,2010,3
E01032744,Ealing,Criminal Damage,Other Criminal Damage,0,2011,6
E01002208,Harrow,Burglary,Burglary in a Dwelling,1,2011,1
E01003742,Redbridge,Theft and Handling,Theft From Shops,0,2011,1
E01003515,Newham,Violence Against the Person,Wounding/GBH,0,2012,7
E01002243,Havering,Criminal Damage,Criminal Damage To Other Building,0,2013,6
E01003368,Merton,Burglary,Burglary in a Dwelling,1,2013,5
E01004554,Wandsworth,Theft and Handling,Motor Vehicle Interference & Tampering,0,2015,5
E01032834,Southwark,Drugs,Drug Trafficking,0,2012,6
E01004243,Tower Hamlets,Violence Against the Person,Wounding/GBH,0,2016,11
E01003222,Lewisham,Drugs,Drug Trafficking,0,2014,9
E01032579,Lewisham,Criminal Damage,Criminal Damage To Motor Vehicle,1,2016,11
E01001837,Hackney,Burglary,Burglary in a Dwelling,1,2010,10
E01004714,Westminster,Robbery,Personal Property,7,2013,12
E01000190,Barnet,Robbery,Personal Property,1,2012,12
E01003011,Kingston upon Thames,Theft and Handling,Theft From Shops,0,2008,5
E01003701,Redbridge,Other Notifiable Offences,Other Notifiable,0,2013,1
E01000203,Barnet,Robbery,Business Property,0,2015,11
E01004413,Waltham Forest,Theft and Handling,Other Theft Person,0,2014,7
E01001714,Hackney,Burglary,Burglary in a Dwelling,0,2013,6
E01003300,Lewisham,Burglary,Burglary in a Dwelling,0,2015,8
E01003573,Newham,Burglary,Burglary in Other Buildings,0,2014,6
E01004245,Tower Hamlets,Theft and Handling,Theft/Taking of Pedal Cycle,0,2011,9
E01000779,Bromley,Theft and Handling,Motor Vehicle Interference & Tampering,0,2010,5
E01004402,Waltham Forest,Violence Against the Person,Assault with Injury,0,2010,5
E01000607,Brent,Violence Against the Person,Wounding/GBH,0,2014,8
E01003855,Richmond upon Thames,Robbery,Business Property,0,2011,3
E01001224,Ealing,Violence Against the Person,Harassment,0,2013,4
E01001065,Croydon,Theft and Handling,Theft/Taking Of Motor Vehicle,1,2016,7
E01001611,Greenwich,Burglary,Burglary in Other Buildings,0,2011,6
E01001325,Ealing,Criminal Damage,Criminal Damage To Other Building,0,2012,2
E01002366,Havering,Fraud or Forgery,Other Fraud & Forgery,0,2012,12
E01001030,Croydon,Violence Against the Person,Other violence,0,2012,7
E01003735,Redbridge,Violence Against the Person,Offensive Weapon,0,2012,1
E01001269,Ealing,Theft and Handling,Other Theft,0,2009,8
E01001158,Croydon,Criminal Damage,Criminal Damage To Motor Vehicle,0,2012,11
E01001128,Croydon,Robbery,Business Property,0,2012,6
E01002092,Haringey,Criminal Damage,Criminal Damage To Other Building,0,2011,8
E01000950,Camden,Drugs,Other Drugs,0,2009,3
E01003681,Redbridge,Criminal Damage,Other Criminal Damage,0,2016,10
E01000251,Barnet,Criminal Damage,Criminal Damage To Motor Vehicle,0,2016,5
E01002083,Haringey,Other Notifiable Offences,Other Notifiable,0,2009,5
E01003616,Newham,Theft and Handling,Other Theft Person,3,2011,3
E01001010,Croydon,Theft and Handling,Motor Vehicle Interference & Tampering,0,2014,11
E01001962,Haringey,Theft and Handling,Handling Stolen Goods,0,2011,11
E01002595,Hounslow,Criminal Damage,Other Criminal Damage,0,2014,10
E01002814,Kensington and Chelsea,Violence Against the Person,Offensive Weapon,1,2009,8
E01002879,Kensington and Chelsea,Drugs,Possession Of Drugs,10,2011,8
E01000931,Camden,Criminal Damage,Criminal Damage To Motor Vehicle,0,2015,3
E01000462,Bexley,Violence Against the Person,Assault with Injury,0,2014,2
E01004508,Wandsworth,Theft and Handling,Other Theft,2,2013,12
E01001434,Enfield,Violence Against the Person,Harassment,0,2011,6
E01004576,Wandsworth,Violence Against the Person,Harassment,0,2015,10
E01001935,Hammersmith and Fulham,Other Notifiable Offences,Other Notifiable,0,2011,7
E01004720,Westminster,Theft and Handling,Theft From Motor Vehicle,1,2008,8
E01003630,Newham,Robbery,Business Property,0,2013,11
E01002303,Havering,Theft and Handling,Other Theft,0,2012,12
E01000112,Barking and Dagenham,Theft and Handling,Theft/Taking of Pedal Cycle,0,2016,3
E01000781,Bromley,Theft and Handling,Theft From Shops,0,2012,4
E01001187,Croydon,Criminal Damage,Criminal Damage To Motor Vehicle,0,2015,4
E01000835,Bromley,Theft and Handling,Theft/Taking Of Motor Vehicle,2,2009,5
E01032790,Hammersmith and Fulham,Drugs,Possession Of Drugs,0,2008,5
E01003178,Lambeth,Violence Against the Person,Assault with Injury,0,2016,5
E01003308,Lewisham,Drugs,Drug Trafficking,0,2011,5
E01003150,Lambeth,Theft and Handling,Theft From Motor Vehicle,1,2015,12
E01000095,Barking and Dagenham,Other Notifiable Offences,Going Equipped,0,2010,9
E01002316,Havering,Other Notifiable Offences,Other Notifiable,1,2012,10
E01002236,Harrow,Criminal Damage,Criminal Damage To Motor Vehicle,1,2010,12
E01000449,Bexley,Violence Against the Person,Assault with Injury,0,2011,4
E01003926,Southwark,Criminal Damage,Criminal Damage To Motor Vehicle,0,2009,4
E01003629,Newham,Burglary,Burglary in a Dwelling,3,2008,2
E01003174,Lambeth,Criminal Damage,Criminal Damage To Motor Vehicle,0,2016,7
E01004242,Tower Hamlets,Violence Against the Person,Harassment,1,2014,5
E01001078,Croydon,Theft and Handling,Theft/Taking of Pedal Cycle,0,2016,3
E01001736,Hackney,Criminal Damage,Criminal Damage To Motor Vehicle,0,2010,7
E01003800,Richmond upon Thames,Violence Against the Person,Other violence,0,2014,7
E01004007,Southwark,Robbery,Personal Property,0,2013,4
E01000407,Bexley,Other Notifiable Offences,Other Notifiable,0,2013,6
E01004581,Wandsworth,Theft and Handling,Theft/Taking of Pedal Cycle,0,2012,5
E01000142,Barnet,Violence Against the Person,Offensive Weapon,0,2009,9
E01000731,Bromley,Theft and Handling,Theft/Taking of Pedal Cycle,0,2016,1
E01003135,Lambeth,Fraud or Forgery,Other Fraud & Forgery,0,2010,11
E01002408,Hillingdon,Violence Against the Person,Offensive Weapon,0,2008,8
E01001024,Croydon,Criminal Damage,Criminal Damage To Dwelling,0,2008,6
E01003650,Redbridge,Drugs,Drug Trafficking,0,2013,7
E01003524,Newham,Violence Against the Person,Harassment,2,2010,2
E01002420,Hillingdon,Theft and Handling,Other Theft Person,0,2010,5
E01000073,Barking and Dagenham,Drugs,Drug Trafficking,0,2009,9
E01002516,Hillingdon,Sexual Offences,Other Sexual,0,2014,3
E01004051,Southwark,Theft and Handling,Theft/Taking of Pedal Cycle,0,2015,10
E01003905,Richmond upon Thames,Criminal Damage,Criminal Damage To Dwelling,0,2015,6
E01001396,Enfield,Fraud or Forgery,Other Fraud & Forgery,0,2014,7
E01000213,Barnet,Theft and Handling,Theft/Taking Of Motor Vehicle,1,2008,2
E01002841,Kensington and Chelsea,Robbery,Business Property,0,2014,6
E01000093,Barking and Dagenham,Criminal Damage,Criminal Damage To Other Building,0,2011,4
E01004314,Tower Hamlets,Violence Against the Person,Common Assault,0,2013,7
E01003816,Richmond upon Thames,Theft and Handling,Theft/Taking of Pedal Cycle,1,2013,3
E01004060,Southwark,Criminal Damage,Criminal Damage To Other Building,0,2008,5
E01002710,Islington,Other Notifiable Offences,Other Notifiable,0,2015,9
E01001115,Croydon,Sexual Offences,Rape,0,2016,9
E01002309,Havering,Criminal Damage,Criminal Damage To Other Building,0,2012,10
E01003463,Merton,Criminal Damage,Other Criminal Damage,0,2011,5
E01000130,Barnet,Drugs,Possession Of Drugs,0,2016,5
E01000498,Brent,Theft and Handling,Other Theft,0,2009,4
E01000732,Bromley,Theft and Handling,Theft/Taking Of Motor Vehicle,0,2011,3
E01003578,Newham,Drugs,Drug Trafficking,0,2013,1
E01002414,Hillingdon,Theft and Handling,Motor Vehicle Interference & Tampering,1,2009,3
E01004666,Westminster,Criminal Damage,Other Criminal Damage,0,2008,8
E01000719,Bromley,Burglary,Burglary in a Dwelling,0,2008,1
E01000747,Bromley,Criminal Damage,Criminal Damage To Motor Vehicle,1,2011,2
E01004338,Waltham Forest,Other Notifiable Offences,Going Equipped,0,2011,2
E01004371,Waltham Forest,Burglary,Burglary in Other Buildings,0,2010,7
E01001364,Ealing,Theft and Handling,Theft From Motor Vehicle,1,2014,3
E01002103,Haringey,Robbery,Personal Property,0,2014,9
E01001369,Ealing,Criminal Damage,Criminal Damage To Other Building,0,2012,12
E01000725,Bromley,Criminal Damage,Other Criminal Damage,1,2008,2
E01000327,Bexley,Theft and Handling,Other Theft,0,2015,11
E01003199,Lewisham,Fraud or Forgery,Other Fraud & Forgery,0,2015,4
E01000221,Barnet,Violence Against the Person,Common Assault,0,2009,4
E01000203,Barnet,Theft and Handling,Motor Vehicle Interference & Tampering,1,2012,3
E01002887,Kensington and Chelsea,Violence Against the Person,Common Assault,0,2011,9
E01002637,Hounslow,Violence Against the Person,Murder,0,2013,10
E01000258,Barnet,Other Notifiable Offences,Going Equipped,0,2008,4
E01004272,Tower Hamlets,Drugs,Drug Trafficking,1,2016,6
E01001563,Enfield,Theft and Handling,Other Theft Person,0,2014,9
E01000904,Camden,Other Notifiable Offences,Other Notifiable,3,2014,10
E01000994,Croydon,Criminal Damage,Criminal Damage To Dwelling,0,2016,8
E01002094,Haringey,Other Notifiable Offences,Other Notifiable,0,2008,10
E01001618,Greenwich,Theft and Handling,Handling Stolen Goods,0,2016,11
E01000887,Camden,Criminal Damage,Other Criminal Damage,0,2012,12
E01002141,Harrow,Drugs,Possession Of Drugs,0,2011,8
E01004315,Tower Hamlets,Criminal Damage,Criminal Damage To Motor Vehicle,1,2016,6
E01004720,Westminster,Violence Against the Person,Common Assault,2,2012,6
E01033728,Greenwich,Violence Against the Person,Harassment,0,2015,9
E01000722,Bromley,Other Notifiable Offences,Going Equipped,0,2012,7
E01001058,Croydon,Theft and Handling,Other Theft,0,2012,4
E01000971,Camden,Theft and Handling,Theft/Taking of Pedal Cycle,1,2008,2
E01002534,Hillingdon,Violence Against the Person,Wounding/GBH,0,2008,2
E01000367,Bexley,Theft and Handling,Theft From Shops,0,2015,1
E01003652,Redbridge,Criminal Damage,Criminal Damage To Motor Vehicle,0,2015,10
E01002201,Harrow,Violence Against the Person,Common Assault,0,2010,8
E01000068,Barking and Dagenham,Robbery,Personal Property,2,2011,6
E01001388,Ealing,Theft and Handling,Other Theft,2,2015,7
E01003361,Merton,Robbery,Personal Property,1,2012,12
E01001587,Greenwich,Criminal Damage,Criminal Damage To Other Building,0,2009,9
E01032766,Tower Hamlets,Theft and Handling,Theft From Shops,0,2010,3
E01002297,Havering,Burglary,Burglary in Other Buildings,0,2010,9
E01001846,Hackney,Theft and Handling,Theft From Shops,0,2010,6
E01001947,Hammersmith and Fulham,Other Notifiable Offences,Other Notifiable,0,2009,11
E01003594,Newham,Criminal Damage,Criminal Damage To Dwelling,1,2010,9
E01003314,Lewisham,Drugs,Other Drugs,0,2015,5
E01002243,Havering,Robbery,Personal Property,3,2008,12
E01004234,Tower Hamlets,Violence Against the Person,Other violence,0,2009,7
E01000761,Bromley,Criminal Damage,Criminal Damage To Dwelling,0,2013,8
E01002187,Harrow,Theft and Handling,Motor Vehicle Interference & Tampering,0,2013,4
E01000221,Barnet,Sexual Offences,Other Sexual,0,2011,3
E01002631,Hounslow,Violence Against the Person,Wounding/GBH,0,2014,9
E01001143,Croydon,Theft and Handling,Theft From Shops,0,2012,4
E01001025,Croydon,Criminal Damage,Criminal Damage To Motor Vehicle,0,2011,1
E01000313,Barnet,Drugs,Drug Trafficking,0,2009,4
E01001186,Croydon,Theft and Handling,Other Theft Person,0,2014,1
E01000961,Camden,Theft and Handling,Handling Stolen Goods,0,2009,9
E01004259,Tower Hamlets,Violence Against the Person,Harassment,2,2012,1
E01000812,Bromley,Violence Against the Person,Assault with Injury,0,2013,11
E01002890,Kensington and Chelsea,Violence Against the Person,Wounding/GBH,0,2015,2
E01001477,Enfield,Violence Against the Person,Other violence,0,2015,6
E01003642,Redbridge,Violence Against the Person,Wounding/GBH,0,2015,4
E01001877,Hammersmith and Fulham,Burglary,Burglary in Other Buildings,1,2011,10
E01000585,Brent,Criminal Damage,Criminal Damage To Dwelling,1,2010,12
E01002377,Havering,Drugs,Possession Of Drugs,2,2009,5
E01002266,Havering,Theft and Handling,Theft From Motor Vehicle,0,2016,6
E01002477,Hillingdon,Criminal Damage,Criminal Damage To Other Building,0,2015,6
E01003235,Lewisham,Criminal Damage,Criminal Damage To Other Building,0,2009,6
E01000835,Bromley,Violence Against the Person,Harassment,1,2010,8
E01001113,Croydon,Theft and Handling,Theft From Shops,0,2014,9
E01002384,Havering,Violence Against the Person,Other violence,0,2009,7
E01000632,Brent,Theft and Handling,Theft From Shops,2,2012,12
E01004354,Waltham Forest,Robbery,Business Property,0,2011,11
E01000849,Camden,Violence Against the Person,Common Assault,0,2015,8
E01004683,Westminster,Theft and Handling,Handling Stolen Goods,0,2016,11
E01003678,Redbridge,Other Notifiable Offences,Other Notifiable,0,2013,4
E01000609,Brent,Burglary,Burglary in a Dwelling,1,2016,7
E01004154,Sutton,Theft and Handling,Theft/Taking of Pedal Cycle,0,2010,9
E01004037,Southwark,Burglary,Burglary in Other Buildings,0,2010,7
E01003881,Richmond upon Thames,Criminal Damage,Criminal Damage To Other Building,0,2013,8
E01000950,Camden,Fraud or Forgery,Counted per Victim,0,2016,2
E01001862,Hammersmith and Fulham,Theft and Handling,Other Theft,0,2010,11
E01001407,Enfield,Theft and Handling,Other Theft Person,0,2011,2
E01000849,Camden,Theft and Handling,Theft From Shops,0,2013,5
E01003762,Redbridge,Burglary,Burglary in Other Buildings,0,2015,5
E01001210,Ealing,Theft and Handling,Theft/Taking of Pedal Cycle,0,2008,4
E01000975,Croydon,Violence Against the Person,Common Assault,2,2014,2
E01003360,Merton,Theft and Handling,Theft/Taking Of Motor Vehicle,0,2010,4
E01000671,Bromley,Violence Against the Person,Assault with Injury,2,2013,12
E01000046,Barking and Dagenham,Violence Against the Person,Other violence,0,2013,7
E01001880,Hammersmith and Fulham,Burglary,Burglary in Other Buildings,0,2012,6
E01003056,Lambeth,Fraud or Forgery,Counted per Victim,0,2012,6
E01033736,Greenwich,Theft and Handling,Other Theft,0,2010,4
E01001426,Enfield,Theft and Handling,Other Theft,0,2011,5
E01000548,Brent,Theft and Handling,Other Theft,4,2008,8
E01004060,Southwark,Theft and Handling,Theft From Shops,0,2011,4
E01004214,Tower Hamlets,Criminal Damage,Criminal Damage To Dwelling,1,2015,5
E01002202,Harrow,Violence Against the Person,Common Assault,0,2010,1
E01003097,Lambeth,Theft and Handling,Theft/Taking Of Motor Vehicle,0,2010,7
E01004177,Sutton,Theft and Handling,Theft/Taking of Pedal Cycle,0,2010,1
E01002016,Haringey,Violence Against the Person,Assault with Injury,1,2014,2
E01001753,Hackney,Theft and Handling,Theft/Taking of Pedal Cycle,0,2008,3
E01000371,Bexley,Theft and Handling,Handling Stolen Goods,0,2016,10
E01003046,Lambeth,Theft and Handling,Theft From Shops,0,2016,8
E01003145,Lambeth,Theft and Handling,Theft/Taking of Pedal Cycle,1,2008,9
E01003210,Lewisham,Violence Against the Person,Assault with Injury,0,2015,10
E01001067,Croydon,Theft and Handling,Other Theft,0,2014,11
E01002200,Harrow,Criminal Damage,Other Criminal Damage,0,2016,11
E01000705,Bromley,Theft and Handling,Other Theft Person,1,2010,12
E01004344,Waltham Forest,Violence Against the Person,Offensive Weapon,0,2011,12
E01001532,Enfield,Theft and Handling,Motor Vehicle Interference & Tampering,1,2015,11
E01003525,Newham,Criminal Damage,Criminal Damage To Other Building,0,2013,12
E01001688,Greenwich,Violence Against the Person,Common Assault,1,2010,3
E01001677,Greenwich,Drugs,Drug Trafficking,0,2013,5
E01002995,Kingston upon Thames,Theft and Handling,Theft From Motor Vehicle,0,2016,1
E01003852,Richmond upon Thames,Violence Against the Person,Assault with Injury,4,2008,11
E01001757,Hackney,Theft and Handling,Other Theft,0,2009,12
E01004479,Wandsworth,Violence Against the Person,Offensive Weapon,0,2011,4
E01000729,Bromley,Criminal Damage,Criminal Damage To Other Building,0,2008,3
E01003283,Lewisham,Violence Against the Person,Other violence,0,2008,12
E01032719,Southwark,Criminal Damage,Criminal Damage To Dwelling,0,2008,1
E01001880,Hammersmith and Fulham,Drugs,Drug Trafficking,0,2015,11
E01003004,Kingston upon Thames,Theft and Handling,Motor Vehicle Interference & Tampering,0,2008,3
E01002275,Havering,Criminal Damage,Criminal Damage To Motor Vehicle,0,2008,8
E01002540,Hillingdon,Fraud or Forgery,Counted per Victim,0,2010,4
E01004313,Tower Hamlets,Violence Against the Person,Offensive Weapon,0,2012,8
E01000939,Camden,Theft and Handling,Theft/Taking Of Motor Vehicle,1,2011,11
E01000810,Bromley,Violence Against the Person,Common Assault,0,2010,6
E01001836,Hackney,Theft and Handling,Theft From Shops,0,2013,8
E01004639,Wandsworth,Drugs,Drug Trafficking,0,2011,3
E01003883,Richmond upon Thames,Theft and Handling,Theft/Taking of Pedal Cycle,0,2016,5
E01003223,Lewisham,Theft and Handling,Motor Vehicle Interference & Tampering,0,2010,7
E01000435,Bexley,Robbery,Business Property,0,2015,10
E01033735,Greenwich,Theft and Handling,Theft From Shops,0,2008,5
E01002606,Hounslow,Theft and Handling,Other Theft Person,0,2011,9
E01002447,Hillingdon,Theft and Handling,Theft From Shops,0,2011,2
E01004633,Wandsworth,Robbery,Business Property,0,2012,6
E01002344,Havering,Theft and Handling,Theft From Shops,0,2014,2
E01003036,Lambeth,Burglary,Burglary in a Dwelling,3,2013,1
E01002200,Harrow,Violence Against the Person,Other violence,0,2011,2
E01000050,Barking and Dagenham,Violence Against the Person,Offensive Weapon,0,2009,1
E01000045,Barking and Dagenham,Criminal Damage,Other Criminal Damage,0,2009,10
E01004569,Wandsworth,Theft and Handling,Other Theft,2,2011,5
E01004217,Tower Hamlets,Violence Against the Person,Wounding/GBH,0,2009,9
E01001811,Hackney,Theft and Handling,Other Theft Person,0,2012,2
E01002163,Harrow,Criminal Damage,Criminal Damage To Dwelling,0,2013,3
E01002686,Hounslow,Drugs,Other Drugs,0,2016,1
E01004318,Tower Hamlets,Theft and Handling,Handling Stolen Goods,0,2008,10
E01002006,Haringey,Criminal Damage,Other Criminal Damage,0,2012,3
E01003924,Southwark,Criminal Damage,Criminal Damage To Motor Vehicle,0,2013,1
E01001164,Croydon,Drugs,Drug Trafficking,0,2013,3
E01003819,Richmond upon Thames,Violence Against the Person,Offensive Weapon,0,2013,5
E01033604,Westminster,Theft and Handling,Theft From Motor Vehicle,2,2011,12
E01002714,Islington,Other Notifiable Offences,Going Equipped,0,2015,7
E01033424,Brent,Theft and Handling,Handling Stolen Goods,0,2012,10
E01001449,Enfield,Violence Against the Person,Assault with Injury,2,2015,7
E01001218,Ealing,Criminal Damage,Criminal Damage To Motor Vehicle,0,2008,3
E01002037,Haringey,Robbery,Business Property,0,2008,12
E01000128,Barnet,Criminal Damage,Criminal Damage To Other Building,0,2013,1
E01000564,Brent,Violence Against the Person,Offensive Weapon,0,2013,7
E01002974,Kingston upon Thames,Theft and Handling,Handling Stolen Goods,0,2013,3
E01001135,Croydon,Other Notifiable Offences,Other Notifiable,1,2016,11
E01003609,Newham,Criminal Damage,Criminal Damage To Dwelling,0,2014,11
E01002652,Hounslow,Drugs,Drug Trafficking,1,2010,5
E01003380,Merton,Theft and Handling,Theft/Taking of Pedal Cycle,0,2016,10
E01000872,Camden,Violence Against the Person,Offensive Weapon,0,2014,3
E01032776,Tower Hamlets,Criminal Damage,Criminal Damage To Dwelling,0,2013,10
E01004037,Southwark,Violence Against the Person,Wounding/GBH,2,2015,5
E01004622,Wandsworth,Violence Against the Person,Common Assault,1,2010,2
E01001727,Hackney,Theft and Handling,Other Theft Person,1,2013,4
E01003353,Lewisham,Robbery,Business Property,0,2008,11
E01002703,Islington,Violence Against the Person,Other violence,0,2008,2
E01004410,Waltham Forest,Criminal Damage,Criminal Damage To Dwelling,3,2011,6
E01004445,Waltham Forest,Burglary,Burglary in a Dwelling,0,2008,5
E01003076,Lambeth,Criminal Damage,Criminal Damage To Dwelling,1,2013,5
E01004141,Sutton,Criminal Damage,Criminal Damage To Dwelling,0,2012,11
E01000757,Bromley,Criminal Damage,Other Criminal Damage,1,2013,1
E01001332,Ealing,Theft and Handling,Theft From Motor Vehicle,0,2014,7
E01002559,Hounslow,Theft and Handling,Other Theft,5,2013,10
E01003159,Lambeth,Violence Against the Person,Offensive Weapon,0,2008,6
E01004452,Waltham Forest,Violence Against the Person,Wounding/GBH,0,2016,6
E01033485,Brent,Theft and Handling,Other Theft Person,0,2010,2
E01002252,Havering,Other Notifiable Offences,Other Notifiable,0,2013,10
E01003423,Merton,Robbery,Personal Property,0,2011,11
E01001059,Croydon,Violence Against the Person,Offensive Weapon,0,2010,12
E01003360,Merton,Robbery,Business Property,0,2012,2
E01004043,Southwark,Violence Against the Person,Other violence,0,2013,10
E01000061,Barking and Dagenham,Theft and Handling,Theft From Motor Vehicle,0,2014,5
E01003002,Kingston upon Thames,Theft and Handling,Other Theft Person,0,2015,1
E01000337,Bexley,Burglary,Burglary in a Dwelling,3,2009,11
E01002513,Hillingdon,Other Notifiable Offences,Other Notifiable,0,2009,10
E01000204,Barnet,Theft and Handling,Other Theft,0,2010,2
E01000348,Bexley,Burglary,Burglary in a Dwelling,0,2016,7
E01004467,Waltham Forest,Theft and Handling,Other Theft Person,0,2012,12
E01003807,Richmond upon Thames,Violence Against the Person,Assault with Injury,1,2016,10
E01000485,Brent,Criminal Damage,Criminal Damage To Dwelling,0,2015,8
E01002538,Hillingdon,Violence Against the Person,Offensive Weapon,0,2008,3
E01004539,Wandsworth,Drugs,Possession Of Drugs,1,2013,5
E01000775,Bromley,Criminal Damage,Criminal Damage To Dwelling,0,2010,5
E01003927,Southwark,Criminal Damage,Criminal Damage To Motor Vehicle,1,2012,3
E01000735,Bromley,Violence Against the Person,Wounding/GBH,0,2014,2
E01004717,Westminster,Other Notifiable Offences,Going Equipped,0,2012,3
E01000804,Bromley,Burglary,Burglary in Other Buildings,0,2011,4
E01002858,Kensington and Chelsea,Violence Against the Person,Wounding/GBH,0,2011,11
E01001471,Enfield,Drugs,Drug Trafficking,0,2013,10
E01001795,Hackney,Drugs,Other Drugs,0,2011,12
E01001560,Enfield,Theft and Handling,Motor Vehicle Interference & Tampering,0,2016,3
E01001786,Hackney,Burglary,Burglary in a Dwelling,0,2011,9
E01002335,Havering,Criminal Damage,Criminal Damage To Dwelling,0,2011,11
E01003058,Lambeth,Violence Against the Person,Wounding/GBH,0,2008,11
E01003691,Redbridge,Criminal Damage,Criminal Damage To Dwelling,0,2016,8
E01002465,Hillingdon,Theft and Handling,Other Theft,0,2013,1
E01002774,Islington,Robbery,Business Property,0,2016,12
E01003583,Newham,Theft and Handling,Theft/Taking Of Motor Vehicle,1,2009,4
E01001599,Greenwich,Criminal Damage,Criminal Damage To Motor Vehicle,0,2009,12
E01004481,Wandsworth,Theft and Handling,Handling Stolen Goods,0,2009,8
E01001867,Hammersmith and Fulham,Burglary,Burglary in Other Buildings,3,2009,1
E01001413,Enfield,Theft and Handling,Motor Vehicle Interference & Tampering,0,2010,1
E01000060,Barking and Dagenham,Fraud or Forgery,Counted per Victim,0,2013,4
E01004693,Westminster,Criminal Damage,Other Criminal Damage,0,2011,1
E01003332,Lewisham,Drugs,Drug Trafficking,0,2014,12
E01001984,Haringey,Violence Against the Person,Assault with Injury,0,2012,8
E01001768,Hackney,Criminal Damage,Other Criminal Damage,0,2014,11
E01000704,Bromley,Criminal Damage,Criminal Damage To Motor Vehicle,0,2013,5
E01001996,Haringey,Criminal Damage,Criminal Damage To Other Building,0,2015,3
E01003157,Lambeth,Theft and Handling,Motor Vehicle Interference & Tampering,0,2013,5
E01002521,Hillingdon,Burglary,Burglary in a Dwelling,0,2009,12
E01000869,Camden,Theft and Handling,Other Theft Person,1,2014,11
E01000695,Bromley,Criminal Damage,Other Criminal Damage,0,2015,8
E01000122,Barnet,Violence Against the Person,Wounding/GBH,0,2013,1
E01001796,Hackney,Drugs,Possession Of Drugs,1,2010,10
E01003896,Richmond upon Thames,Theft and Handling,Theft From Shops,3,2014,2
E01000520,Brent,Violence Against the Person,Assault with Injury,0,2016,3
E01001679,Greenwich,Violence Against the Person,Common Assault,2,2016,4
E01000436,Bexley,Criminal Damage,Criminal Damage To Dwelling,0,2012,12
E01001054,Croydon,Violence Against the Person,Common Assault,1,2010,11
E01002210,Harrow,Criminal Damage,Criminal Damage To Other Building,0,2013,6
E01004711,Westminster,Other Notifiable Offences,Other Notifiable,0,2012,3
E01033699,Hackney,Violence Against the Person,Harassment,0,2008,9
E01002846,Kensington and Chelsea,Other Notifiable Offences,Going Equipped,0,2013,8
E01002521,Hillingdon,Robbery,Personal Property,0,2009,7
E01004387,Waltham Forest,Theft and Handling,Other Theft Person,0,2013,5
E01003679,Redbridge,Theft and Handling,Other Theft Person,0,2015,6
E01002840,Kensington and Chelsea,Criminal Damage,Criminal Damage To Other Building,1,2014,1
E01002412,Hillingdon,Other Notifiable Offences,Other Notifiable,0,2012,11
E01002960,Kingston upon Thames,Other Notifiable Offences,Going Equipped,0,2015,8
E01002294,Havering,Criminal Damage,Other Criminal Damage,1,2010,12
E01001329,Ealing,Theft and Handling,Other Theft,0,2013,2
E01002110,Harrow,Theft and Handling,Theft/Taking of Pedal Cycle,0,2015,3
E01001779,Hackney,Criminal Damage,Other Criminal Damage,0,2014,12
E01002277,Havering,Burglary,Burglary in Other Buildings,0,2012,6
E01001165,Croydon,Theft and Handling,Theft From Motor Vehicle,1,2009,6
E01001070,Croydon,Theft and Handling,Theft/Taking of Pedal Cycle,0,2015,3
E01004713,Westminster,Violence Against the Person,Common Assault,0,2008,5
E01004007,Southwark,Violence Against the Person,Assault with Injury,0,2015,9
E01004331,Waltham Forest,Violence Against the Person,Other violence,0,2009,8
E01002031,Haringey,Violence Against the Person,Harassment,0,2013,5
E01002104,Haringey,Theft and Handling,Handling Stolen Goods,0,2008,1
E01003595,Newham,Sexual Offences,Rape,0,2013,2
E01004290,Tower Hamlets,Drugs,Other Drugs,0,2011,3
E01003429,Merton,Theft and Handling,Theft/Taking of Pedal Cycle,0,2016,9
E01002282,Havering,Burglary,Burglary in Other Buildings,0,2011,5
E01001967,Haringey,Theft and Handling,Motor Vehicle Interference & Tampering,0,2014,7
E01003543,Newham,Fraud or Forgery,Counted per Victim,0,2011,5
E01001060,Croydon,Theft and Handling,Theft/Taking Of Motor Vehicle,0,2009,3
E01000411,Bexley,Theft and Handling,Other Theft Person,0,2009,6
E01002244,Havering,Theft and Handling,Theft From Motor Vehicle,1,2008,1
E01001301,Ealing,Criminal Damage,Criminal Damage To Motor Vehicle,0,2016,10
E01001309,Ealing,Theft and Handling,Theft From Motor Vehicle,0,2012,4
E01003367,Merton,Criminal Damage,Criminal Damage To Dwelling,0,2010,12
E01000473,Brent,Violence Against the Person,Assault with Injury,1,2012,4
E01003637,Newham,Burglary,Burglary in Other Buildings,0,2011,12
E01000235,Barnet,Violence Against the Person,Harassment,0,2011,6
E01001356,Ealing,Criminal Damage,Criminal Damage To Dwelling,1,2011,3
E01000495,Brent,Violence Against the Person,Harassment,1,2011,12
E01002074,Haringey,Drugs,Other Drugs,0,2013,6
E01002898,Kensington and Chelsea,Drugs,Drug Trafficking,0,2008,5
E01003239,Lewisham,Violence Against the Person,Harassment,2,2016,4
E01033608,Westminster,Theft and Handling,Theft From Shops,0,2010,8
E01000483,Brent,Drugs,Other Drugs,0,2012,7
E01001998,Haringey,Violence Against the Person,Wounding/GBH,0,2009,9
E01000093,Barking and Dagenham,Robbery,Personal Property,0,2012,2
E01000656,Bromley,Burglary,Burglary in a Dwelling,0,2008,9
E01033708,Hackney,Theft and Handling,Theft From Shops,0,2010,3
E01003068,Lambeth,Theft and Handling,Theft From Motor Vehicle,1,2010,1
E01004620,Wandsworth,Theft and Handling,Theft From Motor Vehicle,2,2011,9
E01002248,Havering,Fraud or Forgery,Other Fraud & Forgery,0,2015,5
E01004705,Westminster,Drugs,Drug Trafficking,0,2012,11
E01004516,Wandsworth,Other Notifiable Offences,Other Notifiable,1,2013,2
E01001882,Hammersmith and Fulham,Robbery,Personal Property,0,2016,7
E01003007,Kingston upon Thames,Theft and Handling,Other Theft,0,2011,10
E01000181,Barnet,Violence Against the Person,Other violence,0,2012,7
E01003478,Merton,Theft and Handling,Theft/Taking of Pedal Cycle,2,2016,9
E01002277,Havering,Robbery,Personal Property,0,2011,6
E01003797,Richmond upon Thames,Burglary,Burglary in a Dwelling,2,2011,6
E01001175,Croydon,Criminal Damage,Criminal Damage To Other Building,0,2016,4
E01001121,Croydon,Fraud or Forgery,Counted per Victim,0,2008,10
E01001201,Ealing,Theft and Handling,Other Theft,1,2009,4
E01003149,Lambeth,Criminal Damage,Criminal Damage To Other Building,0,2009,11
E01004725,Westminster,Theft and Handling,Theft/Taking of Pedal Cycle,0,2015,5
E01000303,Barnet,Violence Against the Person,Harassment,0,2014,12
E01001086,Croydon,Burglary,Burglary in Other Buildings,0,2015,1
E01000223,Barnet,Theft and Handling,Theft From Motor Vehicle,2,2016,7
E01001792,Hackney,Robbery,Business Property,0,2014,12
E01001497,Enfield,Criminal Damage,Criminal Damage To Other Building,0,2008,10
E01004234,Tower Hamlets,Theft and Handling,Theft From Shops,1,2016,1
E01000223,Barnet,Theft and Handling,Handling Stolen Goods,0,2010,5
E01002781,Islington,Theft and Handling,Other Theft,2,2012,8
E01004092,Sutton,Violence Against the Person,Common Assault,0,2010,5
E01004757,Westminster,Violence Against the Person,Other violence,2,2010,11
E01003034,Lambeth,Drugs,Possession Of Drugs,3,2016,5
E01004726,Westminster,Other Notifiable Offences,Other Notifiable,0,2011,2
E01001049,Croydon,Theft and Handling,Theft From Shops,0,2010,2
E01001854,Hammersmith and Fulham,Criminal Damage,Other Criminal Damage,1,2009,4
E01003387,Merton,Burglary,Burglary in Other Buildings,1,2009,12
E01000424,Bexley,Theft and Handling,Other Theft Person,0,2012,6
E01000653,Bromley,Theft and Handling,Theft/Taking of Pedal Cycle,0,2011,1
E01000910,Camden,Criminal Damage,Criminal Damage To Dwelling,0,2012,2
E01000354,Bexley,Theft and Handling,Other Theft Person,0,2013,7
E01004146,Sutton,Theft and Handling,Other Theft,0,2008,2
E01000975,Croydon,Theft and Handling,Handling Stolen Goods,0,2009,5
E01004624,Wandsworth,Theft and Handling,Theft/Taking Of Motor Vehicle,0,2011,4
E01001862,Hammersmith and Fulham,Violence Against the Person,Offensive Weapon,0,2013,4
E01033320,Lewisham,Other Notifiable Offences,Other Notifiable,0,2011,12
E01003740,Redbridge,Burglary,Burglary in Other Buildings,0,2010,2
E01003718,Redbridge,Criminal Damage,Criminal Damage To Other Building,0,2008,5
E01001992,Haringey,Fraud or Forgery,Counted per Victim,0,2011,2
E01003833,Richmond upon Thames,Violence Against the Person,Offensive Weapon,0,2010,6
E01003535,Newham,Theft and Handling,Theft From Shops,0,2015,1
E01000221,Barnet,Fraud or Forgery,Other Fraud & Forgery,0,2009,8
E01002725,Islington,Drugs,Drug Trafficking,0,2008,1
E01000788,Bromley,Other Notifiable Offences,Other Notifiable,0,2012,6
E01002744,Islington,Violence Against the Person,Harassment,0,2015,5
E01002995,Kingston upon Thames,Violence Against the Person,Other violence,0,2013,8
E01001345,Ealing,Violence Against the Person,Other violence,0,2012,7
E01001913,Hammersmith and Fulham,Drugs,Possession Of Drugs,0,2009,6
E01003835,Richmond upon Thames,Robbery,Business Property,0,2015,5
E01002269,Havering,Violence Against the Person,Offensive Weapon,0,2016,2
E01001546,Enfield,Other Notifiable Offences,Other Notifiable,0,2008,4
E01003856,Richmond upon Thames,Other Notifiable Offences,Other Notifiable,0,2008,2
E01003468,Merton,Other Notifiable Offences,Other Notifiable,0,2015,10
E01003112,Lambeth,Drugs,Drug Trafficking,0,2012,1
